legacy_dataset,old_path,new_path,size_bytes,sha256
comprehensive_compare_v3_10,results/comprehensive_compare_v3_10/REPORT.md,reports/legacy/common_matrix/comprehensive_compare_v3_10/REPORT.md,807,d78cbe79a732a392ce0e9f50288c7c01943a247fecf807d1b6eb2c18403ea0f2
comprehensive_compare_v3_10,results/comprehensive_compare_v3_10/coverage.csv,reports/legacy/common_matrix/comprehensive_compare_v3_10/coverage.csv,147528,70390cecb58499f6e18310ec5ce2ca473be5cb9d17ed216c8ba85e31229e4185
comprehensive_compare_v3_10,results/comprehensive_compare_v3_10/ratios.csv,reports/legacy/common_matrix/comprehensive_compare_v3_10/ratios.csv,62164,30c3f28c155a96e115df810d5fe4127fae5fc94865296b872391d107d9d0605d
comprehensive_compare_v3_10,results/comprehensive_compare_v3_10/summary.csv,reports/legacy/common_matrix/comprehensive_compare_v3_10/summary.csv,161854,e56f191591dc3a4fc25de0fc0c8b3e645e2c0308bd9a7738884e88ccf03ca2fd
comprehensive_compare_v3_10,results/comprehensive_compare_v3_10/summary.json,reports/legacy/common_matrix/comprehensive_compare_v3_10/summary.json,348,f9c1371423bfd40b7f3e9b5c7e102ef8454ab75ac93c58cf2ce69747eee23de0
comprehensive_compare_v3_10,results/comprehensive_compare_v3_10/trends.csv,reports/legacy/common_matrix/comprehensive_compare_v3_10/trends.csv,350045,8ffe7954bea6ad5624136b78bae24c3e9743c1b3f3ae1ac4e9bdcf584c97733a
comprehensive_cuda_b200,results/comprehensive_cuda_b200/bulk.csv,data/b200/cuda-13.3-sm100/single_instruction/common_matrix/all_directions/legacy--comprehensive_cuda_b200/bulk.csv,5725,60e2448fcfeced3383372455518cd8af85fa51cfcf5da460112e734234079f81
comprehensive_cuda_b200,results/comprehensive_cuda_b200/bulk.json,data/b200/cuda-13.3-sm100/single_instruction/common_matrix/all_directions/legacy--comprehensive_cuda_b200/bulk.json,1511,ef63235792c179aab28b2f0c6a64cd8e4dcd417d4d9919a05cbeae0ffda299a6
comprehensive_cuda_b200,results/comprehensive_cuda_b200/bulk.stderr.txt,data/b200/cuda-13.3-sm100/single_instruction/common_matrix/all_directions/legacy--comprehensive_cuda_b200/bulk.stderr.txt,1346,196af11e5bbd3964f33738e14f1b718bc6f8387fb639d0f15c9c13c00553561f
comprehensive_cuda_b200,results/comprehensive_cuda_b200/dtype.csv,data/b200/cuda-13.3-sm100/single_instruction/common_matrix/all_directions/legacy--comprehensive_cuda_b200/dtype.csv,14724,c0c9f68d7fba5dd48ed2584858c079aa5077646b6c626c09eb4036e64e4d1c1a
comprehensive_cuda_b200,results/comprehensive_cuda_b200/dtype.json,data/b200/cuda-13.3-sm100/single_instruction/common_matrix/all_directions/legacy--comprehensive_cuda_b200/dtype.json,3115,006b630e5c360e7a6a65a28028cb90399b24e3087d6008097486f978cd7f3da2
comprehensive_cuda_b200,results/comprehensive_cuda_b200/dtype.stderr.txt,data/b200/cuda-13.3-sm100/single_instruction/common_matrix/all_directions/legacy--comprehensive_cuda_b200/dtype.stderr.txt,3554,8bbe4a0d985f5ff6afb9027a68e33cbb7d5651988d909015412fb316a907396e
comprehensive_cuda_b200,results/comprehensive_cuda_b200/interleave16.csv,data/b200/cuda-13.3-sm100/single_instruction/common_matrix/all_directions/legacy--comprehensive_cuda_b200/interleave16.csv,3468,8b14ccf524486fac6537b390bd22da739a0d8247a40847d306c37d920218d6e7
comprehensive_cuda_b200,results/comprehensive_cuda_b200/interleave16.json,data/b200/cuda-13.3-sm100/single_instruction/common_matrix/all_directions/legacy--comprehensive_cuda_b200/interleave16.json,1167,44d005f066422e7881c2d2dc6735a1b1be405699ea7caa16ff9077aa4c4ac827
comprehensive_cuda_b200,results/comprehensive_cuda_b200/interleave16.stderr.txt,data/b200/cuda-13.3-sm100/single_instruction/common_matrix/all_directions/legacy--comprehensive_cuda_b200/interleave16.stderr.txt,978,6baac537506191f7d817ccf40bff2fcec461233b9583a043f53c77ec498078b2
comprehensive_cuda_b200,results/comprehensive_cuda_b200/interleave32.csv,data/b200/cuda-13.3-sm100/single_instruction/common_matrix/all_directions/legacy--comprehensive_cuda_b200/interleave32.csv,405,080d6f5ba7d6d013b5a5862c164d96f25bff882a268eecd8a9eb0638d0ad9d63
comprehensive_cuda_b200,results/comprehensive_cuda_b200/interleave32.json,data/b200/cuda-13.3-sm100/single_instruction/common_matrix/all_directions/legacy--comprehensive_cuda_b200/interleave32.json,1166,28ad7b754942ea39902b69285ac0e3c4771c7fd51e47076a71968d625d6fea97
comprehensive_cuda_b200,results/comprehensive_cuda_b200/interleave32.stderr.txt,data/b200/cuda-13.3-sm100/single_instruction/common_matrix/all_directions/legacy--comprehensive_cuda_b200/interleave32.stderr.txt,208,b4b1f8d23a7d7be255f55486f16a6dbd11874b8da21d8951ec6a87de68f71b6d
comprehensive_cuda_b200,results/comprehensive_cuda_b200/layout.csv,data/b200/cuda-13.3-sm100/single_instruction/common_matrix/all_directions/legacy--comprehensive_cuda_b200/layout.csv,9127,952657ffbd18ae7b14c05c2600acc812aa71936eaafff2ea659021d246171b73
comprehensive_cuda_b200,results/comprehensive_cuda_b200/layout.json,data/b200/cuda-13.3-sm100/single_instruction/common_matrix/all_directions/legacy--comprehensive_cuda_b200/layout.json,2355,6aca228120a791646a8f1fa2931fb4eb01e9c2d323e57ac49d0409edc4814983
comprehensive_cuda_b200,results/comprehensive_cuda_b200/layout.stderr.txt,data/b200/cuda-13.3-sm100/single_instruction/common_matrix/all_directions/legacy--comprehensive_cuda_b200/layout.stderr.txt,2466,55229c10a4286958f626a98b1166e047da2b933c645d30f4c811658c230ac7e6
comprehensive_cuda_b200,results/comprehensive_cuda_b200/manifest.json,data/b200/cuda-13.3-sm100/single_instruction/common_matrix/all_directions/legacy--comprehensive_cuda_b200/manifest.json,1761,aca4a9b102bbf9b7c887420135cc995567fcdea433c5867da71c6dc16d76ff16
comprehensive_cuda_b200,results/comprehensive_cuda_b200/reduce.csv,data/b200/cuda-13.3-sm100/single_instruction/common_matrix/all_directions/legacy--comprehensive_cuda_b200/reduce.csv,7641,bf02b150b39291e8a53a79e37027358aeacbe20b3db2efd26fc61f7bd05aed06
comprehensive_cuda_b200,results/comprehensive_cuda_b200/reduce.json,data/b200/cuda-13.3-sm100/single_instruction/common_matrix/all_directions/legacy--comprehensive_cuda_b200/reduce.json,1982,8d417acad99d5fe15c40c52baf073bbbf3df8a6c1ff4ba2cd4c5f211a79b7446
comprehensive_cuda_b200,results/comprehensive_cuda_b200/reduce.stderr.txt,data/b200/cuda-13.3-sm100/single_instruction/common_matrix/all_directions/legacy--comprehensive_cuda_b200/reduce.stderr.txt,1984,c5bf8b2e04baff99898be1b87f06d768d9e6bb3fb15e7f7bca0e5e9382f6adbd
comprehensive_cuda_b200,results/comprehensive_cuda_b200/subbyte.csv,data/b200/cuda-13.3-sm100/single_instruction/common_matrix/all_directions/legacy--comprehensive_cuda_b200/subbyte.csv,408,46cf6a1d5a139d43873c24c8941185c87f3f225c3e5581385137cc07d0104fc1
comprehensive_cuda_b200,results/comprehensive_cuda_b200/subbyte.json,data/b200/cuda-13.3-sm100/single_instruction/common_matrix/all_directions/legacy--comprehensive_cuda_b200/subbyte.json,590,6ddf76df0934e0c076fffd630ca209d1c38afe23222d2169ec8f101f08b7ba06
comprehensive_cuda_b200,results/comprehensive_cuda_b200/subbyte.stderr.txt,data/b200/cuda-13.3-sm100/single_instruction/common_matrix/all_directions/legacy--comprehensive_cuda_b200/subbyte.stderr.txt,89,d2e80ac5cb70709b1de64f4d2bc2a6696e2b2fc5a3568d7061dd453efee6c4fa
comprehensive_cuda_b200,results/comprehensive_cuda_b200/tensor_capacity.csv,data/b200/cuda-13.3-sm100/single_instruction/common_matrix/all_directions/legacy--comprehensive_cuda_b200/tensor_capacity.csv,5140,9d76bb8cab613322e95fb1b44cc1e6bdac99917f894f9862d797136ff1251172
comprehensive_cuda_b200,results/comprehensive_cuda_b200/tensor_capacity.json,data/b200/cuda-13.3-sm100/single_instruction/common_matrix/all_directions/legacy--comprehensive_cuda_b200/tensor_capacity.json,1443,adf6301443bde9dee71d01e0daa36b4a20a4e876af86d459847c1a665fee6dae
comprehensive_cuda_b200,results/comprehensive_cuda_b200/tensor_capacity.stderr.txt,data/b200/cuda-13.3-sm100/single_instruction/common_matrix/all_directions/legacy--comprehensive_cuda_b200/tensor_capacity.stderr.txt,1482,59161d366153ed4a52c6e11b0a35ebf276fe8a4bc407f09b87d565a08ffada9d
comprehensive_cuda_b200,results/comprehensive_cuda_b200/tensor_geometry.csv,data/b200/cuda-13.3-sm100/single_instruction/common_matrix/all_directions/legacy--comprehensive_cuda_b200/tensor_geometry.csv,18372,cf204dcc2de032da90d8f167b8f68163ec0e1b315b550d0ce7a848a3c4e6900c
comprehensive_cuda_b200,results/comprehensive_cuda_b200/tensor_geometry.json,data/b200/cuda-13.3-sm100/single_instruction/common_matrix/all_directions/legacy--comprehensive_cuda_b200/tensor_geometry.json,3612,a096f9b71a55b642ee42e80eb6e9d7e1534b1f2eb439eaf102ffc9e5382a87f0
comprehensive_cuda_b200,results/comprehensive_cuda_b200/tensor_geometry.stderr.txt,data/b200/cuda-13.3-sm100/single_instruction/common_matrix/all_directions/legacy--comprehensive_cuda_b200/tensor_geometry.stderr.txt,5291,9f8a3b8296e9985c5d962a35c76c27c2f1fdf3656f569dc8e1c08a76a19469da
comprehensive_cuda_h100,results/comprehensive_cuda_h100/bulk.csv,data/h100/cuda-13.3-sm90/single_instruction/common_matrix/all_directions/legacy--comprehensive_cuda_h100/bulk.csv,6031,d40aba4ac33041104b5e2751dda57a345dea8ae57d703764f642c933fa5ef881
comprehensive_cuda_h100,results/comprehensive_cuda_h100/bulk.json,data/h100/cuda-13.3-sm90/single_instruction/common_matrix/all_directions/legacy--comprehensive_cuda_h100/bulk.json,1510,06f9fd9678c90f487658fe8f35f835151d9e66f123b5976751a3a7c496d81398
comprehensive_cuda_h100,results/comprehensive_cuda_h100/bulk.stderr.txt,data/h100/cuda-13.3-sm90/single_instruction/common_matrix/all_directions/legacy--comprehensive_cuda_h100/bulk.stderr.txt,1346,196af11e5bbd3964f33738e14f1b718bc6f8387fb639d0f15c9c13c00553561f
comprehensive_cuda_h100,results/comprehensive_cuda_h100/dtype.csv,data/h100/cuda-13.3-sm90/single_instruction/common_matrix/all_directions/legacy--comprehensive_cuda_h100/dtype.csv,15552,c544ff59af30b574203cc281c81422fc1893926ec5ad868443f7acded8d126c4
comprehensive_cuda_h100,results/comprehensive_cuda_h100/dtype.json,data/h100/cuda-13.3-sm90/single_instruction/common_matrix/all_directions/legacy--comprehensive_cuda_h100/dtype.json,3114,0c3236c3b2ea9c50ec061f938910f80f529a76ea761c64a1ed7f3909b49ec40f
comprehensive_cuda_h100,results/comprehensive_cuda_h100/dtype.stderr.txt,data/h100/cuda-13.3-sm90/single_instruction/common_matrix/all_directions/legacy--comprehensive_cuda_h100/dtype.stderr.txt,3554,8bbe4a0d985f5ff6afb9027a68e33cbb7d5651988d909015412fb316a907396e
comprehensive_cuda_h100,results/comprehensive_cuda_h100/interleave16.csv,data/h100/cuda-13.3-sm90/single_instruction/common_matrix/all_directions/legacy--comprehensive_cuda_h100/interleave16.csv,3629,3033a84d251095f558bc901168e75f107052fc9b8c11d8c8c27ab5371b25fac8
comprehensive_cuda_h100,results/comprehensive_cuda_h100/interleave16.json,data/h100/cuda-13.3-sm90/single_instruction/common_matrix/all_directions/legacy--comprehensive_cuda_h100/interleave16.json,1165,62ad06ba57f1c5388694a1c42b4263c13397f82785127322e09d3444bee8f9c3
comprehensive_cuda_h100,results/comprehensive_cuda_h100/interleave16.stderr.txt,data/h100/cuda-13.3-sm90/single_instruction/common_matrix/all_directions/legacy--comprehensive_cuda_h100/interleave16.stderr.txt,978,6baac537506191f7d817ccf40bff2fcec461233b9583a043f53c77ec498078b2
comprehensive_cuda_h100,results/comprehensive_cuda_h100/interleave32.csv,data/h100/cuda-13.3-sm90/single_instruction/common_matrix/all_directions/legacy--comprehensive_cuda_h100/interleave32.csv,414,dec100a87b277d55938e7b3dc6902ff7acc128660f22cfc8719013d933497024
comprehensive_cuda_h100,results/comprehensive_cuda_h100/interleave32.json,data/h100/cuda-13.3-sm90/single_instruction/common_matrix/all_directions/legacy--comprehensive_cuda_h100/interleave32.json,1166,2cc1a4769a88844f1f06566aa42b27925a2fb8d24f70cc8392da834d12d565c2
comprehensive_cuda_h100,results/comprehensive_cuda_h100/interleave32.stderr.txt,data/h100/cuda-13.3-sm90/single_instruction/common_matrix/all_directions/legacy--comprehensive_cuda_h100/interleave32.stderr.txt,208,b4b1f8d23a7d7be255f55486f16a6dbd11874b8da21d8951ec6a87de68f71b6d
comprehensive_cuda_h100,results/comprehensive_cuda_h100/layout.csv,data/h100/cuda-13.3-sm90/single_instruction/common_matrix/all_directions/legacy--comprehensive_cuda_h100/layout.csv,9613,97b2c3344746d96d0763a781d538c48bd6b2da62ba8eaab42d91683e229aa6e0
comprehensive_cuda_h100,results/comprehensive_cuda_h100/layout.json,data/h100/cuda-13.3-sm90/single_instruction/common_matrix/all_directions/legacy--comprehensive_cuda_h100/layout.json,2354,39fd62814986e9ba4950d1ecb20c51ac2dbfe6c47cd27aa372f6fa1735454274
comprehensive_cuda_h100,results/comprehensive_cuda_h100/layout.stderr.txt,data/h100/cuda-13.3-sm90/single_instruction/common_matrix/all_directions/legacy--comprehensive_cuda_h100/layout.stderr.txt,2466,55229c10a4286958f626a98b1166e047da2b933c645d30f4c811658c230ac7e6
comprehensive_cuda_h100,results/comprehensive_cuda_h100/manifest.json,data/h100/cuda-13.3-sm90/single_instruction/common_matrix/all_directions/legacy--comprehensive_cuda_h100/manifest.json,1661,b71e64cf6ab0fbb03f7351684531492557a5e82b41a08f117af81868edbcb660
comprehensive_cuda_h100,results/comprehensive_cuda_h100/reduce.csv,data/h100/cuda-13.3-sm90/single_instruction/common_matrix/all_directions/legacy--comprehensive_cuda_h100/reduce.csv,8037,6beb3f8371f86a6852c24995d32a391e2b0860ef2200bbbcba553c9e57750ce8
comprehensive_cuda_h100,results/comprehensive_cuda_h100/reduce.json,data/h100/cuda-13.3-sm90/single_instruction/common_matrix/all_directions/legacy--comprehensive_cuda_h100/reduce.json,1981,5e6622d781128521dff2b2a526c0b154a0946c0646a09851f5fbeec5a83ed874
comprehensive_cuda_h100,results/comprehensive_cuda_h100/reduce.stderr.txt,data/h100/cuda-13.3-sm90/single_instruction/common_matrix/all_directions/legacy--comprehensive_cuda_h100/reduce.stderr.txt,1984,c5bf8b2e04baff99898be1b87f06d768d9e6bb3fb15e7f7bca0e5e9382f6adbd
comprehensive_cuda_h100,results/comprehensive_cuda_h100/subbyte.csv,data/h100/cuda-13.3-sm90/single_instruction/common_matrix/all_directions/legacy--comprehensive_cuda_h100/subbyte.csv,810,d4e80cf7019a7932620d97d84269404ef8848764d7bf8b5a450e63041ee337f0
comprehensive_cuda_h100,results/comprehensive_cuda_h100/subbyte.json,data/h100/cuda-13.3-sm90/single_instruction/common_matrix/all_directions/legacy--comprehensive_cuda_h100/subbyte.json,585,0e2fc64861953c2035848771a702af98e67fe56c82fafade7be02bb032fec3cd
comprehensive_cuda_h100,results/comprehensive_cuda_h100/subbyte.stderr.txt,data/h100/cuda-13.3-sm90/single_instruction/common_matrix/all_directions/legacy--comprehensive_cuda_h100/subbyte.stderr.txt,391,bf7802a8d4a0003038343c24645ff35038744d10e9eddcd5242047f21a404747
comprehensive_cuda_h100,results/comprehensive_cuda_h100/tensor_capacity.csv,data/h100/cuda-13.3-sm90/single_instruction/common_matrix/all_directions/legacy--comprehensive_cuda_h100/tensor_capacity.csv,5382,cceebaad0f68220469ae1435bd1d836734956c34f1c5e8342e26c2fcca1ca418
comprehensive_cuda_h100,results/comprehensive_cuda_h100/tensor_capacity.json,data/h100/cuda-13.3-sm90/single_instruction/common_matrix/all_directions/legacy--comprehensive_cuda_h100/tensor_capacity.json,1442,6b8ee072c32147b5a67598f0fae0b9fd0567d9b6075ed3146742f5885cbe26ac
comprehensive_cuda_h100,results/comprehensive_cuda_h100/tensor_capacity.stderr.txt,data/h100/cuda-13.3-sm90/single_instruction/common_matrix/all_directions/legacy--comprehensive_cuda_h100/tensor_capacity.stderr.txt,1482,59161d366153ed4a52c6e11b0a35ebf276fe8a4bc407f09b87d565a08ffada9d
comprehensive_cuda_h100,results/comprehensive_cuda_h100/tensor_geometry.csv,data/h100/cuda-13.3-sm90/single_instruction/common_matrix/all_directions/legacy--comprehensive_cuda_h100/tensor_geometry.csv,19355,5e104219e312c662e0508f269274bb1631fa649783172a9fd87fda9ed7e8f93f
comprehensive_cuda_h100,results/comprehensive_cuda_h100/tensor_geometry.json,data/h100/cuda-13.3-sm90/single_instruction/common_matrix/all_directions/legacy--comprehensive_cuda_h100/tensor_geometry.json,3611,c5cf8bc5941617fa13d72946176fc70c935339320cf6b2a185b237eaca4e5274
comprehensive_cuda_h100,results/comprehensive_cuda_h100/tensor_geometry.stderr.txt,data/h100/cuda-13.3-sm90/single_instruction/common_matrix/all_directions/legacy--comprehensive_cuda_h100/tensor_geometry.stderr.txt,5291,9f8a3b8296e9985c5d962a35c76c27c2f1fdf3656f569dc8e1c08a76a19469da
comprehensive_report,results/comprehensive_report/REPORT.md,reports/legacy/common_matrix/comprehensive_report/REPORT.md,823,a9fce7a32f2cce275ced00a61cddd1b9a5dbe6a97a809f5cd749923d230a0577
comprehensive_report,results/comprehensive_report/coverage.csv,reports/legacy/common_matrix/comprehensive_report/coverage.csv,155691,a57f3d7b62410a89446d6080487ae785f47dd8cf035bdf939b3d86fd8f599b3e
comprehensive_report,results/comprehensive_report/ratios.csv,reports/legacy/common_matrix/comprehensive_report/ratios.csv,65057,30d67d6c58e8c2a8aad01b272b118d61273f114f070c3f17ca659a9ce7418818
comprehensive_report,results/comprehensive_report/summary.csv,reports/legacy/common_matrix/comprehensive_report/summary.csv,169893,7e206a1dcbeb7d9235303ea9c0d42c580f43ba029f3b3cf8408f82817304cee7
comprehensive_report,results/comprehensive_report/summary.json,reports/legacy/common_matrix/comprehensive_report/summary.json,348,7fda31b16ad441e892ddd505f468fe41e95b38c00a266ba6bcd4ca12c6b7c540
comprehensive_report,results/comprehensive_report/trends.csv,reports/legacy/common_matrix/comprehensive_report/trends.csv,367622,196c6854ad738a5a193a4d266fcb67ec81947f85154462723737e4005b7882e5
comprehensive_report_cuda,results/comprehensive_report_cuda/REPORT.md,reports/legacy/common_matrix/comprehensive_report_cuda/REPORT.md,451,2ba7cd3b8f92836575d0489e18717e3518a7bcf710d59ab4ab656a86148b031c
comprehensive_report_cuda,results/comprehensive_report_cuda/coverage.csv,reports/legacy/common_matrix/comprehensive_report_cuda/coverage.csv,100415,122b80305e8314dad3cdf0c1f2798cd60b96e265450cea87af2a039b7b4d5051
comprehensive_report_cuda,results/comprehensive_report_cuda/ratios.csv,reports/legacy/common_matrix/comprehensive_report_cuda/ratios.csv,54631,940a74448a50f483d8c35d78d859f27fd0e50606206c9239e4920c07ced19c7b
comprehensive_report_cuda,results/comprehensive_report_cuda/summary.csv,reports/legacy/common_matrix/comprehensive_report_cuda/summary.csv,112258,bbc994d65bcbffc1a2f9f22c10c239ee30b5792021965440964e0894ec1a687c
comprehensive_report_cuda,results/comprehensive_report_cuda/summary.json,reports/legacy/common_matrix/comprehensive_report_cuda/summary.json,258,1b10e91998dcec1cd00eeeb58edbc0123147d17914565e0576a9d22a517a6e03
comprehensive_report_cuda,results/comprehensive_report_cuda/trends.csv,reports/legacy/common_matrix/comprehensive_report_cuda/trends.csv,306695,cd4bea8f59439d68abbe923c4327682974a2cb509a06956953ad7c17af7f6c1e
comprehensive_ventus,results/comprehensive_ventus/bulk/attempt_01.csv,data/ventus/V3.0/single_instruction/common_matrix/all_directions/legacy--comprehensive_ventus/bulk/attempt_01.csv,5303,b70c904aeeabdc8af555b4d2285e41b8a7624a1113ba485db05897c06f12b198
comprehensive_ventus,results/comprehensive_ventus/bulk/manifest.json,data/ventus/V3.0/single_instruction/common_matrix/all_directions/legacy--comprehensive_ventus/bulk/manifest.json,285,14000a4a322445e553eb758244a2935036941f6e2d26849cc52cbdbdac82e12d
comprehensive_ventus,results/comprehensive_ventus/bulk/outcomes.jsonl,data/ventus/V3.0/single_instruction/common_matrix/all_directions/legacy--comprehensive_ventus/bulk/outcomes.jsonl,289719,5933055a25ad7610b6de3637ec7bafd97f1632b38a1b95befb2cdfe483983c96
comprehensive_ventus,results/comprehensive_ventus/bulk/partial.csv,data/ventus/V3.0/single_instruction/common_matrix/all_directions/legacy--comprehensive_ventus/bulk/partial.csv,5303,b70c904aeeabdc8af555b4d2285e41b8a7624a1113ba485db05897c06f12b198
comprehensive_ventus,results/comprehensive_ventus/dtype/attempt_01.csv,data/ventus/V3.0/single_instruction/common_matrix/all_directions/legacy--comprehensive_ventus/dtype/attempt_01.csv,13620,cd6c6c582534dbf2becaf242a1e6676ab90d9cfd7e533b9440883e7bc35ae4ab
comprehensive_ventus,results/comprehensive_ventus/dtype/manifest.json,data/ventus/V3.0/single_instruction/common_matrix/all_directions/legacy--comprehensive_ventus/dtype/manifest.json,286,d4b420faef5cdd94d17f0ac4b86ed6b1935ca8850fe0de8e060ea60bdc06a0a4
comprehensive_ventus,results/comprehensive_ventus/dtype/outcomes.jsonl,data/ventus/V3.0/single_instruction/common_matrix/all_directions/legacy--comprehensive_ventus/dtype/outcomes.jsonl,794342,a4a0b64cfbf810714400242813c84497448ebd686a5b647abe487ce21caa546c
comprehensive_ventus,results/comprehensive_ventus/dtype/partial.csv,data/ventus/V3.0/single_instruction/common_matrix/all_directions/legacy--comprehensive_ventus/dtype/partial.csv,13620,cd6c6c582534dbf2becaf242a1e6676ab90d9cfd7e533b9440883e7bc35ae4ab
comprehensive_ventus,results/comprehensive_ventus/interleave16/attempt_01.csv,data/ventus/V3.0/single_instruction/common_matrix/all_directions/legacy--comprehensive_ventus/interleave16/attempt_01.csv,3246,cd86d94f3e0d6363c3e3277d92294fca4add333886c39edb184b4505956f4d59
comprehensive_ventus,results/comprehensive_ventus/interleave16/manifest.json,data/ventus/V3.0/single_instruction/common_matrix/all_directions/legacy--comprehensive_ventus/interleave16/manifest.json,293,89bda15218e6c0a6f58444176ce9dce16f4ba4cf90ecb2f0ca069c5443539f87
comprehensive_ventus,results/comprehensive_ventus/interleave16/outcomes.jsonl,data/ventus/V3.0/single_instruction/common_matrix/all_directions/legacy--comprehensive_ventus/interleave16/outcomes.jsonl,312588,49ce90943f09d4660f65920b7f5772267a11002c3d77d386a8ac3f0260af0ed5
comprehensive_ventus,results/comprehensive_ventus/interleave16/partial.csv,data/ventus/V3.0/single_instruction/common_matrix/all_directions/legacy--comprehensive_ventus/interleave16/partial.csv,3246,cd86d94f3e0d6363c3e3277d92294fca4add333886c39edb184b4505956f4d59
comprehensive_ventus,results/comprehensive_ventus/interleave32/attempt_01.csv,data/ventus/V3.0/single_instruction/common_matrix/all_directions/legacy--comprehensive_ventus/interleave32/attempt_01.csv,2883,e0eb299217b52a003a8b0c65217e5bd8e52f60f39bc686b8b3f200fc46aea414
comprehensive_ventus,results/comprehensive_ventus/interleave32/manifest.json,data/ventus/V3.0/single_instruction/common_matrix/all_directions/legacy--comprehensive_ventus/interleave32/manifest.json,293,ee68e448d9e255fa762e35f0d3acdb2de3af906ac9a2ff9912f6bb7608124fad
comprehensive_ventus,results/comprehensive_ventus/interleave32/outcomes.jsonl,data/ventus/V3.0/single_instruction/common_matrix/all_directions/legacy--comprehensive_ventus/interleave32/outcomes.jsonl,155036,6530dd0db97b5267632a95674dcde54b3d741e21ecd17c78c655f522f94fa138
comprehensive_ventus,results/comprehensive_ventus/interleave32/partial.csv,data/ventus/V3.0/single_instruction/common_matrix/all_directions/legacy--comprehensive_ventus/interleave32/partial.csv,2883,e0eb299217b52a003a8b0c65217e5bd8e52f60f39bc686b8b3f200fc46aea414
comprehensive_ventus,results/comprehensive_ventus/layout/attempt_01.csv,data/ventus/V3.0/single_instruction/common_matrix/all_directions/legacy--comprehensive_ventus/layout/attempt_01.csv,8466,43be69c835299690178fa6ca67ffd163c10538c5fcd2cae95fd00ea93ed28c88
comprehensive_ventus,results/comprehensive_ventus/layout/manifest.json,data/ventus/V3.0/single_instruction/common_matrix/all_directions/legacy--comprehensive_ventus/layout/manifest.json,287,e0bc03b27abf54d51b22d621b92d6583af6100cbff0bc7965b97227396eefa8f
comprehensive_ventus,results/comprehensive_ventus/layout/outcomes.jsonl,data/ventus/V3.0/single_instruction/common_matrix/all_directions/legacy--comprehensive_ventus/layout/outcomes.jsonl,468421,86464c1f52365f963e07372f247134160c6b04072ebaaad3b82438d7d8545d46
comprehensive_ventus,results/comprehensive_ventus/layout/partial.csv,data/ventus/V3.0/single_instruction/common_matrix/all_directions/legacy--comprehensive_ventus/layout/partial.csv,8466,43be69c835299690178fa6ca67ffd163c10538c5fcd2cae95fd00ea93ed28c88
comprehensive_ventus,results/comprehensive_ventus/reduce/attempt_01.csv,data/ventus/V3.0/single_instruction/common_matrix/all_directions/legacy--comprehensive_ventus/reduce/attempt_01.csv,5540,c8a5d566a5bf47ab7207d8e93b4295b76ddefdef906482f85ea21a1406a2e26f
comprehensive_ventus,results/comprehensive_ventus/reduce/manifest.json,data/ventus/V3.0/single_instruction/common_matrix/all_directions/legacy--comprehensive_ventus/reduce/manifest.json,287,9e5ab62ff3e34a9f58d36c89a24e18b8f7e8185ac151ce0b18ccea1cb37a48f8
comprehensive_ventus,results/comprehensive_ventus/reduce/outcomes.jsonl,data/ventus/V3.0/single_instruction/common_matrix/all_directions/legacy--comprehensive_ventus/reduce/outcomes.jsonl,376637,888b54fdd55a68d97ead9b27134c432b467274a2f2fd56146fbce108c7ffff82
comprehensive_ventus,results/comprehensive_ventus/reduce/partial.csv,data/ventus/V3.0/single_instruction/common_matrix/all_directions/legacy--comprehensive_ventus/reduce/partial.csv,5540,c8a5d566a5bf47ab7207d8e93b4295b76ddefdef906482f85ea21a1406a2e26f
comprehensive_ventus,results/comprehensive_ventus/subbyte/attempt_01.csv,data/ventus/V3.0/single_instruction/common_matrix/all_directions/legacy--comprehensive_ventus/subbyte/attempt_01.csv,397,19b2c2aabe2cdc8f4367f4653af8280ffffd46a0290dcb9e8597a55caed503d5
comprehensive_ventus,results/comprehensive_ventus/subbyte/manifest.json,data/ventus/V3.0/single_instruction/common_matrix/all_directions/legacy--comprehensive_ventus/subbyte/manifest.json,286,1fad91bd1105d31e78d07e0aec9da5c31e32bcca54229a2ffb7018b115eb2b11
comprehensive_ventus,results/comprehensive_ventus/subbyte/outcomes.jsonl,data/ventus/V3.0/single_instruction/common_matrix/all_directions/legacy--comprehensive_ventus/subbyte/outcomes.jsonl,23662,183b45d01baf851773541c467d88101cf691a2074b247be38a65e1c8fc8851cb
comprehensive_ventus,results/comprehensive_ventus/subbyte/partial.csv,data/ventus/V3.0/single_instruction/common_matrix/all_directions/legacy--comprehensive_ventus/subbyte/partial.csv,397,19b2c2aabe2cdc8f4367f4653af8280ffffd46a0290dcb9e8597a55caed503d5
comprehensive_ventus,results/comprehensive_ventus/tensor_capacity/attempt_01.csv,data/ventus/V3.0/single_instruction/common_matrix/all_directions/legacy--comprehensive_ventus/tensor_capacity/attempt_01.csv,4813,e20fe4c2b2ae46bcf0d591ba8150e0c803b7e142c4911c3667d3745fe2575e94
comprehensive_ventus,results/comprehensive_ventus/tensor_capacity/manifest.json,data/ventus/V3.0/single_instruction/common_matrix/all_directions/legacy--comprehensive_ventus/tensor_capacity/manifest.json,296,8556021b167dbd052911966220c8b925a2c9d7795e80466308ab3ed4b4ef4f23
comprehensive_ventus,results/comprehensive_ventus/tensor_capacity/outcomes.jsonl,data/ventus/V3.0/single_instruction/common_matrix/all_directions/legacy--comprehensive_ventus/tensor_capacity/outcomes.jsonl,241796,6e24a36ecfd6c4df134c54419bc7ed22924154a8b46f25280cd0b25ed71b17e3
comprehensive_ventus,results/comprehensive_ventus/tensor_capacity/partial.csv,data/ventus/V3.0/single_instruction/common_matrix/all_directions/legacy--comprehensive_ventus/tensor_capacity/partial.csv,4813,e20fe4c2b2ae46bcf0d591ba8150e0c803b7e142c4911c3667d3745fe2575e94
comprehensive_ventus,results/comprehensive_ventus/tensor_geometry/attempt_01.csv,data/ventus/V3.0/single_instruction/common_matrix/all_directions/legacy--comprehensive_ventus/tensor_geometry/attempt_01.csv,17054,b5e3b3e9e9006a50434166c98e6c4cbaa6dbda016405cc70b26287a7e25c3955
comprehensive_ventus,results/comprehensive_ventus/tensor_geometry/manifest.json,data/ventus/V3.0/single_instruction/common_matrix/all_directions/legacy--comprehensive_ventus/tensor_geometry/manifest.json,298,d630040c7cd5de031aa1b3575301d81a12a9833e4030ef469fa8d70f4369687d
comprehensive_ventus,results/comprehensive_ventus/tensor_geometry/outcomes.jsonl,data/ventus/V3.0/single_instruction/common_matrix/all_directions/legacy--comprehensive_ventus/tensor_geometry/outcomes.jsonl,947048,715f8f5e1283f606497dd441df22c05ddb54aaf91597f6efba9659e3db7f1225
comprehensive_ventus,results/comprehensive_ventus/tensor_geometry/partial.csv,data/ventus/V3.0/single_instruction/common_matrix/all_directions/legacy--comprehensive_ventus/tensor_geometry/partial.csv,17054,b5e3b3e9e9006a50434166c98e6c4cbaa6dbda016405cc70b26287a7e25c3955
comprehensive_ventus_v3_10,results/comprehensive_ventus_v3_10/bulk/attempt_01.csv,data/ventus/V3.10/single_instruction/common_matrix/all_directions/legacy--comprehensive_ventus_v3_10/bulk/attempt_01.csv,5303,cb05b1af7d7d3434ce92da1b04cc5e3034e950f36210e034c09dac744b01e618
comprehensive_ventus_v3_10,results/comprehensive_ventus_v3_10/bulk/manifest.json,data/ventus/V3.10/single_instruction/common_matrix/all_directions/legacy--comprehensive_ventus_v3_10/bulk/manifest.json,285,e69b21a5466b0117483117399c5ebe11991b6bdb61da65211dfe173493a61526
comprehensive_ventus_v3_10,results/comprehensive_ventus_v3_10/bulk/outcomes.jsonl,data/ventus/V3.10/single_instruction/common_matrix/all_directions/legacy--comprehensive_ventus_v3_10/bulk/outcomes.jsonl,281783,ca41f87d7f7370241b93104cf7bb06f19b2cb5ca32abe68fa86023860962543e
comprehensive_ventus_v3_10,results/comprehensive_ventus_v3_10/bulk/partial.csv,data/ventus/V3.10/single_instruction/common_matrix/all_directions/legacy--comprehensive_ventus_v3_10/bulk/partial.csv,5303,cb05b1af7d7d3434ce92da1b04cc5e3034e950f36210e034c09dac744b01e618
comprehensive_ventus_v3_10,results/comprehensive_ventus_v3_10/dtype/attempt_01.csv,data/ventus/V3.10/single_instruction/common_matrix/all_directions/legacy--comprehensive_ventus_v3_10/dtype/attempt_01.csv,13620,fe2864eac0db58ac33e610ca99b8a60ad45fc1ed075a28d1778f32811968f182
comprehensive_ventus_v3_10,results/comprehensive_ventus_v3_10/dtype/manifest.json,data/ventus/V3.10/single_instruction/common_matrix/all_directions/legacy--comprehensive_ventus_v3_10/dtype/manifest.json,286,760104ba35c7b3e3f50eea8806c07ce0aa0f570bf28082cd2e8655da62a53d11
comprehensive_ventus_v3_10,results/comprehensive_ventus_v3_10/dtype/outcomes.jsonl,data/ventus/V3.10/single_instruction/common_matrix/all_directions/legacy--comprehensive_ventus_v3_10/dtype/outcomes.jsonl,785212,ebb34282e83436d5ff4ef4bba9c361cd58a2a476ead50e89ea9be3a1bcfb851b
comprehensive_ventus_v3_10,results/comprehensive_ventus_v3_10/dtype/partial.csv,data/ventus/V3.10/single_instruction/common_matrix/all_directions/legacy--comprehensive_ventus_v3_10/dtype/partial.csv,13620,fe2864eac0db58ac33e610ca99b8a60ad45fc1ed075a28d1778f32811968f182
comprehensive_ventus_v3_10,results/comprehensive_ventus_v3_10/interleave16/attempt_01.csv,data/ventus/V3.10/single_instruction/common_matrix/all_directions/legacy--comprehensive_ventus_v3_10/interleave16/attempt_01.csv,3246,9720fcf13186f96691212602044158b28144b529c43e4e14a5e505adb46edef6
comprehensive_ventus_v3_10,results/comprehensive_ventus_v3_10/interleave16/manifest.json,data/ventus/V3.10/single_instruction/common_matrix/all_directions/legacy--comprehensive_ventus_v3_10/interleave16/manifest.json,293,d84c18d0cbfd4c26ec4ac30d8ea250c6c98a9df7595834efd6e49efe83629715
comprehensive_ventus_v3_10,results/comprehensive_ventus_v3_10/interleave16/outcomes.jsonl,data/ventus/V3.10/single_instruction/common_matrix/all_directions/legacy--comprehensive_ventus_v3_10/interleave16/outcomes.jsonl,156565,18387473cbfd81d520ca1999abc8c99f99a8a76d71ff2af3ea99abd1cbe6bccd
comprehensive_ventus_v3_10,results/comprehensive_ventus_v3_10/interleave16/partial.csv,data/ventus/V3.10/single_instruction/common_matrix/all_directions/legacy--comprehensive_ventus_v3_10/interleave16/partial.csv,3246,9720fcf13186f96691212602044158b28144b529c43e4e14a5e505adb46edef6
comprehensive_ventus_v3_10,results/comprehensive_ventus_v3_10/layout/attempt_01.csv,data/ventus/V3.10/single_instruction/common_matrix/all_directions/legacy--comprehensive_ventus_v3_10/layout/attempt_01.csv,8466,fdb42cfdd3d1e4ea0e5d4643723360058473de84372a8986b88c4508cad7c4c9
comprehensive_ventus_v3_10,results/comprehensive_ventus_v3_10/layout/manifest.json,data/ventus/V3.10/single_instruction/common_matrix/all_directions/legacy--comprehensive_ventus_v3_10/layout/manifest.json,287,e57c5677ab1e1d10986c22de45b4925ccd985ff7f329ec60eb38f6fc525442e7
comprehensive_ventus_v3_10,results/comprehensive_ventus_v3_10/layout/outcomes.jsonl,data/ventus/V3.10/single_instruction/common_matrix/all_directions/legacy--comprehensive_ventus_v3_10/layout/outcomes.jsonl,486612,5956d4eb63ed1222e45c411d0c3d40cda995e81926edeaea5d4358ba526d0e03
comprehensive_ventus_v3_10,results/comprehensive_ventus_v3_10/layout/partial.csv,data/ventus/V3.10/single_instruction/common_matrix/all_directions/legacy--comprehensive_ventus_v3_10/layout/partial.csv,8466,fdb42cfdd3d1e4ea0e5d4643723360058473de84372a8986b88c4508cad7c4c9
comprehensive_ventus_v3_10,results/comprehensive_ventus_v3_10/tensor_capacity/attempt_01.csv,data/ventus/V3.10/single_instruction/common_matrix/all_directions/legacy--comprehensive_ventus_v3_10/tensor_capacity/attempt_01.csv,4813,5c4ca8f05b9076a267d81e0f4158b6f87c8eeb1da423badc2e08dbd2c745c005
comprehensive_ventus_v3_10,results/comprehensive_ventus_v3_10/tensor_capacity/manifest.json,data/ventus/V3.10/single_instruction/common_matrix/all_directions/legacy--comprehensive_ventus_v3_10/tensor_capacity/manifest.json,296,b234ac6ada7a29fdb244bde5e8de6e8c50ffab9e12fe6bbc5705c3f6cefa3e42
comprehensive_ventus_v3_10,results/comprehensive_ventus_v3_10/tensor_capacity/outcomes.jsonl,data/ventus/V3.10/single_instruction/common_matrix/all_directions/legacy--comprehensive_ventus_v3_10/tensor_capacity/outcomes.jsonl,233896,678c3505010a5a17e5da2d636a3b435ed5c6c6bf984ec6486c37ef5e830e12bf
comprehensive_ventus_v3_10,results/comprehensive_ventus_v3_10/tensor_capacity/partial.csv,data/ventus/V3.10/single_instruction/common_matrix/all_directions/legacy--comprehensive_ventus_v3_10/tensor_capacity/partial.csv,4813,5c4ca8f05b9076a267d81e0f4158b6f87c8eeb1da423badc2e08dbd2c745c005
comprehensive_ventus_v3_10,results/comprehensive_ventus_v3_10/tensor_geometry/attempt_01.csv,data/ventus/V3.10/single_instruction/common_matrix/all_directions/legacy--comprehensive_ventus_v3_10/tensor_geometry/attempt_01.csv,17054,6e45dee76d81762e5ea40eb30f1a2479c08045732b9815aebce7d294b073fb74
comprehensive_ventus_v3_10,results/comprehensive_ventus_v3_10/tensor_geometry/manifest.json,data/ventus/V3.10/single_instruction/common_matrix/all_directions/legacy--comprehensive_ventus_v3_10/tensor_geometry/manifest.json,298,cdb3fad4ecd3641e4642d1de6ca78f36041977a1893d21d936b580a5992d1352
comprehensive_ventus_v3_10,results/comprehensive_ventus_v3_10/tensor_geometry/outcomes.jsonl,data/ventus/V3.10/single_instruction/common_matrix/all_directions/legacy--comprehensive_ventus_v3_10/tensor_geometry/outcomes.jsonl,938731,24cf33cde6b05132738edca5c5899bbc5d090516a8947d5c363db45437c26b07
comprehensive_ventus_v3_10,results/comprehensive_ventus_v3_10/tensor_geometry/partial.csv,data/ventus/V3.10/single_instruction/common_matrix/all_directions/legacy--comprehensive_ventus_v3_10/tensor_geometry/partial.csv,17054,6e45dee76d81762e5ea40eb30f1a2479c08045732b9815aebce7d294b073fb74
comprehensive_ventus_v3_10_layout_stability_1,results/comprehensive_ventus_v3_10_layout_stability_1/attempt_01.csv,archive/results/ventus/V3.10/common_matrix/comprehensive_ventus_v3_10_layout_stability_1/attempt_01.csv,557,f05521e08ba3bf8e4cd803e0d7f1b4ef9820361be3d2aaaba60de75baeae9998
comprehensive_ventus_v3_10_layout_stability_1,results/comprehensive_ventus_v3_10_layout_stability_1/manifest.json,archive/results/ventus/V3.10/common_matrix/comprehensive_ventus_v3_10_layout_stability_1/manifest.json,285,93830845411a622057841abb12c8a9e9a72658bdb8818ffb03a4e0c428dcbc01
comprehensive_ventus_v3_10_layout_stability_1,results/comprehensive_ventus_v3_10_layout_stability_1/outcomes.jsonl,archive/results/ventus/V3.10/common_matrix/comprehensive_ventus_v3_10_layout_stability_1/outcomes.jsonl,18051,1793686151f3598284ae6288f661709a779455e7d669e6e31f8d376556724b2c
comprehensive_ventus_v3_10_layout_stability_1,results/comprehensive_ventus_v3_10_layout_stability_1/partial.csv,archive/results/ventus/V3.10/common_matrix/comprehensive_ventus_v3_10_layout_stability_1/partial.csv,557,f05521e08ba3bf8e4cd803e0d7f1b4ef9820361be3d2aaaba60de75baeae9998
comprehensive_ventus_v3_10_layout_stability_2,results/comprehensive_ventus_v3_10_layout_stability_2/attempt_01.csv,archive/results/ventus/V3.10/common_matrix/comprehensive_ventus_v3_10_layout_stability_2/attempt_01.csv,557,f05521e08ba3bf8e4cd803e0d7f1b4ef9820361be3d2aaaba60de75baeae9998
comprehensive_ventus_v3_10_layout_stability_2,results/comprehensive_ventus_v3_10_layout_stability_2/manifest.json,archive/results/ventus/V3.10/common_matrix/comprehensive_ventus_v3_10_layout_stability_2/manifest.json,285,bb299139fe662ccd3912c7b6a75f78beebcbe99fa6a7109bd376a5ce41e58aad
comprehensive_ventus_v3_10_layout_stability_2,results/comprehensive_ventus_v3_10_layout_stability_2/outcomes.jsonl,archive/results/ventus/V3.10/common_matrix/comprehensive_ventus_v3_10_layout_stability_2/outcomes.jsonl,18051,ba7e055105fd6ff9cba8415a90a673ae2e427efd18827177599a0e8d3e9775f0
comprehensive_ventus_v3_10_layout_stability_2,results/comprehensive_ventus_v3_10_layout_stability_2/partial.csv,archive/results/ventus/V3.10/common_matrix/comprehensive_ventus_v3_10_layout_stability_2/partial.csv,557,f05521e08ba3bf8e4cd803e0d7f1b4ef9820361be3d2aaaba60de75baeae9998
comprehensive_ventus_v3_10_layout_stability_3,results/comprehensive_ventus_v3_10_layout_stability_3/attempt_01.csv,archive/results/ventus/V3.10/common_matrix/comprehensive_ventus_v3_10_layout_stability_3/attempt_01.csv,557,f05521e08ba3bf8e4cd803e0d7f1b4ef9820361be3d2aaaba60de75baeae9998
comprehensive_ventus_v3_10_layout_stability_3,results/comprehensive_ventus_v3_10_layout_stability_3/manifest.json,archive/results/ventus/V3.10/common_matrix/comprehensive_ventus_v3_10_layout_stability_3/manifest.json,285,e35ac0b70291c5c9f994d364230363946a00369520d083b01001a80203e44586
comprehensive_ventus_v3_10_layout_stability_3,results/comprehensive_ventus_v3_10_layout_stability_3/outcomes.jsonl,archive/results/ventus/V3.10/common_matrix/comprehensive_ventus_v3_10_layout_stability_3/outcomes.jsonl,18050,78e960d418a81c768c772c0f19ede0c2d0da89408df22a11ac96afc2311febc0
comprehensive_ventus_v3_10_layout_stability_3,results/comprehensive_ventus_v3_10_layout_stability_3/partial.csv,archive/results/ventus/V3.10/common_matrix/comprehensive_ventus_v3_10_layout_stability_3/partial.csv,557,f05521e08ba3bf8e4cd803e0d7f1b4ef9820361be3d2aaaba60de75baeae9998
comprehensive_ventus_v3_7,results/comprehensive_ventus_v3_7/bulk/attempt_01.csv,data/ventus/V3.7/single_instruction/common_matrix/all_directions/legacy--comprehensive_ventus_v3_7/bulk/attempt_01.csv,5303,cb05b1af7d7d3434ce92da1b04cc5e3034e950f36210e034c09dac744b01e618
comprehensive_ventus_v3_7,results/comprehensive_ventus_v3_7/bulk/manifest.json,data/ventus/V3.7/single_instruction/common_matrix/all_directions/legacy--comprehensive_ventus_v3_7/bulk/manifest.json,285,201fa63836a81703c2d0b454351133131c4442bca103ca77c89dd7659aeaa189
comprehensive_ventus_v3_7,results/comprehensive_ventus_v3_7/bulk/outcomes.jsonl,data/ventus/V3.7/single_instruction/common_matrix/all_directions/legacy--comprehensive_ventus_v3_7/bulk/outcomes.jsonl,281788,c05af497c31ac7e2d58eed80fb7fde33afebe565a87a8356db7ba6e9157711fd
comprehensive_ventus_v3_7,results/comprehensive_ventus_v3_7/bulk/partial.csv,data/ventus/V3.7/single_instruction/common_matrix/all_directions/legacy--comprehensive_ventus_v3_7/bulk/partial.csv,5303,cb05b1af7d7d3434ce92da1b04cc5e3034e950f36210e034c09dac744b01e618
comprehensive_ventus_v3_7,results/comprehensive_ventus_v3_7/dtype/attempt_01.csv,data/ventus/V3.7/single_instruction/common_matrix/all_directions/legacy--comprehensive_ventus_v3_7/dtype/attempt_01.csv,13620,b48731bb7e7d3ba104c20a104f5f6dbc5cd59fa45d80721e0aa51ca327fd741e
comprehensive_ventus_v3_7,results/comprehensive_ventus_v3_7/dtype/manifest.json,data/ventus/V3.7/single_instruction/common_matrix/all_directions/legacy--comprehensive_ventus_v3_7/dtype/manifest.json,286,92a1de84497891908fee66f2601005ef4f75e00613b16ed02d12faaf4d3c256d
comprehensive_ventus_v3_7,results/comprehensive_ventus_v3_7/dtype/outcomes.jsonl,data/ventus/V3.7/single_instruction/common_matrix/all_directions/legacy--comprehensive_ventus_v3_7/dtype/outcomes.jsonl,785214,109aaa65cb5ef060d376de64a780c27806a5d54e1bf3db8928413777edac80ed
comprehensive_ventus_v3_7,results/comprehensive_ventus_v3_7/dtype/partial.csv,data/ventus/V3.7/single_instruction/common_matrix/all_directions/legacy--comprehensive_ventus_v3_7/dtype/partial.csv,13620,b48731bb7e7d3ba104c20a104f5f6dbc5cd59fa45d80721e0aa51ca327fd741e
comprehensive_ventus_v3_7,results/comprehensive_ventus_v3_7/interleave16/attempt_01.csv,data/ventus/V3.7/single_instruction/common_matrix/all_directions/legacy--comprehensive_ventus_v3_7/interleave16/attempt_01.csv,3246,817981ed9d22d49401db5ee06569fb866b6f4324ad69d9d4ef05732cc9243aac
comprehensive_ventus_v3_7,results/comprehensive_ventus_v3_7/interleave16/manifest.json,data/ventus/V3.7/single_instruction/common_matrix/all_directions/legacy--comprehensive_ventus_v3_7/interleave16/manifest.json,293,5853bcef3de023d7d2ce84b6129a7c2c618d8f00dd4da6acafd47e2499618675
comprehensive_ventus_v3_7,results/comprehensive_ventus_v3_7/interleave16/outcomes.jsonl,data/ventus/V3.7/single_instruction/common_matrix/all_directions/legacy--comprehensive_ventus_v3_7/interleave16/outcomes.jsonl,156571,d727c0c340c68c180525fc2092d90cc32cd91bcaa2e33bb6a9480344ac58c7a0
comprehensive_ventus_v3_7,results/comprehensive_ventus_v3_7/interleave16/partial.csv,data/ventus/V3.7/single_instruction/common_matrix/all_directions/legacy--comprehensive_ventus_v3_7/interleave16/partial.csv,3246,817981ed9d22d49401db5ee06569fb866b6f4324ad69d9d4ef05732cc9243aac
comprehensive_ventus_v3_7,results/comprehensive_ventus_v3_7/layout/attempt_01.csv,data/ventus/V3.7/single_instruction/common_matrix/all_directions/legacy--comprehensive_ventus_v3_7/layout/attempt_01.csv,8466,5065244ad47bd404c27d769cb5f40498f3feb4ddfe9b97258fbad525fe3d1266
comprehensive_ventus_v3_7,results/comprehensive_ventus_v3_7/layout/manifest.json,data/ventus/V3.7/single_instruction/common_matrix/all_directions/legacy--comprehensive_ventus_v3_7/layout/manifest.json,287,26576f303b19549a4b0b6ba05be311c436c49919d60c3dc955d523a9a4c978c6
comprehensive_ventus_v3_7,results/comprehensive_ventus_v3_7/layout/outcomes.jsonl,data/ventus/V3.7/single_instruction/common_matrix/all_directions/legacy--comprehensive_ventus_v3_7/layout/outcomes.jsonl,468433,e51c467ccfd15b378bd5e4cd0f475286d70213083a9fbda905b9bad5347b3374
comprehensive_ventus_v3_7,results/comprehensive_ventus_v3_7/layout/partial.csv,data/ventus/V3.7/single_instruction/common_matrix/all_directions/legacy--comprehensive_ventus_v3_7/layout/partial.csv,8466,5065244ad47bd404c27d769cb5f40498f3feb4ddfe9b97258fbad525fe3d1266
comprehensive_ventus_v3_7,results/comprehensive_ventus_v3_7/tensor_capacity/attempt_01.csv,data/ventus/V3.7/single_instruction/common_matrix/all_directions/legacy--comprehensive_ventus_v3_7/tensor_capacity/attempt_01.csv,4813,b56f8629ccd1a564fcad13c9dcf8de50df6225375d2a5d790d73dc939c6dab3c
comprehensive_ventus_v3_7,results/comprehensive_ventus_v3_7/tensor_capacity/manifest.json,data/ventus/V3.7/single_instruction/common_matrix/all_directions/legacy--comprehensive_ventus_v3_7/tensor_capacity/manifest.json,296,2bb3d22ab4ffbe3a307076834d443ef247226db1b8f1cdcf3a8d0d4699a306bf
comprehensive_ventus_v3_7,results/comprehensive_ventus_v3_7/tensor_capacity/outcomes.jsonl,data/ventus/V3.7/single_instruction/common_matrix/all_directions/legacy--comprehensive_ventus_v3_7/tensor_capacity/outcomes.jsonl,233895,343586b7178dbcfe7f08cfd416996b6a6ec5a39fc4894829f508268e6f00d590
comprehensive_ventus_v3_7,results/comprehensive_ventus_v3_7/tensor_capacity/partial.csv,data/ventus/V3.7/single_instruction/common_matrix/all_directions/legacy--comprehensive_ventus_v3_7/tensor_capacity/partial.csv,4813,b56f8629ccd1a564fcad13c9dcf8de50df6225375d2a5d790d73dc939c6dab3c
comprehensive_ventus_v3_7,results/comprehensive_ventus_v3_7/tensor_geometry/attempt_01.csv,data/ventus/V3.7/single_instruction/common_matrix/all_directions/legacy--comprehensive_ventus_v3_7/tensor_geometry/attempt_01.csv,17054,85954501b22566656e04587075e66e1b1bfc2979e116db2816359dce669a0379
comprehensive_ventus_v3_7,results/comprehensive_ventus_v3_7/tensor_geometry/manifest.json,data/ventus/V3.7/single_instruction/common_matrix/all_directions/legacy--comprehensive_ventus_v3_7/tensor_geometry/manifest.json,298,04560fb9e8e9161a373de99e32c077e4b89fefb01818586b40998093590b7b8e
comprehensive_ventus_v3_7,results/comprehensive_ventus_v3_7/tensor_geometry/outcomes.jsonl,data/ventus/V3.7/single_instruction/common_matrix/all_directions/legacy--comprehensive_ventus_v3_7/tensor_geometry/outcomes.jsonl,939159,9c6f8d49fa25b30c97db4b856c5184b88b0eefa5863b0bf54e064d92683e92ec
comprehensive_ventus_v3_7,results/comprehensive_ventus_v3_7/tensor_geometry/partial.csv,data/ventus/V3.7/single_instruction/common_matrix/all_directions/legacy--comprehensive_ventus_v3_7/tensor_geometry/partial.csv,17054,85954501b22566656e04587075e66e1b1bfc2979e116db2816359dce669a0379
comprehensive_ventus_v3_7_parallel_compile_collision,results/comprehensive_ventus_v3_7_parallel_compile_collision/bulk/outcomes.jsonl,archive/results/ventus/V3.7/common_matrix/comprehensive_ventus_v3_7_parallel_compile_collision/bulk/outcomes.jsonl,1445,eed9659120c87e830ad7eebe70ac1dc73a7990297d944c423a0e6aa9426a756c
comprehensive_ventus_v3_7_parallel_compile_collision,results/comprehensive_ventus_v3_7_parallel_compile_collision/dtype/outcomes.jsonl,archive/results/ventus/V3.7/common_matrix/comprehensive_ventus_v3_7_parallel_compile_collision/dtype/outcomes.jsonl,1442,348507d7b3b2a055c2b680275d89a2e43f550a984b1c684f56bca8e9d1116772
comprehensive_ventus_v3_7_parallel_compile_collision,results/comprehensive_ventus_v3_7_parallel_compile_collision/tensor_geometry/outcomes.jsonl,archive/results/ventus/V3.7/common_matrix/comprehensive_ventus_v3_7_parallel_compile_collision/tensor_geometry/outcomes.jsonl,1452,59dc0aa5c816b5bc80c237f3e7aa6d3a5d836e2314949f58988cc517a276fe5d
comprehensive_ventus_v3_7_parallel_wall_timeout,results/comprehensive_ventus_v3_7_parallel_wall_timeout/bulk/attempt_01.csv,archive/results/ventus/V3.7/common_matrix/comprehensive_ventus_v3_7_parallel_wall_timeout/bulk/attempt_01.csv,5303,cb05b1af7d7d3434ce92da1b04cc5e3034e950f36210e034c09dac744b01e618
comprehensive_ventus_v3_7_parallel_wall_timeout,results/comprehensive_ventus_v3_7_parallel_wall_timeout/bulk/manifest.json,archive/results/ventus/V3.7/common_matrix/comprehensive_ventus_v3_7_parallel_wall_timeout/bulk/manifest.json,284,77f3a22562d4e033210a144564d1fca15f3491b76ac53c08491370871fc2604a
comprehensive_ventus_v3_7_parallel_wall_timeout,results/comprehensive_ventus_v3_7_parallel_wall_timeout/bulk/outcomes.jsonl,archive/results/ventus/V3.7/common_matrix/comprehensive_ventus_v3_7_parallel_wall_timeout/bulk/outcomes.jsonl,281774,2c1cfc187850376cda8c027eda91427485128c4848efcc927f05710fa48df7a7
comprehensive_ventus_v3_7_parallel_wall_timeout,results/comprehensive_ventus_v3_7_parallel_wall_timeout/bulk/partial.csv,archive/results/ventus/V3.7/common_matrix/comprehensive_ventus_v3_7_parallel_wall_timeout/bulk/partial.csv,5303,cb05b1af7d7d3434ce92da1b04cc5e3034e950f36210e034c09dac744b01e618
comprehensive_ventus_v3_7_parallel_wall_timeout,results/comprehensive_ventus_v3_7_parallel_wall_timeout/dtype/outcomes.jsonl,archive/results/ventus/V3.7/common_matrix/comprehensive_ventus_v3_7_parallel_wall_timeout/dtype/outcomes.jsonl,226117,6965683a9a96c820e0fd31d8a79c95b61fc9f371ca4067d0ab6f6fe880a8e167
comprehensive_ventus_v3_7_parallel_wall_timeout,results/comprehensive_ventus_v3_7_parallel_wall_timeout/dtype/partial.csv,archive/results/ventus/V3.7/common_matrix/comprehensive_ventus_v3_7_parallel_wall_timeout/dtype/partial.csv,4197,367a5778b7b8a8a36b60d440e883ed271d23912764890f41adbce2394e8f555b
comprehensive_ventus_v3_7_parallel_wall_timeout,results/comprehensive_ventus_v3_7_parallel_wall_timeout/tensor_capacity/outcomes.jsonl,archive/results/ventus/V3.7/common_matrix/comprehensive_ventus_v3_7_parallel_wall_timeout/tensor_capacity/outcomes.jsonl,57010,a35a53a62f6f11e3248e4e2615e69ef2ee5c2530ab663aec99532ce5bde889a8
comprehensive_ventus_v3_7_parallel_wall_timeout,results/comprehensive_ventus_v3_7_parallel_wall_timeout/tensor_capacity/partial.csv,archive/results/ventus/V3.7/common_matrix/comprehensive_ventus_v3_7_parallel_wall_timeout/tensor_capacity/partial.csv,1218,f94edf4d668cca3e8f8d7d192b576bbea16ba6c1626e1745224fdd91a95f6468
comprehensive_ventus_v3_7_parallel_wall_timeout,results/comprehensive_ventus_v3_7_parallel_wall_timeout/tensor_geometry/outcomes.jsonl,archive/results/ventus/V3.7/common_matrix/comprehensive_ventus_v3_7_parallel_wall_timeout/tensor_geometry/outcomes.jsonl,96637,7bd79f99cc629e4bb68b65dddaeb35e60d5a7e990eb3dd1a3b9c09d5c5b04f34
comprehensive_ventus_v3_7_parallel_wall_timeout,results/comprehensive_ventus_v3_7_parallel_wall_timeout/tensor_geometry/partial.csv,archive/results/ventus/V3.7/common_matrix/comprehensive_ventus_v3_7_parallel_wall_timeout/tensor_geometry/partial.csv,1818,faf25765a5d7b0b6192420ccdbd597aa1c2dfc658cf65ae915d293c741108f24
comprehensive_ventus_v3_7_sequential_stale_cwd_failure,results/comprehensive_ventus_v3_7_sequential_stale_cwd_failure/tensor_geometry/outcomes.jsonl,archive/results/ventus/V3.7/common_matrix/comprehensive_ventus_v3_7_sequential_stale_cwd_failure/tensor_geometry/outcomes.jsonl,1451,8a4e6dfda697cae1562542302e2cc57c46009f2448d02ab62550e7de0a2bbcde
comprehensive_ventus_v3_7_short_timeout_probe,results/comprehensive_ventus_v3_7_short_timeout_probe/bulk/outcomes.jsonl,archive/results/ventus/V3.7/common_matrix/comprehensive_ventus_v3_7_short_timeout_probe/bulk/outcomes.jsonl,95928,0ba83e7cfe0dc07bc3453bb45748d4f82f0f6888fcebedbfc6e58e0facb0cf66
comprehensive_ventus_v3_7_short_timeout_probe,results/comprehensive_ventus_v3_7_short_timeout_probe/bulk/partial.csv,archive/results/ventus/V3.7/common_matrix/comprehensive_ventus_v3_7_short_timeout_probe/bulk/partial.csv,1841,6aa07382e4d926ce04cdb4f152aeb94e848edacb8b158d20f225ca5e1b7163ef
comprehensive_ventus_v3_8,results/comprehensive_ventus_v3_8/bulk/attempt_01.csv,data/ventus/V3.8/single_instruction/common_matrix/all_directions/legacy--comprehensive_ventus_v3_8/bulk/attempt_01.csv,5303,cb05b1af7d7d3434ce92da1b04cc5e3034e950f36210e034c09dac744b01e618
comprehensive_ventus_v3_8,results/comprehensive_ventus_v3_8/bulk/manifest.json,data/ventus/V3.8/single_instruction/common_matrix/all_directions/legacy--comprehensive_ventus_v3_8/bulk/manifest.json,285,8941bc289588b60b303bfad88dc5b57473c4a5e4f1e142d29243404ddc4bd15f
comprehensive_ventus_v3_8,results/comprehensive_ventus_v3_8/bulk/outcomes.jsonl,data/ventus/V3.8/single_instruction/common_matrix/all_directions/legacy--comprehensive_ventus_v3_8/bulk/outcomes.jsonl,281787,6418362cbbaa895887575e7032de5e7d2439820aeaccb00084f04b3d28b2aba7
comprehensive_ventus_v3_8,results/comprehensive_ventus_v3_8/bulk/partial.csv,data/ventus/V3.8/single_instruction/common_matrix/all_directions/legacy--comprehensive_ventus_v3_8/bulk/partial.csv,5303,cb05b1af7d7d3434ce92da1b04cc5e3034e950f36210e034c09dac744b01e618
comprehensive_ventus_v3_8,results/comprehensive_ventus_v3_8/dtype/attempt_01.csv,data/ventus/V3.8/single_instruction/common_matrix/all_directions/legacy--comprehensive_ventus_v3_8/dtype/attempt_01.csv,13620,b65773c8725c97ed06dfa25f6a8c7f9ebe8abcf2ba9ac3c336057e9828db20fa
comprehensive_ventus_v3_8,results/comprehensive_ventus_v3_8/dtype/manifest.json,data/ventus/V3.8/single_instruction/common_matrix/all_directions/legacy--comprehensive_ventus_v3_8/dtype/manifest.json,286,025d3f6db54c148923ec39d5e3338f0f320fb0c8e91e64841fe98784b3db5953
comprehensive_ventus_v3_8,results/comprehensive_ventus_v3_8/dtype/outcomes.jsonl,data/ventus/V3.8/single_instruction/common_matrix/all_directions/legacy--comprehensive_ventus_v3_8/dtype/outcomes.jsonl,785213,1bff8880d3f62845393c7ee01184be269085e94d190a4343a27370a5e1481b4a
comprehensive_ventus_v3_8,results/comprehensive_ventus_v3_8/dtype/partial.csv,data/ventus/V3.8/single_instruction/common_matrix/all_directions/legacy--comprehensive_ventus_v3_8/dtype/partial.csv,13620,b65773c8725c97ed06dfa25f6a8c7f9ebe8abcf2ba9ac3c336057e9828db20fa
comprehensive_ventus_v3_8,results/comprehensive_ventus_v3_8/interleave16/attempt_01.csv,data/ventus/V3.8/single_instruction/common_matrix/all_directions/legacy--comprehensive_ventus_v3_8/interleave16/attempt_01.csv,3246,29c1a8a02270b1a26bc93025c810bd75927335682938ee4d32255095149baf7e
comprehensive_ventus_v3_8,results/comprehensive_ventus_v3_8/interleave16/manifest.json,data/ventus/V3.8/single_instruction/common_matrix/all_directions/legacy--comprehensive_ventus_v3_8/interleave16/manifest.json,293,249b5db052dd5bfdde63edda2ba68e6e7c4b473832464e48f5ccfe3109c672a3
comprehensive_ventus_v3_8,results/comprehensive_ventus_v3_8/interleave16/outcomes.jsonl,data/ventus/V3.8/single_instruction/common_matrix/all_directions/legacy--comprehensive_ventus_v3_8/interleave16/outcomes.jsonl,156570,d39257cab8621ae1eece3d2d53d8c2d4f038852cf71438e673e59846eff0e725
comprehensive_ventus_v3_8,results/comprehensive_ventus_v3_8/interleave16/partial.csv,data/ventus/V3.8/single_instruction/common_matrix/all_directions/legacy--comprehensive_ventus_v3_8/interleave16/partial.csv,3246,29c1a8a02270b1a26bc93025c810bd75927335682938ee4d32255095149baf7e
comprehensive_ventus_v3_8,results/comprehensive_ventus_v3_8/layout/attempt_01.csv,data/ventus/V3.8/single_instruction/common_matrix/all_directions/legacy--comprehensive_ventus_v3_8/layout/attempt_01.csv,8466,8db6f5c087c5a78b4bdd391565cf6d0f8dba5eab1f502b03c7f1e5a8bcaed14d
comprehensive_ventus_v3_8,results/comprehensive_ventus_v3_8/layout/manifest.json,data/ventus/V3.8/single_instruction/common_matrix/all_directions/legacy--comprehensive_ventus_v3_8/layout/manifest.json,287,35360d9845fa3fd5a73ae557ee3b0d77349836c69961c4feb07bf01892bc36cd
comprehensive_ventus_v3_8,results/comprehensive_ventus_v3_8/layout/outcomes.jsonl,data/ventus/V3.8/single_instruction/common_matrix/all_directions/legacy--comprehensive_ventus_v3_8/layout/outcomes.jsonl,468430,cf160f729ccff95b9fa5ef620e986ebba6f14523fbd5b7bd651ec68eea77df42
comprehensive_ventus_v3_8,results/comprehensive_ventus_v3_8/layout/partial.csv,data/ventus/V3.8/single_instruction/common_matrix/all_directions/legacy--comprehensive_ventus_v3_8/layout/partial.csv,8466,8db6f5c087c5a78b4bdd391565cf6d0f8dba5eab1f502b03c7f1e5a8bcaed14d
comprehensive_ventus_v3_8,results/comprehensive_ventus_v3_8/tensor_capacity/attempt_01.csv,data/ventus/V3.8/single_instruction/common_matrix/all_directions/legacy--comprehensive_ventus_v3_8/tensor_capacity/attempt_01.csv,4813,42c1819541da427d0d463754db383713a230e045f1a242d905cd9e12e6f74db3
comprehensive_ventus_v3_8,results/comprehensive_ventus_v3_8/tensor_capacity/manifest.json,data/ventus/V3.8/single_instruction/common_matrix/all_directions/legacy--comprehensive_ventus_v3_8/tensor_capacity/manifest.json,296,e1b1a78ef9b7b86ed14369d74660d803f60debaf357a1c01cd0d81a5161fdd5c
comprehensive_ventus_v3_8,results/comprehensive_ventus_v3_8/tensor_capacity/outcomes.jsonl,data/ventus/V3.8/single_instruction/common_matrix/all_directions/legacy--comprehensive_ventus_v3_8/tensor_capacity/outcomes.jsonl,242447,8628938b989111bb51f667b9cec95ce0b50ae6428d6374c06b4e305ad643532a
comprehensive_ventus_v3_8,results/comprehensive_ventus_v3_8/tensor_capacity/partial.csv,data/ventus/V3.8/single_instruction/common_matrix/all_directions/legacy--comprehensive_ventus_v3_8/tensor_capacity/partial.csv,4813,42c1819541da427d0d463754db383713a230e045f1a242d905cd9e12e6f74db3
comprehensive_ventus_v3_8,results/comprehensive_ventus_v3_8/tensor_geometry/attempt_01.csv,data/ventus/V3.8/single_instruction/common_matrix/all_directions/legacy--comprehensive_ventus_v3_8/tensor_geometry/attempt_01.csv,17054,9cb2a2989e995de336e1c120de6b93489eb909a50cf0e73069360e8dfe8019a1
comprehensive_ventus_v3_8,results/comprehensive_ventus_v3_8/tensor_geometry/manifest.json,data/ventus/V3.8/single_instruction/common_matrix/all_directions/legacy--comprehensive_ventus_v3_8/tensor_geometry/manifest.json,298,94587d074b2f388cc4e0bb32f6e4d84468fcd0deb60e9c2204a1a1ef31959845
comprehensive_ventus_v3_8,results/comprehensive_ventus_v3_8/tensor_geometry/outcomes.jsonl,data/ventus/V3.8/single_instruction/common_matrix/all_directions/legacy--comprehensive_ventus_v3_8/tensor_geometry/outcomes.jsonl,939023,11a5fb7e076bb45aa4653e36924afe9f138419079ac1414b64e2be7f6c518f79
comprehensive_ventus_v3_8,results/comprehensive_ventus_v3_8/tensor_geometry/partial.csv,data/ventus/V3.8/single_instruction/common_matrix/all_directions/legacy--comprehensive_ventus_v3_8/tensor_geometry/partial.csv,17054,9cb2a2989e995de336e1c120de6b93489eb909a50cf0e73069360e8dfe8019a1
contention_ventus_core_invalid_path_probe,results/contention_ventus_core_invalid_path_probe/manifest.json,archive/results/ventus/V3.0/mixed_direction/contention_ventus_core_invalid_path_probe/manifest.json,449,03c8aacb1f8c73f5b7e2e50978ac799ed4036ee28f65d9f656482badadf6d384
contention_ventus_core_invalid_path_probe,results/contention_ventus_core_invalid_path_probe/outcomes.csv,archive/results/ventus/V3.0/mixed_direction/contention_ventus_core_invalid_path_probe/outcomes.csv,2449,194bd190b0af2117c2cd292de154599b157ed1c03cf8271da30b0d22ebeb1ea7
contention_ventus_core_invalid_path_probe,results/contention_ventus_core_invalid_path_probe/results.csv,archive/results/ventus/V3.0/mixed_direction/contention_ventus_core_invalid_path_probe/results.csv,290,4b3ed2173f191044984136ec02fdecc096992bd80b337c5aa84d83c48746580b
contention_ventus_core_v2,results/contention_ventus_core_v2/manifest.json,data/ventus/V3.0/multi_context/mixed_direction/all_directions/legacy--contention_ventus_core_v2/manifest.json,449,c8fcb2b32f4f3016e7962dca3efe67673311d1cf2a10cb5afd5df1b20d308f63
contention_ventus_core_v2,results/contention_ventus_core_v2/outcomes.csv,data/ventus/V3.0/multi_context/mixed_direction/all_directions/legacy--contention_ventus_core_v2/outcomes.csv,2932,6f914559db60f916c779f8c17a1dcfdb078834fd262b909998be4b047d127c98
contention_ventus_core_v2,results/contention_ventus_core_v2/results.csv,data/ventus/V3.0/multi_context/mixed_direction/all_directions/legacy--contention_ventus_core_v2/results.csv,2917,9de1f18e1a91cdccc6401fbcbd764d9a93a5abbe82be9b581f071e83fba6cf1b
contention_ventus_pressure,results/contention_ventus_pressure/manifest.json,data/ventus/V3.0/multi_context/mixed_direction/all_directions/legacy--contention_ventus_pressure/manifest.json,451,038afed04c5b934112be2d5daff3b04f6419673c9635548301ba0a6f1f8ba794
contention_ventus_pressure,results/contention_ventus_pressure/outcomes.csv,data/ventus/V3.0/multi_context/mixed_direction/all_directions/legacy--contention_ventus_pressure/outcomes.csv,899,7afba85e5d1ca39e2317241a6a1078dbc2c8ae5ab61aa7a6a3d1e6441a9a3acf
contention_ventus_pressure,results/contention_ventus_pressure/results.csv,data/ventus/V3.0/multi_context/mixed_direction/all_directions/legacy--contention_ventus_pressure/results.csv,1842,9f91d356f1e3af4381afc06d22654351eb5991b0b3c4d36b14684d4c08974903
contention_ventus_v3_1_core,results/contention_ventus_v3_1_core/manifest.json,data/ventus/V3.1/multi_context/mixed_direction/all_directions/legacy--contention_ventus_v3_1_core/manifest.json,448,b09ece1c858b9f8e1e631772ee96f9d51dd76dc01414dc7c309383433c1f58a8
contention_ventus_v3_1_core,results/contention_ventus_v3_1_core/outcomes.csv,data/ventus/V3.1/multi_context/mixed_direction/all_directions/legacy--contention_ventus_v3_1_core/outcomes.csv,3060,d1b6b1b4524e82fe5f0a380f663c53dafd7e57c243fc29e8caec711c877a68be
contention_ventus_v3_1_core,results/contention_ventus_v3_1_core/results.csv,data/ventus/V3.1/multi_context/mixed_direction/all_directions/legacy--contention_ventus_v3_1_core/results.csv,1649,c70565e22ec7ebae1b8b301d489e30dcabe4cb142579c7eaf207e91222fe665e
contention_ventus_v3_1_pressure,results/contention_ventus_v3_1_pressure/manifest.json,data/ventus/V3.1/multi_context/mixed_direction/all_directions/legacy--contention_ventus_v3_1_pressure/manifest.json,451,170410f1d581f338a07b900235f6a1ec531165fb708cc00453a0057cc26301f3
contention_ventus_v3_1_pressure,results/contention_ventus_v3_1_pressure/outcomes.csv,data/ventus/V3.1/multi_context/mixed_direction/all_directions/legacy--contention_ventus_v3_1_pressure/outcomes.csv,947,958640acd5c37f4a3fcb4515d907accf73fb02e46a8d050217d4892a951ee883
contention_ventus_v3_1_pressure,results/contention_ventus_v3_1_pressure/results.csv,data/ventus/V3.1/multi_context/mixed_direction/all_directions/legacy--contention_ventus_v3_1_pressure/results.csv,1377,c3fc9d305954af20582d4ae2ce389a1a867191e8d273628fb124ee88165fe468
cuda_b200,results/cuda_b200/attempt_01.csv,data/b200/cuda-13.3-sm100/single_instruction/cycle_capacity/all_directions/legacy--cuda_b200/attempt_01.csv,7170,409cd873607972ba093e0239d78b956ea33bbf3cbf03514aaa56a90ba269c368
cuda_b200,results/cuda_b200/attempt_01.json,data/b200/cuda-13.3-sm100/single_instruction/cycle_capacity/all_directions/legacy--cuda_b200/attempt_01.json,570,9cc6af949fb66b3191c384cadb7c7711abdc8ab2c696933a639ab7403a983f37
cuda_b200,results/cuda_b200/attempt_01.stderr.txt,data/b200/cuda-13.3-sm100/single_instruction/cycle_capacity/all_directions/legacy--cuda_b200/attempt_01.stderr.txt,143,6e8b522d548b5fa49ac3e3a3445e8075d5d5d622c76b0221ff017de66661855b
cuda_b200,results/cuda_b200/attempt_02.csv,data/b200/cuda-13.3-sm100/single_instruction/cycle_capacity/all_directions/legacy--cuda_b200/attempt_02.csv,7170,bb1428be69872f11944b90225c3c9e724237a72e24bd95aa068d873f9ab6176a
cuda_b200,results/cuda_b200/attempt_02.json,data/b200/cuda-13.3-sm100/single_instruction/cycle_capacity/all_directions/legacy--cuda_b200/attempt_02.json,483,9e7863eedcd30834ec303f6b1a55cca42e4a6fe620821500e78224c9d87ad065
cuda_b200,results/cuda_b200/attempt_02.stderr.txt,data/b200/cuda-13.3-sm100/single_instruction/cycle_capacity/all_directions/legacy--cuda_b200/attempt_02.stderr.txt,143,6e8b522d548b5fa49ac3e3a3445e8075d5d5d622c76b0221ff017de66661855b
cuda_b200,results/cuda_b200/cuda_tma_cycle_bench.ptx,data/b200/cuda-13.3-sm100/single_instruction/cycle_capacity/all_directions/legacy--cuda_b200/cuda_tma_cycle_bench.ptx,140464,c0c91787cedbc028637a57d61ebadb76ac589e39c0d979a9d5713133da19984b
cuda_b200,results/cuda_b200/cuda_tma_cycle_bench.ptx.sha256,data/b200/cuda-13.3-sm100/single_instruction/cycle_capacity/all_directions/legacy--cuda_b200/cuda_tma_cycle_bench.ptx.sha256,65,ba489c3e0f6727a5c4c6fa905034b1780a269f3d8c015892dbe64f43a64d7c6e
cuda_b200,results/cuda_b200/cuda_tma_cycle_bench.sass,data/b200/cuda-13.3-sm100/single_instruction/cycle_capacity/all_directions/legacy--cuda_b200/cuda_tma_cycle_bench.sass,618256,eb5e8d1db9b800fb2b35f8beb4c6a1a60079ae16c1ec4b1ae357ae62e0a64912
cuda_b200,results/cuda_b200/cuda_tma_cycle_bench.sass.sha256,data/b200/cuda-13.3-sm100/single_instruction/cycle_capacity/all_directions/legacy--cuda_b200/cuda_tma_cycle_bench.sass.sha256,65,831d1bdf0f95f8b39b404de25b5726f593a889346dd427e435ebc839a59db6bd
cuda_b200_full,results/cuda_b200_full/attempt_01.csv,data/b200/cuda-13.3-sm100/single_instruction/cycle_capacity/all_directions/legacy--cuda_b200_full/attempt_01.csv,17754,29d27814de16378b18f89bd01adc63e501898f314340efa2f198ec11b0ab7d64
cuda_b200_full,results/cuda_b200_full/attempt_01.json,data/b200/cuda-13.3-sm100/single_instruction/cycle_capacity/all_directions/legacy--cuda_b200_full/attempt_01.json,570,60d96e848c35d14a44b532c770c405ff3d85a22ec3b72d322cd5ea5895802fe5
cuda_b200_full,results/cuda_b200_full/attempt_01.stderr.txt,data/b200/cuda-13.3-sm100/single_instruction/cycle_capacity/all_directions/legacy--cuda_b200_full/attempt_01.stderr.txt,143,58e6e3ec2d93f0a0ad42419c8556faa179c70dbd81aeb928565e52fc4c51d346
cuda_b200_full,results/cuda_b200_full/attempt_02.csv,data/b200/cuda-13.3-sm100/single_instruction/cycle_capacity/all_directions/legacy--cuda_b200_full/attempt_02.csv,17754,2b67a52b57fca4e6b2b2e35926f6bbef6613e5ac15340fbecc3114b7b24bdee3
cuda_b200_full,results/cuda_b200_full/attempt_02.json,data/b200/cuda-13.3-sm100/single_instruction/cycle_capacity/all_directions/legacy--cuda_b200_full/attempt_02.json,482,d118c8a47740cb597d29ef807f61425dfa25629f9d500f8cceef07751379b7e3
cuda_b200_full,results/cuda_b200_full/attempt_02.stderr.txt,data/b200/cuda-13.3-sm100/single_instruction/cycle_capacity/all_directions/legacy--cuda_b200_full/attempt_02.stderr.txt,143,58e6e3ec2d93f0a0ad42419c8556faa179c70dbd81aeb928565e52fc4c51d346
cuda_b200_full,results/cuda_b200_full/attempt_03.csv,data/b200/cuda-13.3-sm100/single_instruction/cycle_capacity/all_directions/legacy--cuda_b200_full/attempt_03.csv,17754,3e6945dfd957e3b76f3736f962fff7a59a22ba4212f49de091dced815b81ce92
cuda_b200_full,results/cuda_b200_full/attempt_03.json,data/b200/cuda-13.3-sm100/single_instruction/cycle_capacity/all_directions/legacy--cuda_b200_full/attempt_03.json,489,bbb65b703144d0051988b9bbfb88c5db05395f64036edd6e380db7aae3ea30b0
cuda_b200_full,results/cuda_b200_full/attempt_03.stderr.txt,data/b200/cuda-13.3-sm100/single_instruction/cycle_capacity/all_directions/legacy--cuda_b200_full/attempt_03.stderr.txt,143,58e6e3ec2d93f0a0ad42419c8556faa179c70dbd81aeb928565e52fc4c51d346
cuda_b200_full,results/cuda_b200_full/cuda_tma_cycle_bench.ptx,data/b200/cuda-13.3-sm100/single_instruction/cycle_capacity/all_directions/legacy--cuda_b200_full/cuda_tma_cycle_bench.ptx,140464,c0c91787cedbc028637a57d61ebadb76ac589e39c0d979a9d5713133da19984b
cuda_b200_full,results/cuda_b200_full/cuda_tma_cycle_bench.ptx.sha256,data/b200/cuda-13.3-sm100/single_instruction/cycle_capacity/all_directions/legacy--cuda_b200_full/cuda_tma_cycle_bench.ptx.sha256,65,ba489c3e0f6727a5c4c6fa905034b1780a269f3d8c015892dbe64f43a64d7c6e
cuda_b200_full,results/cuda_b200_full/cuda_tma_cycle_bench.sass,data/b200/cuda-13.3-sm100/single_instruction/cycle_capacity/all_directions/legacy--cuda_b200_full/cuda_tma_cycle_bench.sass,618256,eb5e8d1db9b800fb2b35f8beb4c6a1a60079ae16c1ec4b1ae357ae62e0a64912
cuda_b200_full,results/cuda_b200_full/cuda_tma_cycle_bench.sass.sha256,data/b200/cuda-13.3-sm100/single_instruction/cycle_capacity/all_directions/legacy--cuda_b200_full/cuda_tma_cycle_bench.sass.sha256,65,831d1bdf0f95f8b39b404de25b5726f593a889346dd427e435ebc839a59db6bd
cuda_h100,results/cuda_h100/attempt_01.csv,data/h100/cuda-13.3-sm90/single_instruction/cycle_capacity/all_directions/legacy--cuda_h100/attempt_01.csv,19779,6b32b1ec7986dc4867bb985df1cae866b57aedb7dadc5c947ae05d66ebeb150a
cuda_h100,results/cuda_h100/attempt_01.json,data/h100/cuda-13.3-sm90/single_instruction/cycle_capacity/all_directions/legacy--cuda_h100/attempt_01.json,578,4b83abc35c7c188f30d00f6f40002c2fca6034edd7abd916ef50ff5aee89e281
cuda_h100,results/cuda_h100/attempt_01.stderr.txt,data/h100/cuda-13.3-sm90/single_instruction/cycle_capacity/all_directions/legacy--cuda_h100/attempt_01.stderr.txt,152,2501e17bc5b16418a2141239f409c43551c52c6054a8ab6ad6f3d23eec7206bf
cuda_h100,results/cuda_h100/attempt_02.csv,data/h100/cuda-13.3-sm90/single_instruction/cycle_capacity/all_directions/legacy--cuda_h100/attempt_02.csv,19779,fed71bf53e72889e80f748b616e82945c03c4416beaec080a4e89cb2a4314993
cuda_h100,results/cuda_h100/attempt_02.json,data/h100/cuda-13.3-sm90/single_instruction/cycle_capacity/all_directions/legacy--cuda_h100/attempt_02.json,491,18fb40afb8fef028b59f1ac89526fcecc5848a30617792ac722ddd5be2a7bcb3
cuda_h100,results/cuda_h100/attempt_02.stderr.txt,data/h100/cuda-13.3-sm90/single_instruction/cycle_capacity/all_directions/legacy--cuda_h100/attempt_02.stderr.txt,152,2501e17bc5b16418a2141239f409c43551c52c6054a8ab6ad6f3d23eec7206bf
cuda_h100,results/cuda_h100/attempt_03.csv,data/h100/cuda-13.3-sm90/single_instruction/cycle_capacity/all_directions/legacy--cuda_h100/attempt_03.csv,19779,e4c91dcf61294a713dd8dd3ea449d66c0fe63a16afc0cccd1e4da4df3408ac6b
cuda_h100,results/cuda_h100/attempt_03.json,data/h100/cuda-13.3-sm90/single_instruction/cycle_capacity/all_directions/legacy--cuda_h100/attempt_03.json,498,b71e29aa8c9b7b0b0f8f469b5d2699ed6340e47f3d4617553d180a7ea72f7df1
cuda_h100,results/cuda_h100/attempt_03.stderr.txt,data/h100/cuda-13.3-sm90/single_instruction/cycle_capacity/all_directions/legacy--cuda_h100/attempt_03.stderr.txt,152,2501e17bc5b16418a2141239f409c43551c52c6054a8ab6ad6f3d23eec7206bf
cuda_h100,results/cuda_h100/cuda_tma_cycle_bench.ptx,data/h100/cuda-13.3-sm90/single_instruction/cycle_capacity/all_directions/legacy--cuda_h100/cuda_tma_cycle_bench.ptx,90950,9b338fd16bfc549b5e8fadd1d715f38d5e82ba2a0b4e65cd4e78f8bce3dcdb48
cuda_h100,results/cuda_h100/cuda_tma_cycle_bench.ptx.sha256,data/h100/cuda-13.3-sm90/single_instruction/cycle_capacity/all_directions/legacy--cuda_h100/cuda_tma_cycle_bench.ptx.sha256,65,8a21d74b81ebd62efa4fde293c7f40e8dec9d4b7b994c38b52b14ce6455b5365
cuda_h100,results/cuda_h100/cuda_tma_cycle_bench.sass,data/h100/cuda-13.3-sm90/single_instruction/cycle_capacity/all_directions/legacy--cuda_h100/cuda_tma_cycle_bench.sass,444000,e5f92b1ecfe39c2d35c3cb93f1748ecd220d9e2bacbacc332240f9175560fae7
cuda_h100,results/cuda_h100/cuda_tma_cycle_bench.sass.sha256,data/h100/cuda-13.3-sm90/single_instruction/cycle_capacity/all_directions/legacy--cuda_h100/cuda_tma_cycle_bench.sass.sha256,65,22c39ed861e776d4ff89c0cec78fab8addecee336f9464eb0ad08e78081de025
cuda_h100_command_overlap,results/cuda_h100_command_overlap/README.md,data/h100/cuda-13.3-sm90/multi_context/same_direction/all_directions/legacy--cuda_h100_command_overlap/README.md,2112,9a6d73a9c47cc8bdb187bc8d22459186af315f469bf5cdb43c877811df842934
cuda_h100_command_overlap,results/cuda_h100_command_overlap/attempt_01.csv,data/h100/cuda-13.3-sm90/multi_context/same_direction/all_directions/legacy--cuda_h100_command_overlap/attempt_01.csv,3981,bc7d8043e0025ad7beda2a5762fd27892f8b94f58b44dde6f39ee8b9781a92f7
cuda_h100_command_overlap,results/cuda_h100_command_overlap/attempt_01.json,data/h100/cuda-13.3-sm90/multi_context/same_direction/all_directions/legacy--cuda_h100_command_overlap/attempt_01.json,442,a53d04642d1413f9d39a6d39b435902de7fc9b87fc55cc815aa8d190ea63b7b4
cuda_h100_command_overlap,results/cuda_h100_command_overlap/attempt_01.stderr.txt,data/h100/cuda-13.3-sm90/multi_context/same_direction/all_directions/legacy--cuda_h100_command_overlap/attempt_01.stderr.txt,0,e3b0c44298fc1c149afbf4c8996fb92427ae41e4649b934ca495991b7852b855
cuda_h100_command_overlap,results/cuda_h100_command_overlap/attempt_02.csv,data/h100/cuda-13.3-sm90/multi_context/same_direction/all_directions/legacy--cuda_h100_command_overlap/attempt_02.csv,3981,7c0f763d20fe97201f961b8f016018329e3835d94fe4aad5f78de1acfc58ea79
cuda_h100_command_overlap,results/cuda_h100_command_overlap/attempt_02.json,data/h100/cuda-13.3-sm90/multi_context/same_direction/all_directions/legacy--cuda_h100_command_overlap/attempt_02.json,442,9c992dd69c78064a254d1c6076752a797669c2d9ea239a12129f8ad7fd64b5a8
cuda_h100_command_overlap,results/cuda_h100_command_overlap/attempt_02.stderr.txt,data/h100/cuda-13.3-sm90/multi_context/same_direction/all_directions/legacy--cuda_h100_command_overlap/attempt_02.stderr.txt,0,e3b0c44298fc1c149afbf4c8996fb92427ae41e4649b934ca495991b7852b855
cuda_h100_command_overlap,results/cuda_h100_command_overlap/cuda_tma_command_overlap_probe.cu,data/h100/cuda-13.3-sm90/multi_context/same_direction/all_directions/legacy--cuda_h100_command_overlap/cuda_tma_command_overlap_probe.cu,10880,58a4809cae2f676a19cc976da71e379ec710caf9e363b250f8f3da0a212f32cf
cuda_h100_command_overlap,results/cuda_h100_command_overlap/cuda_tma_command_overlap_probe.cu.sha256,data/h100/cuda-13.3-sm90/multi_context/same_direction/all_directions/legacy--cuda_h100_command_overlap/cuda_tma_command_overlap_probe.cu.sha256,65,2a845c0cd34f72c6bb9cf239dda828a152d1f2ee9afa719396a13d9aa49a50aa
cuda_h100_command_overlap,results/cuda_h100_command_overlap/cuda_tma_command_overlap_probe.ptx,data/h100/cuda-13.3-sm90/multi_context/same_direction/all_directions/legacy--cuda_h100_command_overlap/cuda_tma_command_overlap_probe.ptx,75036,cb6a4ab43798be44ffb0012e1a4c2e635a20ca58c6d8cf6944d3df329193bd48
cuda_h100_command_overlap,results/cuda_h100_command_overlap/cuda_tma_command_overlap_probe.ptx.sha256,data/h100/cuda-13.3-sm90/multi_context/same_direction/all_directions/legacy--cuda_h100_command_overlap/cuda_tma_command_overlap_probe.ptx.sha256,65,875d2c223349f2a3fb8b6eb3e7bdd6bebda721ce9ca81b796441e53501ac7048
cuda_h100_command_overlap,results/cuda_h100_command_overlap/cuda_tma_command_overlap_probe.sass,data/h100/cuda-13.3-sm90/multi_context/same_direction/all_directions/legacy--cuda_h100_command_overlap/cuda_tma_command_overlap_probe.sass,576928,d7bf5a607dca01b99542628db51b7c170d737d046f6a5dfb7cd87fc913573835
cuda_h100_command_overlap,results/cuda_h100_command_overlap/cuda_tma_command_overlap_probe.sass.sha256,data/h100/cuda-13.3-sm90/multi_context/same_direction/all_directions/legacy--cuda_h100_command_overlap/cuda_tma_command_overlap_probe.sass.sha256,65,0da8cf49e396deab39041f71fc3e746b053286f9d761279e6d8b98ba5a1a1bfb
cuda_h100_command_overlap,results/cuda_h100_command_overlap/manifest.json,data/h100/cuda-13.3-sm90/multi_context/same_direction/all_directions/legacy--cuda_h100_command_overlap/manifest.json,359,b72ccff0dedbdd6f709aed0d6ffd42a489dae9fe37f2ff279b5f9bf52bfc69d1
cuda_h100_command_overlap_depth,results/cuda_h100_command_overlap_depth/attempt_01.csv,data/h100/cuda-13.3-sm90/multi_context/same_direction/all_directions/legacy--cuda_h100_command_overlap_depth/attempt_01.csv,10173,3b4726d70161925287452462a9313684c25af6b360a466cc5b5df87f24a8dc73
cuda_h100_command_overlap_depth,results/cuda_h100_command_overlap_depth/attempt_01.json,data/h100/cuda-13.3-sm90/multi_context/same_direction/all_directions/legacy--cuda_h100_command_overlap_depth/attempt_01.json,434,1b07b5165c6086752623048e7bc5703d59ede50197ca5157f22294ba8ef3729b
cuda_h100_command_overlap_depth,results/cuda_h100_command_overlap_depth/attempt_01.stderr.txt,data/h100/cuda-13.3-sm90/multi_context/same_direction/all_directions/legacy--cuda_h100_command_overlap_depth/attempt_01.stderr.txt,0,e3b0c44298fc1c149afbf4c8996fb92427ae41e4649b934ca495991b7852b855
cuda_h100_command_overlap_depth,results/cuda_h100_command_overlap_depth/attempt_02.csv,data/h100/cuda-13.3-sm90/multi_context/same_direction/all_directions/legacy--cuda_h100_command_overlap_depth/attempt_02.csv,10173,b6d21d53c6610ed741dc3b07f8d8e46d8a0b870a3a184bc4a1d53c227bb8ce41
cuda_h100_command_overlap_depth,results/cuda_h100_command_overlap_depth/attempt_02.json,data/h100/cuda-13.3-sm90/multi_context/same_direction/all_directions/legacy--cuda_h100_command_overlap_depth/attempt_02.json,441,f8a4bdda8df45eec83faa215596e84a194e62fd21bcfc275f7c888be8547e2d9
cuda_h100_command_overlap_depth,results/cuda_h100_command_overlap_depth/attempt_02.stderr.txt,data/h100/cuda-13.3-sm90/multi_context/same_direction/all_directions/legacy--cuda_h100_command_overlap_depth/attempt_02.stderr.txt,0,e3b0c44298fc1c149afbf4c8996fb92427ae41e4649b934ca495991b7852b855
cuda_h100_command_overlap_depth,results/cuda_h100_command_overlap_depth/cuda_tma_command_overlap_probe.cu,data/h100/cuda-13.3-sm90/multi_context/same_direction/all_directions/legacy--cuda_h100_command_overlap_depth/cuda_tma_command_overlap_probe.cu,11807,1bf95c502c9d46707e8473bb77bde21cfab5ff6f9c19a6fd90c21c63d8590299
cuda_h100_command_overlap_depth,results/cuda_h100_command_overlap_depth/cuda_tma_command_overlap_probe.cu.sha256,data/h100/cuda-13.3-sm90/multi_context/same_direction/all_directions/legacy--cuda_h100_command_overlap_depth/cuda_tma_command_overlap_probe.cu.sha256,65,b26a3197328fcb31222cd8eaa7088d5305cc66b185b93704e3cc0e68dabab5b1
cuda_h100_command_overlap_depth,results/cuda_h100_command_overlap_depth/cuda_tma_command_overlap_probe.ptx,data/h100/cuda-13.3-sm90/multi_context/same_direction/all_directions/legacy--cuda_h100_command_overlap_depth/cuda_tma_command_overlap_probe.ptx,571965,778e5dfea0a1cbd4f52ce94aeafd9629f1b93afa92ebafb7c9c35b03a9a1e89b
cuda_h100_command_overlap_depth,results/cuda_h100_command_overlap_depth/cuda_tma_command_overlap_probe.ptx.sha256,data/h100/cuda-13.3-sm90/multi_context/same_direction/all_directions/legacy--cuda_h100_command_overlap_depth/cuda_tma_command_overlap_probe.ptx.sha256,65,809790a3ab1e03ee80231e5acbfa97f65ed556b4af342eeb2556fb9056ccc8e1
cuda_h100_command_overlap_depth,results/cuda_h100_command_overlap_depth/cuda_tma_command_overlap_probe.sass,data/h100/cuda-13.3-sm90/multi_context/same_direction/all_directions/legacy--cuda_h100_command_overlap_depth/cuda_tma_command_overlap_probe.sass,3977950,38e912e9bc20f45e7f29999aadd81117f03aba07618a6694c7760e82ffdad098
cuda_h100_command_overlap_depth,results/cuda_h100_command_overlap_depth/cuda_tma_command_overlap_probe.sass.sha256,data/h100/cuda-13.3-sm90/multi_context/same_direction/all_directions/legacy--cuda_h100_command_overlap_depth/cuda_tma_command_overlap_probe.sass.sha256,65,945e63362f61e6a2793d4a1dda43c920d069f46754993455beef0e213b242f27
cuda_h100_command_overlap_depth,results/cuda_h100_command_overlap_depth/manifest.json,data/h100/cuda-13.3-sm90/multi_context/same_direction/all_directions/legacy--cuda_h100_command_overlap_depth/manifest.json,501,ecef497c72ccb22118ee100455ee4d07dafcb84f33ae1bcdba3e311bd80bddac
cuda_h100_command_overlap_issue_timeline,results/cuda_h100_command_overlap_issue_timeline/README.md,data/h100/cuda-13.3-sm90/multi_context/same_direction/all_directions/legacy--cuda_h100_command_overlap_issue_timeline/README.md,3403,03b181a995aa1a3bd7578c2d2cec927ae0d05533c077e40fb37e500141464165
cuda_h100_command_overlap_issue_timeline,results/cuda_h100_command_overlap_issue_timeline/attempt_01.csv,data/h100/cuda-13.3-sm90/multi_context/same_direction/all_directions/legacy--cuda_h100_command_overlap_issue_timeline/attempt_01.csv,23632,52edb77238929e92776b7788ceb110a73aeff795ed5c25f80d230f45d8052aa9
cuda_h100_command_overlap_issue_timeline,results/cuda_h100_command_overlap_issue_timeline/attempt_01.json,data/h100/cuda-13.3-sm90/multi_context/same_direction/all_directions/legacy--cuda_h100_command_overlap_issue_timeline/attempt_01.json,434,e2f15c1a5a8a304bdad2dadc30b833d109e905a90dba1b273095f686d90308ff
cuda_h100_command_overlap_issue_timeline,results/cuda_h100_command_overlap_issue_timeline/attempt_01.stderr.txt,data/h100/cuda-13.3-sm90/multi_context/same_direction/all_directions/legacy--cuda_h100_command_overlap_issue_timeline/attempt_01.stderr.txt,0,e3b0c44298fc1c149afbf4c8996fb92427ae41e4649b934ca495991b7852b855
cuda_h100_command_overlap_issue_timeline,results/cuda_h100_command_overlap_issue_timeline/attempt_02.csv,data/h100/cuda-13.3-sm90/multi_context/same_direction/all_directions/legacy--cuda_h100_command_overlap_issue_timeline/attempt_02.csv,23632,8d64cfef97b25435fb3d907568071125109bb49fc446d2cde0914f341ab77d15
cuda_h100_command_overlap_issue_timeline,results/cuda_h100_command_overlap_issue_timeline/attempt_02.json,data/h100/cuda-13.3-sm90/multi_context/same_direction/all_directions/legacy--cuda_h100_command_overlap_issue_timeline/attempt_02.json,434,9fb850340db82063a9d3bae614f9319fdc720c2a6048b3ccf16f245ae7231339
cuda_h100_command_overlap_issue_timeline,results/cuda_h100_command_overlap_issue_timeline/attempt_02.stderr.txt,data/h100/cuda-13.3-sm90/multi_context/same_direction/all_directions/legacy--cuda_h100_command_overlap_issue_timeline/attempt_02.stderr.txt,0,e3b0c44298fc1c149afbf4c8996fb92427ae41e4649b934ca495991b7852b855
cuda_h100_command_overlap_issue_timeline,results/cuda_h100_command_overlap_issue_timeline/cuda_tma_command_overlap_probe.cu,data/h100/cuda-13.3-sm90/multi_context/same_direction/all_directions/legacy--cuda_h100_command_overlap_issue_timeline/cuda_tma_command_overlap_probe.cu,12068,afae36fa5d84ccde4257c2fd71ba7f93b721de0740527e5d9949a6c291072101
cuda_h100_command_overlap_issue_timeline,results/cuda_h100_command_overlap_issue_timeline/cuda_tma_command_overlap_probe.cu.sha256,data/h100/cuda-13.3-sm90/multi_context/same_direction/all_directions/legacy--cuda_h100_command_overlap_issue_timeline/cuda_tma_command_overlap_probe.cu.sha256,65,68be529b74e30463cf61743053b0f0f10c27fd98aeb87fb9671a9928dbffac6b
cuda_h100_command_overlap_issue_timeline,results/cuda_h100_command_overlap_issue_timeline/cuda_tma_command_overlap_probe.ptx,data/h100/cuda-13.3-sm90/multi_context/same_direction/all_directions/legacy--cuda_h100_command_overlap_issue_timeline/cuda_tma_command_overlap_probe.ptx,30500,059bbed6d7bee4f6ec12238f12aee868cd76a1356e5dbcc25490b692347a4aa8
cuda_h100_command_overlap_issue_timeline,results/cuda_h100_command_overlap_issue_timeline/cuda_tma_command_overlap_probe.ptx.sha256,data/h100/cuda-13.3-sm90/multi_context/same_direction/all_directions/legacy--cuda_h100_command_overlap_issue_timeline/cuda_tma_command_overlap_probe.ptx.sha256,65,857f25be7e3a06b4babd3e11f781586e9fc46b056ef1103a751972e0e762b381
cuda_h100_command_overlap_issue_timeline,results/cuda_h100_command_overlap_issue_timeline/cuda_tma_command_overlap_probe.sass,data/h100/cuda-13.3-sm90/multi_context/same_direction/all_directions/legacy--cuda_h100_command_overlap_issue_timeline/cuda_tma_command_overlap_probe.sass,226211,055683f25d8a93657656c5f16af6df3598cc8c3b517bfc5dca84c00e92774ab7
cuda_h100_command_overlap_issue_timeline,results/cuda_h100_command_overlap_issue_timeline/cuda_tma_command_overlap_probe.sass.sha256,data/h100/cuda-13.3-sm90/multi_context/same_direction/all_directions/legacy--cuda_h100_command_overlap_issue_timeline/cuda_tma_command_overlap_probe.sass.sha256,65,3bf983a389de2f252c1e030b5f8047a31e3534cd7cb440350e7a9f23aea29f56
cuda_h100_command_overlap_issue_timeline,results/cuda_h100_command_overlap_issue_timeline/manifest.json,data/h100/cuda-13.3-sm90/multi_context/same_direction/all_directions/legacy--cuda_h100_command_overlap_issue_timeline/manifest.json,587,2fa9721e45b17e1dd9c55206d505f2728d3168bfdd82a943e33e398f709dfa72
cuda_h100_command_overlap_knee,results/cuda_h100_command_overlap_knee/attempt_01.csv,data/h100/cuda-13.3-sm90/multi_context/same_direction/all_directions/legacy--cuda_h100_command_overlap_knee/attempt_01.csv,21657,f4212b5151bd5ac8fc0934194f841793e755cb814885ef1ffe84be118832dd48
cuda_h100_command_overlap_knee,results/cuda_h100_command_overlap_knee/attempt_01.json,data/h100/cuda-13.3-sm90/multi_context/same_direction/all_directions/legacy--cuda_h100_command_overlap_knee/attempt_01.json,433,d447ac2bb01bb953314a6cd5eaf6c8962b9c7028b90c8e7f8a01a0a227d4d51d
cuda_h100_command_overlap_knee,results/cuda_h100_command_overlap_knee/attempt_01.stderr.txt,data/h100/cuda-13.3-sm90/multi_context/same_direction/all_directions/legacy--cuda_h100_command_overlap_knee/attempt_01.stderr.txt,0,e3b0c44298fc1c149afbf4c8996fb92427ae41e4649b934ca495991b7852b855
cuda_h100_command_overlap_knee,results/cuda_h100_command_overlap_knee/attempt_02.csv,data/h100/cuda-13.3-sm90/multi_context/same_direction/all_directions/legacy--cuda_h100_command_overlap_knee/attempt_02.csv,21657,77781c1f87b3c2e5afef37fd6d63b2219810c2b06efb2603b88834d78040441e
cuda_h100_command_overlap_knee,results/cuda_h100_command_overlap_knee/attempt_02.json,data/h100/cuda-13.3-sm90/multi_context/same_direction/all_directions/legacy--cuda_h100_command_overlap_knee/attempt_02.json,442,02cc995548ab479e051b9c4de0c9bda9a9304f7f404759a5a4c6bd6ccfdde79a
cuda_h100_command_overlap_knee,results/cuda_h100_command_overlap_knee/attempt_02.stderr.txt,data/h100/cuda-13.3-sm90/multi_context/same_direction/all_directions/legacy--cuda_h100_command_overlap_knee/attempt_02.stderr.txt,0,e3b0c44298fc1c149afbf4c8996fb92427ae41e4649b934ca495991b7852b855
cuda_h100_command_overlap_knee,results/cuda_h100_command_overlap_knee/cuda_tma_command_overlap_probe.cu,data/h100/cuda-13.3-sm90/multi_context/same_direction/all_directions/legacy--cuda_h100_command_overlap_knee/cuda_tma_command_overlap_probe.cu,11486,2493f019a9b0776b6d640e36f46c5567498e4ea8432f72acefc1a0ca2a88befd
cuda_h100_command_overlap_knee,results/cuda_h100_command_overlap_knee/cuda_tma_command_overlap_probe.cu.sha256,data/h100/cuda-13.3-sm90/multi_context/same_direction/all_directions/legacy--cuda_h100_command_overlap_knee/cuda_tma_command_overlap_probe.cu.sha256,65,c43f37b52848ba4c71061fc8babd4d9c556b401fcf383696125a58fd44887aaf
cuda_h100_command_overlap_knee,results/cuda_h100_command_overlap_knee/cuda_tma_command_overlap_probe.ptx,data/h100/cuda-13.3-sm90/multi_context/same_direction/all_directions/legacy--cuda_h100_command_overlap_knee/cuda_tma_command_overlap_probe.ptx,1665639,ec528ab60d99cefd98bbdc959527ce4c2ad68cba60fa4ab32d5991f57670848d
cuda_h100_command_overlap_knee,results/cuda_h100_command_overlap_knee/cuda_tma_command_overlap_probe.ptx.sha256,data/h100/cuda-13.3-sm90/multi_context/same_direction/all_directions/legacy--cuda_h100_command_overlap_knee/cuda_tma_command_overlap_probe.ptx.sha256,65,8920638e12e82efda44110c1d7f5cd8886f73a8b9073f28bd0d922afc21b1441
cuda_h100_command_overlap_knee,results/cuda_h100_command_overlap_knee/cuda_tma_command_overlap_probe.sass,data/h100/cuda-13.3-sm90/multi_context/same_direction/all_directions/legacy--cuda_h100_command_overlap_knee/cuda_tma_command_overlap_probe.sass,11417704,afa509c25cbf489c6b2ae6a9805cd9817d11f4467154d5b40be75a67e9fe1953
cuda_h100_command_overlap_knee,results/cuda_h100_command_overlap_knee/cuda_tma_command_overlap_probe.sass.sha256,data/h100/cuda-13.3-sm90/multi_context/same_direction/all_directions/legacy--cuda_h100_command_overlap_knee/cuda_tma_command_overlap_probe.sass.sha256,65,e8e95fb79115045c46000035c0ca40fe378e0d0e67de17ee6d2d522098beb718
cuda_h100_command_overlap_knee,results/cuda_h100_command_overlap_knee/manifest.json,data/h100/cuda-13.3-sm90/multi_context/same_direction/all_directions/legacy--cuda_h100_command_overlap_knee/manifest.json,590,fbf89209cfa9e93a2379298e8777e3012cf6a17df03fca14d369534629a89631
cuda_h100_command_overlap_runtime_control,results/cuda_h100_command_overlap_runtime_control/attempt_01.csv,data/h100/cuda-13.3-sm90/multi_context/same_direction/all_directions/legacy--cuda_h100_command_overlap_runtime_control/attempt_01.csv,21666,d1c567b9f5992db730d70f421104a6336e6faedab6f24cfd25e60d9b5dab8c31
cuda_h100_command_overlap_runtime_control,results/cuda_h100_command_overlap_runtime_control/attempt_01.json,data/h100/cuda-13.3-sm90/multi_context/same_direction/all_directions/legacy--cuda_h100_command_overlap_runtime_control/attempt_01.json,441,ad647642407f6fdd25242c89d6d3572ee1bca68e1720f48b2bd3212bf0faf614
cuda_h100_command_overlap_runtime_control,results/cuda_h100_command_overlap_runtime_control/attempt_01.stderr.txt,data/h100/cuda-13.3-sm90/multi_context/same_direction/all_directions/legacy--cuda_h100_command_overlap_runtime_control/attempt_01.stderr.txt,0,e3b0c44298fc1c149afbf4c8996fb92427ae41e4649b934ca495991b7852b855
cuda_h100_command_overlap_runtime_control,results/cuda_h100_command_overlap_runtime_control/attempt_02.csv,data/h100/cuda-13.3-sm90/multi_context/same_direction/all_directions/legacy--cuda_h100_command_overlap_runtime_control/attempt_02.csv,21666,494085a19a1f35bda6d2196c3bbcce1a2ad0010ed23e06c6ad17efb51b50ef59
cuda_h100_command_overlap_runtime_control,results/cuda_h100_command_overlap_runtime_control/attempt_02.json,data/h100/cuda-13.3-sm90/multi_context/same_direction/all_directions/legacy--cuda_h100_command_overlap_runtime_control/attempt_02.json,441,a15f32d173481ac183dc418511768c177f72b2fe87509d40ed5f0d7a62cd88a6
cuda_h100_command_overlap_runtime_control,results/cuda_h100_command_overlap_runtime_control/attempt_02.stderr.txt,data/h100/cuda-13.3-sm90/multi_context/same_direction/all_directions/legacy--cuda_h100_command_overlap_runtime_control/attempt_02.stderr.txt,0,e3b0c44298fc1c149afbf4c8996fb92427ae41e4649b934ca495991b7852b855
cuda_h100_command_overlap_runtime_control,results/cuda_h100_command_overlap_runtime_control/cuda_tma_command_overlap_probe.cu,data/h100/cuda-13.3-sm90/multi_context/same_direction/all_directions/legacy--cuda_h100_command_overlap_runtime_control/cuda_tma_command_overlap_probe.cu,11270,c15c7fad688b7597dc169c059d7929d90285853bc86103c11b45d918e3d4ca7d
cuda_h100_command_overlap_runtime_control,results/cuda_h100_command_overlap_runtime_control/cuda_tma_command_overlap_probe.cu.sha256,data/h100/cuda-13.3-sm90/multi_context/same_direction/all_directions/legacy--cuda_h100_command_overlap_runtime_control/cuda_tma_command_overlap_probe.cu.sha256,65,118d7f8f8df83aa4b5409e1b83f6640dda2950f0be2b2e2cc0e99d72269367ba
cuda_h100_command_overlap_runtime_control,results/cuda_h100_command_overlap_runtime_control/cuda_tma_command_overlap_probe.ptx,data/h100/cuda-13.3-sm90/multi_context/same_direction/all_directions/legacy--cuda_h100_command_overlap_runtime_control/cuda_tma_command_overlap_probe.ptx,29241,be79621ec31334830fc753e00f5eb4382dba124b9eae2d31d18d9163afcb8aea
cuda_h100_command_overlap_runtime_control,results/cuda_h100_command_overlap_runtime_control/cuda_tma_command_overlap_probe.ptx.sha256,data/h100/cuda-13.3-sm90/multi_context/same_direction/all_directions/legacy--cuda_h100_command_overlap_runtime_control/cuda_tma_command_overlap_probe.ptx.sha256,65,24230eecfbe50a9e94d5f51557980490e6d41b98aaadfbc8eb73c8fb42dcc37f
cuda_h100_command_overlap_runtime_control,results/cuda_h100_command_overlap_runtime_control/cuda_tma_command_overlap_probe.sass,data/h100/cuda-13.3-sm90/multi_context/same_direction/all_directions/legacy--cuda_h100_command_overlap_runtime_control/cuda_tma_command_overlap_probe.sass,216608,7d69db5e978a83522be0c787c96b2374e86a41b8257454cb64e13fd43d333f61
cuda_h100_command_overlap_runtime_control,results/cuda_h100_command_overlap_runtime_control/cuda_tma_command_overlap_probe.sass.sha256,data/h100/cuda-13.3-sm90/multi_context/same_direction/all_directions/legacy--cuda_h100_command_overlap_runtime_control/cuda_tma_command_overlap_probe.sass.sha256,65,38f099295161c569db594a28daea44b1421a97b5595b0a6e493f9250052827d6
cuda_h100_command_overlap_runtime_control,results/cuda_h100_command_overlap_runtime_control/manifest.json,data/h100/cuda-13.3-sm90/multi_context/same_direction/all_directions/legacy--cuda_h100_command_overlap_runtime_control/manifest.json,587,8ab26ae1102b62472c9bfbf19d05f97fd8f6999fd2f9b0c2cc6b111716cc58e9
cuda_h100_descriptor_latency_smoke,results/cuda_h100_descriptor_latency_smoke/attempt_01.csv,archive/results/h100/cuda-13.3-sm90/tensormap_decode/cuda_h100_descriptor_latency_smoke/attempt_01.csv,4553,045e1194210c450cf3a7ad709881368ad30b6ac9fab0dec2df4d2ac1d6a65a8b
cuda_h100_descriptor_latency_smoke,results/cuda_h100_descriptor_latency_smoke/attempt_01.json,archive/results/h100/cuda-13.3-sm90/tensormap_decode/cuda_h100_descriptor_latency_smoke/attempt_01.json,545,786b99a674c61da18c2adb6ba0c47a3c23754173c2a9e07036fa1c0b9361c8f5
cuda_h100_descriptor_latency_smoke,results/cuda_h100_descriptor_latency_smoke/attempt_01.stderr.txt,archive/results/h100/cuda-13.3-sm90/tensormap_decode/cuda_h100_descriptor_latency_smoke/attempt_01.stderr.txt,0,e3b0c44298fc1c149afbf4c8996fb92427ae41e4649b934ca495991b7852b855
cuda_h100_descriptor_latency_smoke,results/cuda_h100_descriptor_latency_smoke/cuda_tma_descriptor_latency_probe.cu,archive/results/h100/cuda-13.3-sm90/tensormap_decode/cuda_h100_descriptor_latency_smoke/cuda_tma_descriptor_latency_probe.cu,19720,11dc33cd1f37898384fa4e784971b33fee7f4311523478d3b508076b00a989c3
cuda_h100_descriptor_latency_smoke,results/cuda_h100_descriptor_latency_smoke/cuda_tma_descriptor_latency_probe.cu.sha256,archive/results/h100/cuda-13.3-sm90/tensormap_decode/cuda_h100_descriptor_latency_smoke/cuda_tma_descriptor_latency_probe.cu.sha256,65,89caf3446211494843891f01cbb7c6c5526d38dd72005b0bb2b6b536d70f10f6
cuda_h100_descriptor_latency_smoke,results/cuda_h100_descriptor_latency_smoke/cuda_tma_descriptor_latency_probe.ptx,archive/results/h100/cuda-13.3-sm90/tensormap_decode/cuda_h100_descriptor_latency_smoke/cuda_tma_descriptor_latency_probe.ptx,103307,c618b9ed93ab2ba9408940ef8d2d3b701eb4f4f7892837187cea109d6b1f3e22
cuda_h100_descriptor_latency_smoke,results/cuda_h100_descriptor_latency_smoke/cuda_tma_descriptor_latency_probe.ptx.sha256,archive/results/h100/cuda-13.3-sm90/tensormap_decode/cuda_h100_descriptor_latency_smoke/cuda_tma_descriptor_latency_probe.ptx.sha256,65,53ce7856eb9312c9a0abb5a884a77dfc40aa94abab02edd5b3f143e36cf1f53d
cuda_h100_descriptor_latency_smoke,results/cuda_h100_descriptor_latency_smoke/cuda_tma_descriptor_latency_probe.sass,archive/results/h100/cuda-13.3-sm90/tensormap_decode/cuda_h100_descriptor_latency_smoke/cuda_tma_descriptor_latency_probe.sass,589637,80d52cc145df2b0f1c19711d3fdd045aea37733a1884157a227c3c0040d5289c
cuda_h100_descriptor_latency_smoke,results/cuda_h100_descriptor_latency_smoke/cuda_tma_descriptor_latency_probe.sass.sha256,archive/results/h100/cuda-13.3-sm90/tensormap_decode/cuda_h100_descriptor_latency_smoke/cuda_tma_descriptor_latency_probe.sass.sha256,65,710a676c284a690b08424d9b91d6fdf234461e6210e57f9faad534d7a0e5eadf
cuda_h100_descriptor_latency_smoke,results/cuda_h100_descriptor_latency_smoke/manifest.json,archive/results/h100/cuda-13.3-sm90/tensormap_decode/cuda_h100_descriptor_latency_smoke/manifest.json,561,56fb763a6c2df3a1dd2f21f1e691b724717fe135c6c1d7874b5c10111e4baab7
cuda_h100_descriptor_latency_waitgroup,results/cuda_h100_descriptor_latency_waitgroup/REPORT.md,data/h100/cuda-13.3-sm90/single_instruction/tensormap_decode/all_directions/legacy--cuda_h100_descriptor_latency_waitgroup/REPORT.md,6758,11cdfdd7feb538604bd9fd86d6d2add80d12763f53553ca8f107b101a1b88f7a
cuda_h100_descriptor_latency_waitgroup,results/cuda_h100_descriptor_latency_waitgroup/SUMMARY.csv,data/h100/cuda-13.3-sm90/single_instruction/tensormap_decode/all_directions/legacy--cuda_h100_descriptor_latency_waitgroup/SUMMARY.csv,1770,8d33ea30c80138e9d78e2259183db61679b707bb1526e1912f8c7b347ade2445
cuda_h100_descriptor_latency_waitgroup,results/cuda_h100_descriptor_latency_waitgroup/attempt_01.csv,data/h100/cuda-13.3-sm90/single_instruction/tensormap_decode/all_directions/legacy--cuda_h100_descriptor_latency_waitgroup/attempt_01.csv,31336,eb43e3246c9f8c4879c715e2bed18ad4509d8a4608467d6287585e1254aae039
cuda_h100_descriptor_latency_waitgroup,results/cuda_h100_descriptor_latency_waitgroup/attempt_01.json,data/h100/cuda-13.3-sm90/single_instruction/tensormap_decode/all_directions/legacy--cuda_h100_descriptor_latency_waitgroup/attempt_01.json,596,014b8bf2ca60c15280ab3a32cd978a44747d587ddbaefb4878abaff63cae266b
cuda_h100_descriptor_latency_waitgroup,results/cuda_h100_descriptor_latency_waitgroup/attempt_01.stderr.txt,data/h100/cuda-13.3-sm90/single_instruction/tensormap_decode/all_directions/legacy--cuda_h100_descriptor_latency_waitgroup/attempt_01.stderr.txt,0,e3b0c44298fc1c149afbf4c8996fb92427ae41e4649b934ca495991b7852b855
cuda_h100_descriptor_latency_waitgroup,results/cuda_h100_descriptor_latency_waitgroup/attempt_02.csv,data/h100/cuda-13.3-sm90/single_instruction/tensormap_decode/all_directions/legacy--cuda_h100_descriptor_latency_waitgroup/attempt_02.csv,31235,3dc9fbf66509b7bb288ee7ec36d1be176dbf15006e9960d9b30287efbd4faaa1
cuda_h100_descriptor_latency_waitgroup,results/cuda_h100_descriptor_latency_waitgroup/attempt_02.json,data/h100/cuda-13.3-sm90/single_instruction/tensormap_decode/all_directions/legacy--cuda_h100_descriptor_latency_waitgroup/attempt_02.json,453,9bc664cabb62e63fdddf97935f63b209b3cecb7c545410cded4df1e8c9b30935
cuda_h100_descriptor_latency_waitgroup,results/cuda_h100_descriptor_latency_waitgroup/attempt_02.stderr.txt,data/h100/cuda-13.3-sm90/single_instruction/tensormap_decode/all_directions/legacy--cuda_h100_descriptor_latency_waitgroup/attempt_02.stderr.txt,0,e3b0c44298fc1c149afbf4c8996fb92427ae41e4649b934ca495991b7852b855
cuda_h100_descriptor_latency_waitgroup,results/cuda_h100_descriptor_latency_waitgroup/cuda_tma_descriptor_latency_probe.cu,data/h100/cuda-13.3-sm90/single_instruction/tensormap_decode/all_directions/legacy--cuda_h100_descriptor_latency_waitgroup/cuda_tma_descriptor_latency_probe.cu,27049,3624cddc98192a51e0cd9d755df5d7d698473c35a19958cf3859b57064a29592
cuda_h100_descriptor_latency_waitgroup,results/cuda_h100_descriptor_latency_waitgroup/cuda_tma_descriptor_latency_probe.cu.sha256,data/h100/cuda-13.3-sm90/single_instruction/tensormap_decode/all_directions/legacy--cuda_h100_descriptor_latency_waitgroup/cuda_tma_descriptor_latency_probe.cu.sha256,65,703d863207fe82d54c59229db678dbdfad4cbaec321d06e4902c0bf8bfcef4fb
cuda_h100_descriptor_latency_waitgroup,results/cuda_h100_descriptor_latency_waitgroup/cuda_tma_descriptor_latency_probe.ptx,data/h100/cuda-13.3-sm90/single_instruction/tensormap_decode/all_directions/legacy--cuda_h100_descriptor_latency_waitgroup/cuda_tma_descriptor_latency_probe.ptx,194417,b0460f06aa6715c1fc4813fe8529e9d76efb21aaa37bdcdbe87dab93b87fba87
cuda_h100_descriptor_latency_waitgroup,results/cuda_h100_descriptor_latency_waitgroup/cuda_tma_descriptor_latency_probe.ptx.sha256,data/h100/cuda-13.3-sm90/single_instruction/tensormap_decode/all_directions/legacy--cuda_h100_descriptor_latency_waitgroup/cuda_tma_descriptor_latency_probe.ptx.sha256,65,2422bdcd352e7731044fec7bdc3c37dfe5dbd21c84d3a68d7e7bcc64e2d22852
cuda_h100_descriptor_latency_waitgroup,results/cuda_h100_descriptor_latency_waitgroup/cuda_tma_descriptor_latency_probe.sass,data/h100/cuda-13.3-sm90/single_instruction/tensormap_decode/all_directions/legacy--cuda_h100_descriptor_latency_waitgroup/cuda_tma_descriptor_latency_probe.sass,1045415,ac63274c3ffe457bf53ddff0899993c2942aab2b23663210f76ef0c2618fad16
cuda_h100_descriptor_latency_waitgroup,results/cuda_h100_descriptor_latency_waitgroup/cuda_tma_descriptor_latency_probe.sass.sha256,data/h100/cuda-13.3-sm90/single_instruction/tensormap_decode/all_directions/legacy--cuda_h100_descriptor_latency_waitgroup/cuda_tma_descriptor_latency_probe.sass.sha256,65,adcf0d759c82d7972d06086a751cad0f7139a1a10b0682c318db2a449f21d836
cuda_h100_descriptor_latency_waitgroup,results/cuda_h100_descriptor_latency_waitgroup/manifest.json,data/h100/cuda-13.3-sm90/single_instruction/tensormap_decode/all_directions/legacy--cuda_h100_descriptor_latency_waitgroup/manifest.json,633,469f812c8b4f9591e0853bc3d8ccf6e09f478b250b34cd4e41c18c9736984878
cuda_h100_descriptor_latency_waitgroup_smoke,results/cuda_h100_descriptor_latency_waitgroup_smoke/attempt_01.csv,archive/results/h100/cuda-13.3-sm90/tensormap_decode/cuda_h100_descriptor_latency_waitgroup_smoke/attempt_01.csv,9253,522ca031e261505f7c421e508dbf8ee20e0cc5f0177ee0775472fa30f70389ff
cuda_h100_descriptor_latency_waitgroup_smoke,results/cuda_h100_descriptor_latency_waitgroup_smoke/attempt_01.json,archive/results/h100/cuda-13.3-sm90/tensormap_decode/cuda_h100_descriptor_latency_waitgroup_smoke/attempt_01.json,586,4607b9e60ea4e632b74408e5a551aac930e2592db8293b1cfbdbbc6bd5b8662b
cuda_h100_descriptor_latency_waitgroup_smoke,results/cuda_h100_descriptor_latency_waitgroup_smoke/attempt_01.stderr.txt,archive/results/h100/cuda-13.3-sm90/tensormap_decode/cuda_h100_descriptor_latency_waitgroup_smoke/attempt_01.stderr.txt,0,e3b0c44298fc1c149afbf4c8996fb92427ae41e4649b934ca495991b7852b855
cuda_h100_descriptor_latency_waitgroup_smoke,results/cuda_h100_descriptor_latency_waitgroup_smoke/cuda_tma_descriptor_latency_probe.cu,archive/results/h100/cuda-13.3-sm90/tensormap_decode/cuda_h100_descriptor_latency_waitgroup_smoke/cuda_tma_descriptor_latency_probe.cu,27049,3624cddc98192a51e0cd9d755df5d7d698473c35a19958cf3859b57064a29592
cuda_h100_descriptor_latency_waitgroup_smoke,results/cuda_h100_descriptor_latency_waitgroup_smoke/cuda_tma_descriptor_latency_probe.cu.sha256,archive/results/h100/cuda-13.3-sm90/tensormap_decode/cuda_h100_descriptor_latency_waitgroup_smoke/cuda_tma_descriptor_latency_probe.cu.sha256,65,703d863207fe82d54c59229db678dbdfad4cbaec321d06e4902c0bf8bfcef4fb
cuda_h100_descriptor_latency_waitgroup_smoke,results/cuda_h100_descriptor_latency_waitgroup_smoke/cuda_tma_descriptor_latency_probe.ptx,archive/results/h100/cuda-13.3-sm90/tensormap_decode/cuda_h100_descriptor_latency_waitgroup_smoke/cuda_tma_descriptor_latency_probe.ptx,194417,b0460f06aa6715c1fc4813fe8529e9d76efb21aaa37bdcdbe87dab93b87fba87
cuda_h100_descriptor_latency_waitgroup_smoke,results/cuda_h100_descriptor_latency_waitgroup_smoke/cuda_tma_descriptor_latency_probe.ptx.sha256,archive/results/h100/cuda-13.3-sm90/tensormap_decode/cuda_h100_descriptor_latency_waitgroup_smoke/cuda_tma_descriptor_latency_probe.ptx.sha256,65,2422bdcd352e7731044fec7bdc3c37dfe5dbd21c84d3a68d7e7bcc64e2d22852
cuda_h100_descriptor_latency_waitgroup_smoke,results/cuda_h100_descriptor_latency_waitgroup_smoke/cuda_tma_descriptor_latency_probe.sass,archive/results/h100/cuda-13.3-sm90/tensormap_decode/cuda_h100_descriptor_latency_waitgroup_smoke/cuda_tma_descriptor_latency_probe.sass,1045415,ac63274c3ffe457bf53ddff0899993c2942aab2b23663210f76ef0c2618fad16
cuda_h100_descriptor_latency_waitgroup_smoke,results/cuda_h100_descriptor_latency_waitgroup_smoke/cuda_tma_descriptor_latency_probe.sass.sha256,archive/results/h100/cuda-13.3-sm90/tensormap_decode/cuda_h100_descriptor_latency_waitgroup_smoke/cuda_tma_descriptor_latency_probe.sass.sha256,65,adcf0d759c82d7972d06086a751cad0f7139a1a10b0682c318db2a449f21d836
cuda_h100_descriptor_latency_waitgroup_smoke,results/cuda_h100_descriptor_latency_waitgroup_smoke/manifest.json,archive/results/h100/cuda-13.3-sm90/tensormap_decode/cuda_h100_descriptor_latency_waitgroup_smoke/manifest.json,632,dac71977a54727d7a6fde166b702af36faa1d82b614dc3d446f0027a46d8a5f2
diagnose_dtype_h100,results/diagnose_dtype_h100/dtype.csv,archive/results/h100/cuda-13.3-sm90/dtype/diagnose_dtype_h100/dtype.csv,15756,b65e5e795a20ce13f34d09b1f3261fbf78525d2a351e5a81cd0bacbb5fa84397
diagnose_dtype_h100,results/diagnose_dtype_h100/dtype.json,archive/results/h100/cuda-13.3-sm90/dtype/diagnose_dtype_h100/dtype.json,3113,4421c34dc05a90facfa8c645b82a07cdf3e86971c3c9d4b44dd34d85f50d4514
diagnose_dtype_h100,results/diagnose_dtype_h100/dtype.stderr.txt,archive/results/h100/cuda-13.3-sm90/dtype/diagnose_dtype_h100/dtype.stderr.txt,7268,745dfc1cb13f614563871fd5ce88796e279ed9c9b63387c6474621a76183e4c1
features_cuda_b200,results/features_cuda_b200/attempt_01.csv,data/b200/cuda-13.3-sm100/single_instruction/cycle_capacity/all_directions/legacy--features_cuda_b200/attempt_01.csv,5710,8e2965094cf651047d6b80d820a8ec15ced4e908a2c384169b81859c5e7c45b4
features_cuda_b200,results/features_cuda_b200/attempt_01.json,data/b200/cuda-13.3-sm100/single_instruction/cycle_capacity/all_directions/legacy--features_cuda_b200/attempt_01.json,593,ba1515e955a0bc5594ee387e35592130bedf9158616cd9850665ef847d542630
features_cuda_b200,results/features_cuda_b200/attempt_01.stderr.txt,data/b200/cuda-13.3-sm100/single_instruction/cycle_capacity/all_directions/legacy--features_cuda_b200/attempt_01.stderr.txt,389,39d9705c00caad31abc333cd244fe4d132bc2e7fc77395670633f5ee8cf701c5
features_cuda_b200,results/features_cuda_b200/attempt_02.csv,data/b200/cuda-13.3-sm100/single_instruction/cycle_capacity/all_directions/legacy--features_cuda_b200/attempt_02.csv,5710,7185af4c6ffb63989abb8c80f177536d25376854e1bc9e1d169fcad8ac5a9c84
features_cuda_b200,results/features_cuda_b200/attempt_02.json,data/b200/cuda-13.3-sm100/single_instruction/cycle_capacity/all_directions/legacy--features_cuda_b200/attempt_02.json,513,e48a890addde5eaec3cbe9b8918353e5c74592298e0948160d0ad7cde7bdb932
features_cuda_b200,results/features_cuda_b200/attempt_02.stderr.txt,data/b200/cuda-13.3-sm100/single_instruction/cycle_capacity/all_directions/legacy--features_cuda_b200/attempt_02.stderr.txt,389,39d9705c00caad31abc333cd244fe4d132bc2e7fc77395670633f5ee8cf701c5
features_cuda_b200,results/features_cuda_b200/cuda_tma_feature_safe.cu,data/b200/cuda-13.3-sm100/single_instruction/cycle_capacity/all_directions/legacy--features_cuda_b200/cuda_tma_feature_safe.cu,4799,7b37d884f46a823955fbaaeb2223901ef792560ec44847a19aa5efb0dad7bfd4
features_cuda_b200,results/features_cuda_b200/cuda_tma_feature_safe.cu.sha256,data/b200/cuda-13.3-sm100/single_instruction/cycle_capacity/all_directions/legacy--features_cuda_b200/cuda_tma_feature_safe.cu.sha256,65,1ea784164d7f5f5e11509d3b265863df32df413d7a07dff7f4c80eee6c0ad47b
features_cuda_b200,results/features_cuda_b200/manifest.json,data/b200/cuda-13.3-sm100/single_instruction/cycle_capacity/all_directions/legacy--features_cuda_b200/manifest.json,835,0f7271928bf8c8e85ce61cae0d192162ff936aa904c2050af5e8419694182d90
features_cuda_b200,results/features_cuda_b200/tma_feature_bench.ptx,data/b200/cuda-13.3-sm100/single_instruction/cycle_capacity/all_directions/legacy--features_cuda_b200/tma_feature_bench.ptx,634463,1b5ea94f720fd6d7ccd844c796ead901b58702224373c8cb58ee193d7291e88b
features_cuda_b200,results/features_cuda_b200/tma_feature_bench.ptx.sha256,data/b200/cuda-13.3-sm100/single_instruction/cycle_capacity/all_directions/legacy--features_cuda_b200/tma_feature_bench.ptx.sha256,65,c0d46f31379b3210ac2a24289b2d839e1c395da5d4565d63f2d1639685094119
features_cuda_b200,results/features_cuda_b200/tma_feature_bench.sass,data/b200/cuda-13.3-sm100/single_instruction/cycle_capacity/all_directions/legacy--features_cuda_b200/tma_feature_bench.sass,3531337,c5ed5fbc8c901984a84731cf6a48a4adcf90c1356a640b78b4223ac36f04ae10
features_cuda_b200,results/features_cuda_b200/tma_feature_bench.sass.sha256,data/b200/cuda-13.3-sm100/single_instruction/cycle_capacity/all_directions/legacy--features_cuda_b200/tma_feature_bench.sass.sha256,65,252b934adc356f29bf5c05029c3e651543f17459771c3fac95d13e6caefc8df4
features_cuda_b200,results/features_cuda_b200/tma_ventus_parity_bench_v2.cu,data/b200/cuda-13.3-sm100/single_instruction/cycle_capacity/all_directions/legacy--features_cuda_b200/tma_ventus_parity_bench_v2.cu,54730,e6152c5e89ee08b85d389248fbe019e793fc24f1a89e0a52bea63a6b743ba6dd
features_cuda_b200,results/features_cuda_b200/tma_ventus_parity_bench_v2.cu.sha256,data/b200/cuda-13.3-sm100/single_instruction/cycle_capacity/all_directions/legacy--features_cuda_b200/tma_ventus_parity_bench_v2.cu.sha256,65,cc5af1501c3d16e1aaa456e69d40bc3af098bc11685db70c10326b62049db445
features_cuda_b200_full,results/features_cuda_b200_full/attempt_01.csv,archive/results/b200/cuda-13.3-sm100/cycle_capacity/features_cuda_b200_full/attempt_01.csv,0,e3b0c44298fc1c149afbf4c8996fb92427ae41e4649b934ca495991b7852b855
features_cuda_b200_full,results/features_cuda_b200_full/attempt_01.json,archive/results/b200/cuda-13.3-sm100/cycle_capacity/features_cuda_b200_full/attempt_01.json,597,f508ede5e4d4ac54c6be3bf9feb36043c42207ed68679d2af0f0eda7aa1754c3
features_cuda_b200_full,results/features_cuda_b200_full/attempt_01.stderr.txt,archive/results/b200/cuda-13.3-sm100/cycle_capacity/features_cuda_b200_full/attempt_01.stderr.txt,0,e3b0c44298fc1c149afbf4c8996fb92427ae41e4649b934ca495991b7852b855
features_cuda_b200_full,results/features_cuda_b200_full/cuda_tma_feature_safe.cu,archive/results/b200/cuda-13.3-sm100/cycle_capacity/features_cuda_b200_full/cuda_tma_feature_safe.cu,5050,5689913aa926b38a5166e780962fdd8540153664fb6dd8bcb78adbf7d903a0b1
features_cuda_b200_full,results/features_cuda_b200_full/cuda_tma_feature_safe.cu.sha256,archive/results/b200/cuda-13.3-sm100/cycle_capacity/features_cuda_b200_full/cuda_tma_feature_safe.cu.sha256,65,73a4e1bb36bf87815d59f8de44483dc21c8b82eb4ef513114d121f0abafff386
features_cuda_b200_full,results/features_cuda_b200_full/tma_feature_bench.ptx,archive/results/b200/cuda-13.3-sm100/cycle_capacity/features_cuda_b200_full/tma_feature_bench.ptx,634463,1b5ea94f720fd6d7ccd844c796ead901b58702224373c8cb58ee193d7291e88b
features_cuda_b200_full,results/features_cuda_b200_full/tma_feature_bench.ptx.sha256,archive/results/b200/cuda-13.3-sm100/cycle_capacity/features_cuda_b200_full/tma_feature_bench.ptx.sha256,65,c0d46f31379b3210ac2a24289b2d839e1c395da5d4565d63f2d1639685094119
features_cuda_b200_full,results/features_cuda_b200_full/tma_feature_bench.sass,archive/results/b200/cuda-13.3-sm100/cycle_capacity/features_cuda_b200_full/tma_feature_bench.sass,3531337,c5ed5fbc8c901984a84731cf6a48a4adcf90c1356a640b78b4223ac36f04ae10
features_cuda_b200_full,results/features_cuda_b200_full/tma_feature_bench.sass.sha256,archive/results/b200/cuda-13.3-sm100/cycle_capacity/features_cuda_b200_full/tma_feature_bench.sass.sha256,65,252b934adc356f29bf5c05029c3e651543f17459771c3fac95d13e6caefc8df4
features_cuda_b200_full,results/features_cuda_b200_full/tma_ventus_parity_bench_v2.cu,archive/results/b200/cuda-13.3-sm100/cycle_capacity/features_cuda_b200_full/tma_ventus_parity_bench_v2.cu,54730,e6152c5e89ee08b85d389248fbe019e793fc24f1a89e0a52bea63a6b743ba6dd
features_cuda_b200_full,results/features_cuda_b200_full/tma_ventus_parity_bench_v2.cu.sha256,archive/results/b200/cuda-13.3-sm100/cycle_capacity/features_cuda_b200_full/tma_ventus_parity_bench_v2.cu.sha256,65,cc5af1501c3d16e1aaa456e69d40bc3af098bc11685db70c10326b62049db445
features_cuda_b200_full_sharded,results/features_cuda_b200_full_sharded/attempt_01.csv,archive/results/b200/cuda-13.3-sm100/cycle_capacity/features_cuda_b200_full_sharded/attempt_01.csv,47706,cc11ff9fab2ec56989f9f882b2f9edb04b3425f9862325172dc24fdd6fda0e40
features_cuda_b200_full_sharded,results/features_cuda_b200_full_sharded/attempt_01.json,archive/results/b200/cuda-13.3-sm100/cycle_capacity/features_cuda_b200_full_sharded/attempt_01.json,3691,33ad17716116e2a8baf117bd4d5913a57471e807659e9c01d33a709f9162abf9
features_cuda_b200_full_sharded,results/features_cuda_b200_full_sharded/attempt_01.stderr.txt,archive/results/b200/cuda-13.3-sm100/cycle_capacity/features_cuda_b200_full_sharded/attempt_01.stderr.txt,3636,6b73e4e663569f4b8b519904143cdfe1221f307eddc10791a81f5909986ca8ec
features_cuda_b200_full_sharded,results/features_cuda_b200_full_sharded/attempt_02_tiles_failed.csv,archive/results/b200/cuda-13.3-sm100/cycle_capacity/features_cuda_b200_full_sharded/attempt_02_tiles_failed.csv,4096,b6ec874f9529f7e3b0a1bf58f3e77dcf1de1737a46713c383db04e604496fb54
features_cuda_b200_full_sharded,results/features_cuda_b200_full_sharded/attempt_02_tiles_failed.json,archive/results/b200/cuda-13.3-sm100/cycle_capacity/features_cuda_b200_full_sharded/attempt_02_tiles_failed.json,536,aa22a4ec5e35adb95d09c90f8679c7e6fe62d449834b5f765f85ae81993a870e
features_cuda_b200_full_sharded,results/features_cuda_b200_full_sharded/attempt_02_tiles_failed.stderr.txt,archive/results/b200/cuda-13.3-sm100/cycle_capacity/features_cuda_b200_full_sharded/attempt_02_tiles_failed.stderr.txt,469,a0fca08646442a7c134419a704e0158faf3bcc2b587576a1aded7f3489cf5560
features_cuda_b200_full_sharded,results/features_cuda_b200_full_sharded/cuda_tma_feature_safe.cu,archive/results/b200/cuda-13.3-sm100/cycle_capacity/features_cuda_b200_full_sharded/cuda_tma_feature_safe.cu,5899,ace771f3e8f2e30524413dbcbea4ffabbb890b513e63b6efc6f85bb521363f94
features_cuda_b200_full_sharded,results/features_cuda_b200_full_sharded/cuda_tma_feature_safe.cu.sha256,archive/results/b200/cuda-13.3-sm100/cycle_capacity/features_cuda_b200_full_sharded/cuda_tma_feature_safe.cu.sha256,65,ae07cd0d21c2d406b9c30316c198c9ce4cc45982a9db1d0ebf4c212d98d42602
features_cuda_b200_full_sharded,results/features_cuda_b200_full_sharded/tma_feature_bench.ptx,archive/results/b200/cuda-13.3-sm100/cycle_capacity/features_cuda_b200_full_sharded/tma_feature_bench.ptx,634463,1b5ea94f720fd6d7ccd844c796ead901b58702224373c8cb58ee193d7291e88b
features_cuda_b200_full_sharded,results/features_cuda_b200_full_sharded/tma_feature_bench.ptx.sha256,archive/results/b200/cuda-13.3-sm100/cycle_capacity/features_cuda_b200_full_sharded/tma_feature_bench.ptx.sha256,65,c0d46f31379b3210ac2a24289b2d839e1c395da5d4565d63f2d1639685094119
features_cuda_b200_full_sharded,results/features_cuda_b200_full_sharded/tma_feature_bench.sass,archive/results/b200/cuda-13.3-sm100/cycle_capacity/features_cuda_b200_full_sharded/tma_feature_bench.sass,3531337,c5ed5fbc8c901984a84731cf6a48a4adcf90c1356a640b78b4223ac36f04ae10
features_cuda_b200_full_sharded,results/features_cuda_b200_full_sharded/tma_feature_bench.sass.sha256,archive/results/b200/cuda-13.3-sm100/cycle_capacity/features_cuda_b200_full_sharded/tma_feature_bench.sass.sha256,65,252b934adc356f29bf5c05029c3e651543f17459771c3fac95d13e6caefc8df4
features_cuda_b200_full_sharded,results/features_cuda_b200_full_sharded/tma_ventus_parity_bench_v2.cu,archive/results/b200/cuda-13.3-sm100/cycle_capacity/features_cuda_b200_full_sharded/tma_ventus_parity_bench_v2.cu,54730,e6152c5e89ee08b85d389248fbe019e793fc24f1a89e0a52bea63a6b743ba6dd
features_cuda_b200_full_sharded,results/features_cuda_b200_full_sharded/tma_ventus_parity_bench_v2.cu.sha256,archive/results/b200/cuda-13.3-sm100/cycle_capacity/features_cuda_b200_full_sharded/tma_ventus_parity_bench_v2.cu.sha256,65,cc5af1501c3d16e1aaa456e69d40bc3af098bc11685db70c10326b62049db445
features_cuda_b200_full_sharded_v2,results/features_cuda_b200_full_sharded_v2/attempt_01.csv,data/b200/cuda-13.3-sm100/single_instruction/cycle_capacity/all_directions/legacy--features_cuda_b200_full_sharded_v2/attempt_01.csv,47712,5bff48a1915162a5419c44f4aee38651631b97b12b120ea0fc5905948d6bea5b
features_cuda_b200_full_sharded_v2,results/features_cuda_b200_full_sharded_v2/attempt_01.json,data/b200/cuda-13.3-sm100/single_instruction/cycle_capacity/all_directions/legacy--features_cuda_b200_full_sharded_v2/attempt_01.json,6218,65cfb7d96a175fe30c7bca0364edbba388cd70cf5c3d781b8b6e18455819760a
features_cuda_b200_full_sharded_v2,results/features_cuda_b200_full_sharded_v2/attempt_01.stderr.txt,data/b200/cuda-13.3-sm100/single_instruction/cycle_capacity/all_directions/legacy--features_cuda_b200_full_sharded_v2/attempt_01.stderr.txt,5299,8fcc45c52e5cc95c443d770cc4958ef5dd8b785741583ac998eff38510008631
features_cuda_b200_full_sharded_v2,results/features_cuda_b200_full_sharded_v2/attempt_02.csv,data/b200/cuda-13.3-sm100/single_instruction/cycle_capacity/all_directions/legacy--features_cuda_b200_full_sharded_v2/attempt_02.csv,47712,4870ff6aaea37b4ca853ddf7fcb6af74ff6d7d681df941071049a4c4062a219e
features_cuda_b200_full_sharded_v2,results/features_cuda_b200_full_sharded_v2/attempt_02.json,data/b200/cuda-13.3-sm100/single_instruction/cycle_capacity/all_directions/legacy--features_cuda_b200_full_sharded_v2/attempt_02.json,6061,5ecdf06d3c871f1976e90a56abe5db8d0ce2e19b12b0d3123e8a4ecdfa27d951
features_cuda_b200_full_sharded_v2,results/features_cuda_b200_full_sharded_v2/attempt_02.stderr.txt,data/b200/cuda-13.3-sm100/single_instruction/cycle_capacity/all_directions/legacy--features_cuda_b200_full_sharded_v2/attempt_02.stderr.txt,5299,8fcc45c52e5cc95c443d770cc4958ef5dd8b785741583ac998eff38510008631
features_cuda_b200_full_sharded_v2,results/features_cuda_b200_full_sharded_v2/cuda_tma_feature_safe.cu,data/b200/cuda-13.3-sm100/single_instruction/cycle_capacity/all_directions/legacy--features_cuda_b200_full_sharded_v2/cuda_tma_feature_safe.cu,6337,53dda0a97de727b94b08d5432fa476e867f4f3f7bfe8b0fe9bf9e1d9ae77d3e3
features_cuda_b200_full_sharded_v2,results/features_cuda_b200_full_sharded_v2/cuda_tma_feature_safe.cu.sha256,data/b200/cuda-13.3-sm100/single_instruction/cycle_capacity/all_directions/legacy--features_cuda_b200_full_sharded_v2/cuda_tma_feature_safe.cu.sha256,65,b4f707ccbe0398e26adcc8b6a13c9d93dc5dec4259896b8c39e1e39ed404da25
features_cuda_b200_full_sharded_v2,results/features_cuda_b200_full_sharded_v2/manifest.json,data/b200/cuda-13.3-sm100/single_instruction/cycle_capacity/all_directions/legacy--features_cuda_b200_full_sharded_v2/manifest.json,1038,5fcb93e73da8c5acf0c17a96d1ef31527329520d1d9a3c82db8f677c94e02054
features_cuda_b200_full_sharded_v2,results/features_cuda_b200_full_sharded_v2/tma_feature_bench.ptx,data/b200/cuda-13.3-sm100/single_instruction/cycle_capacity/all_directions/legacy--features_cuda_b200_full_sharded_v2/tma_feature_bench.ptx,634463,1b5ea94f720fd6d7ccd844c796ead901b58702224373c8cb58ee193d7291e88b
features_cuda_b200_full_sharded_v2,results/features_cuda_b200_full_sharded_v2/tma_feature_bench.ptx.sha256,data/b200/cuda-13.3-sm100/single_instruction/cycle_capacity/all_directions/legacy--features_cuda_b200_full_sharded_v2/tma_feature_bench.ptx.sha256,65,c0d46f31379b3210ac2a24289b2d839e1c395da5d4565d63f2d1639685094119
features_cuda_b200_full_sharded_v2,results/features_cuda_b200_full_sharded_v2/tma_feature_bench.sass,data/b200/cuda-13.3-sm100/single_instruction/cycle_capacity/all_directions/legacy--features_cuda_b200_full_sharded_v2/tma_feature_bench.sass,3531337,c5ed5fbc8c901984a84731cf6a48a4adcf90c1356a640b78b4223ac36f04ae10
features_cuda_b200_full_sharded_v2,results/features_cuda_b200_full_sharded_v2/tma_feature_bench.sass.sha256,data/b200/cuda-13.3-sm100/single_instruction/cycle_capacity/all_directions/legacy--features_cuda_b200_full_sharded_v2/tma_feature_bench.sass.sha256,65,252b934adc356f29bf5c05029c3e651543f17459771c3fac95d13e6caefc8df4
features_cuda_b200_full_sharded_v2,results/features_cuda_b200_full_sharded_v2/tma_ventus_parity_bench_v2.cu,data/b200/cuda-13.3-sm100/single_instruction/cycle_capacity/all_directions/legacy--features_cuda_b200_full_sharded_v2/tma_ventus_parity_bench_v2.cu,54730,e6152c5e89ee08b85d389248fbe019e793fc24f1a89e0a52bea63a6b743ba6dd
features_cuda_b200_full_sharded_v2,results/features_cuda_b200_full_sharded_v2/tma_ventus_parity_bench_v2.cu.sha256,data/b200/cuda-13.3-sm100/single_instruction/cycle_capacity/all_directions/legacy--features_cuda_b200_full_sharded_v2/tma_ventus_parity_bench_v2.cu.sha256,65,cc5af1501c3d16e1aaa456e69d40bc3af098bc11685db70c10326b62049db445
features_cuda_h100,results/features_cuda_h100/attempt_01.csv,archive/results/h100/cuda-13.3-sm90/cycle_capacity/features_cuda_h100/attempt_01.csv,62094,20d72472cc0cba66d829bb24336dc824481094550757ef722882c7eb12370871
features_cuda_h100,results/features_cuda_h100/attempt_01.json,archive/results/h100/cuda-13.3-sm90/cycle_capacity/features_cuda_h100/attempt_01.json,605,81783ef1e3a7e9cb18cfd9d58c6f6276fe220afb15a1a0a9c063bc99c2ed817b
features_cuda_h100,results/features_cuda_h100/attempt_01.stderr.txt,archive/results/h100/cuda-13.3-sm90/cycle_capacity/features_cuda_h100/attempt_01.stderr.txt,414,c3d4d3504e329ed2d71e1b62d1deba8c8bc80930cecc563cd044589f0730bab6
features_cuda_h100,results/features_cuda_h100/tma_feature_bench.ptx,archive/results/h100/cuda-13.3-sm90/cycle_capacity/features_cuda_h100/tma_feature_bench.ptx,531345,391211f51991cc1f279b58927a6fe3029f6ad00f045bbc237afada80cbdbc7e1
features_cuda_h100,results/features_cuda_h100/tma_feature_bench.ptx.sha256,archive/results/h100/cuda-13.3-sm90/cycle_capacity/features_cuda_h100/tma_feature_bench.ptx.sha256,65,9114787f793f1f3262c09795f93c8c32eed5e208d568cb315e2b03b316d1e7ef
features_cuda_h100,results/features_cuda_h100/tma_feature_bench.sass,archive/results/h100/cuda-13.3-sm90/cycle_capacity/features_cuda_h100/tma_feature_bench.sass,3237581,5c6693cfdbfaa06bb94811b5f961db233143495630473f28c5ee3dc3985b0427
features_cuda_h100,results/features_cuda_h100/tma_feature_bench.sass.sha256,archive/results/h100/cuda-13.3-sm90/cycle_capacity/features_cuda_h100/tma_feature_bench.sass.sha256,65,e1fd1ad35c929552fb3eb11b32d88b6a2a0b3029146d9f327a652f2a7d402071
features_cuda_h100,results/features_cuda_h100/tma_ventus_parity_bench_v2.cu,archive/results/h100/cuda-13.3-sm90/cycle_capacity/features_cuda_h100/tma_ventus_parity_bench_v2.cu,54730,e6152c5e89ee08b85d389248fbe019e793fc24f1a89e0a52bea63a6b743ba6dd
features_cuda_h100,results/features_cuda_h100/tma_ventus_parity_bench_v2.cu.sha256,archive/results/h100/cuda-13.3-sm90/cycle_capacity/features_cuda_h100/tma_ventus_parity_bench_v2.cu.sha256,65,cc5af1501c3d16e1aaa456e69d40bc3af098bc11685db70c10326b62049db445
features_cuda_h100_interleave_fixed,results/features_cuda_h100_interleave_fixed/attempt_01.csv,data/h100/cuda-13.3-sm90/single_instruction/interleave/all_directions/legacy--features_cuda_h100_interleave_fixed/attempt_01.csv,52610,deba6486d3a3c6bb055b4ee09fb62e626a189140f5b0972ef82d2caab5621b48
features_cuda_h100_interleave_fixed,results/features_cuda_h100_interleave_fixed/attempt_01.json,data/h100/cuda-13.3-sm90/single_instruction/interleave/all_directions/legacy--features_cuda_h100_interleave_fixed/attempt_01.json,599,e94023ce1eaffb72ad2cd305e554be1d58061c2543dd557276573ccc4855acda
features_cuda_h100_interleave_fixed,results/features_cuda_h100_interleave_fixed/attempt_01.stderr.txt,data/h100/cuda-13.3-sm90/single_instruction/interleave/all_directions/legacy--features_cuda_h100_interleave_fixed/attempt_01.stderr.txt,1973,8258d90f573e6676687040addff54fef64dab283dd592b17238031c131340dda
features_cuda_h100_interleave_fixed,results/features_cuda_h100_interleave_fixed/attempt_02.csv,data/h100/cuda-13.3-sm90/single_instruction/interleave/all_directions/legacy--features_cuda_h100_interleave_fixed/attempt_02.csv,52610,aca3b6b2c9623a6d6622ffa7278db8df5e9ef0d3dce4168ed987c2d595cf146e
features_cuda_h100_interleave_fixed,results/features_cuda_h100_interleave_fixed/attempt_02.json,data/h100/cuda-13.3-sm90/single_instruction/interleave/all_directions/legacy--features_cuda_h100_interleave_fixed/attempt_02.json,511,d9d98ee374a91cf6f0b33e0f1655551569e1604caddf728cc58040799910cb49
features_cuda_h100_interleave_fixed,results/features_cuda_h100_interleave_fixed/attempt_02.stderr.txt,data/h100/cuda-13.3-sm90/single_instruction/interleave/all_directions/legacy--features_cuda_h100_interleave_fixed/attempt_02.stderr.txt,1973,8258d90f573e6676687040addff54fef64dab283dd592b17238031c131340dda
features_cuda_h100_interleave_fixed,results/features_cuda_h100_interleave_fixed/cuda_tma_feature_safe.cu,data/h100/cuda-13.3-sm90/single_instruction/interleave/all_directions/legacy--features_cuda_h100_interleave_fixed/cuda_tma_feature_safe.cu,5050,5689913aa926b38a5166e780962fdd8540153664fb6dd8bcb78adbf7d903a0b1
features_cuda_h100_interleave_fixed,results/features_cuda_h100_interleave_fixed/cuda_tma_feature_safe.cu.sha256,data/h100/cuda-13.3-sm90/single_instruction/interleave/all_directions/legacy--features_cuda_h100_interleave_fixed/cuda_tma_feature_safe.cu.sha256,65,73a4e1bb36bf87815d59f8de44483dc21c8b82eb4ef513114d121f0abafff386
features_cuda_h100_interleave_fixed,results/features_cuda_h100_interleave_fixed/manifest.json,data/h100/cuda-13.3-sm90/single_instruction/interleave/all_directions/legacy--features_cuda_h100_interleave_fixed/manifest.json,842,14102d26a5025ae52f34cb2533323450fe9c971343528de90e27e3f0df47c196
features_cuda_h100_interleave_fixed,results/features_cuda_h100_interleave_fixed/tma_feature_bench.ptx,data/h100/cuda-13.3-sm90/single_instruction/interleave/all_directions/legacy--features_cuda_h100_interleave_fixed/tma_feature_bench.ptx,530476,b1c0e7907813a18cecc1acde33333d0ebe3876de9bb2b1116040c4adee8109a3
features_cuda_h100_interleave_fixed,results/features_cuda_h100_interleave_fixed/tma_feature_bench.ptx.sha256,data/h100/cuda-13.3-sm90/single_instruction/interleave/all_directions/legacy--features_cuda_h100_interleave_fixed/tma_feature_bench.ptx.sha256,65,911a6d4d5227c884d7e4286549deedfcd1bd4f8982d4a945ec1b5cc1a0594241
features_cuda_h100_interleave_fixed,results/features_cuda_h100_interleave_fixed/tma_feature_bench.sass,data/h100/cuda-13.3-sm90/single_instruction/interleave/all_directions/legacy--features_cuda_h100_interleave_fixed/tma_feature_bench.sass,3232428,7b72fa60d29926bac1245232ca9608f663cb070eab642a0e61b358ce5789c0ec
features_cuda_h100_interleave_fixed,results/features_cuda_h100_interleave_fixed/tma_feature_bench.sass.sha256,data/h100/cuda-13.3-sm90/single_instruction/interleave/all_directions/legacy--features_cuda_h100_interleave_fixed/tma_feature_bench.sass.sha256,65,1f1677646f6694f49380e2314c3b04efc3688ebee4a5086300ec2529bd8b78aa
features_cuda_h100_interleave_fixed,results/features_cuda_h100_interleave_fixed/tma_ventus_parity_bench_v2.cu,data/h100/cuda-13.3-sm90/single_instruction/interleave/all_directions/legacy--features_cuda_h100_interleave_fixed/tma_ventus_parity_bench_v2.cu,54730,e6152c5e89ee08b85d389248fbe019e793fc24f1a89e0a52bea63a6b743ba6dd
features_cuda_h100_interleave_fixed,results/features_cuda_h100_interleave_fixed/tma_ventus_parity_bench_v2.cu.sha256,data/h100/cuda-13.3-sm90/single_instruction/interleave/all_directions/legacy--features_cuda_h100_interleave_fixed/tma_ventus_parity_bench_v2.cu.sha256,65,cc5af1501c3d16e1aaa456e69d40bc3af098bc11685db70c10326b62049db445
features_cuda_h100_safe,results/features_cuda_h100_safe/attempt_01.csv,archive/results/h100/cuda-13.3-sm90/cycle_capacity/features_cuda_h100_safe/attempt_01.csv,52298,193264387f4a11273080049b8bf5f6c150176ff29ec3b3f4be60af911a8cb258
features_cuda_h100_safe,results/features_cuda_h100_safe/attempt_01.json,archive/results/h100/cuda-13.3-sm90/cycle_capacity/features_cuda_h100_safe/attempt_01.json,599,e4ec82167a0df68b53be17e626db196a10218e08e2852c972af936a042a36cc3
features_cuda_h100_safe,results/features_cuda_h100_safe/attempt_01.stderr.txt,archive/results/h100/cuda-13.3-sm90/cycle_capacity/features_cuda_h100_safe/attempt_01.stderr.txt,1940,124bcb56bd7350dcdbdf8e29e20ececfd925b73829f56825e91ebd5b398567cf
features_cuda_h100_safe,results/features_cuda_h100_safe/attempt_02.csv,archive/results/h100/cuda-13.3-sm90/cycle_capacity/features_cuda_h100_safe/attempt_02.csv,52299,362033c47442365eb9d6d9b94dcb30887ece95b3edb7473375a66fd93c571067
features_cuda_h100_safe,results/features_cuda_h100_safe/attempt_02.json,archive/results/h100/cuda-13.3-sm90/cycle_capacity/features_cuda_h100_safe/attempt_02.json,518,c9fb788acf41a95681d1f930e89e25678d32b4f446c5769b073bd3bcb5eda5f3
features_cuda_h100_safe,results/features_cuda_h100_safe/attempt_02.stderr.txt,archive/results/h100/cuda-13.3-sm90/cycle_capacity/features_cuda_h100_safe/attempt_02.stderr.txt,1940,124bcb56bd7350dcdbdf8e29e20ececfd925b73829f56825e91ebd5b398567cf
features_cuda_h100_safe,results/features_cuda_h100_safe/cuda_tma_feature_safe.cu,archive/results/h100/cuda-13.3-sm90/cycle_capacity/features_cuda_h100_safe/cuda_tma_feature_safe.cu,4799,7b37d884f46a823955fbaaeb2223901ef792560ec44847a19aa5efb0dad7bfd4
features_cuda_h100_safe,results/features_cuda_h100_safe/cuda_tma_feature_safe.cu.sha256,archive/results/h100/cuda-13.3-sm90/cycle_capacity/features_cuda_h100_safe/cuda_tma_feature_safe.cu.sha256,65,1ea784164d7f5f5e11509d3b265863df32df413d7a07dff7f4c80eee6c0ad47b
features_cuda_h100_safe,results/features_cuda_h100_safe/manifest.json,archive/results/h100/cuda-13.3-sm90/cycle_capacity/features_cuda_h100_safe/manifest.json,834,1cb3eb834203ed2daf6d90fb1bb4741f4f6532e81cdb747b3efabfc82818751a
features_cuda_h100_safe,results/features_cuda_h100_safe/tma_feature_bench.ptx,archive/results/h100/cuda-13.3-sm90/cycle_capacity/features_cuda_h100_safe/tma_feature_bench.ptx,530476,b1c0e7907813a18cecc1acde33333d0ebe3876de9bb2b1116040c4adee8109a3
features_cuda_h100_safe,results/features_cuda_h100_safe/tma_feature_bench.ptx.sha256,archive/results/h100/cuda-13.3-sm90/cycle_capacity/features_cuda_h100_safe/tma_feature_bench.ptx.sha256,65,911a6d4d5227c884d7e4286549deedfcd1bd4f8982d4a945ec1b5cc1a0594241
features_cuda_h100_safe,results/features_cuda_h100_safe/tma_feature_bench.sass,archive/results/h100/cuda-13.3-sm90/cycle_capacity/features_cuda_h100_safe/tma_feature_bench.sass,3232428,7b72fa60d29926bac1245232ca9608f663cb070eab642a0e61b358ce5789c0ec
features_cuda_h100_safe,results/features_cuda_h100_safe/tma_feature_bench.sass.sha256,archive/results/h100/cuda-13.3-sm90/cycle_capacity/features_cuda_h100_safe/tma_feature_bench.sass.sha256,65,1f1677646f6694f49380e2314c3b04efc3688ebee4a5086300ec2529bd8b78aa
features_cuda_h100_safe,results/features_cuda_h100_safe/tma_ventus_parity_bench_v2.cu,archive/results/h100/cuda-13.3-sm90/cycle_capacity/features_cuda_h100_safe/tma_ventus_parity_bench_v2.cu,54730,e6152c5e89ee08b85d389248fbe019e793fc24f1a89e0a52bea63a6b743ba6dd
features_cuda_h100_safe,results/features_cuda_h100_safe/tma_ventus_parity_bench_v2.cu.sha256,archive/results/h100/cuda-13.3-sm90/cycle_capacity/features_cuda_h100_safe/tma_ventus_parity_bench_v2.cu.sha256,65,cc5af1501c3d16e1aaa456e69d40bc3af098bc11685db70c10326b62049db445
features_cuda_h100_safe_probe,results/features_cuda_h100_safe_probe/attempt_01.csv,archive/results/h100/cuda-13.3-sm90/cycle_capacity/features_cuda_h100_safe_probe/attempt_01.csv,87081,c0332715ec4708837c90e75b8de02ad303eda10bb6cb4baf4bde180f1aab5bea
features_cuda_h100_safe_probe,results/features_cuda_h100_safe_probe/attempt_01.json,archive/results/h100/cuda-13.3-sm90/cycle_capacity/features_cuda_h100_safe_probe/attempt_01.json,606,0bbe9cee269ec5620149d77590fe7e0db8e77f98c7779b8470788ac56e35647d
features_cuda_h100_safe_probe,results/features_cuda_h100_safe_probe/attempt_01.stderr.txt,archive/results/h100/cuda-13.3-sm90/cycle_capacity/features_cuda_h100_safe_probe/attempt_01.stderr.txt,1940,ee836f0fa3baa466484cc32de14c752e38cdf6f4b296e88ce337d446cb226d1a
features_cuda_h100_safe_probe,results/features_cuda_h100_safe_probe/cuda_tma_feature_safe.cu,archive/results/h100/cuda-13.3-sm90/cycle_capacity/features_cuda_h100_safe_probe/cuda_tma_feature_safe.cu,4799,7b37d884f46a823955fbaaeb2223901ef792560ec44847a19aa5efb0dad7bfd4
features_cuda_h100_safe_probe,results/features_cuda_h100_safe_probe/cuda_tma_feature_safe.cu.sha256,archive/results/h100/cuda-13.3-sm90/cycle_capacity/features_cuda_h100_safe_probe/cuda_tma_feature_safe.cu.sha256,65,1ea784164d7f5f5e11509d3b265863df32df413d7a07dff7f4c80eee6c0ad47b
features_cuda_h100_safe_probe,results/features_cuda_h100_safe_probe/manifest.json,archive/results/h100/cuda-13.3-sm90/cycle_capacity/features_cuda_h100_safe_probe/manifest.json,834,3902eb90c0a7d2d60470bf61e07351bd6d75c5e2f852db7463899b1214f0edc2
features_cuda_h100_safe_probe,results/features_cuda_h100_safe_probe/tma_feature_bench.ptx,archive/results/h100/cuda-13.3-sm90/cycle_capacity/features_cuda_h100_safe_probe/tma_feature_bench.ptx,530476,b1c0e7907813a18cecc1acde33333d0ebe3876de9bb2b1116040c4adee8109a3
features_cuda_h100_safe_probe,results/features_cuda_h100_safe_probe/tma_feature_bench.ptx.sha256,archive/results/h100/cuda-13.3-sm90/cycle_capacity/features_cuda_h100_safe_probe/tma_feature_bench.ptx.sha256,65,911a6d4d5227c884d7e4286549deedfcd1bd4f8982d4a945ec1b5cc1a0594241
features_cuda_h100_safe_probe,results/features_cuda_h100_safe_probe/tma_feature_bench.sass,archive/results/h100/cuda-13.3-sm90/cycle_capacity/features_cuda_h100_safe_probe/tma_feature_bench.sass,3232428,7b72fa60d29926bac1245232ca9608f663cb070eab642a0e61b358ce5789c0ec
features_cuda_h100_safe_probe,results/features_cuda_h100_safe_probe/tma_feature_bench.sass.sha256,archive/results/h100/cuda-13.3-sm90/cycle_capacity/features_cuda_h100_safe_probe/tma_feature_bench.sass.sha256,65,1f1677646f6694f49380e2314c3b04efc3688ebee4a5086300ec2529bd8b78aa
features_cuda_h100_safe_probe,results/features_cuda_h100_safe_probe/tma_ventus_parity_bench_v2.cu,archive/results/h100/cuda-13.3-sm90/cycle_capacity/features_cuda_h100_safe_probe/tma_ventus_parity_bench_v2.cu,54730,e6152c5e89ee08b85d389248fbe019e793fc24f1a89e0a52bea63a6b743ba6dd
features_cuda_h100_safe_probe,results/features_cuda_h100_safe_probe/tma_ventus_parity_bench_v2.cu.sha256,archive/results/h100/cuda-13.3-sm90/cycle_capacity/features_cuda_h100_safe_probe/tma_ventus_parity_bench_v2.cu.sha256,65,cc5af1501c3d16e1aaa456e69d40bc3af098bc11685db70c10326b62049db445
features_cuda_h100_smoke,results/features_cuda_h100_smoke/attempt_01.csv,archive/results/h100/cuda-13.3-sm90/cycle_capacity/features_cuda_h100_smoke/attempt_01.csv,3820,171e71045afc44352ca9a049501df6525407bafc74a18446cf095afd33fc461f
features_cuda_h100_smoke,results/features_cuda_h100_smoke/attempt_01.json,archive/results/h100/cuda-13.3-sm90/cycle_capacity/features_cuda_h100_smoke/attempt_01.json,608,8b857b167162a63d4b79f28c9b900e9bc4c750ff7f4ac0eb18b4ff0448978c9d
features_cuda_h100_smoke,results/features_cuda_h100_smoke/attempt_01.stderr.txt,archive/results/h100/cuda-13.3-sm90/cycle_capacity/features_cuda_h100_smoke/attempt_01.stderr.txt,398,90d988d974ee309a1a0bcf31d60f7772993d37dbe2ec5cabd83a046d895d4d60
features_cuda_h100_smoke,results/features_cuda_h100_smoke/manifest.json,archive/results/h100/cuda-13.3-sm90/cycle_capacity/features_cuda_h100_smoke/manifest.json,495,0537b7dfe905300141f58ba7dea8d6e6d578b66129a74e4abdfee9b0661a8778
features_cuda_h100_smoke,results/features_cuda_h100_smoke/tma_feature_bench.ptx,archive/results/h100/cuda-13.3-sm90/cycle_capacity/features_cuda_h100_smoke/tma_feature_bench.ptx,531345,391211f51991cc1f279b58927a6fe3029f6ad00f045bbc237afada80cbdbc7e1
features_cuda_h100_smoke,results/features_cuda_h100_smoke/tma_feature_bench.ptx.sha256,archive/results/h100/cuda-13.3-sm90/cycle_capacity/features_cuda_h100_smoke/tma_feature_bench.ptx.sha256,65,9114787f793f1f3262c09795f93c8c32eed5e208d568cb315e2b03b316d1e7ef
features_cuda_h100_smoke,results/features_cuda_h100_smoke/tma_feature_bench.sass,archive/results/h100/cuda-13.3-sm90/cycle_capacity/features_cuda_h100_smoke/tma_feature_bench.sass,3237581,5c6693cfdbfaa06bb94811b5f961db233143495630473f28c5ee3dc3985b0427
features_cuda_h100_smoke,results/features_cuda_h100_smoke/tma_feature_bench.sass.sha256,archive/results/h100/cuda-13.3-sm90/cycle_capacity/features_cuda_h100_smoke/tma_feature_bench.sass.sha256,65,e1fd1ad35c929552fb3eb11b32d88b6a2a0b3029146d9f327a652f2a7d402071
features_cuda_h100_smoke,results/features_cuda_h100_smoke/tma_ventus_parity_bench_v2.cu,archive/results/h100/cuda-13.3-sm90/cycle_capacity/features_cuda_h100_smoke/tma_ventus_parity_bench_v2.cu,54730,e6152c5e89ee08b85d389248fbe019e793fc24f1a89e0a52bea63a6b743ba6dd
features_cuda_h100_smoke,results/features_cuda_h100_smoke/tma_ventus_parity_bench_v2.cu.sha256,archive/results/h100/cuda-13.3-sm90/cycle_capacity/features_cuda_h100_smoke/tma_ventus_parity_bench_v2.cu.sha256,65,cc5af1501c3d16e1aaa456e69d40bc3af098bc11685db70c10326b62049db445
features_ventus_capacity,results/features_ventus_capacity/failure_tail.txt,archive/results/ventus/V3.0/tensor_capacity/features_ventus_capacity/failure_tail.txt,10860,2cef1a647a9a854541f9c8576e50969b3ffb255594c39fd8a37f2706da4a203c
features_ventus_capacity_v2,results/features_ventus_capacity_v2/attempt_01.csv,data/ventus/V3.0/single_instruction/tensor_capacity/all_directions/legacy--features_ventus_capacity_v2/attempt_01.csv,1951,81c2d4eceb622506b79cdd4ec1e0650966c064f5bdb6dcdee3f245ad0eb7a1cd
features_ventus_capacity_v2,results/features_ventus_capacity_v2/manifest.json,data/ventus/V3.0/single_instruction/tensor_capacity/all_directions/legacy--features_ventus_capacity_v2/manifest.json,1096,59ee1c5665d6053d372503f2650eb0ee6a7c6cb9d6f98f456f1e7251563367ec
features_ventus_descriptor,results/features_ventus_descriptor/attempt_01.csv,data/ventus/V3.0/single_instruction/descriptor_features/all_directions/legacy--features_ventus_descriptor/attempt_01.csv,2144,96b8cbeff62d5ceda8189d8a2c455f149de91c47aaccf0678e0db6f84816a12d
features_ventus_descriptor,results/features_ventus_descriptor/failure_tail.txt,data/ventus/V3.0/single_instruction/descriptor_features/all_directions/legacy--features_ventus_descriptor/failure_tail.txt,2950,1a0bdfc6f97af607fa886213688915cbc1791c420176ecdbc47f21b0fde2d701
features_ventus_descriptor,results/features_ventus_descriptor/manifest.json,data/ventus/V3.0/single_instruction/descriptor_features/all_directions/legacy--features_ventus_descriptor/manifest.json,1308,81ac766fc5dc581dc01470a1c0168bd97c3d10619ea53c44e11227ea1e62b29d
features_ventus_interleave_fixed,results/features_ventus_interleave_fixed/attempt_01.csv,data/ventus/V3.0/single_instruction/interleave/all_directions/legacy--features_ventus_interleave_fixed/attempt_01.csv,204,861deefdd3ab6019391aaf295c39f7c87c133e717a63ff5b384ce6e26e7c3805
features_ventus_interleave_fixed,results/features_ventus_interleave_fixed/manifest.json,data/ventus/V3.0/single_instruction/interleave/all_directions/legacy--features_ventus_interleave_fixed/manifest.json,817,2fa0a82e0816b730a43df9c3a75b60bb6214b2fb82b1d4dbcfa7796dd1c5c9f5
features_ventus_v3_10_capacity,results/features_ventus_v3_10_capacity/attempt_01.csv,data/ventus/V3.10/single_instruction/tensor_capacity/all_directions/legacy--features_ventus_v3_10_capacity/attempt_01.csv,1952,feaff4d1cfb85685eaac0f0bd46ebc9126c7efeee8473f57d8f3335934e82133
features_ventus_v3_10_capacity,results/features_ventus_v3_10_capacity/manifest.json,data/ventus/V3.10/single_instruction/tensor_capacity/all_directions/legacy--features_ventus_v3_10_capacity/manifest.json,1196,67faa0c012cb211a6d778b9d4e64c2d9c3dfca8213cccfe05b0235089bf7ff84
features_ventus_v3_10_capacity,results/features_ventus_v3_10_capacity/pmu/attempt_01/g2s__size_1024.txt,data/ventus/V3.10/single_instruction/tensor_capacity/all_directions/legacy--features_ventus_v3_10_capacity/pmu/attempt_01/g2s__size_1024.txt,25496,665d86100867380f2b1e5cbc95c45d94de2f58a0748b8c5b0db8c50fee8afada
features_ventus_v3_10_capacity,results/features_ventus_v3_10_capacity/pmu/attempt_01/g2s__size_128.txt,data/ventus/V3.10/single_instruction/tensor_capacity/all_directions/legacy--features_ventus_v3_10_capacity/pmu/attempt_01/g2s__size_128.txt,25496,bdf77f696d7e8025cd63bf1ba9fb2d8b847ed33c42f2011237e74394b6ac7600
features_ventus_v3_10_capacity,results/features_ventus_v3_10_capacity/pmu/attempt_01/g2s__size_16384.txt,data/ventus/V3.10/single_instruction/tensor_capacity/all_directions/legacy--features_ventus_v3_10_capacity/pmu/attempt_01/g2s__size_16384.txt,25496,ffd760b3b4916e86a9fd0b9104728025691e58ef8987e71711c284f6ff78f93e
features_ventus_v3_10_capacity,results/features_ventus_v3_10_capacity/pmu/attempt_01/g2s__size_2048.txt,data/ventus/V3.10/single_instruction/tensor_capacity/all_directions/legacy--features_ventus_v3_10_capacity/pmu/attempt_01/g2s__size_2048.txt,25496,67cb4a1dff19f476146cc6219b60ec1e610e87cfa0bc136892185a45dd99d568
features_ventus_v3_10_capacity,results/features_ventus_v3_10_capacity/pmu/attempt_01/g2s__size_256.txt,data/ventus/V3.10/single_instruction/tensor_capacity/all_directions/legacy--features_ventus_v3_10_capacity/pmu/attempt_01/g2s__size_256.txt,25496,fde88c0c38a8d83b4964de74e84c652996b98fb7975f2cbaff3f1c9f55548b90
features_ventus_v3_10_capacity,results/features_ventus_v3_10_capacity/pmu/attempt_01/g2s__size_32768.txt,data/ventus/V3.10/single_instruction/tensor_capacity/all_directions/legacy--features_ventus_v3_10_capacity/pmu/attempt_01/g2s__size_32768.txt,25496,35a53fb8591679f74f5f94052b4e76353cfc8d7d9417e6175c019e053b7ca334
features_ventus_v3_10_capacity,results/features_ventus_v3_10_capacity/pmu/attempt_01/g2s__size_4096.txt,data/ventus/V3.10/single_instruction/tensor_capacity/all_directions/legacy--features_ventus_v3_10_capacity/pmu/attempt_01/g2s__size_4096.txt,25496,b7de7509a0fd6207d3fbe3aa2b2c396fee3d7a314beeee5ea7924a29bbf740a4
features_ventus_v3_10_capacity,results/features_ventus_v3_10_capacity/pmu/attempt_01/g2s__size_512.txt,data/ventus/V3.10/single_instruction/tensor_capacity/all_directions/legacy--features_ventus_v3_10_capacity/pmu/attempt_01/g2s__size_512.txt,25496,bd5742ea3e960576893a6f814a20e0a1d9a022eb600d72736ec7212da45477d4
features_ventus_v3_10_capacity,results/features_ventus_v3_10_capacity/pmu/attempt_01/g2s__size_8192.txt,data/ventus/V3.10/single_instruction/tensor_capacity/all_directions/legacy--features_ventus_v3_10_capacity/pmu/attempt_01/g2s__size_8192.txt,25496,8bfc4a916bb7a22c95fe903c36cbc8b5f23fe0ad7c8cd276fc86e78d0e9e6aae
features_ventus_v3_10_capacity,results/features_ventus_v3_10_capacity/pmu/attempt_01/roundtrip__size_1024.txt,data/ventus/V3.10/single_instruction/tensor_capacity/all_directions/legacy--features_ventus_v3_10_capacity/pmu/attempt_01/roundtrip__size_1024.txt,25496,ddd059e194e5bd5c146fcc58cdd6cc7f055ca128508317350cb1767313132870
features_ventus_v3_10_capacity,results/features_ventus_v3_10_capacity/pmu/attempt_01/roundtrip__size_128.txt,data/ventus/V3.10/single_instruction/tensor_capacity/all_directions/legacy--features_ventus_v3_10_capacity/pmu/attempt_01/roundtrip__size_128.txt,25496,648915964ef5374c382f7dbe2465fb18953cf4c67116367f2541f563f8e4d546
features_ventus_v3_10_capacity,results/features_ventus_v3_10_capacity/pmu/attempt_01/roundtrip__size_16384.txt,data/ventus/V3.10/single_instruction/tensor_capacity/all_directions/legacy--features_ventus_v3_10_capacity/pmu/attempt_01/roundtrip__size_16384.txt,25496,5c9827f639050edb78b067f45e8330a74231db8eab301abfe12b6db0164fdc12
features_ventus_v3_10_capacity,results/features_ventus_v3_10_capacity/pmu/attempt_01/roundtrip__size_2048.txt,data/ventus/V3.10/single_instruction/tensor_capacity/all_directions/legacy--features_ventus_v3_10_capacity/pmu/attempt_01/roundtrip__size_2048.txt,25496,2e2867f470896e3b4e07f802b5c81ad144c6dc63265e1fbf053c80264acc3635
features_ventus_v3_10_capacity,results/features_ventus_v3_10_capacity/pmu/attempt_01/roundtrip__size_256.txt,data/ventus/V3.10/single_instruction/tensor_capacity/all_directions/legacy--features_ventus_v3_10_capacity/pmu/attempt_01/roundtrip__size_256.txt,25496,ed0ac0ac7404c88c3d7e127426b3f9dc2c411bf7473fb7cba8817fd3cedae828
features_ventus_v3_10_capacity,results/features_ventus_v3_10_capacity/pmu/attempt_01/roundtrip__size_32768.txt,data/ventus/V3.10/single_instruction/tensor_capacity/all_directions/legacy--features_ventus_v3_10_capacity/pmu/attempt_01/roundtrip__size_32768.txt,25496,0ca15503e3fb738a4f08ded013ff9174f2080f3c5dc2b27e22d0db95359341b0
features_ventus_v3_10_capacity,results/features_ventus_v3_10_capacity/pmu/attempt_01/roundtrip__size_4096.txt,data/ventus/V3.10/single_instruction/tensor_capacity/all_directions/legacy--features_ventus_v3_10_capacity/pmu/attempt_01/roundtrip__size_4096.txt,25496,865aecf519383901ec9f04d3674934f1a339f68c78d595a36c0f67fb67ccba75
features_ventus_v3_10_capacity,results/features_ventus_v3_10_capacity/pmu/attempt_01/roundtrip__size_512.txt,data/ventus/V3.10/single_instruction/tensor_capacity/all_directions/legacy--features_ventus_v3_10_capacity/pmu/attempt_01/roundtrip__size_512.txt,25496,30e09d2d0ee5433752d8cdb4071bca1f1bf5df3292296feae0b757e148dfcb7a
features_ventus_v3_10_capacity,results/features_ventus_v3_10_capacity/pmu/attempt_01/roundtrip__size_8192.txt,data/ventus/V3.10/single_instruction/tensor_capacity/all_directions/legacy--features_ventus_v3_10_capacity/pmu/attempt_01/roundtrip__size_8192.txt,25496,f418044657c47451c54f8cdd8ee670bbe2fe3d23fa66e049b689940116b2e626
features_ventus_v3_10_capacity,results/features_ventus_v3_10_capacity/pmu/attempt_01/s2g__size_1024.txt,data/ventus/V3.10/single_instruction/tensor_capacity/all_directions/legacy--features_ventus_v3_10_capacity/pmu/attempt_01/s2g__size_1024.txt,25496,764d1dd010bb4d6243f72b1c36d52a68b369c10d7aa890a3e40a9f1e57a4c2f8
features_ventus_v3_10_capacity,results/features_ventus_v3_10_capacity/pmu/attempt_01/s2g__size_128.txt,data/ventus/V3.10/single_instruction/tensor_capacity/all_directions/legacy--features_ventus_v3_10_capacity/pmu/attempt_01/s2g__size_128.txt,25496,82930752303cbb25e09adde5628f7b55ec4d13b09dd23f70c1b29e506f5eec40
features_ventus_v3_10_capacity,results/features_ventus_v3_10_capacity/pmu/attempt_01/s2g__size_16384.txt,data/ventus/V3.10/single_instruction/tensor_capacity/all_directions/legacy--features_ventus_v3_10_capacity/pmu/attempt_01/s2g__size_16384.txt,25496,581dfd60eea3ed9b6057b0fb5991575e57edb09d83ab401793d30467ae8aee81
features_ventus_v3_10_capacity,results/features_ventus_v3_10_capacity/pmu/attempt_01/s2g__size_2048.txt,data/ventus/V3.10/single_instruction/tensor_capacity/all_directions/legacy--features_ventus_v3_10_capacity/pmu/attempt_01/s2g__size_2048.txt,25496,a46568f94c17e3cb3f5955018bde7b659150841dff6909880d28592df905f20e
features_ventus_v3_10_capacity,results/features_ventus_v3_10_capacity/pmu/attempt_01/s2g__size_256.txt,data/ventus/V3.10/single_instruction/tensor_capacity/all_directions/legacy--features_ventus_v3_10_capacity/pmu/attempt_01/s2g__size_256.txt,25496,ebbd3fc959b2db8b29fff8aafef0fcba328a70791afe0f36c16f335ae69e32c6
features_ventus_v3_10_capacity,results/features_ventus_v3_10_capacity/pmu/attempt_01/s2g__size_32768.txt,data/ventus/V3.10/single_instruction/tensor_capacity/all_directions/legacy--features_ventus_v3_10_capacity/pmu/attempt_01/s2g__size_32768.txt,25496,cc749484cc7dabdc89a1302ba161b1b1d3ba0159fb54f1e61dca9783fc4f6839
features_ventus_v3_10_capacity,results/features_ventus_v3_10_capacity/pmu/attempt_01/s2g__size_4096.txt,data/ventus/V3.10/single_instruction/tensor_capacity/all_directions/legacy--features_ventus_v3_10_capacity/pmu/attempt_01/s2g__size_4096.txt,25496,a785303a15265b86cc7f987e8703767f7e27f381de9c30bdbf8952dd9e34dc0d
features_ventus_v3_10_capacity,results/features_ventus_v3_10_capacity/pmu/attempt_01/s2g__size_512.txt,data/ventus/V3.10/single_instruction/tensor_capacity/all_directions/legacy--features_ventus_v3_10_capacity/pmu/attempt_01/s2g__size_512.txt,25496,8956e028e02410b17e9dbef58b7a87c598ea46428e7ddd8563dc1a3e001690a4
features_ventus_v3_10_capacity,results/features_ventus_v3_10_capacity/pmu/attempt_01/s2g__size_8192.txt,data/ventus/V3.10/single_instruction/tensor_capacity/all_directions/legacy--features_ventus_v3_10_capacity/pmu/attempt_01/s2g__size_8192.txt,25496,1b5aaad3b111467fc5002d7569eaee5878c1ab4c0fb003d9b34b7503f615c20f
features_ventus_v3_1_backend_diag,results/features_ventus_v3_1_backend_diag/attempt_01.csv,data/ventus/V3.1/single_instruction/cycle_capacity/all_directions/legacy--features_ventus_v3_1_backend_diag/attempt_01.csv,257,1b5d20cf95832d38359e6838b7f94eaad9d47446dffd41676769feb986cbc7f9
features_ventus_v3_1_backend_diag,results/features_ventus_v3_1_backend_diag/manifest.json,data/ventus/V3.1/single_instruction/cycle_capacity/all_directions/legacy--features_ventus_v3_1_backend_diag/manifest.json,666,688d9b4ebcf0aabd1bbc4f0e2d8ad4e7a390f0959a36fb2e6d6ef374da457767
features_ventus_v3_1_backend_diag,results/features_ventus_v3_1_backend_diag/pmu/attempt_01/g2s__size_32768.txt,data/ventus/V3.1/single_instruction/cycle_capacity/all_directions/legacy--features_ventus_v3_1_backend_diag/pmu/attempt_01/g2s__size_32768.txt,18054,fe96e076b98988a244c7519d08a816202af9c85e561db15ac2743e3fff17e216
features_ventus_v3_1_backend_diag,results/features_ventus_v3_1_backend_diag/pmu/attempt_01/s2g__size_32768.txt,data/ventus/V3.1/single_instruction/cycle_capacity/all_directions/legacy--features_ventus_v3_1_backend_diag/pmu/attempt_01/s2g__size_32768.txt,18054,d5b8e022b6e79f8ac820d7e400439d2ac0076ac0de06c28c6b707325c3ac6212
features_ventus_v3_1_capacity,results/features_ventus_v3_1_capacity/attempt_01.csv,data/ventus/V3.1/single_instruction/tensor_capacity/all_directions/legacy--features_ventus_v3_1_capacity/attempt_01.csv,1950,63fd3f2360c48a7c99d1f655ad6086c2672f2b20cb559a568eb94d87a58e0b1a
features_ventus_v3_1_capacity,results/features_ventus_v3_1_capacity/failure_tail.txt,data/ventus/V3.1/single_instruction/tensor_capacity/all_directions/legacy--features_ventus_v3_1_capacity/failure_tail.txt,11219,95b68338d4295e248694c8dd4225fe16c6f6b25b0eac9afedcc96498e6cf5bda
features_ventus_v3_1_capacity,results/features_ventus_v3_1_capacity/manifest.json,data/ventus/V3.1/single_instruction/tensor_capacity/all_directions/legacy--features_ventus_v3_1_capacity/manifest.json,1196,f95d7f58617be08c568ba23645fcc0d188888a6dc5ddefa1416b577d621a50a2
features_ventus_v3_1_capacity_final,results/features_ventus_v3_1_capacity_final/attempt_01.csv,data/ventus/V3.1/single_instruction/tensor_capacity/all_directions/legacy--features_ventus_v3_1_capacity_final/attempt_01.csv,1950,63fd3f2360c48a7c99d1f655ad6086c2672f2b20cb559a568eb94d87a58e0b1a
features_ventus_v3_1_capacity_final,results/features_ventus_v3_1_capacity_final/manifest.json,data/ventus/V3.1/single_instruction/tensor_capacity/all_directions/legacy--features_ventus_v3_1_capacity_final/manifest.json,1195,cbf03f351cac924a8c365a9585087ffda900be5545ce71f154331a3c70973500
features_ventus_v3_1_capacity_final,results/features_ventus_v3_1_capacity_final/pmu/attempt_01/g2s__size_1024.txt,data/ventus/V3.1/single_instruction/tensor_capacity/all_directions/legacy--features_ventus_v3_1_capacity_final/pmu/attempt_01/g2s__size_1024.txt,24072,4f26c925189c927c3bcdf27edfb66c8cbc7e09419d8a35da76bb7e797fd50ba1
features_ventus_v3_1_capacity_final,results/features_ventus_v3_1_capacity_final/pmu/attempt_01/g2s__size_128.txt,data/ventus/V3.1/single_instruction/tensor_capacity/all_directions/legacy--features_ventus_v3_1_capacity_final/pmu/attempt_01/g2s__size_128.txt,24072,6b17d43a49ba5707c77ae745ad23c7e268b4e8739fd85f9ac1e3a38939a33f45
features_ventus_v3_1_capacity_final,results/features_ventus_v3_1_capacity_final/pmu/attempt_01/g2s__size_16384.txt,data/ventus/V3.1/single_instruction/tensor_capacity/all_directions/legacy--features_ventus_v3_1_capacity_final/pmu/attempt_01/g2s__size_16384.txt,24072,3690aaf461c296c3eb4a93a1a1d33c02a55de82435d0924a029a2e1b1d901c7f
features_ventus_v3_1_capacity_final,results/features_ventus_v3_1_capacity_final/pmu/attempt_01/g2s__size_2048.txt,data/ventus/V3.1/single_instruction/tensor_capacity/all_directions/legacy--features_ventus_v3_1_capacity_final/pmu/attempt_01/g2s__size_2048.txt,24072,3201d1f03b5f59b6260de9cb08c84dc4ecb2d484d455df5e3b50c5670cce7662
features_ventus_v3_1_capacity_final,results/features_ventus_v3_1_capacity_final/pmu/attempt_01/g2s__size_256.txt,data/ventus/V3.1/single_instruction/tensor_capacity/all_directions/legacy--features_ventus_v3_1_capacity_final/pmu/attempt_01/g2s__size_256.txt,24072,8467b9e7afd61705450e35ff51bf29c6c93cb885905cebf4eec41e8bb9fdaf38
features_ventus_v3_1_capacity_final,results/features_ventus_v3_1_capacity_final/pmu/attempt_01/g2s__size_32768.txt,data/ventus/V3.1/single_instruction/tensor_capacity/all_directions/legacy--features_ventus_v3_1_capacity_final/pmu/attempt_01/g2s__size_32768.txt,24072,bc83b184b48e28d1bf9bdcc6134fe114977696cb55ef645b470424521496fecd
features_ventus_v3_1_capacity_final,results/features_ventus_v3_1_capacity_final/pmu/attempt_01/g2s__size_4096.txt,data/ventus/V3.1/single_instruction/tensor_capacity/all_directions/legacy--features_ventus_v3_1_capacity_final/pmu/attempt_01/g2s__size_4096.txt,24072,a169354c602d4199c6a7d382075f2dd3a15f6d7602c71902cd88b4521760d7a5
features_ventus_v3_1_capacity_final,results/features_ventus_v3_1_capacity_final/pmu/attempt_01/g2s__size_512.txt,data/ventus/V3.1/single_instruction/tensor_capacity/all_directions/legacy--features_ventus_v3_1_capacity_final/pmu/attempt_01/g2s__size_512.txt,24072,d422a86f3bd1c025032566c9d7c17012405c284b962b34a277819bf86cf8a468
features_ventus_v3_1_capacity_final,results/features_ventus_v3_1_capacity_final/pmu/attempt_01/g2s__size_8192.txt,data/ventus/V3.1/single_instruction/tensor_capacity/all_directions/legacy--features_ventus_v3_1_capacity_final/pmu/attempt_01/g2s__size_8192.txt,24072,1b4ebb68d12739da6d9695df88e3ac2e29d270585a07aecbb10f98fb471cd143
features_ventus_v3_1_capacity_final,results/features_ventus_v3_1_capacity_final/pmu/attempt_01/roundtrip__size_1024.txt,data/ventus/V3.1/single_instruction/tensor_capacity/all_directions/legacy--features_ventus_v3_1_capacity_final/pmu/attempt_01/roundtrip__size_1024.txt,24072,1ed42303057582ee6c5a4e5dbab0cb9f6279505654f50ac40211631653385adf
features_ventus_v3_1_capacity_final,results/features_ventus_v3_1_capacity_final/pmu/attempt_01/roundtrip__size_128.txt,data/ventus/V3.1/single_instruction/tensor_capacity/all_directions/legacy--features_ventus_v3_1_capacity_final/pmu/attempt_01/roundtrip__size_128.txt,24072,1e704d8e732f442d4c0fcf09e4d4fb2ae2bb141be202ac31a8a9b98110a2225d
features_ventus_v3_1_capacity_final,results/features_ventus_v3_1_capacity_final/pmu/attempt_01/roundtrip__size_16384.txt,data/ventus/V3.1/single_instruction/tensor_capacity/all_directions/legacy--features_ventus_v3_1_capacity_final/pmu/attempt_01/roundtrip__size_16384.txt,24072,473e19354ff68093b2d5b3324a973e8e0f379249a4f81826c4e8e73786e67cf0
features_ventus_v3_1_capacity_final,results/features_ventus_v3_1_capacity_final/pmu/attempt_01/roundtrip__size_2048.txt,data/ventus/V3.1/single_instruction/tensor_capacity/all_directions/legacy--features_ventus_v3_1_capacity_final/pmu/attempt_01/roundtrip__size_2048.txt,24072,969055a4e56ba6d72e89426f07c481e5c2e9ccf931acb5b1904090db5a7f9637
features_ventus_v3_1_capacity_final,results/features_ventus_v3_1_capacity_final/pmu/attempt_01/roundtrip__size_256.txt,data/ventus/V3.1/single_instruction/tensor_capacity/all_directions/legacy--features_ventus_v3_1_capacity_final/pmu/attempt_01/roundtrip__size_256.txt,24072,03da5e7486cd2b60e0072d773ee370ee61bb38971f946b63193413a259168d75
features_ventus_v3_1_capacity_final,results/features_ventus_v3_1_capacity_final/pmu/attempt_01/roundtrip__size_32768.txt,data/ventus/V3.1/single_instruction/tensor_capacity/all_directions/legacy--features_ventus_v3_1_capacity_final/pmu/attempt_01/roundtrip__size_32768.txt,24072,cfaec1da3f56e31b2c133bb4917ecae943821233aed491d8cd54a4df0af8fe80
features_ventus_v3_1_capacity_final,results/features_ventus_v3_1_capacity_final/pmu/attempt_01/roundtrip__size_4096.txt,data/ventus/V3.1/single_instruction/tensor_capacity/all_directions/legacy--features_ventus_v3_1_capacity_final/pmu/attempt_01/roundtrip__size_4096.txt,24072,c372f3c34293775892abb5bd7860f227ebedc8b8be80145d6b2d7138eb73504d
features_ventus_v3_1_capacity_final,results/features_ventus_v3_1_capacity_final/pmu/attempt_01/roundtrip__size_512.txt,data/ventus/V3.1/single_instruction/tensor_capacity/all_directions/legacy--features_ventus_v3_1_capacity_final/pmu/attempt_01/roundtrip__size_512.txt,24072,6c673634b3153969fc2ed8171517aea87bed7d0b7e93af090eb32c6dab1ecfab
features_ventus_v3_1_capacity_final,results/features_ventus_v3_1_capacity_final/pmu/attempt_01/roundtrip__size_8192.txt,data/ventus/V3.1/single_instruction/tensor_capacity/all_directions/legacy--features_ventus_v3_1_capacity_final/pmu/attempt_01/roundtrip__size_8192.txt,24072,bcea291bc957040afb88d0a9b44808b793b44cb76ab66eb79141e94fa36132f1
features_ventus_v3_1_capacity_final,results/features_ventus_v3_1_capacity_final/pmu/attempt_01/s2g__size_1024.txt,data/ventus/V3.1/single_instruction/tensor_capacity/all_directions/legacy--features_ventus_v3_1_capacity_final/pmu/attempt_01/s2g__size_1024.txt,24072,58e1a8962e856b1a8a0fc2d8f17aa74a3a3669d0f14f43d8206bc16687d7fc8b
features_ventus_v3_1_capacity_final,results/features_ventus_v3_1_capacity_final/pmu/attempt_01/s2g__size_128.txt,data/ventus/V3.1/single_instruction/tensor_capacity/all_directions/legacy--features_ventus_v3_1_capacity_final/pmu/attempt_01/s2g__size_128.txt,24072,4c9e0360225b50993bc3bcb148217a28b04f0392aa2811d1ac0b666161461cc1
features_ventus_v3_1_capacity_final,results/features_ventus_v3_1_capacity_final/pmu/attempt_01/s2g__size_16384.txt,data/ventus/V3.1/single_instruction/tensor_capacity/all_directions/legacy--features_ventus_v3_1_capacity_final/pmu/attempt_01/s2g__size_16384.txt,24072,c1bfed16db3a1049f38c719291abc99a79acd1ca9bbfb2a698ec325e1f3bb6c6
features_ventus_v3_1_capacity_final,results/features_ventus_v3_1_capacity_final/pmu/attempt_01/s2g__size_2048.txt,data/ventus/V3.1/single_instruction/tensor_capacity/all_directions/legacy--features_ventus_v3_1_capacity_final/pmu/attempt_01/s2g__size_2048.txt,24072,a14869156a5b8b135395932730c250d71d8edce726034a0b8bd40a51a69244d2
features_ventus_v3_1_capacity_final,results/features_ventus_v3_1_capacity_final/pmu/attempt_01/s2g__size_256.txt,data/ventus/V3.1/single_instruction/tensor_capacity/all_directions/legacy--features_ventus_v3_1_capacity_final/pmu/attempt_01/s2g__size_256.txt,24072,4858edf6bcbc30e0f75a2e35bc4d538cf61dcab2af286908927452b6d286bb92
features_ventus_v3_1_capacity_final,results/features_ventus_v3_1_capacity_final/pmu/attempt_01/s2g__size_32768.txt,data/ventus/V3.1/single_instruction/tensor_capacity/all_directions/legacy--features_ventus_v3_1_capacity_final/pmu/attempt_01/s2g__size_32768.txt,24072,c64c2f57658e90de659b7c133f714cd2593e56b21584983978b9311f27628303
features_ventus_v3_1_capacity_final,results/features_ventus_v3_1_capacity_final/pmu/attempt_01/s2g__size_4096.txt,data/ventus/V3.1/single_instruction/tensor_capacity/all_directions/legacy--features_ventus_v3_1_capacity_final/pmu/attempt_01/s2g__size_4096.txt,24072,c157b0bc00293788c029aa513b8dde0ee7a6f5647bd5e8a52960b3ad5967e872
features_ventus_v3_1_capacity_final,results/features_ventus_v3_1_capacity_final/pmu/attempt_01/s2g__size_512.txt,data/ventus/V3.1/single_instruction/tensor_capacity/all_directions/legacy--features_ventus_v3_1_capacity_final/pmu/attempt_01/s2g__size_512.txt,24072,f94789f9c4ede1bcf3af2d4f3e2cdf368306a1638266ce710b3363c0c2053d7b
features_ventus_v3_1_capacity_final,results/features_ventus_v3_1_capacity_final/pmu/attempt_01/s2g__size_8192.txt,data/ventus/V3.1/single_instruction/tensor_capacity/all_directions/legacy--features_ventus_v3_1_capacity_final/pmu/attempt_01/s2g__size_8192.txt,24072,80484afd083263d5d11edbe46b4e07e8711465be8cf39093cfdea45c09aa02cf
features_ventus_v3_1_capacity_pmu,results/features_ventus_v3_1_capacity_pmu/attempt_01.csv,data/ventus/V3.1/single_instruction/tensor_capacity/all_directions/legacy--features_ventus_v3_1_capacity_pmu/attempt_01.csv,733,660c72b9f1e424ea3dd3fedd3858b65bc1b001d6200baf64d9b8ad5b27a8d530
features_ventus_v3_1_capacity_pmu,results/features_ventus_v3_1_capacity_pmu/manifest.json,data/ventus/V3.1/single_instruction/tensor_capacity/all_directions/legacy--features_ventus_v3_1_capacity_pmu/manifest.json,992,732bd218e8cd28620bdc673f4ebf685f65306fd2921796120922ff812491061c
features_ventus_v3_1_capacity_pmu,results/features_ventus_v3_1_capacity_pmu/pmu/attempt_01/g2s__size_128.txt,data/ventus/V3.1/single_instruction/tensor_capacity/all_directions/legacy--features_ventus_v3_1_capacity_pmu/pmu/attempt_01/g2s__size_128.txt,9056,18658e2af949e9c7b234c11d48ccb44176b3be049a39b218b9cbeb5a2836f097
features_ventus_v3_1_capacity_pmu,results/features_ventus_v3_1_capacity_pmu/pmu/attempt_01/g2s__size_32768.txt,data/ventus/V3.1/single_instruction/tensor_capacity/all_directions/legacy--features_ventus_v3_1_capacity_pmu/pmu/attempt_01/g2s__size_32768.txt,9056,a3fcf6ed8c74b9a2229c6edf8f6e0a95dd0c1fd6205c7e4518c234925528d209
features_ventus_v3_1_capacity_pmu,results/features_ventus_v3_1_capacity_pmu/pmu/attempt_01/g2s__size_4096.txt,data/ventus/V3.1/single_instruction/tensor_capacity/all_directions/legacy--features_ventus_v3_1_capacity_pmu/pmu/attempt_01/g2s__size_4096.txt,9056,b6b84e1d45e95cd1be98bab09da51bde29bde5111bca3698cd745db12094cfaa
features_ventus_v3_1_capacity_pmu,results/features_ventus_v3_1_capacity_pmu/pmu/attempt_01/roundtrip__size_128.txt,data/ventus/V3.1/single_instruction/tensor_capacity/all_directions/legacy--features_ventus_v3_1_capacity_pmu/pmu/attempt_01/roundtrip__size_128.txt,9056,ed115fbcf7b5f35294ca0a3e209ca8d79779f1d3e2ad5181b4e2f53cf5f8564e
features_ventus_v3_1_capacity_pmu,results/features_ventus_v3_1_capacity_pmu/pmu/attempt_01/roundtrip__size_32768.txt,data/ventus/V3.1/single_instruction/tensor_capacity/all_directions/legacy--features_ventus_v3_1_capacity_pmu/pmu/attempt_01/roundtrip__size_32768.txt,9056,ecfea3b03ae7871cd63006365f0b1189b727885076f1fc2a967f09d21e340c01
features_ventus_v3_1_capacity_pmu,results/features_ventus_v3_1_capacity_pmu/pmu/attempt_01/roundtrip__size_4096.txt,data/ventus/V3.1/single_instruction/tensor_capacity/all_directions/legacy--features_ventus_v3_1_capacity_pmu/pmu/attempt_01/roundtrip__size_4096.txt,9056,957d8c6bd9ae5e54dd6552e081f412ee1c88f79962f1959d2fcbc3d56b728698
features_ventus_v3_1_capacity_pmu,results/features_ventus_v3_1_capacity_pmu/pmu/attempt_01/s2g__size_128.txt,data/ventus/V3.1/single_instruction/tensor_capacity/all_directions/legacy--features_ventus_v3_1_capacity_pmu/pmu/attempt_01/s2g__size_128.txt,9056,8f20c90e6b36b7095e75a65e3d51774d31be6b5b7bd1904c4ebdb2ad91db3271
features_ventus_v3_1_capacity_pmu,results/features_ventus_v3_1_capacity_pmu/pmu/attempt_01/s2g__size_32768.txt,data/ventus/V3.1/single_instruction/tensor_capacity/all_directions/legacy--features_ventus_v3_1_capacity_pmu/pmu/attempt_01/s2g__size_32768.txt,9056,dfa4d500e6b2e8deee544c5660b30970808d81f34514487771a15d195fb28767
features_ventus_v3_1_capacity_pmu,results/features_ventus_v3_1_capacity_pmu/pmu/attempt_01/s2g__size_4096.txt,data/ventus/V3.1/single_instruction/tensor_capacity/all_directions/legacy--features_ventus_v3_1_capacity_pmu/pmu/attempt_01/s2g__size_4096.txt,9056,b616994df80f69537865c98a319dc8154244940c427984d50dc27cbce4d2a989
features_ventus_v3_1_capacity_pre_element_stride_fix,results/features_ventus_v3_1_capacity_pre_element_stride_fix/attempt_01.csv,archive/results/ventus/V3.1/tensor_capacity/features_ventus_v3_1_capacity_pre_element_stride_fix/attempt_01.csv,1950,63fd3f2360c48a7c99d1f655ad6086c2672f2b20cb559a568eb94d87a58e0b1a
features_ventus_v3_1_capacity_pre_element_stride_fix,results/features_ventus_v3_1_capacity_pre_element_stride_fix/manifest.json,archive/results/ventus/V3.1/tensor_capacity/features_ventus_v3_1_capacity_pre_element_stride_fix/manifest.json,1195,886042469a20ab5dd76ca1ae6ecc7b0b5cb5f2d88341a2c53ae3a61bb6d5fb66
features_ventus_v3_1_capacity_pre_element_stride_fix,results/features_ventus_v3_1_capacity_pre_element_stride_fix/pmu/attempt_01/g2s__size_1024.txt,archive/results/ventus/V3.1/tensor_capacity/features_ventus_v3_1_capacity_pre_element_stride_fix/pmu/attempt_01/g2s__size_1024.txt,24072,4f26c925189c927c3bcdf27edfb66c8cbc7e09419d8a35da76bb7e797fd50ba1
features_ventus_v3_1_capacity_pre_element_stride_fix,results/features_ventus_v3_1_capacity_pre_element_stride_fix/pmu/attempt_01/g2s__size_128.txt,archive/results/ventus/V3.1/tensor_capacity/features_ventus_v3_1_capacity_pre_element_stride_fix/pmu/attempt_01/g2s__size_128.txt,24072,6b17d43a49ba5707c77ae745ad23c7e268b4e8739fd85f9ac1e3a38939a33f45
features_ventus_v3_1_capacity_pre_element_stride_fix,results/features_ventus_v3_1_capacity_pre_element_stride_fix/pmu/attempt_01/g2s__size_16384.txt,archive/results/ventus/V3.1/tensor_capacity/features_ventus_v3_1_capacity_pre_element_stride_fix/pmu/attempt_01/g2s__size_16384.txt,24072,3690aaf461c296c3eb4a93a1a1d33c02a55de82435d0924a029a2e1b1d901c7f
features_ventus_v3_1_capacity_pre_element_stride_fix,results/features_ventus_v3_1_capacity_pre_element_stride_fix/pmu/attempt_01/g2s__size_2048.txt,archive/results/ventus/V3.1/tensor_capacity/features_ventus_v3_1_capacity_pre_element_stride_fix/pmu/attempt_01/g2s__size_2048.txt,24072,3201d1f03b5f59b6260de9cb08c84dc4ecb2d484d455df5e3b50c5670cce7662
features_ventus_v3_1_capacity_pre_element_stride_fix,results/features_ventus_v3_1_capacity_pre_element_stride_fix/pmu/attempt_01/g2s__size_256.txt,archive/results/ventus/V3.1/tensor_capacity/features_ventus_v3_1_capacity_pre_element_stride_fix/pmu/attempt_01/g2s__size_256.txt,24072,8467b9e7afd61705450e35ff51bf29c6c93cb885905cebf4eec41e8bb9fdaf38
features_ventus_v3_1_capacity_pre_element_stride_fix,results/features_ventus_v3_1_capacity_pre_element_stride_fix/pmu/attempt_01/g2s__size_32768.txt,archive/results/ventus/V3.1/tensor_capacity/features_ventus_v3_1_capacity_pre_element_stride_fix/pmu/attempt_01/g2s__size_32768.txt,24072,bc83b184b48e28d1bf9bdcc6134fe114977696cb55ef645b470424521496fecd
features_ventus_v3_1_capacity_pre_element_stride_fix,results/features_ventus_v3_1_capacity_pre_element_stride_fix/pmu/attempt_01/g2s__size_4096.txt,archive/results/ventus/V3.1/tensor_capacity/features_ventus_v3_1_capacity_pre_element_stride_fix/pmu/attempt_01/g2s__size_4096.txt,24072,a169354c602d4199c6a7d382075f2dd3a15f6d7602c71902cd88b4521760d7a5
features_ventus_v3_1_capacity_pre_element_stride_fix,results/features_ventus_v3_1_capacity_pre_element_stride_fix/pmu/attempt_01/g2s__size_512.txt,archive/results/ventus/V3.1/tensor_capacity/features_ventus_v3_1_capacity_pre_element_stride_fix/pmu/attempt_01/g2s__size_512.txt,24072,d422a86f3bd1c025032566c9d7c17012405c284b962b34a277819bf86cf8a468
features_ventus_v3_1_capacity_pre_element_stride_fix,results/features_ventus_v3_1_capacity_pre_element_stride_fix/pmu/attempt_01/g2s__size_8192.txt,archive/results/ventus/V3.1/tensor_capacity/features_ventus_v3_1_capacity_pre_element_stride_fix/pmu/attempt_01/g2s__size_8192.txt,24072,1b4ebb68d12739da6d9695df88e3ac2e29d270585a07aecbb10f98fb471cd143
features_ventus_v3_1_capacity_pre_element_stride_fix,results/features_ventus_v3_1_capacity_pre_element_stride_fix/pmu/attempt_01/roundtrip__size_1024.txt,archive/results/ventus/V3.1/tensor_capacity/features_ventus_v3_1_capacity_pre_element_stride_fix/pmu/attempt_01/roundtrip__size_1024.txt,24072,1ed42303057582ee6c5a4e5dbab0cb9f6279505654f50ac40211631653385adf
features_ventus_v3_1_capacity_pre_element_stride_fix,results/features_ventus_v3_1_capacity_pre_element_stride_fix/pmu/attempt_01/roundtrip__size_128.txt,archive/results/ventus/V3.1/tensor_capacity/features_ventus_v3_1_capacity_pre_element_stride_fix/pmu/attempt_01/roundtrip__size_128.txt,24072,1e704d8e732f442d4c0fcf09e4d4fb2ae2bb141be202ac31a8a9b98110a2225d
features_ventus_v3_1_capacity_pre_element_stride_fix,results/features_ventus_v3_1_capacity_pre_element_stride_fix/pmu/attempt_01/roundtrip__size_16384.txt,archive/results/ventus/V3.1/tensor_capacity/features_ventus_v3_1_capacity_pre_element_stride_fix/pmu/attempt_01/roundtrip__size_16384.txt,24072,473e19354ff68093b2d5b3324a973e8e0f379249a4f81826c4e8e73786e67cf0
features_ventus_v3_1_capacity_pre_element_stride_fix,results/features_ventus_v3_1_capacity_pre_element_stride_fix/pmu/attempt_01/roundtrip__size_2048.txt,archive/results/ventus/V3.1/tensor_capacity/features_ventus_v3_1_capacity_pre_element_stride_fix/pmu/attempt_01/roundtrip__size_2048.txt,24072,969055a4e56ba6d72e89426f07c481e5c2e9ccf931acb5b1904090db5a7f9637
features_ventus_v3_1_capacity_pre_element_stride_fix,results/features_ventus_v3_1_capacity_pre_element_stride_fix/pmu/attempt_01/roundtrip__size_256.txt,archive/results/ventus/V3.1/tensor_capacity/features_ventus_v3_1_capacity_pre_element_stride_fix/pmu/attempt_01/roundtrip__size_256.txt,24072,03da5e7486cd2b60e0072d773ee370ee61bb38971f946b63193413a259168d75
features_ventus_v3_1_capacity_pre_element_stride_fix,results/features_ventus_v3_1_capacity_pre_element_stride_fix/pmu/attempt_01/roundtrip__size_32768.txt,archive/results/ventus/V3.1/tensor_capacity/features_ventus_v3_1_capacity_pre_element_stride_fix/pmu/attempt_01/roundtrip__size_32768.txt,24072,cfaec1da3f56e31b2c133bb4917ecae943821233aed491d8cd54a4df0af8fe80
features_ventus_v3_1_capacity_pre_element_stride_fix,results/features_ventus_v3_1_capacity_pre_element_stride_fix/pmu/attempt_01/roundtrip__size_4096.txt,archive/results/ventus/V3.1/tensor_capacity/features_ventus_v3_1_capacity_pre_element_stride_fix/pmu/attempt_01/roundtrip__size_4096.txt,24072,c372f3c34293775892abb5bd7860f227ebedc8b8be80145d6b2d7138eb73504d
features_ventus_v3_1_capacity_pre_element_stride_fix,results/features_ventus_v3_1_capacity_pre_element_stride_fix/pmu/attempt_01/roundtrip__size_512.txt,archive/results/ventus/V3.1/tensor_capacity/features_ventus_v3_1_capacity_pre_element_stride_fix/pmu/attempt_01/roundtrip__size_512.txt,24072,6c673634b3153969fc2ed8171517aea87bed7d0b7e93af090eb32c6dab1ecfab
features_ventus_v3_1_capacity_pre_element_stride_fix,results/features_ventus_v3_1_capacity_pre_element_stride_fix/pmu/attempt_01/roundtrip__size_8192.txt,archive/results/ventus/V3.1/tensor_capacity/features_ventus_v3_1_capacity_pre_element_stride_fix/pmu/attempt_01/roundtrip__size_8192.txt,24072,bcea291bc957040afb88d0a9b44808b793b44cb76ab66eb79141e94fa36132f1
features_ventus_v3_1_capacity_pre_element_stride_fix,results/features_ventus_v3_1_capacity_pre_element_stride_fix/pmu/attempt_01/s2g__size_1024.txt,archive/results/ventus/V3.1/tensor_capacity/features_ventus_v3_1_capacity_pre_element_stride_fix/pmu/attempt_01/s2g__size_1024.txt,24072,58e1a8962e856b1a8a0fc2d8f17aa74a3a3669d0f14f43d8206bc16687d7fc8b
features_ventus_v3_1_capacity_pre_element_stride_fix,results/features_ventus_v3_1_capacity_pre_element_stride_fix/pmu/attempt_01/s2g__size_128.txt,archive/results/ventus/V3.1/tensor_capacity/features_ventus_v3_1_capacity_pre_element_stride_fix/pmu/attempt_01/s2g__size_128.txt,24072,4c9e0360225b50993bc3bcb148217a28b04f0392aa2811d1ac0b666161461cc1
features_ventus_v3_1_capacity_pre_element_stride_fix,results/features_ventus_v3_1_capacity_pre_element_stride_fix/pmu/attempt_01/s2g__size_16384.txt,archive/results/ventus/V3.1/tensor_capacity/features_ventus_v3_1_capacity_pre_element_stride_fix/pmu/attempt_01/s2g__size_16384.txt,24072,c1bfed16db3a1049f38c719291abc99a79acd1ca9bbfb2a698ec325e1f3bb6c6
features_ventus_v3_1_capacity_pre_element_stride_fix,results/features_ventus_v3_1_capacity_pre_element_stride_fix/pmu/attempt_01/s2g__size_2048.txt,archive/results/ventus/V3.1/tensor_capacity/features_ventus_v3_1_capacity_pre_element_stride_fix/pmu/attempt_01/s2g__size_2048.txt,24072,a14869156a5b8b135395932730c250d71d8edce726034a0b8bd40a51a69244d2
features_ventus_v3_1_capacity_pre_element_stride_fix,results/features_ventus_v3_1_capacity_pre_element_stride_fix/pmu/attempt_01/s2g__size_256.txt,archive/results/ventus/V3.1/tensor_capacity/features_ventus_v3_1_capacity_pre_element_stride_fix/pmu/attempt_01/s2g__size_256.txt,24072,4858edf6bcbc30e0f75a2e35bc4d538cf61dcab2af286908927452b6d286bb92
features_ventus_v3_1_capacity_pre_element_stride_fix,results/features_ventus_v3_1_capacity_pre_element_stride_fix/pmu/attempt_01/s2g__size_32768.txt,archive/results/ventus/V3.1/tensor_capacity/features_ventus_v3_1_capacity_pre_element_stride_fix/pmu/attempt_01/s2g__size_32768.txt,24072,c64c2f57658e90de659b7c133f714cd2593e56b21584983978b9311f27628303
features_ventus_v3_1_capacity_pre_element_stride_fix,results/features_ventus_v3_1_capacity_pre_element_stride_fix/pmu/attempt_01/s2g__size_4096.txt,archive/results/ventus/V3.1/tensor_capacity/features_ventus_v3_1_capacity_pre_element_stride_fix/pmu/attempt_01/s2g__size_4096.txt,24072,c157b0bc00293788c029aa513b8dde0ee7a6f5647bd5e8a52960b3ad5967e872
features_ventus_v3_1_capacity_pre_element_stride_fix,results/features_ventus_v3_1_capacity_pre_element_stride_fix/pmu/attempt_01/s2g__size_512.txt,archive/results/ventus/V3.1/tensor_capacity/features_ventus_v3_1_capacity_pre_element_stride_fix/pmu/attempt_01/s2g__size_512.txt,24072,f94789f9c4ede1bcf3af2d4f3e2cdf368306a1638266ce710b3363c0c2053d7b
features_ventus_v3_1_capacity_pre_element_stride_fix,results/features_ventus_v3_1_capacity_pre_element_stride_fix/pmu/attempt_01/s2g__size_8192.txt,archive/results/ventus/V3.1/tensor_capacity/features_ventus_v3_1_capacity_pre_element_stride_fix/pmu/attempt_01/s2g__size_8192.txt,24072,80484afd083263d5d11edbe46b4e07e8711465be8cf39093cfdea45c09aa02cf
features_ventus_v3_1_descriptor,results/features_ventus_v3_1_descriptor/attempt_01.csv,data/ventus/V3.1/single_instruction/descriptor_features/all_directions/legacy--features_ventus_v3_1_descriptor/attempt_01.csv,2311,17320206e4a28f1f90859b6cf19fe2f9acc6d8448fe7637277bf80e05c7ab7de
features_ventus_v3_1_descriptor,results/features_ventus_v3_1_descriptor/failure_tail_pre_element_stride_fix.txt,data/ventus/V3.1/single_instruction/descriptor_features/all_directions/legacy--features_ventus_v3_1_descriptor/failure_tail_pre_element_stride_fix.txt,3622,7426b442cf8c268029c8b57b5b59136425d20cba98b55bbb49d126334f21bfd7
features_ventus_v3_1_descriptor,results/features_ventus_v3_1_descriptor/failure_tail_pre_spike_element_stride_fix.txt,data/ventus/V3.1/single_instruction/descriptor_features/all_directions/legacy--features_ventus_v3_1_descriptor/failure_tail_pre_spike_element_stride_fix.txt,10194,4817d2f4ef5f27a347a07c7674598b4422a181669ef46b6674af0ae8b9d09043
features_ventus_v3_1_descriptor,results/features_ventus_v3_1_descriptor/manifest.json,data/ventus/V3.1/single_instruction/descriptor_features/all_directions/legacy--features_ventus_v3_1_descriptor/manifest.json,1372,0a3d2eaf2480e57967063f7c7c25e16808ac98e53da786f34a6c0158b2559bca
features_ventus_v3_1_descriptor,results/features_ventus_v3_1_descriptor/pmu/attempt_01/g2s__oob_100.txt,data/ventus/V3.1/single_instruction/descriptor_features/all_directions/legacy--features_ventus_v3_1_descriptor/pmu/attempt_01/g2s__oob_100.txt,24072,f2d97d18af51a335439417c3295be0deed5bc2f0bdcacd4f24df29e25adcbeba
features_ventus_v3_1_descriptor,results/features_ventus_v3_1_descriptor/pmu/attempt_01/g2s__oob_25.txt,data/ventus/V3.1/single_instruction/descriptor_features/all_directions/legacy--features_ventus_v3_1_descriptor/pmu/attempt_01/g2s__oob_25.txt,24072,a169354c602d4199c6a7d382075f2dd3a15f6d7602c71902cd88b4521760d7a5
features_ventus_v3_1_descriptor,results/features_ventus_v3_1_descriptor/pmu/attempt_01/g2s__oob_50.txt,data/ventus/V3.1/single_instruction/descriptor_features/all_directions/legacy--features_ventus_v3_1_descriptor/pmu/attempt_01/g2s__oob_50.txt,24072,a169354c602d4199c6a7d382075f2dd3a15f6d7602c71902cd88b4521760d7a5
features_ventus_v3_1_descriptor,results/features_ventus_v3_1_descriptor/pmu/attempt_01/g2s__rank1_contiguous.txt,data/ventus/V3.1/single_instruction/descriptor_features/all_directions/legacy--features_ventus_v3_1_descriptor/pmu/attempt_01/g2s__rank1_contiguous.txt,24072,9d56fcb367acf8ea77987f1b3323e0f1d99faf8042e79fd6559c2eb7b24ede8f
features_ventus_v3_1_descriptor,results/features_ventus_v3_1_descriptor/pmu/attempt_01/g2s__rank2_contiguous.txt,data/ventus/V3.1/single_instruction/descriptor_features/all_directions/legacy--features_ventus_v3_1_descriptor/pmu/attempt_01/g2s__rank2_contiguous.txt,24072,a169354c602d4199c6a7d382075f2dd3a15f6d7602c71902cd88b4521760d7a5
features_ventus_v3_1_descriptor,results/features_ventus_v3_1_descriptor/pmu/attempt_01/g2s__rank2_element_stride2.txt,data/ventus/V3.1/single_instruction/descriptor_features/all_directions/legacy--features_ventus_v3_1_descriptor/pmu/attempt_01/g2s__rank2_element_stride2.txt,24072,a169354c602d4199c6a7d382075f2dd3a15f6d7602c71902cd88b4521760d7a5
features_ventus_v3_1_descriptor,results/features_ventus_v3_1_descriptor/pmu/attempt_01/g2s__rank2_row_stride2.txt,data/ventus/V3.1/single_instruction/descriptor_features/all_directions/legacy--features_ventus_v3_1_descriptor/pmu/attempt_01/g2s__rank2_row_stride2.txt,24072,a169354c602d4199c6a7d382075f2dd3a15f6d7602c71902cd88b4521760d7a5
features_ventus_v3_1_descriptor,results/features_ventus_v3_1_descriptor/pmu/attempt_01/g2s__rank3_contiguous.txt,data/ventus/V3.1/single_instruction/descriptor_features/all_directions/legacy--features_ventus_v3_1_descriptor/pmu/attempt_01/g2s__rank3_contiguous.txt,24072,3c1b9f20a8cf168bf6cc3a7073c9ab5b2fb276a9395719535b4885a30c618522
features_ventus_v3_1_descriptor,results/features_ventus_v3_1_descriptor/pmu/attempt_01/g2s__rank4_contiguous.txt,data/ventus/V3.1/single_instruction/descriptor_features/all_directions/legacy--features_ventus_v3_1_descriptor/pmu/attempt_01/g2s__rank4_contiguous.txt,24072,93131cd7f20521364e0fa741c4119160876fb63b18ee59091367e0cf153619b6
features_ventus_v3_1_descriptor,results/features_ventus_v3_1_descriptor/pmu/attempt_01/g2s__rank5_contiguous.txt,data/ventus/V3.1/single_instruction/descriptor_features/all_directions/legacy--features_ventus_v3_1_descriptor/pmu/attempt_01/g2s__rank5_contiguous.txt,24072,9961c8708531e84e8891441bd74c69b22543ebbccdb903121b1643730d87e619
features_ventus_v3_1_descriptor,results/features_ventus_v3_1_descriptor/pmu/attempt_01/g2s__tile_16x16.txt,data/ventus/V3.1/single_instruction/descriptor_features/all_directions/legacy--features_ventus_v3_1_descriptor/pmu/attempt_01/g2s__tile_16x16.txt,24072,4f26c925189c927c3bcdf27edfb66c8cbc7e09419d8a35da76bb7e797fd50ba1
features_ventus_v3_1_descriptor,results/features_ventus_v3_1_descriptor/pmu/attempt_01/g2s__tile_32x16.txt,data/ventus/V3.1/single_instruction/descriptor_features/all_directions/legacy--features_ventus_v3_1_descriptor/pmu/attempt_01/g2s__tile_32x16.txt,24072,3201d1f03b5f59b6260de9cb08c84dc4ecb2d484d455df5e3b50c5670cce7662
features_ventus_v3_1_descriptor,results/features_ventus_v3_1_descriptor/pmu/attempt_01/g2s__tile_32x32.txt,data/ventus/V3.1/single_instruction/descriptor_features/all_directions/legacy--features_ventus_v3_1_descriptor/pmu/attempt_01/g2s__tile_32x32.txt,24072,a169354c602d4199c6a7d382075f2dd3a15f6d7602c71902cd88b4521760d7a5
features_ventus_v3_1_descriptor,results/features_ventus_v3_1_descriptor/pmu/attempt_01/g2s__tile_64x32.txt,data/ventus/V3.1/single_instruction/descriptor_features/all_directions/legacy--features_ventus_v3_1_descriptor/pmu/attempt_01/g2s__tile_64x32.txt,24072,1b4ebb68d12739da6d9695df88e3ac2e29d270585a07aecbb10f98fb471cd143
features_ventus_v3_1_descriptor,results/features_ventus_v3_1_descriptor/pmu/attempt_01/g2s__tile_64x64.txt,data/ventus/V3.1/single_instruction/descriptor_features/all_directions/legacy--features_ventus_v3_1_descriptor/pmu/attempt_01/g2s__tile_64x64.txt,24072,3690aaf461c296c3eb4a93a1a1d33c02a55de82435d0924a029a2e1b1d901c7f
features_ventus_v3_1_descriptor,results/features_ventus_v3_1_descriptor/pmu/attempt_01/roundtrip__interleave16.txt,data/ventus/V3.1/single_instruction/descriptor_features/all_directions/legacy--features_ventus_v3_1_descriptor/pmu/attempt_01/roundtrip__interleave16.txt,24072,af9277429164358bc1976e444c3bc3a1e678b4d7124711eaff17aa1168c500ff
features_ventus_v3_1_descriptor,results/features_ventus_v3_1_descriptor/pmu/attempt_01/roundtrip__interleave16_u16.txt,data/ventus/V3.1/single_instruction/descriptor_features/all_directions/legacy--features_ventus_v3_1_descriptor/pmu/attempt_01/roundtrip__interleave16_u16.txt,24072,af9277429164358bc1976e444c3bc3a1e678b4d7124711eaff17aa1168c500ff
features_ventus_v3_1_descriptor,results/features_ventus_v3_1_descriptor/pmu/attempt_01/roundtrip__interleave32.txt,data/ventus/V3.1/single_instruction/descriptor_features/all_directions/legacy--features_ventus_v3_1_descriptor/pmu/attempt_01/roundtrip__interleave32.txt,24072,af9277429164358bc1976e444c3bc3a1e678b4d7124711eaff17aa1168c500ff
features_ventus_v3_1_descriptor,results/features_ventus_v3_1_descriptor/pmu/attempt_01/roundtrip__swizzle128.txt,data/ventus/V3.1/single_instruction/descriptor_features/all_directions/legacy--features_ventus_v3_1_descriptor/pmu/attempt_01/roundtrip__swizzle128.txt,24072,c372f3c34293775892abb5bd7860f227ebedc8b8be80145d6b2d7138eb73504d
features_ventus_v3_1_descriptor,results/features_ventus_v3_1_descriptor/pmu/attempt_01/roundtrip__swizzle32.txt,data/ventus/V3.1/single_instruction/descriptor_features/all_directions/legacy--features_ventus_v3_1_descriptor/pmu/attempt_01/roundtrip__swizzle32.txt,24072,c372f3c34293775892abb5bd7860f227ebedc8b8be80145d6b2d7138eb73504d
features_ventus_v3_1_descriptor,results/features_ventus_v3_1_descriptor/pmu/attempt_01/roundtrip__swizzle64.txt,data/ventus/V3.1/single_instruction/descriptor_features/all_directions/legacy--features_ventus_v3_1_descriptor/pmu/attempt_01/roundtrip__swizzle64.txt,24072,c372f3c34293775892abb5bd7860f227ebedc8b8be80145d6b2d7138eb73504d
features_ventus_v3_1_descriptor,results/features_ventus_v3_1_descriptor/pmu/attempt_01/roundtrip__tile_16x16.txt,data/ventus/V3.1/single_instruction/descriptor_features/all_directions/legacy--features_ventus_v3_1_descriptor/pmu/attempt_01/roundtrip__tile_16x16.txt,24072,1ed42303057582ee6c5a4e5dbab0cb9f6279505654f50ac40211631653385adf
features_ventus_v3_1_descriptor,results/features_ventus_v3_1_descriptor/pmu/attempt_01/roundtrip__tile_32x16.txt,data/ventus/V3.1/single_instruction/descriptor_features/all_directions/legacy--features_ventus_v3_1_descriptor/pmu/attempt_01/roundtrip__tile_32x16.txt,24072,969055a4e56ba6d72e89426f07c481e5c2e9ccf931acb5b1904090db5a7f9637
features_ventus_v3_1_descriptor,results/features_ventus_v3_1_descriptor/pmu/attempt_01/roundtrip__tile_32x32.txt,data/ventus/V3.1/single_instruction/descriptor_features/all_directions/legacy--features_ventus_v3_1_descriptor/pmu/attempt_01/roundtrip__tile_32x32.txt,24072,c372f3c34293775892abb5bd7860f227ebedc8b8be80145d6b2d7138eb73504d
features_ventus_v3_1_descriptor,results/features_ventus_v3_1_descriptor/pmu/attempt_01/roundtrip__tile_64x32.txt,data/ventus/V3.1/single_instruction/descriptor_features/all_directions/legacy--features_ventus_v3_1_descriptor/pmu/attempt_01/roundtrip__tile_64x32.txt,24072,bcea291bc957040afb88d0a9b44808b793b44cb76ab66eb79141e94fa36132f1
features_ventus_v3_1_descriptor,results/features_ventus_v3_1_descriptor/pmu/attempt_01/roundtrip__tile_64x64.txt,data/ventus/V3.1/single_instruction/descriptor_features/all_directions/legacy--features_ventus_v3_1_descriptor/pmu/attempt_01/roundtrip__tile_64x64.txt,24072,473e19354ff68093b2d5b3324a973e8e0f379249a4f81826c4e8e73786e67cf0
features_ventus_v3_1_descriptor,results/features_ventus_v3_1_descriptor/pmu/attempt_01/s2g__tile_16x16.txt,data/ventus/V3.1/single_instruction/descriptor_features/all_directions/legacy--features_ventus_v3_1_descriptor/pmu/attempt_01/s2g__tile_16x16.txt,24072,58e1a8962e856b1a8a0fc2d8f17aa74a3a3669d0f14f43d8206bc16687d7fc8b
features_ventus_v3_1_descriptor,results/features_ventus_v3_1_descriptor/pmu/attempt_01/s2g__tile_32x16.txt,data/ventus/V3.1/single_instruction/descriptor_features/all_directions/legacy--features_ventus_v3_1_descriptor/pmu/attempt_01/s2g__tile_32x16.txt,24072,a14869156a5b8b135395932730c250d71d8edce726034a0b8bd40a51a69244d2
features_ventus_v3_1_descriptor,results/features_ventus_v3_1_descriptor/pmu/attempt_01/s2g__tile_32x32.txt,data/ventus/V3.1/single_instruction/descriptor_features/all_directions/legacy--features_ventus_v3_1_descriptor/pmu/attempt_01/s2g__tile_32x32.txt,24072,c157b0bc00293788c029aa513b8dde0ee7a6f5647bd5e8a52960b3ad5967e872
features_ventus_v3_1_descriptor,results/features_ventus_v3_1_descriptor/pmu/attempt_01/s2g__tile_64x32.txt,data/ventus/V3.1/single_instruction/descriptor_features/all_directions/legacy--features_ventus_v3_1_descriptor/pmu/attempt_01/s2g__tile_64x32.txt,24072,80484afd083263d5d11edbe46b4e07e8711465be8cf39093cfdea45c09aa02cf
features_ventus_v3_1_descriptor,results/features_ventus_v3_1_descriptor/pmu/attempt_01/s2g__tile_64x64.txt,data/ventus/V3.1/single_instruction/descriptor_features/all_directions/legacy--features_ventus_v3_1_descriptor/pmu/attempt_01/s2g__tile_64x64.txt,24072,c1bfed16db3a1049f38c719291abc99a79acd1ca9bbfb2a698ec325e1f3bb6c6
features_ventus_v3_1_descriptor_hit_gvm_reference_failure,results/features_ventus_v3_1_descriptor_hit_gvm_reference_failure/failure_tail.txt,archive/results/ventus/V3.1/descriptor_features/features_ventus_v3_1_descriptor_hit_gvm_reference_failure/failure_tail.txt,11157,92835eea75ddc57d15f5124120348628280698c79dd0dcdffefcc96c846bfa82
features_ventus_v3_1_element_stride_probe,results/features_ventus_v3_1_element_stride_probe/attempt_01.csv,archive/results/ventus/V3.1/cycle_capacity/features_ventus_v3_1_element_stride_probe/attempt_01.csv,204,69749bba54709e2c5836bd9e2bf18b17f3e3808557383e1bfb2863b549d05e42
features_ventus_v3_1_element_stride_probe,results/features_ventus_v3_1_element_stride_probe/manifest.json,archive/results/ventus/V3.1/cycle_capacity/features_ventus_v3_1_element_stride_probe/manifest.json,647,647c5a12ce69bda109a42b6a248851a498a5ddbe3185bd0bfc48291f1577b8b9
features_ventus_v3_1_element_stride_probe,results/features_ventus_v3_1_element_stride_probe/pmu/attempt_01/g2s__rank2_element_stride2.txt,archive/results/ventus/V3.1/cycle_capacity/features_ventus_v3_1_element_stride_probe/pmu/attempt_01/g2s__rank2_element_stride2.txt,24072,a169354c602d4199c6a7d382075f2dd3a15f6d7602c71902cd88b4521760d7a5
features_ventus_v3_1_final_probe,results/features_ventus_v3_1_final_probe/attempt_01.csv,archive/results/ventus/V3.1/cycle_capacity/features_ventus_v3_1_final_probe/attempt_01.csv,257,1b5d20cf95832d38359e6838b7f94eaad9d47446dffd41676769feb986cbc7f9
features_ventus_v3_1_final_probe,results/features_ventus_v3_1_final_probe/manifest.json,archive/results/ventus/V3.1/cycle_capacity/features_ventus_v3_1_final_probe/manifest.json,666,e3a92f5328c517eca82b685b21e0c4fffefa9672ed325548cc31075299b41036
features_ventus_v3_1_final_probe,results/features_ventus_v3_1_final_probe/pmu/attempt_01/g2s__size_32768.txt,archive/results/ventus/V3.1/cycle_capacity/features_ventus_v3_1_final_probe/pmu/attempt_01/g2s__size_32768.txt,18054,c09d648edefc4f0e77b593fccb102797cbd550c417308cbdcb1e3b1f5acbae9c
features_ventus_v3_1_final_probe,results/features_ventus_v3_1_final_probe/pmu/attempt_01/s2g__size_32768.txt,archive/results/ventus/V3.1/cycle_capacity/features_ventus_v3_1_final_probe/pmu/attempt_01/s2g__size_32768.txt,18054,bfbc1befbcaa3f16bba677b6ef732fefa115ce4fd4c2f20a09688e38533f4d6e
features_ventus_v3_1_latency_covering_probe,results/features_ventus_v3_1_latency_covering_probe/attempt_01.csv,archive/results/ventus/V3.1/cycle_capacity/features_ventus_v3_1_latency_covering_probe/attempt_01.csv,257,674fd8af5b47f61bf20775aeffb46dbc88f762739646c6dcc35d92daf80b39cb
features_ventus_v3_1_latency_covering_probe,results/features_ventus_v3_1_latency_covering_probe/manifest.json,archive/results/ventus/V3.1/cycle_capacity/features_ventus_v3_1_latency_covering_probe/manifest.json,667,ae64cf014402e93287c34ceeec1482f08aae1423954ef81edb37e77a4a6df3d7
features_ventus_v3_1_latency_covering_probe,results/features_ventus_v3_1_latency_covering_probe/pmu/attempt_01/g2s__size_32768.txt,archive/results/ventus/V3.1/cycle_capacity/features_ventus_v3_1_latency_covering_probe/pmu/attempt_01/g2s__size_32768.txt,18054,477cbb47bbafa0bc2f04151dee5b6d3f99b1c3b9f2834c246ed43fe946331ba5
features_ventus_v3_1_latency_covering_probe,results/features_ventus_v3_1_latency_covering_probe/pmu/attempt_01/s2g__size_32768.txt,archive/results/ventus/V3.1/cycle_capacity/features_ventus_v3_1_latency_covering_probe/pmu/attempt_01/s2g__size_32768.txt,18054,96794a36201389a297761dfc94357ea69847d3eb9f05f8b3285e7d40992169af
features_ventus_v3_2_capacity_reference,results/features_ventus_v3_2_capacity_reference/attempt_01.partial.csv,data/ventus/V3.2/single_instruction/tensor_capacity/all_directions/legacy--features_ventus_v3_2_capacity_reference/attempt_01.partial.csv,318,e39ef0a2873a9a4897d590d7b23f09898245b1e56320bf861a6ff28f636cfb0e
features_ventus_v3_2_capacity_reference,results/features_ventus_v3_2_capacity_reference/failure_tail.txt,data/ventus/V3.2/single_instruction/tensor_capacity/all_directions/legacy--features_ventus_v3_2_capacity_reference/failure_tail.txt,10673,418ddae003d8cf584e981df9a25dc7135a68785521b3574ecae51e7b73ab8e58
features_ventus_v3_2_capacity_reference,results/features_ventus_v3_2_capacity_reference/pmu/attempt_01/g2s__size_128.txt,data/ventus/V3.2/single_instruction/tensor_capacity/all_directions/legacy--features_ventus_v3_2_capacity_reference/pmu/attempt_01/g2s__size_128.txt,24072,6b17d43a49ba5707c77ae745ad23c7e268b4e8739fd85f9ac1e3a38939a33f45
features_ventus_v3_2_capacity_reference,results/features_ventus_v3_2_capacity_reference/pmu/attempt_01/roundtrip__size_128.txt,data/ventus/V3.2/single_instruction/tensor_capacity/all_directions/legacy--features_ventus_v3_2_capacity_reference/pmu/attempt_01/roundtrip__size_128.txt,24072,1e704d8e732f442d4c0fcf09e4d4fb2ae2bb141be202ac31a8a9b98110a2225d
features_ventus_v3_2_capacity_reference,results/features_ventus_v3_2_capacity_reference/pmu/attempt_01/s2g__size_128.txt,data/ventus/V3.2/single_instruction/tensor_capacity/all_directions/legacy--features_ventus_v3_2_capacity_reference/pmu/attempt_01/s2g__size_128.txt,24072,4c9e0360225b50993bc3bcb148217a28b04f0392aa2811d1ac0b666161461cc1
features_ventus_v3_2_capacity_reference_completed,results/features_ventus_v3_2_capacity_reference_completed/attempt_01.csv,data/ventus/V3.2/single_instruction/tensor_capacity/all_directions/legacy--features_ventus_v3_2_capacity_reference_completed/attempt_01.csv,1147,977b5eb951502d76c575ee723eb4eff214b175ca855391265326b284b33c541e
features_ventus_v3_2_capacity_reference_completed,results/features_ventus_v3_2_capacity_reference_completed/manifest.json,data/ventus/V3.2/single_instruction/tensor_capacity/all_directions/legacy--features_ventus_v3_2_capacity_reference_completed/manifest.json,1275,fa842957281e49b15f46788e55cad919399749365005aaa99d9c2b991fdf2127
features_ventus_v3_2_capacity_reference_completed,results/features_ventus_v3_2_capacity_reference_completed/pmu/attempt_01/g2s__size_1024.txt,data/ventus/V3.2/single_instruction/tensor_capacity/all_directions/legacy--features_ventus_v3_2_capacity_reference_completed/pmu/attempt_01/g2s__size_1024.txt,24072,4f26c925189c927c3bcdf27edfb66c8cbc7e09419d8a35da76bb7e797fd50ba1
features_ventus_v3_2_capacity_reference_completed,results/features_ventus_v3_2_capacity_reference_completed/pmu/attempt_01/g2s__size_128.txt,data/ventus/V3.2/single_instruction/tensor_capacity/all_directions/legacy--features_ventus_v3_2_capacity_reference_completed/pmu/attempt_01/g2s__size_128.txt,24072,6b17d43a49ba5707c77ae745ad23c7e268b4e8739fd85f9ac1e3a38939a33f45
features_ventus_v3_2_capacity_reference_completed,results/features_ventus_v3_2_capacity_reference_completed/pmu/attempt_01/g2s__size_16384.txt,data/ventus/V3.2/single_instruction/tensor_capacity/all_directions/legacy--features_ventus_v3_2_capacity_reference_completed/pmu/attempt_01/g2s__size_16384.txt,24072,3690aaf461c296c3eb4a93a1a1d33c02a55de82435d0924a029a2e1b1d901c7f
features_ventus_v3_2_capacity_reference_completed,results/features_ventus_v3_2_capacity_reference_completed/pmu/attempt_01/g2s__size_32768.txt,data/ventus/V3.2/single_instruction/tensor_capacity/all_directions/legacy--features_ventus_v3_2_capacity_reference_completed/pmu/attempt_01/g2s__size_32768.txt,24072,bc83b184b48e28d1bf9bdcc6134fe114977696cb55ef645b470424521496fecd
features_ventus_v3_2_capacity_reference_completed,results/features_ventus_v3_2_capacity_reference_completed/pmu/attempt_01/g2s__size_4096.txt,data/ventus/V3.2/single_instruction/tensor_capacity/all_directions/legacy--features_ventus_v3_2_capacity_reference_completed/pmu/attempt_01/g2s__size_4096.txt,24072,a169354c602d4199c6a7d382075f2dd3a15f6d7602c71902cd88b4521760d7a5
features_ventus_v3_2_capacity_reference_completed,results/features_ventus_v3_2_capacity_reference_completed/pmu/attempt_01/roundtrip__size_1024.txt,data/ventus/V3.2/single_instruction/tensor_capacity/all_directions/legacy--features_ventus_v3_2_capacity_reference_completed/pmu/attempt_01/roundtrip__size_1024.txt,24072,1ed42303057582ee6c5a4e5dbab0cb9f6279505654f50ac40211631653385adf
features_ventus_v3_2_capacity_reference_completed,results/features_ventus_v3_2_capacity_reference_completed/pmu/attempt_01/roundtrip__size_128.txt,data/ventus/V3.2/single_instruction/tensor_capacity/all_directions/legacy--features_ventus_v3_2_capacity_reference_completed/pmu/attempt_01/roundtrip__size_128.txt,24072,1e704d8e732f442d4c0fcf09e4d4fb2ae2bb141be202ac31a8a9b98110a2225d
features_ventus_v3_2_capacity_reference_completed,results/features_ventus_v3_2_capacity_reference_completed/pmu/attempt_01/roundtrip__size_16384.txt,data/ventus/V3.2/single_instruction/tensor_capacity/all_directions/legacy--features_ventus_v3_2_capacity_reference_completed/pmu/attempt_01/roundtrip__size_16384.txt,24072,473e19354ff68093b2d5b3324a973e8e0f379249a4f81826c4e8e73786e67cf0
features_ventus_v3_2_capacity_reference_completed,results/features_ventus_v3_2_capacity_reference_completed/pmu/attempt_01/roundtrip__size_32768.txt,data/ventus/V3.2/single_instruction/tensor_capacity/all_directions/legacy--features_ventus_v3_2_capacity_reference_completed/pmu/attempt_01/roundtrip__size_32768.txt,24072,cfaec1da3f56e31b2c133bb4917ecae943821233aed491d8cd54a4df0af8fe80
features_ventus_v3_2_capacity_reference_completed,results/features_ventus_v3_2_capacity_reference_completed/pmu/attempt_01/roundtrip__size_4096.txt,data/ventus/V3.2/single_instruction/tensor_capacity/all_directions/legacy--features_ventus_v3_2_capacity_reference_completed/pmu/attempt_01/roundtrip__size_4096.txt,24072,c372f3c34293775892abb5bd7860f227ebedc8b8be80145d6b2d7138eb73504d
features_ventus_v3_2_capacity_reference_completed,results/features_ventus_v3_2_capacity_reference_completed/pmu/attempt_01/s2g__size_1024.txt,data/ventus/V3.2/single_instruction/tensor_capacity/all_directions/legacy--features_ventus_v3_2_capacity_reference_completed/pmu/attempt_01/s2g__size_1024.txt,24072,58e1a8962e856b1a8a0fc2d8f17aa74a3a3669d0f14f43d8206bc16687d7fc8b
features_ventus_v3_2_capacity_reference_completed,results/features_ventus_v3_2_capacity_reference_completed/pmu/attempt_01/s2g__size_128.txt,data/ventus/V3.2/single_instruction/tensor_capacity/all_directions/legacy--features_ventus_v3_2_capacity_reference_completed/pmu/attempt_01/s2g__size_128.txt,24072,4c9e0360225b50993bc3bcb148217a28b04f0392aa2811d1ac0b666161461cc1
features_ventus_v3_2_capacity_reference_completed,results/features_ventus_v3_2_capacity_reference_completed/pmu/attempt_01/s2g__size_16384.txt,data/ventus/V3.2/single_instruction/tensor_capacity/all_directions/legacy--features_ventus_v3_2_capacity_reference_completed/pmu/attempt_01/s2g__size_16384.txt,24072,c1bfed16db3a1049f38c719291abc99a79acd1ca9bbfb2a698ec325e1f3bb6c6
features_ventus_v3_2_capacity_reference_completed,results/features_ventus_v3_2_capacity_reference_completed/pmu/attempt_01/s2g__size_32768.txt,data/ventus/V3.2/single_instruction/tensor_capacity/all_directions/legacy--features_ventus_v3_2_capacity_reference_completed/pmu/attempt_01/s2g__size_32768.txt,24072,c64c2f57658e90de659b7c133f714cd2593e56b21584983978b9311f27628303
features_ventus_v3_2_capacity_reference_completed,results/features_ventus_v3_2_capacity_reference_completed/pmu/attempt_01/s2g__size_4096.txt,data/ventus/V3.2/single_instruction/tensor_capacity/all_directions/legacy--features_ventus_v3_2_capacity_reference_completed/pmu/attempt_01/s2g__size_4096.txt,24072,c157b0bc00293788c029aa513b8dde0ee7a6f5647bd5e8a52960b3ad5967e872
features_ventus_v3_2_capacity_reference_final,results/features_ventus_v3_2_capacity_reference_final/attempt_01.partial.csv,data/ventus/V3.2/single_instruction/tensor_capacity/all_directions/legacy--features_ventus_v3_2_capacity_reference_final/attempt_01.partial.csv,588,d38da3a9260fb8de0240c1b4c610604d1d0b80c7241aef9108a1af14aea7ab79
features_ventus_v3_2_capacity_reference_final,results/features_ventus_v3_2_capacity_reference_final/failure_tail.txt,data/ventus/V3.2/single_instruction/tensor_capacity/all_directions/legacy--features_ventus_v3_2_capacity_reference_final/failure_tail.txt,11101,883f2a0a73377edfc16674d91a7a44616342e521294fb24f788edce78516ae56
features_ventus_v3_2_capacity_reference_final,results/features_ventus_v3_2_capacity_reference_final/pmu/attempt_01/g2s__size_1024.txt,data/ventus/V3.2/single_instruction/tensor_capacity/all_directions/legacy--features_ventus_v3_2_capacity_reference_final/pmu/attempt_01/g2s__size_1024.txt,24072,4f26c925189c927c3bcdf27edfb66c8cbc7e09419d8a35da76bb7e797fd50ba1
features_ventus_v3_2_capacity_reference_final,results/features_ventus_v3_2_capacity_reference_final/pmu/attempt_01/g2s__size_128.txt,data/ventus/V3.2/single_instruction/tensor_capacity/all_directions/legacy--features_ventus_v3_2_capacity_reference_final/pmu/attempt_01/g2s__size_128.txt,24072,6b17d43a49ba5707c77ae745ad23c7e268b4e8739fd85f9ac1e3a38939a33f45
features_ventus_v3_2_capacity_reference_final,results/features_ventus_v3_2_capacity_reference_final/pmu/attempt_01/g2s__size_4096.txt,data/ventus/V3.2/single_instruction/tensor_capacity/all_directions/legacy--features_ventus_v3_2_capacity_reference_final/pmu/attempt_01/g2s__size_4096.txt,24072,a169354c602d4199c6a7d382075f2dd3a15f6d7602c71902cd88b4521760d7a5
features_ventus_v3_2_capacity_reference_final,results/features_ventus_v3_2_capacity_reference_final/pmu/attempt_01/roundtrip__size_1024.txt,data/ventus/V3.2/single_instruction/tensor_capacity/all_directions/legacy--features_ventus_v3_2_capacity_reference_final/pmu/attempt_01/roundtrip__size_1024.txt,24072,1ed42303057582ee6c5a4e5dbab0cb9f6279505654f50ac40211631653385adf
features_ventus_v3_2_capacity_reference_final,results/features_ventus_v3_2_capacity_reference_final/pmu/attempt_01/roundtrip__size_128.txt,data/ventus/V3.2/single_instruction/tensor_capacity/all_directions/legacy--features_ventus_v3_2_capacity_reference_final/pmu/attempt_01/roundtrip__size_128.txt,24072,1e704d8e732f442d4c0fcf09e4d4fb2ae2bb141be202ac31a8a9b98110a2225d
features_ventus_v3_2_capacity_reference_final,results/features_ventus_v3_2_capacity_reference_final/pmu/attempt_01/s2g__size_1024.txt,data/ventus/V3.2/single_instruction/tensor_capacity/all_directions/legacy--features_ventus_v3_2_capacity_reference_final/pmu/attempt_01/s2g__size_1024.txt,24072,58e1a8962e856b1a8a0fc2d8f17aa74a3a3669d0f14f43d8206bc16687d7fc8b
features_ventus_v3_2_capacity_reference_final,results/features_ventus_v3_2_capacity_reference_final/pmu/attempt_01/s2g__size_128.txt,data/ventus/V3.2/single_instruction/tensor_capacity/all_directions/legacy--features_ventus_v3_2_capacity_reference_final/pmu/attempt_01/s2g__size_128.txt,24072,4c9e0360225b50993bc3bcb148217a28b04f0392aa2811d1ac0b666161461cc1
features_ventus_v3_2_descriptor,results/features_ventus_v3_2_descriptor/attempt_01.csv,data/ventus/V3.2/single_instruction/descriptor_features/all_directions/legacy--features_ventus_v3_2_descriptor/attempt_01.csv,2228,b5f19deba32ef834b52ffc1dd1b57b175320b7d9f13978718759a5aec76c1166
features_ventus_v3_2_descriptor,results/features_ventus_v3_2_descriptor/manifest.json,data/ventus/V3.2/single_instruction/descriptor_features/all_directions/legacy--features_ventus_v3_2_descriptor/manifest.json,1339,8f310af8cc9eabddf26307df2de08359da248275730ca2ab057047318f2b7565
features_ventus_v3_2_descriptor,results/features_ventus_v3_2_descriptor/pmu/attempt_01/g2s__oob_100.txt,data/ventus/V3.2/single_instruction/descriptor_features/all_directions/legacy--features_ventus_v3_2_descriptor/pmu/attempt_01/g2s__oob_100.txt,18054,f91b93463d25a8922e062bfc432ac202f779ecd7c2b61f93ef1e8bf34f78011e
features_ventus_v3_2_descriptor,results/features_ventus_v3_2_descriptor/pmu/attempt_01/g2s__oob_25.txt,data/ventus/V3.2/single_instruction/descriptor_features/all_directions/legacy--features_ventus_v3_2_descriptor/pmu/attempt_01/g2s__oob_25.txt,18054,316f16583a078103d905f06fe13b5f1e85d7a45f2c462a72fd19fb882601d088
features_ventus_v3_2_descriptor,results/features_ventus_v3_2_descriptor/pmu/attempt_01/g2s__oob_50.txt,data/ventus/V3.2/single_instruction/descriptor_features/all_directions/legacy--features_ventus_v3_2_descriptor/pmu/attempt_01/g2s__oob_50.txt,18054,316f16583a078103d905f06fe13b5f1e85d7a45f2c462a72fd19fb882601d088
features_ventus_v3_2_descriptor,results/features_ventus_v3_2_descriptor/pmu/attempt_01/g2s__rank1_contiguous.txt,data/ventus/V3.2/single_instruction/descriptor_features/all_directions/legacy--features_ventus_v3_2_descriptor/pmu/attempt_01/g2s__rank1_contiguous.txt,18054,070ec04ea15fa2e2e428b11159858ff7b586aca12ead54b8a7946053cd7829b3
features_ventus_v3_2_descriptor,results/features_ventus_v3_2_descriptor/pmu/attempt_01/g2s__rank2_contiguous.txt,data/ventus/V3.2/single_instruction/descriptor_features/all_directions/legacy--features_ventus_v3_2_descriptor/pmu/attempt_01/g2s__rank2_contiguous.txt,18054,316f16583a078103d905f06fe13b5f1e85d7a45f2c462a72fd19fb882601d088
features_ventus_v3_2_descriptor,results/features_ventus_v3_2_descriptor/pmu/attempt_01/g2s__rank2_row_stride2.txt,data/ventus/V3.2/single_instruction/descriptor_features/all_directions/legacy--features_ventus_v3_2_descriptor/pmu/attempt_01/g2s__rank2_row_stride2.txt,18054,316f16583a078103d905f06fe13b5f1e85d7a45f2c462a72fd19fb882601d088
features_ventus_v3_2_descriptor,results/features_ventus_v3_2_descriptor/pmu/attempt_01/g2s__rank3_contiguous.txt,data/ventus/V3.2/single_instruction/descriptor_features/all_directions/legacy--features_ventus_v3_2_descriptor/pmu/attempt_01/g2s__rank3_contiguous.txt,18054,4f60975c0ca40c895f025daf532a64d537a11c88f1d02ab185bfb7ed46ab6a58
features_ventus_v3_2_descriptor,results/features_ventus_v3_2_descriptor/pmu/attempt_01/g2s__rank4_contiguous.txt,data/ventus/V3.2/single_instruction/descriptor_features/all_directions/legacy--features_ventus_v3_2_descriptor/pmu/attempt_01/g2s__rank4_contiguous.txt,18054,6f45da1468421e5e8c7d6c59859533af3c033073a0cacb1688a93c560f2b1f62
features_ventus_v3_2_descriptor,results/features_ventus_v3_2_descriptor/pmu/attempt_01/g2s__rank5_contiguous.txt,data/ventus/V3.2/single_instruction/descriptor_features/all_directions/legacy--features_ventus_v3_2_descriptor/pmu/attempt_01/g2s__rank5_contiguous.txt,18054,35aef807c7f458fe7142230cc8fbe04d2afc6c879a7c93354cf0d4aa039a308e
features_ventus_v3_2_descriptor,results/features_ventus_v3_2_descriptor/pmu/attempt_01/g2s__tile_16x16.txt,data/ventus/V3.2/single_instruction/descriptor_features/all_directions/legacy--features_ventus_v3_2_descriptor/pmu/attempt_01/g2s__tile_16x16.txt,18054,77d711cb02eef7373a00f5d66cc334233e99945e3bbb21410a01bb7fb613c76c
features_ventus_v3_2_descriptor,results/features_ventus_v3_2_descriptor/pmu/attempt_01/g2s__tile_32x16.txt,data/ventus/V3.2/single_instruction/descriptor_features/all_directions/legacy--features_ventus_v3_2_descriptor/pmu/attempt_01/g2s__tile_32x16.txt,18054,ffe9fa0fd59632d7fba15e571d9a42cdfe7f4a67a31041295368354380a15661
features_ventus_v3_2_descriptor,results/features_ventus_v3_2_descriptor/pmu/attempt_01/g2s__tile_32x32.txt,data/ventus/V3.2/single_instruction/descriptor_features/all_directions/legacy--features_ventus_v3_2_descriptor/pmu/attempt_01/g2s__tile_32x32.txt,18054,316f16583a078103d905f06fe13b5f1e85d7a45f2c462a72fd19fb882601d088
features_ventus_v3_2_descriptor,results/features_ventus_v3_2_descriptor/pmu/attempt_01/g2s__tile_64x32.txt,data/ventus/V3.2/single_instruction/descriptor_features/all_directions/legacy--features_ventus_v3_2_descriptor/pmu/attempt_01/g2s__tile_64x32.txt,18054,465b291439e69452c15c11ad4b4fc9ccd492fc2ba1a31cbd79872f39bfe02f61
features_ventus_v3_2_descriptor,results/features_ventus_v3_2_descriptor/pmu/attempt_01/g2s__tile_64x64.txt,data/ventus/V3.2/single_instruction/descriptor_features/all_directions/legacy--features_ventus_v3_2_descriptor/pmu/attempt_01/g2s__tile_64x64.txt,18054,cbe469a3783f3c63e95c6cde3ed07d36f85405a974d1f460f2990767325e4f24
features_ventus_v3_2_descriptor,results/features_ventus_v3_2_descriptor/pmu/attempt_01/roundtrip__interleave16.txt,data/ventus/V3.2/single_instruction/descriptor_features/all_directions/legacy--features_ventus_v3_2_descriptor/pmu/attempt_01/roundtrip__interleave16.txt,18054,92ace186308672f0fc68b02cb589b2a6e0ab661129ef3520b04cdbf228440c8b
features_ventus_v3_2_descriptor,results/features_ventus_v3_2_descriptor/pmu/attempt_01/roundtrip__interleave16_u16.txt,data/ventus/V3.2/single_instruction/descriptor_features/all_directions/legacy--features_ventus_v3_2_descriptor/pmu/attempt_01/roundtrip__interleave16_u16.txt,18054,92ace186308672f0fc68b02cb589b2a6e0ab661129ef3520b04cdbf228440c8b
features_ventus_v3_2_descriptor,results/features_ventus_v3_2_descriptor/pmu/attempt_01/roundtrip__interleave32.txt,data/ventus/V3.2/single_instruction/descriptor_features/all_directions/legacy--features_ventus_v3_2_descriptor/pmu/attempt_01/roundtrip__interleave32.txt,18054,92ace186308672f0fc68b02cb589b2a6e0ab661129ef3520b04cdbf228440c8b
features_ventus_v3_2_descriptor,results/features_ventus_v3_2_descriptor/pmu/attempt_01/roundtrip__swizzle128.txt,data/ventus/V3.2/single_instruction/descriptor_features/all_directions/legacy--features_ventus_v3_2_descriptor/pmu/attempt_01/roundtrip__swizzle128.txt,18054,19d3908c74ce0bb1c5ad3c4dc03700bc6a2d3041d23a565e803f418a4e493360
features_ventus_v3_2_descriptor,results/features_ventus_v3_2_descriptor/pmu/attempt_01/roundtrip__swizzle32.txt,data/ventus/V3.2/single_instruction/descriptor_features/all_directions/legacy--features_ventus_v3_2_descriptor/pmu/attempt_01/roundtrip__swizzle32.txt,18054,19d3908c74ce0bb1c5ad3c4dc03700bc6a2d3041d23a565e803f418a4e493360
features_ventus_v3_2_descriptor,results/features_ventus_v3_2_descriptor/pmu/attempt_01/roundtrip__swizzle64.txt,data/ventus/V3.2/single_instruction/descriptor_features/all_directions/legacy--features_ventus_v3_2_descriptor/pmu/attempt_01/roundtrip__swizzle64.txt,18054,19d3908c74ce0bb1c5ad3c4dc03700bc6a2d3041d23a565e803f418a4e493360
features_ventus_v3_2_descriptor,results/features_ventus_v3_2_descriptor/pmu/attempt_01/roundtrip__tile_16x16.txt,data/ventus/V3.2/single_instruction/descriptor_features/all_directions/legacy--features_ventus_v3_2_descriptor/pmu/attempt_01/roundtrip__tile_16x16.txt,18054,b9532d98387eb4e354fe7117f15d06b2d83b35a54b0674713c3660f20a9b7ae9
features_ventus_v3_2_descriptor,results/features_ventus_v3_2_descriptor/pmu/attempt_01/roundtrip__tile_32x16.txt,data/ventus/V3.2/single_instruction/descriptor_features/all_directions/legacy--features_ventus_v3_2_descriptor/pmu/attempt_01/roundtrip__tile_32x16.txt,18054,4f259dddc4c817ddbe097328e6f854998565a4d05e9c8d34a94d3e3c1b2192c6
features_ventus_v3_2_descriptor,results/features_ventus_v3_2_descriptor/pmu/attempt_01/roundtrip__tile_32x32.txt,data/ventus/V3.2/single_instruction/descriptor_features/all_directions/legacy--features_ventus_v3_2_descriptor/pmu/attempt_01/roundtrip__tile_32x32.txt,18054,19d3908c74ce0bb1c5ad3c4dc03700bc6a2d3041d23a565e803f418a4e493360
features_ventus_v3_2_descriptor,results/features_ventus_v3_2_descriptor/pmu/attempt_01/roundtrip__tile_64x32.txt,data/ventus/V3.2/single_instruction/descriptor_features/all_directions/legacy--features_ventus_v3_2_descriptor/pmu/attempt_01/roundtrip__tile_64x32.txt,18054,71915c9d9db199163459f4f2dd871115e068675dd3892f200db98676ec5e9a92
features_ventus_v3_2_descriptor,results/features_ventus_v3_2_descriptor/pmu/attempt_01/roundtrip__tile_64x64.txt,data/ventus/V3.2/single_instruction/descriptor_features/all_directions/legacy--features_ventus_v3_2_descriptor/pmu/attempt_01/roundtrip__tile_64x64.txt,18054,7e893d153b95a4dcbcaa4839fb1898c16cc724bb9e0604a62843d54bde0d9cb2
features_ventus_v3_2_descriptor,results/features_ventus_v3_2_descriptor/pmu/attempt_01/s2g__tile_16x16.txt,data/ventus/V3.2/single_instruction/descriptor_features/all_directions/legacy--features_ventus_v3_2_descriptor/pmu/attempt_01/s2g__tile_16x16.txt,18054,0b6f08691d464ec4fcac55b1dca6b49a8970914445f0c73b12ca803ef9639791
features_ventus_v3_2_descriptor,results/features_ventus_v3_2_descriptor/pmu/attempt_01/s2g__tile_32x16.txt,data/ventus/V3.2/single_instruction/descriptor_features/all_directions/legacy--features_ventus_v3_2_descriptor/pmu/attempt_01/s2g__tile_32x16.txt,18054,9afdca373c6e664805c84c3f75c9987841cf8ed783d92f4e907910cc7a281d2e
features_ventus_v3_2_descriptor,results/features_ventus_v3_2_descriptor/pmu/attempt_01/s2g__tile_32x32.txt,data/ventus/V3.2/single_instruction/descriptor_features/all_directions/legacy--features_ventus_v3_2_descriptor/pmu/attempt_01/s2g__tile_32x32.txt,18054,064728c56f85ba9e224b1b3decde8a5a82b5bae8dd8368a0c37c974393292f2b
features_ventus_v3_2_descriptor,results/features_ventus_v3_2_descriptor/pmu/attempt_01/s2g__tile_64x32.txt,data/ventus/V3.2/single_instruction/descriptor_features/all_directions/legacy--features_ventus_v3_2_descriptor/pmu/attempt_01/s2g__tile_64x32.txt,18054,e413839b49c92ac04a8d1b99c6f046e97c57620b44c139c479e63a386e62f131
features_ventus_v3_2_descriptor,results/features_ventus_v3_2_descriptor/pmu/attempt_01/s2g__tile_64x64.txt,data/ventus/V3.2/single_instruction/descriptor_features/all_directions/legacy--features_ventus_v3_2_descriptor/pmu/attempt_01/s2g__tile_64x64.txt,18054,4e1e76f25e6c82852d1c88a8d43b848f925b534d40c7d6d20f0f8a7be186435f
features_ventus_v3_2_postinstall_smoke,results/features_ventus_v3_2_postinstall_smoke/failure_tail.txt,archive/results/ventus/V3.2/cycle_capacity/features_ventus_v3_2_postinstall_smoke/failure_tail.txt,11214,8819f097a80ade3b07f21486dcc2459e39b8f3d4d8beb3cacf0078239bd45646
features_ventus_v3_2_postinstall_smoke_final,results/features_ventus_v3_2_postinstall_smoke_final/attempt_01.csv,archive/results/ventus/V3.2/cycle_capacity/features_ventus_v3_2_postinstall_smoke_final/attempt_01.csv,185,1de84a047ca955a466e008edd166f9d96c2a2f9aa6a59248c3f96f7146f297a4
features_ventus_v3_2_postinstall_smoke_final,results/features_ventus_v3_2_postinstall_smoke_final/manifest.json,archive/results/ventus/V3.2/cycle_capacity/features_ventus_v3_2_postinstall_smoke_final/manifest.json,620,030b6d3a9aaa08b4c186a36d71291f7acdaac8f59020e2ad919f2a8654903535
features_ventus_v3_2_postinstall_smoke_final,results/features_ventus_v3_2_postinstall_smoke_final/pmu/attempt_01/g2s__size_128.txt,archive/results/ventus/V3.2/cycle_capacity/features_ventus_v3_2_postinstall_smoke_final/pmu/attempt_01/g2s__size_128.txt,18054,1a6fb99e63f393d5bed81077c85d3f82cb5475b30d25d1946052b9b85b31cab7
features_ventus_v3_2_postinstall_smoke_retry,results/features_ventus_v3_2_postinstall_smoke_retry/failure_tail.txt,archive/results/ventus/V3.2/cycle_capacity/features_ventus_v3_2_postinstall_smoke_retry/failure_tail.txt,11214,8819f097a80ade3b07f21486dcc2459e39b8f3d4d8beb3cacf0078239bd45646
features_ventus_v3_2_postlabel_smoke,results/features_ventus_v3_2_postlabel_smoke/attempt_01.csv,archive/results/ventus/V3.2/cycle_capacity/features_ventus_v3_2_postlabel_smoke/attempt_01.csv,185,1de84a047ca955a466e008edd166f9d96c2a2f9aa6a59248c3f96f7146f297a4
features_ventus_v3_2_postlabel_smoke,results/features_ventus_v3_2_postlabel_smoke/manifest.json,archive/results/ventus/V3.2/cycle_capacity/features_ventus_v3_2_postlabel_smoke/manifest.json,619,6267e696a5fcabb898f302c937f86bb6e18ace69a9ad46a872871d2582f20ecb
features_ventus_v3_2_postlabel_smoke,results/features_ventus_v3_2_postlabel_smoke/pmu/attempt_01/g2s__size_128.txt,archive/results/ventus/V3.2/cycle_capacity/features_ventus_v3_2_postlabel_smoke/pmu/attempt_01/g2s__size_128.txt,18054,8d33a947ba53c2b40e368bf685fc4296e97296f4d37bd00bb55cf24b356171eb
features_ventus_v3_2_smoke,results/features_ventus_v3_2_smoke/attempt_01.csv,archive/results/ventus/V3.2/cycle_capacity/features_ventus_v3_2_smoke/attempt_01.csv,185,1de84a047ca955a466e008edd166f9d96c2a2f9aa6a59248c3f96f7146f297a4
features_ventus_v3_2_smoke,results/features_ventus_v3_2_smoke/manifest.json,archive/results/ventus/V3.2/cycle_capacity/features_ventus_v3_2_smoke/manifest.json,618,aa6089755cfe10c7197c717e9523f98aa9cf3035b8db870dbc2428d315395bdb
features_ventus_v3_2_smoke,results/features_ventus_v3_2_smoke/pmu/attempt_01/g2s__size_128.txt,archive/results/ventus/V3.2/cycle_capacity/features_ventus_v3_2_smoke/pmu/attempt_01/g2s__size_128.txt,18054,8d33a947ba53c2b40e368bf685fc4296e97296f4d37bd00bb55cf24b356171eb
features_ventus_v3_3_capacity,results/features_ventus_v3_3_capacity/attempt_01.csv,archive/results/ventus/V3.3/tensor_capacity/features_ventus_v3_3_capacity/attempt_01.csv,1951,12bf67717e9101923cb8796a0a24be205a138292c8828017b224b8d254b39a96
features_ventus_v3_3_capacity,results/features_ventus_v3_3_capacity/manifest.json,archive/results/ventus/V3.3/tensor_capacity/features_ventus_v3_3_capacity/manifest.json,1194,f1019e63b10c92b9648d167ec62b6ab030fe9e2b419786ceb34446aeeb339bf8
features_ventus_v3_3_capacity,results/features_ventus_v3_3_capacity/pmu/attempt_01/g2s__size_1024.txt,archive/results/ventus/V3.3/tensor_capacity/features_ventus_v3_3_capacity/pmu/attempt_01/g2s__size_1024.txt,25496,97434d740a20da09d6be1c83eadc84290a69c7c691d6144828b876f37730b449
features_ventus_v3_3_capacity,results/features_ventus_v3_3_capacity/pmu/attempt_01/g2s__size_128.txt,archive/results/ventus/V3.3/tensor_capacity/features_ventus_v3_3_capacity/pmu/attempt_01/g2s__size_128.txt,25496,70602a9514bed0b415787f043151eda265115819026dd45328048a2b79a743d0
features_ventus_v3_3_capacity,results/features_ventus_v3_3_capacity/pmu/attempt_01/g2s__size_16384.txt,archive/results/ventus/V3.3/tensor_capacity/features_ventus_v3_3_capacity/pmu/attempt_01/g2s__size_16384.txt,25496,ad58c5b966ae20a08c8127f8df1c97383cf68898d6354960a0fad93de67e12a0
features_ventus_v3_3_capacity,results/features_ventus_v3_3_capacity/pmu/attempt_01/g2s__size_2048.txt,archive/results/ventus/V3.3/tensor_capacity/features_ventus_v3_3_capacity/pmu/attempt_01/g2s__size_2048.txt,25496,2a633a8b1f67ec1806e45761276279d8ca3f6ea8d56183904e4e707d7b913ded
features_ventus_v3_3_capacity,results/features_ventus_v3_3_capacity/pmu/attempt_01/g2s__size_256.txt,archive/results/ventus/V3.3/tensor_capacity/features_ventus_v3_3_capacity/pmu/attempt_01/g2s__size_256.txt,25496,db02e290d51cccc46c48bf5ecbb570d836c374b031401d0282c3b088dc01912f
features_ventus_v3_3_capacity,results/features_ventus_v3_3_capacity/pmu/attempt_01/g2s__size_32768.txt,archive/results/ventus/V3.3/tensor_capacity/features_ventus_v3_3_capacity/pmu/attempt_01/g2s__size_32768.txt,25496,97f1790e200339685cab8e3173591746ab14693b48b2a9fda7010d523a078066
features_ventus_v3_3_capacity,results/features_ventus_v3_3_capacity/pmu/attempt_01/g2s__size_4096.txt,archive/results/ventus/V3.3/tensor_capacity/features_ventus_v3_3_capacity/pmu/attempt_01/g2s__size_4096.txt,25496,ba045726fd4ee1de3f645d9d71e9a0a3f00b271173b6c7a8e55274fd146539c2
features_ventus_v3_3_capacity,results/features_ventus_v3_3_capacity/pmu/attempt_01/g2s__size_512.txt,archive/results/ventus/V3.3/tensor_capacity/features_ventus_v3_3_capacity/pmu/attempt_01/g2s__size_512.txt,25496,1c4d83d8a0b58f11cf88536169b54b4958946ceaa0e9f700cf5265034c96c538
features_ventus_v3_3_capacity,results/features_ventus_v3_3_capacity/pmu/attempt_01/g2s__size_8192.txt,archive/results/ventus/V3.3/tensor_capacity/features_ventus_v3_3_capacity/pmu/attempt_01/g2s__size_8192.txt,25496,c18b8718b4aae0ea177f2c3ee1a1942995439b6a92ecdc5de08ec52a61d010d5
features_ventus_v3_3_capacity,results/features_ventus_v3_3_capacity/pmu/attempt_01/roundtrip__size_1024.txt,archive/results/ventus/V3.3/tensor_capacity/features_ventus_v3_3_capacity/pmu/attempt_01/roundtrip__size_1024.txt,25496,98681451fb9f6a190336cb40ddbb7594889ac3da10c2cbb5f4ed70623230ac28
features_ventus_v3_3_capacity,results/features_ventus_v3_3_capacity/pmu/attempt_01/roundtrip__size_128.txt,archive/results/ventus/V3.3/tensor_capacity/features_ventus_v3_3_capacity/pmu/attempt_01/roundtrip__size_128.txt,25496,5b80f18901f74159378a6378258cb9c145f16d052ba3ec8147ce70a4c49aefc7
features_ventus_v3_3_capacity,results/features_ventus_v3_3_capacity/pmu/attempt_01/roundtrip__size_16384.txt,archive/results/ventus/V3.3/tensor_capacity/features_ventus_v3_3_capacity/pmu/attempt_01/roundtrip__size_16384.txt,25496,48c68d345d915371793b9f66128f5dde7203ee5b4c3d449e9771e1c33adb0b66
features_ventus_v3_3_capacity,results/features_ventus_v3_3_capacity/pmu/attempt_01/roundtrip__size_2048.txt,archive/results/ventus/V3.3/tensor_capacity/features_ventus_v3_3_capacity/pmu/attempt_01/roundtrip__size_2048.txt,25496,d4f5e2d4deea30bde3c35b2e2226d214eb8147317f07804bc4ee931bfba84911
features_ventus_v3_3_capacity,results/features_ventus_v3_3_capacity/pmu/attempt_01/roundtrip__size_256.txt,archive/results/ventus/V3.3/tensor_capacity/features_ventus_v3_3_capacity/pmu/attempt_01/roundtrip__size_256.txt,25496,2029701df3cea61c95c075dc4164039c21ce07abecb3aa6a8364ad8468fffd1d
features_ventus_v3_3_capacity,results/features_ventus_v3_3_capacity/pmu/attempt_01/roundtrip__size_32768.txt,archive/results/ventus/V3.3/tensor_capacity/features_ventus_v3_3_capacity/pmu/attempt_01/roundtrip__size_32768.txt,25496,2c4a5b6f66659ad99cce62aec045ab1b3c2bb46c222cf972321d9e7f171598df
features_ventus_v3_3_capacity,results/features_ventus_v3_3_capacity/pmu/attempt_01/roundtrip__size_4096.txt,archive/results/ventus/V3.3/tensor_capacity/features_ventus_v3_3_capacity/pmu/attempt_01/roundtrip__size_4096.txt,25496,b5a85c54f3d36b671ab077dcf4a6191a0d3635d2efee23bb20865c66ff6a587b
features_ventus_v3_3_capacity,results/features_ventus_v3_3_capacity/pmu/attempt_01/roundtrip__size_512.txt,archive/results/ventus/V3.3/tensor_capacity/features_ventus_v3_3_capacity/pmu/attempt_01/roundtrip__size_512.txt,25496,424ced20da2b09413c0839e7f9adeccf1b8624c16c4db33ed2e6835442c7d2aa
features_ventus_v3_3_capacity,results/features_ventus_v3_3_capacity/pmu/attempt_01/roundtrip__size_8192.txt,archive/results/ventus/V3.3/tensor_capacity/features_ventus_v3_3_capacity/pmu/attempt_01/roundtrip__size_8192.txt,25496,55ed43cea49c55896caba1d09d899962a53adca642f37479356de35c5dc51fab
features_ventus_v3_3_capacity,results/features_ventus_v3_3_capacity/pmu/attempt_01/s2g__size_1024.txt,archive/results/ventus/V3.3/tensor_capacity/features_ventus_v3_3_capacity/pmu/attempt_01/s2g__size_1024.txt,25496,bd1c9468fddc28cb515cee1d3654d67d104d4b8285796b0d4af23db5938f7fdf
features_ventus_v3_3_capacity,results/features_ventus_v3_3_capacity/pmu/attempt_01/s2g__size_128.txt,archive/results/ventus/V3.3/tensor_capacity/features_ventus_v3_3_capacity/pmu/attempt_01/s2g__size_128.txt,25496,65ea8ebfb88b2c30fd24b3c23ac0bda2b54359f99f64d931133ac64cf63d9eb1
features_ventus_v3_3_capacity,results/features_ventus_v3_3_capacity/pmu/attempt_01/s2g__size_16384.txt,archive/results/ventus/V3.3/tensor_capacity/features_ventus_v3_3_capacity/pmu/attempt_01/s2g__size_16384.txt,25496,83b0880d9f507572fe4428b2f75521b5ef2c373c3f83ce5a4ade298aa60f73ed
features_ventus_v3_3_capacity,results/features_ventus_v3_3_capacity/pmu/attempt_01/s2g__size_2048.txt,archive/results/ventus/V3.3/tensor_capacity/features_ventus_v3_3_capacity/pmu/attempt_01/s2g__size_2048.txt,25496,90339558fbfc530627204dec0a486adac89badb9b123b6bbb4b8e66ae8193832
features_ventus_v3_3_capacity,results/features_ventus_v3_3_capacity/pmu/attempt_01/s2g__size_256.txt,archive/results/ventus/V3.3/tensor_capacity/features_ventus_v3_3_capacity/pmu/attempt_01/s2g__size_256.txt,25496,5f56aeded47e8ce7faeaa6fdf33cc84ce3b55d7f1c5893200481fb73b6e31e16
features_ventus_v3_3_capacity,results/features_ventus_v3_3_capacity/pmu/attempt_01/s2g__size_32768.txt,archive/results/ventus/V3.3/tensor_capacity/features_ventus_v3_3_capacity/pmu/attempt_01/s2g__size_32768.txt,25496,b4333c37b09079cd5eeeb514fdf6cab9801c0c866d329962c5704375b0b3f736
features_ventus_v3_3_capacity,results/features_ventus_v3_3_capacity/pmu/attempt_01/s2g__size_4096.txt,archive/results/ventus/V3.3/tensor_capacity/features_ventus_v3_3_capacity/pmu/attempt_01/s2g__size_4096.txt,25496,b5bc4158063a6fecd812c1455d142bb2b16890c85e641a749dc73cb3f41331a8
features_ventus_v3_3_capacity,results/features_ventus_v3_3_capacity/pmu/attempt_01/s2g__size_512.txt,archive/results/ventus/V3.3/tensor_capacity/features_ventus_v3_3_capacity/pmu/attempt_01/s2g__size_512.txt,25496,72e6c9c2962b065dcfa6cfb34d6fbf026348537d41485a540c7ac439610145d4
features_ventus_v3_3_capacity,results/features_ventus_v3_3_capacity/pmu/attempt_01/s2g__size_8192.txt,archive/results/ventus/V3.3/tensor_capacity/features_ventus_v3_3_capacity/pmu/attempt_01/s2g__size_8192.txt,25496,843fdf204d88bd21a3e097ac51cd5222f3ffbcd797323a000ad944f392d37b36
features_ventus_v3_3_capacity_final,results/features_ventus_v3_3_capacity_final/attempt_01.csv,data/ventus/V3.3/single_instruction/tensor_capacity/all_directions/legacy--features_ventus_v3_3_capacity_final/attempt_01.csv,1950,376e10015d125d6f4a18cc3cef350c62cca55db552989f03c67840ccf0a9acae
features_ventus_v3_3_capacity_final,results/features_ventus_v3_3_capacity_final/manifest.json,data/ventus/V3.3/single_instruction/tensor_capacity/all_directions/legacy--features_ventus_v3_3_capacity_final/manifest.json,1195,940f25f1977a54308f1f27711abd56e3d7bda1607fe9fe28ab195a471957b0fe
features_ventus_v3_3_capacity_final,results/features_ventus_v3_3_capacity_final/pmu/attempt_01/g2s__size_1024.txt,data/ventus/V3.3/single_instruction/tensor_capacity/all_directions/legacy--features_ventus_v3_3_capacity_final/pmu/attempt_01/g2s__size_1024.txt,25496,daa0ae66a40b7373c1091ba1842efa0bb1f02c601e085c5f3ad8bb339cf87af7
features_ventus_v3_3_capacity_final,results/features_ventus_v3_3_capacity_final/pmu/attempt_01/g2s__size_128.txt,data/ventus/V3.3/single_instruction/tensor_capacity/all_directions/legacy--features_ventus_v3_3_capacity_final/pmu/attempt_01/g2s__size_128.txt,25496,6fefb8bab44aca6775f5b43c92d979ca4d4e2c300016d0fbe61f73b3797cbcee
features_ventus_v3_3_capacity_final,results/features_ventus_v3_3_capacity_final/pmu/attempt_01/g2s__size_16384.txt,data/ventus/V3.3/single_instruction/tensor_capacity/all_directions/legacy--features_ventus_v3_3_capacity_final/pmu/attempt_01/g2s__size_16384.txt,25496,7bda4441cd3ba90a9b8bbd7bd5d860b40bc93fbeb8296f9ca95758c364da8037
features_ventus_v3_3_capacity_final,results/features_ventus_v3_3_capacity_final/pmu/attempt_01/g2s__size_2048.txt,data/ventus/V3.3/single_instruction/tensor_capacity/all_directions/legacy--features_ventus_v3_3_capacity_final/pmu/attempt_01/g2s__size_2048.txt,25496,ac56090a649d8188f68a37d330c01002629d5c7937cedf65489b4cfed518ebd4
features_ventus_v3_3_capacity_final,results/features_ventus_v3_3_capacity_final/pmu/attempt_01/g2s__size_256.txt,data/ventus/V3.3/single_instruction/tensor_capacity/all_directions/legacy--features_ventus_v3_3_capacity_final/pmu/attempt_01/g2s__size_256.txt,25496,e0051c4facd7f4f714cd6719185dcfeda6055a4ebcd2e323ea8761e8d946cc27
features_ventus_v3_3_capacity_final,results/features_ventus_v3_3_capacity_final/pmu/attempt_01/g2s__size_32768.txt,data/ventus/V3.3/single_instruction/tensor_capacity/all_directions/legacy--features_ventus_v3_3_capacity_final/pmu/attempt_01/g2s__size_32768.txt,25496,9fa734352d24bf2d3200eaf62682957ba4639b657610c0f99afbbb8ddd3c8b9b
features_ventus_v3_3_capacity_final,results/features_ventus_v3_3_capacity_final/pmu/attempt_01/g2s__size_4096.txt,data/ventus/V3.3/single_instruction/tensor_capacity/all_directions/legacy--features_ventus_v3_3_capacity_final/pmu/attempt_01/g2s__size_4096.txt,25496,e631ec3ff2a126324ac6408976189b45e18a2d916f6df9e7c13be6a01b503914
features_ventus_v3_3_capacity_final,results/features_ventus_v3_3_capacity_final/pmu/attempt_01/g2s__size_512.txt,data/ventus/V3.3/single_instruction/tensor_capacity/all_directions/legacy--features_ventus_v3_3_capacity_final/pmu/attempt_01/g2s__size_512.txt,25496,fd25e9f721f92a71996b0abc00cb5ae410ee7ea461392a3f6ba2113373ab7be1
features_ventus_v3_3_capacity_final,results/features_ventus_v3_3_capacity_final/pmu/attempt_01/g2s__size_8192.txt,data/ventus/V3.3/single_instruction/tensor_capacity/all_directions/legacy--features_ventus_v3_3_capacity_final/pmu/attempt_01/g2s__size_8192.txt,25496,3e2913da3c109789d1c176ea02878da0273377272bd46b31a86930d75740d1ed
features_ventus_v3_3_capacity_final,results/features_ventus_v3_3_capacity_final/pmu/attempt_01/roundtrip__size_1024.txt,data/ventus/V3.3/single_instruction/tensor_capacity/all_directions/legacy--features_ventus_v3_3_capacity_final/pmu/attempt_01/roundtrip__size_1024.txt,25496,83958a5a1e48d0019785a042f8b7ec481fe3a27496453be9b0f1efc05b1da28d
features_ventus_v3_3_capacity_final,results/features_ventus_v3_3_capacity_final/pmu/attempt_01/roundtrip__size_128.txt,data/ventus/V3.3/single_instruction/tensor_capacity/all_directions/legacy--features_ventus_v3_3_capacity_final/pmu/attempt_01/roundtrip__size_128.txt,25496,689fee66902bec8a3edd5cb6be62b81048157c344cd63ec836b7b20d8c65355f
features_ventus_v3_3_capacity_final,results/features_ventus_v3_3_capacity_final/pmu/attempt_01/roundtrip__size_16384.txt,data/ventus/V3.3/single_instruction/tensor_capacity/all_directions/legacy--features_ventus_v3_3_capacity_final/pmu/attempt_01/roundtrip__size_16384.txt,25496,4d65b40a822d6b3e7200cf92c7dd62d8ade2071c25ae66eeaeaae3f0c992c05e
features_ventus_v3_3_capacity_final,results/features_ventus_v3_3_capacity_final/pmu/attempt_01/roundtrip__size_2048.txt,data/ventus/V3.3/single_instruction/tensor_capacity/all_directions/legacy--features_ventus_v3_3_capacity_final/pmu/attempt_01/roundtrip__size_2048.txt,25496,c7ecd69497ddb405a3c38540cc3e43522170e9439d783fdc464a6c3743ef760f
features_ventus_v3_3_capacity_final,results/features_ventus_v3_3_capacity_final/pmu/attempt_01/roundtrip__size_256.txt,data/ventus/V3.3/single_instruction/tensor_capacity/all_directions/legacy--features_ventus_v3_3_capacity_final/pmu/attempt_01/roundtrip__size_256.txt,25496,e6373d3806aba7bcc2a2c59b74e42c5c9811c531cdc7578470896dcdf0201e0f
features_ventus_v3_3_capacity_final,results/features_ventus_v3_3_capacity_final/pmu/attempt_01/roundtrip__size_32768.txt,data/ventus/V3.3/single_instruction/tensor_capacity/all_directions/legacy--features_ventus_v3_3_capacity_final/pmu/attempt_01/roundtrip__size_32768.txt,25496,9934625fc18bd57f89975a0c3ccef5f9abb676fb1505f68e0f1e04b515289f56
features_ventus_v3_3_capacity_final,results/features_ventus_v3_3_capacity_final/pmu/attempt_01/roundtrip__size_4096.txt,data/ventus/V3.3/single_instruction/tensor_capacity/all_directions/legacy--features_ventus_v3_3_capacity_final/pmu/attempt_01/roundtrip__size_4096.txt,25496,0d7f903eba798191f89882ee0fa1960eafd7eab7342749e56003ccb628df7e6c
features_ventus_v3_3_capacity_final,results/features_ventus_v3_3_capacity_final/pmu/attempt_01/roundtrip__size_512.txt,data/ventus/V3.3/single_instruction/tensor_capacity/all_directions/legacy--features_ventus_v3_3_capacity_final/pmu/attempt_01/roundtrip__size_512.txt,25496,cd794905cd7b170f66d5c23bb0b75a0b7fb346cf00a499d484aae4eef0a7a5ee
features_ventus_v3_3_capacity_final,results/features_ventus_v3_3_capacity_final/pmu/attempt_01/roundtrip__size_8192.txt,data/ventus/V3.3/single_instruction/tensor_capacity/all_directions/legacy--features_ventus_v3_3_capacity_final/pmu/attempt_01/roundtrip__size_8192.txt,25496,54c9958a0f5bf51ccdb946aeadc83d86215b31412d33637060852968dc48cf03
features_ventus_v3_3_capacity_final,results/features_ventus_v3_3_capacity_final/pmu/attempt_01/s2g__size_1024.txt,data/ventus/V3.3/single_instruction/tensor_capacity/all_directions/legacy--features_ventus_v3_3_capacity_final/pmu/attempt_01/s2g__size_1024.txt,25496,33a69a3beeb1c21447b1d5963b68343ae756bd1306f99858928938a9597102d9
features_ventus_v3_3_capacity_final,results/features_ventus_v3_3_capacity_final/pmu/attempt_01/s2g__size_128.txt,data/ventus/V3.3/single_instruction/tensor_capacity/all_directions/legacy--features_ventus_v3_3_capacity_final/pmu/attempt_01/s2g__size_128.txt,25496,fbe935119b3c81142b6fe87ef7c0d76a76c4cfbdbfef2273c863a345bfb60c2b
features_ventus_v3_3_capacity_final,results/features_ventus_v3_3_capacity_final/pmu/attempt_01/s2g__size_16384.txt,data/ventus/V3.3/single_instruction/tensor_capacity/all_directions/legacy--features_ventus_v3_3_capacity_final/pmu/attempt_01/s2g__size_16384.txt,25496,011ee0012af9aa9d1f89a9283270f658f131a0615ac47b2a88c7583f3eaefd47
features_ventus_v3_3_capacity_final,results/features_ventus_v3_3_capacity_final/pmu/attempt_01/s2g__size_2048.txt,data/ventus/V3.3/single_instruction/tensor_capacity/all_directions/legacy--features_ventus_v3_3_capacity_final/pmu/attempt_01/s2g__size_2048.txt,25496,a44e19d02e15635a41e7aa08d39e78504353ae153f468d4b1f6599b61595eae8
features_ventus_v3_3_capacity_final,results/features_ventus_v3_3_capacity_final/pmu/attempt_01/s2g__size_256.txt,data/ventus/V3.3/single_instruction/tensor_capacity/all_directions/legacy--features_ventus_v3_3_capacity_final/pmu/attempt_01/s2g__size_256.txt,25496,9a2cf7a9dafb98a9c40d6bc822b6b7ae2547bb9e884fed50b54eb6b65bfb9280
features_ventus_v3_3_capacity_final,results/features_ventus_v3_3_capacity_final/pmu/attempt_01/s2g__size_32768.txt,data/ventus/V3.3/single_instruction/tensor_capacity/all_directions/legacy--features_ventus_v3_3_capacity_final/pmu/attempt_01/s2g__size_32768.txt,25496,916b2ea0a05568fb68de0a0d49aa8062604163c5c0eb93e6c28baebf4e5fd339
features_ventus_v3_3_capacity_final,results/features_ventus_v3_3_capacity_final/pmu/attempt_01/s2g__size_4096.txt,data/ventus/V3.3/single_instruction/tensor_capacity/all_directions/legacy--features_ventus_v3_3_capacity_final/pmu/attempt_01/s2g__size_4096.txt,25496,9cc8656122a5a10f55bb276c4ddf875c047dc618a6af3283ad2c21f80c936aff
features_ventus_v3_3_capacity_final,results/features_ventus_v3_3_capacity_final/pmu/attempt_01/s2g__size_512.txt,data/ventus/V3.3/single_instruction/tensor_capacity/all_directions/legacy--features_ventus_v3_3_capacity_final/pmu/attempt_01/s2g__size_512.txt,25496,930d066c156839977d39ab38a75da8e9708ec333cce05f07d84fcf17147b8ebd
features_ventus_v3_3_capacity_final,results/features_ventus_v3_3_capacity_final/pmu/attempt_01/s2g__size_8192.txt,data/ventus/V3.3/single_instruction/tensor_capacity/all_directions/legacy--features_ventus_v3_3_capacity_final/pmu/attempt_01/s2g__size_8192.txt,25496,154575adfc5ea6f63468fa5c241f09dfe0b5c234cea6be199b2ee2ac128374af
features_ventus_v3_3_capacity_final_pre_metadata_compression,results/features_ventus_v3_3_capacity_final_pre_metadata_compression/attempt_01.csv,archive/results/ventus/V3.3/tensor_capacity/features_ventus_v3_3_capacity_final_pre_metadata_compression/attempt_01.csv,1950,376e10015d125d6f4a18cc3cef350c62cca55db552989f03c67840ccf0a9acae
features_ventus_v3_3_capacity_final_pre_metadata_compression,results/features_ventus_v3_3_capacity_final_pre_metadata_compression/manifest.json,archive/results/ventus/V3.3/tensor_capacity/features_ventus_v3_3_capacity_final_pre_metadata_compression/manifest.json,1196,703924ed5c2d6bbab79aa8833b4c9403e7bcabd5756e627e9faceea3b4be7e74
features_ventus_v3_3_capacity_final_pre_metadata_compression,results/features_ventus_v3_3_capacity_final_pre_metadata_compression/pmu/attempt_01/g2s__size_1024.txt,archive/results/ventus/V3.3/tensor_capacity/features_ventus_v3_3_capacity_final_pre_metadata_compression/pmu/attempt_01/g2s__size_1024.txt,25496,daa0ae66a40b7373c1091ba1842efa0bb1f02c601e085c5f3ad8bb339cf87af7
features_ventus_v3_3_capacity_final_pre_metadata_compression,results/features_ventus_v3_3_capacity_final_pre_metadata_compression/pmu/attempt_01/g2s__size_128.txt,archive/results/ventus/V3.3/tensor_capacity/features_ventus_v3_3_capacity_final_pre_metadata_compression/pmu/attempt_01/g2s__size_128.txt,25496,6fefb8bab44aca6775f5b43c92d979ca4d4e2c300016d0fbe61f73b3797cbcee
features_ventus_v3_3_capacity_final_pre_metadata_compression,results/features_ventus_v3_3_capacity_final_pre_metadata_compression/pmu/attempt_01/g2s__size_16384.txt,archive/results/ventus/V3.3/tensor_capacity/features_ventus_v3_3_capacity_final_pre_metadata_compression/pmu/attempt_01/g2s__size_16384.txt,25496,7bda4441cd3ba90a9b8bbd7bd5d860b40bc93fbeb8296f9ca95758c364da8037
features_ventus_v3_3_capacity_final_pre_metadata_compression,results/features_ventus_v3_3_capacity_final_pre_metadata_compression/pmu/attempt_01/g2s__size_2048.txt,archive/results/ventus/V3.3/tensor_capacity/features_ventus_v3_3_capacity_final_pre_metadata_compression/pmu/attempt_01/g2s__size_2048.txt,25496,ac56090a649d8188f68a37d330c01002629d5c7937cedf65489b4cfed518ebd4
features_ventus_v3_3_capacity_final_pre_metadata_compression,results/features_ventus_v3_3_capacity_final_pre_metadata_compression/pmu/attempt_01/g2s__size_256.txt,archive/results/ventus/V3.3/tensor_capacity/features_ventus_v3_3_capacity_final_pre_metadata_compression/pmu/attempt_01/g2s__size_256.txt,25496,e0051c4facd7f4f714cd6719185dcfeda6055a4ebcd2e323ea8761e8d946cc27
features_ventus_v3_3_capacity_final_pre_metadata_compression,results/features_ventus_v3_3_capacity_final_pre_metadata_compression/pmu/attempt_01/g2s__size_32768.txt,archive/results/ventus/V3.3/tensor_capacity/features_ventus_v3_3_capacity_final_pre_metadata_compression/pmu/attempt_01/g2s__size_32768.txt,25496,9fa734352d24bf2d3200eaf62682957ba4639b657610c0f99afbbb8ddd3c8b9b
features_ventus_v3_3_capacity_final_pre_metadata_compression,results/features_ventus_v3_3_capacity_final_pre_metadata_compression/pmu/attempt_01/g2s__size_4096.txt,archive/results/ventus/V3.3/tensor_capacity/features_ventus_v3_3_capacity_final_pre_metadata_compression/pmu/attempt_01/g2s__size_4096.txt,25496,e631ec3ff2a126324ac6408976189b45e18a2d916f6df9e7c13be6a01b503914
features_ventus_v3_3_capacity_final_pre_metadata_compression,results/features_ventus_v3_3_capacity_final_pre_metadata_compression/pmu/attempt_01/g2s__size_512.txt,archive/results/ventus/V3.3/tensor_capacity/features_ventus_v3_3_capacity_final_pre_metadata_compression/pmu/attempt_01/g2s__size_512.txt,25496,fd25e9f721f92a71996b0abc00cb5ae410ee7ea461392a3f6ba2113373ab7be1
features_ventus_v3_3_capacity_final_pre_metadata_compression,results/features_ventus_v3_3_capacity_final_pre_metadata_compression/pmu/attempt_01/g2s__size_8192.txt,archive/results/ventus/V3.3/tensor_capacity/features_ventus_v3_3_capacity_final_pre_metadata_compression/pmu/attempt_01/g2s__size_8192.txt,25496,3e2913da3c109789d1c176ea02878da0273377272bd46b31a86930d75740d1ed
features_ventus_v3_3_capacity_final_pre_metadata_compression,results/features_ventus_v3_3_capacity_final_pre_metadata_compression/pmu/attempt_01/roundtrip__size_1024.txt,archive/results/ventus/V3.3/tensor_capacity/features_ventus_v3_3_capacity_final_pre_metadata_compression/pmu/attempt_01/roundtrip__size_1024.txt,25496,83958a5a1e48d0019785a042f8b7ec481fe3a27496453be9b0f1efc05b1da28d
features_ventus_v3_3_capacity_final_pre_metadata_compression,results/features_ventus_v3_3_capacity_final_pre_metadata_compression/pmu/attempt_01/roundtrip__size_128.txt,archive/results/ventus/V3.3/tensor_capacity/features_ventus_v3_3_capacity_final_pre_metadata_compression/pmu/attempt_01/roundtrip__size_128.txt,25496,689fee66902bec8a3edd5cb6be62b81048157c344cd63ec836b7b20d8c65355f
features_ventus_v3_3_capacity_final_pre_metadata_compression,results/features_ventus_v3_3_capacity_final_pre_metadata_compression/pmu/attempt_01/roundtrip__size_16384.txt,archive/results/ventus/V3.3/tensor_capacity/features_ventus_v3_3_capacity_final_pre_metadata_compression/pmu/attempt_01/roundtrip__size_16384.txt,25496,4d65b40a822d6b3e7200cf92c7dd62d8ade2071c25ae66eeaeaae3f0c992c05e
features_ventus_v3_3_capacity_final_pre_metadata_compression,results/features_ventus_v3_3_capacity_final_pre_metadata_compression/pmu/attempt_01/roundtrip__size_2048.txt,archive/results/ventus/V3.3/tensor_capacity/features_ventus_v3_3_capacity_final_pre_metadata_compression/pmu/attempt_01/roundtrip__size_2048.txt,25496,c7ecd69497ddb405a3c38540cc3e43522170e9439d783fdc464a6c3743ef760f
features_ventus_v3_3_capacity_final_pre_metadata_compression,results/features_ventus_v3_3_capacity_final_pre_metadata_compression/pmu/attempt_01/roundtrip__size_256.txt,archive/results/ventus/V3.3/tensor_capacity/features_ventus_v3_3_capacity_final_pre_metadata_compression/pmu/attempt_01/roundtrip__size_256.txt,25496,e6373d3806aba7bcc2a2c59b74e42c5c9811c531cdc7578470896dcdf0201e0f
features_ventus_v3_3_capacity_final_pre_metadata_compression,results/features_ventus_v3_3_capacity_final_pre_metadata_compression/pmu/attempt_01/roundtrip__size_32768.txt,archive/results/ventus/V3.3/tensor_capacity/features_ventus_v3_3_capacity_final_pre_metadata_compression/pmu/attempt_01/roundtrip__size_32768.txt,25496,9934625fc18bd57f89975a0c3ccef5f9abb676fb1505f68e0f1e04b515289f56
features_ventus_v3_3_capacity_final_pre_metadata_compression,results/features_ventus_v3_3_capacity_final_pre_metadata_compression/pmu/attempt_01/roundtrip__size_4096.txt,archive/results/ventus/V3.3/tensor_capacity/features_ventus_v3_3_capacity_final_pre_metadata_compression/pmu/attempt_01/roundtrip__size_4096.txt,25496,0d7f903eba798191f89882ee0fa1960eafd7eab7342749e56003ccb628df7e6c
features_ventus_v3_3_capacity_final_pre_metadata_compression,results/features_ventus_v3_3_capacity_final_pre_metadata_compression/pmu/attempt_01/roundtrip__size_512.txt,archive/results/ventus/V3.3/tensor_capacity/features_ventus_v3_3_capacity_final_pre_metadata_compression/pmu/attempt_01/roundtrip__size_512.txt,25496,cd794905cd7b170f66d5c23bb0b75a0b7fb346cf00a499d484aae4eef0a7a5ee
features_ventus_v3_3_capacity_final_pre_metadata_compression,results/features_ventus_v3_3_capacity_final_pre_metadata_compression/pmu/attempt_01/roundtrip__size_8192.txt,archive/results/ventus/V3.3/tensor_capacity/features_ventus_v3_3_capacity_final_pre_metadata_compression/pmu/attempt_01/roundtrip__size_8192.txt,25496,54c9958a0f5bf51ccdb946aeadc83d86215b31412d33637060852968dc48cf03
features_ventus_v3_3_capacity_final_pre_metadata_compression,results/features_ventus_v3_3_capacity_final_pre_metadata_compression/pmu/attempt_01/s2g__size_1024.txt,archive/results/ventus/V3.3/tensor_capacity/features_ventus_v3_3_capacity_final_pre_metadata_compression/pmu/attempt_01/s2g__size_1024.txt,25496,33a69a3beeb1c21447b1d5963b68343ae756bd1306f99858928938a9597102d9
features_ventus_v3_3_capacity_final_pre_metadata_compression,results/features_ventus_v3_3_capacity_final_pre_metadata_compression/pmu/attempt_01/s2g__size_128.txt,archive/results/ventus/V3.3/tensor_capacity/features_ventus_v3_3_capacity_final_pre_metadata_compression/pmu/attempt_01/s2g__size_128.txt,25496,fbe935119b3c81142b6fe87ef7c0d76a76c4cfbdbfef2273c863a345bfb60c2b
features_ventus_v3_3_capacity_final_pre_metadata_compression,results/features_ventus_v3_3_capacity_final_pre_metadata_compression/pmu/attempt_01/s2g__size_16384.txt,archive/results/ventus/V3.3/tensor_capacity/features_ventus_v3_3_capacity_final_pre_metadata_compression/pmu/attempt_01/s2g__size_16384.txt,25496,011ee0012af9aa9d1f89a9283270f658f131a0615ac47b2a88c7583f3eaefd47
features_ventus_v3_3_capacity_final_pre_metadata_compression,results/features_ventus_v3_3_capacity_final_pre_metadata_compression/pmu/attempt_01/s2g__size_2048.txt,archive/results/ventus/V3.3/tensor_capacity/features_ventus_v3_3_capacity_final_pre_metadata_compression/pmu/attempt_01/s2g__size_2048.txt,25496,a44e19d02e15635a41e7aa08d39e78504353ae153f468d4b1f6599b61595eae8
features_ventus_v3_3_capacity_final_pre_metadata_compression,results/features_ventus_v3_3_capacity_final_pre_metadata_compression/pmu/attempt_01/s2g__size_256.txt,archive/results/ventus/V3.3/tensor_capacity/features_ventus_v3_3_capacity_final_pre_metadata_compression/pmu/attempt_01/s2g__size_256.txt,25496,9a2cf7a9dafb98a9c40d6bc822b6b7ae2547bb9e884fed50b54eb6b65bfb9280
features_ventus_v3_3_capacity_final_pre_metadata_compression,results/features_ventus_v3_3_capacity_final_pre_metadata_compression/pmu/attempt_01/s2g__size_32768.txt,archive/results/ventus/V3.3/tensor_capacity/features_ventus_v3_3_capacity_final_pre_metadata_compression/pmu/attempt_01/s2g__size_32768.txt,25496,916b2ea0a05568fb68de0a0d49aa8062604163c5c0eb93e6c28baebf4e5fd339
features_ventus_v3_3_capacity_final_pre_metadata_compression,results/features_ventus_v3_3_capacity_final_pre_metadata_compression/pmu/attempt_01/s2g__size_4096.txt,archive/results/ventus/V3.3/tensor_capacity/features_ventus_v3_3_capacity_final_pre_metadata_compression/pmu/attempt_01/s2g__size_4096.txt,25496,9cc8656122a5a10f55bb276c4ddf875c047dc618a6af3283ad2c21f80c936aff
features_ventus_v3_3_capacity_final_pre_metadata_compression,results/features_ventus_v3_3_capacity_final_pre_metadata_compression/pmu/attempt_01/s2g__size_512.txt,archive/results/ventus/V3.3/tensor_capacity/features_ventus_v3_3_capacity_final_pre_metadata_compression/pmu/attempt_01/s2g__size_512.txt,25496,930d066c156839977d39ab38a75da8e9708ec333cce05f07d84fcf17147b8ebd
features_ventus_v3_3_capacity_final_pre_metadata_compression,results/features_ventus_v3_3_capacity_final_pre_metadata_compression/pmu/attempt_01/s2g__size_8192.txt,archive/results/ventus/V3.3/tensor_capacity/features_ventus_v3_3_capacity_final_pre_metadata_compression/pmu/attempt_01/s2g__size_8192.txt,25496,154575adfc5ea6f63468fa5c241f09dfe0b5c234cea6be199b2ee2ac128374af
features_ventus_v3_3_descriptor,results/features_ventus_v3_3_descriptor/attempt_01.csv,data/ventus/V3.3/single_instruction/descriptor_features/all_directions/legacy--features_ventus_v3_3_descriptor/attempt_01.csv,2228,2dea6bb8eadfc5625bbac70546c574ae3506a2392cc0548c14e52dbd0fcbd2b2
features_ventus_v3_3_descriptor,results/features_ventus_v3_3_descriptor/local_timeout_tail_pre_resume.txt,data/ventus/V3.3/single_instruction/descriptor_features/all_directions/legacy--features_ventus_v3_3_descriptor/local_timeout_tail_pre_resume.txt,11153,8518f6c72efd8aa72ed91a4f1cb446422b7c9ba48ee2e2b083017be6a667d666
features_ventus_v3_3_descriptor,results/features_ventus_v3_3_descriptor/manifest.json,data/ventus/V3.3/single_instruction/descriptor_features/all_directions/legacy--features_ventus_v3_3_descriptor/manifest.json,1339,ad35487848cd67af93abe25312718ba1ebf919d38b011c13bd5a60075b19e51b
features_ventus_v3_3_descriptor,results/features_ventus_v3_3_descriptor/pmu/attempt_01/g2s__oob_100.txt,data/ventus/V3.3/single_instruction/descriptor_features/all_directions/legacy--features_ventus_v3_3_descriptor/pmu/attempt_01/g2s__oob_100.txt,25496,9397cdea9e988409a4b6e8865d7fd4ccd8db3d368787b494aeb1ccc323351e0d
features_ventus_v3_3_descriptor,results/features_ventus_v3_3_descriptor/pmu/attempt_01/g2s__oob_25.txt,data/ventus/V3.3/single_instruction/descriptor_features/all_directions/legacy--features_ventus_v3_3_descriptor/pmu/attempt_01/g2s__oob_25.txt,25496,e631ec3ff2a126324ac6408976189b45e18a2d916f6df9e7c13be6a01b503914
features_ventus_v3_3_descriptor,results/features_ventus_v3_3_descriptor/pmu/attempt_01/g2s__oob_50.txt,data/ventus/V3.3/single_instruction/descriptor_features/all_directions/legacy--features_ventus_v3_3_descriptor/pmu/attempt_01/g2s__oob_50.txt,25496,e631ec3ff2a126324ac6408976189b45e18a2d916f6df9e7c13be6a01b503914
features_ventus_v3_3_descriptor,results/features_ventus_v3_3_descriptor/pmu/attempt_01/g2s__rank1_contiguous.txt,data/ventus/V3.3/single_instruction/descriptor_features/all_directions/legacy--features_ventus_v3_3_descriptor/pmu/attempt_01/g2s__rank1_contiguous.txt,25496,bbff5ad0f99a67074958ef3adb464b09d5e9d3bb9627f2bbc256ed21f624c2ca
features_ventus_v3_3_descriptor,results/features_ventus_v3_3_descriptor/pmu/attempt_01/g2s__rank2_contiguous.txt,data/ventus/V3.3/single_instruction/descriptor_features/all_directions/legacy--features_ventus_v3_3_descriptor/pmu/attempt_01/g2s__rank2_contiguous.txt,25496,e631ec3ff2a126324ac6408976189b45e18a2d916f6df9e7c13be6a01b503914
features_ventus_v3_3_descriptor,results/features_ventus_v3_3_descriptor/pmu/attempt_01/g2s__rank2_row_stride2.txt,data/ventus/V3.3/single_instruction/descriptor_features/all_directions/legacy--features_ventus_v3_3_descriptor/pmu/attempt_01/g2s__rank2_row_stride2.txt,25496,e631ec3ff2a126324ac6408976189b45e18a2d916f6df9e7c13be6a01b503914
features_ventus_v3_3_descriptor,results/features_ventus_v3_3_descriptor/pmu/attempt_01/g2s__rank3_contiguous.txt,data/ventus/V3.3/single_instruction/descriptor_features/all_directions/legacy--features_ventus_v3_3_descriptor/pmu/attempt_01/g2s__rank3_contiguous.txt,25496,467c19fc75b91432bf2aeefff66586a78d3f57897762a708eeff7ef0e8494404
features_ventus_v3_3_descriptor,results/features_ventus_v3_3_descriptor/pmu/attempt_01/g2s__rank4_contiguous.txt,data/ventus/V3.3/single_instruction/descriptor_features/all_directions/legacy--features_ventus_v3_3_descriptor/pmu/attempt_01/g2s__rank4_contiguous.txt,25496,e4073de9304d97322936fbfbcafb3d7d3433603bab6a91e60b82b11e0945a836
features_ventus_v3_3_descriptor,results/features_ventus_v3_3_descriptor/pmu/attempt_01/g2s__rank5_contiguous.txt,data/ventus/V3.3/single_instruction/descriptor_features/all_directions/legacy--features_ventus_v3_3_descriptor/pmu/attempt_01/g2s__rank5_contiguous.txt,25496,1cefee17fef52898d6993106ddb801b6e8925beb2ae4fe4d9cf35523340e1230
features_ventus_v3_3_descriptor,results/features_ventus_v3_3_descriptor/pmu/attempt_01/g2s__tile_16x16.txt,data/ventus/V3.3/single_instruction/descriptor_features/all_directions/legacy--features_ventus_v3_3_descriptor/pmu/attempt_01/g2s__tile_16x16.txt,25496,daa0ae66a40b7373c1091ba1842efa0bb1f02c601e085c5f3ad8bb339cf87af7
features_ventus_v3_3_descriptor,results/features_ventus_v3_3_descriptor/pmu/attempt_01/g2s__tile_32x16.txt,data/ventus/V3.3/single_instruction/descriptor_features/all_directions/legacy--features_ventus_v3_3_descriptor/pmu/attempt_01/g2s__tile_32x16.txt,25496,ac56090a649d8188f68a37d330c01002629d5c7937cedf65489b4cfed518ebd4
features_ventus_v3_3_descriptor,results/features_ventus_v3_3_descriptor/pmu/attempt_01/g2s__tile_32x32.txt,data/ventus/V3.3/single_instruction/descriptor_features/all_directions/legacy--features_ventus_v3_3_descriptor/pmu/attempt_01/g2s__tile_32x32.txt,25496,e631ec3ff2a126324ac6408976189b45e18a2d916f6df9e7c13be6a01b503914
features_ventus_v3_3_descriptor,results/features_ventus_v3_3_descriptor/pmu/attempt_01/g2s__tile_64x32.txt,data/ventus/V3.3/single_instruction/descriptor_features/all_directions/legacy--features_ventus_v3_3_descriptor/pmu/attempt_01/g2s__tile_64x32.txt,25496,3e2913da3c109789d1c176ea02878da0273377272bd46b31a86930d75740d1ed
features_ventus_v3_3_descriptor,results/features_ventus_v3_3_descriptor/pmu/attempt_01/g2s__tile_64x64.txt,data/ventus/V3.3/single_instruction/descriptor_features/all_directions/legacy--features_ventus_v3_3_descriptor/pmu/attempt_01/g2s__tile_64x64.txt,25496,7bda4441cd3ba90a9b8bbd7bd5d860b40bc93fbeb8296f9ca95758c364da8037
features_ventus_v3_3_descriptor,results/features_ventus_v3_3_descriptor/pmu/attempt_01/roundtrip__interleave16.txt,data/ventus/V3.3/single_instruction/descriptor_features/all_directions/legacy--features_ventus_v3_3_descriptor/pmu/attempt_01/roundtrip__interleave16.txt,25496,68b6ea1c5b31763bd304d8d897bda47667f498765e2e0dc3f32bf693faef92b2
features_ventus_v3_3_descriptor,results/features_ventus_v3_3_descriptor/pmu/attempt_01/roundtrip__interleave16_u16.txt,data/ventus/V3.3/single_instruction/descriptor_features/all_directions/legacy--features_ventus_v3_3_descriptor/pmu/attempt_01/roundtrip__interleave16_u16.txt,25496,68b6ea1c5b31763bd304d8d897bda47667f498765e2e0dc3f32bf693faef92b2
features_ventus_v3_3_descriptor,results/features_ventus_v3_3_descriptor/pmu/attempt_01/roundtrip__interleave32.txt,data/ventus/V3.3/single_instruction/descriptor_features/all_directions/legacy--features_ventus_v3_3_descriptor/pmu/attempt_01/roundtrip__interleave32.txt,25496,68b6ea1c5b31763bd304d8d897bda47667f498765e2e0dc3f32bf693faef92b2
features_ventus_v3_3_descriptor,results/features_ventus_v3_3_descriptor/pmu/attempt_01/roundtrip__swizzle128.txt,data/ventus/V3.3/single_instruction/descriptor_features/all_directions/legacy--features_ventus_v3_3_descriptor/pmu/attempt_01/roundtrip__swizzle128.txt,25496,0d7f903eba798191f89882ee0fa1960eafd7eab7342749e56003ccb628df7e6c
features_ventus_v3_3_descriptor,results/features_ventus_v3_3_descriptor/pmu/attempt_01/roundtrip__swizzle32.txt,data/ventus/V3.3/single_instruction/descriptor_features/all_directions/legacy--features_ventus_v3_3_descriptor/pmu/attempt_01/roundtrip__swizzle32.txt,25496,0d7f903eba798191f89882ee0fa1960eafd7eab7342749e56003ccb628df7e6c
features_ventus_v3_3_descriptor,results/features_ventus_v3_3_descriptor/pmu/attempt_01/roundtrip__swizzle64.txt,data/ventus/V3.3/single_instruction/descriptor_features/all_directions/legacy--features_ventus_v3_3_descriptor/pmu/attempt_01/roundtrip__swizzle64.txt,25496,0d7f903eba798191f89882ee0fa1960eafd7eab7342749e56003ccb628df7e6c
features_ventus_v3_3_descriptor,results/features_ventus_v3_3_descriptor/pmu/attempt_01/roundtrip__tile_16x16.txt,data/ventus/V3.3/single_instruction/descriptor_features/all_directions/legacy--features_ventus_v3_3_descriptor/pmu/attempt_01/roundtrip__tile_16x16.txt,25496,83958a5a1e48d0019785a042f8b7ec481fe3a27496453be9b0f1efc05b1da28d
features_ventus_v3_3_descriptor,results/features_ventus_v3_3_descriptor/pmu/attempt_01/roundtrip__tile_32x16.txt,data/ventus/V3.3/single_instruction/descriptor_features/all_directions/legacy--features_ventus_v3_3_descriptor/pmu/attempt_01/roundtrip__tile_32x16.txt,25496,c7ecd69497ddb405a3c38540cc3e43522170e9439d783fdc464a6c3743ef760f
features_ventus_v3_3_descriptor,results/features_ventus_v3_3_descriptor/pmu/attempt_01/roundtrip__tile_32x32.txt,data/ventus/V3.3/single_instruction/descriptor_features/all_directions/legacy--features_ventus_v3_3_descriptor/pmu/attempt_01/roundtrip__tile_32x32.txt,25496,0d7f903eba798191f89882ee0fa1960eafd7eab7342749e56003ccb628df7e6c
features_ventus_v3_3_descriptor,results/features_ventus_v3_3_descriptor/pmu/attempt_01/roundtrip__tile_64x32.txt,data/ventus/V3.3/single_instruction/descriptor_features/all_directions/legacy--features_ventus_v3_3_descriptor/pmu/attempt_01/roundtrip__tile_64x32.txt,25496,54c9958a0f5bf51ccdb946aeadc83d86215b31412d33637060852968dc48cf03
features_ventus_v3_3_descriptor,results/features_ventus_v3_3_descriptor/pmu/attempt_01/roundtrip__tile_64x64.txt,data/ventus/V3.3/single_instruction/descriptor_features/all_directions/legacy--features_ventus_v3_3_descriptor/pmu/attempt_01/roundtrip__tile_64x64.txt,25496,4d65b40a822d6b3e7200cf92c7dd62d8ade2071c25ae66eeaeaae3f0c992c05e
features_ventus_v3_3_descriptor,results/features_ventus_v3_3_descriptor/pmu/attempt_01/s2g__tile_16x16.txt,data/ventus/V3.3/single_instruction/descriptor_features/all_directions/legacy--features_ventus_v3_3_descriptor/pmu/attempt_01/s2g__tile_16x16.txt,25496,33a69a3beeb1c21447b1d5963b68343ae756bd1306f99858928938a9597102d9
features_ventus_v3_3_descriptor,results/features_ventus_v3_3_descriptor/pmu/attempt_01/s2g__tile_32x16.txt,data/ventus/V3.3/single_instruction/descriptor_features/all_directions/legacy--features_ventus_v3_3_descriptor/pmu/attempt_01/s2g__tile_32x16.txt,25496,a44e19d02e15635a41e7aa08d39e78504353ae153f468d4b1f6599b61595eae8
features_ventus_v3_3_descriptor,results/features_ventus_v3_3_descriptor/pmu/attempt_01/s2g__tile_32x32.txt,data/ventus/V3.3/single_instruction/descriptor_features/all_directions/legacy--features_ventus_v3_3_descriptor/pmu/attempt_01/s2g__tile_32x32.txt,25496,9cc8656122a5a10f55bb276c4ddf875c047dc618a6af3283ad2c21f80c936aff
features_ventus_v3_3_descriptor,results/features_ventus_v3_3_descriptor/pmu/attempt_01/s2g__tile_64x32.txt,data/ventus/V3.3/single_instruction/descriptor_features/all_directions/legacy--features_ventus_v3_3_descriptor/pmu/attempt_01/s2g__tile_64x32.txt,25496,154575adfc5ea6f63468fa5c241f09dfe0b5c234cea6be199b2ee2ac128374af
features_ventus_v3_3_descriptor,results/features_ventus_v3_3_descriptor/pmu/attempt_01/s2g__tile_64x64.txt,data/ventus/V3.3/single_instruction/descriptor_features/all_directions/legacy--features_ventus_v3_3_descriptor/pmu/attempt_01/s2g__tile_64x64.txt,25496,011ee0012af9aa9d1f89a9283270f658f131a0615ac47b2a88c7583f3eaefd47
features_ventus_v3_3_descriptor,results/features_ventus_v3_3_descriptor/resume_note.txt,data/ventus/V3.3/single_instruction/descriptor_features/all_directions/legacy--features_ventus_v3_3_descriptor/resume_note.txt,621,ddee11502cecf38adb030a63bd80199f156727a64248c95475d4fd58099d1d0c
features_ventus_v3_3_descriptor_pre_metadata_compression,results/features_ventus_v3_3_descriptor_pre_metadata_compression/attempt_01.csv,archive/results/ventus/V3.3/descriptor_features/features_ventus_v3_3_descriptor_pre_metadata_compression/attempt_01.csv,2228,2dea6bb8eadfc5625bbac70546c574ae3506a2392cc0548c14e52dbd0fcbd2b2
features_ventus_v3_3_descriptor_pre_metadata_compression,results/features_ventus_v3_3_descriptor_pre_metadata_compression/manifest.json,archive/results/ventus/V3.3/descriptor_features/features_ventus_v3_3_descriptor_pre_metadata_compression/manifest.json,1338,6eaa202200bc06092e0866d0ee8a1894c4829b102d9b794cfe316d66a32aa535
features_ventus_v3_3_descriptor_pre_metadata_compression,results/features_ventus_v3_3_descriptor_pre_metadata_compression/pmu/attempt_01/g2s__oob_100.txt,archive/results/ventus/V3.3/descriptor_features/features_ventus_v3_3_descriptor_pre_metadata_compression/pmu/attempt_01/g2s__oob_100.txt,25496,9397cdea9e988409a4b6e8865d7fd4ccd8db3d368787b494aeb1ccc323351e0d
features_ventus_v3_3_descriptor_pre_metadata_compression,results/features_ventus_v3_3_descriptor_pre_metadata_compression/pmu/attempt_01/g2s__oob_25.txt,archive/results/ventus/V3.3/descriptor_features/features_ventus_v3_3_descriptor_pre_metadata_compression/pmu/attempt_01/g2s__oob_25.txt,25496,e631ec3ff2a126324ac6408976189b45e18a2d916f6df9e7c13be6a01b503914
features_ventus_v3_3_descriptor_pre_metadata_compression,results/features_ventus_v3_3_descriptor_pre_metadata_compression/pmu/attempt_01/g2s__oob_50.txt,archive/results/ventus/V3.3/descriptor_features/features_ventus_v3_3_descriptor_pre_metadata_compression/pmu/attempt_01/g2s__oob_50.txt,25496,e631ec3ff2a126324ac6408976189b45e18a2d916f6df9e7c13be6a01b503914
features_ventus_v3_3_descriptor_pre_metadata_compression,results/features_ventus_v3_3_descriptor_pre_metadata_compression/pmu/attempt_01/g2s__rank1_contiguous.txt,archive/results/ventus/V3.3/descriptor_features/features_ventus_v3_3_descriptor_pre_metadata_compression/pmu/attempt_01/g2s__rank1_contiguous.txt,25496,bbff5ad0f99a67074958ef3adb464b09d5e9d3bb9627f2bbc256ed21f624c2ca
features_ventus_v3_3_descriptor_pre_metadata_compression,results/features_ventus_v3_3_descriptor_pre_metadata_compression/pmu/attempt_01/g2s__rank2_contiguous.txt,archive/results/ventus/V3.3/descriptor_features/features_ventus_v3_3_descriptor_pre_metadata_compression/pmu/attempt_01/g2s__rank2_contiguous.txt,25496,e631ec3ff2a126324ac6408976189b45e18a2d916f6df9e7c13be6a01b503914
features_ventus_v3_3_descriptor_pre_metadata_compression,results/features_ventus_v3_3_descriptor_pre_metadata_compression/pmu/attempt_01/g2s__rank2_row_stride2.txt,archive/results/ventus/V3.3/descriptor_features/features_ventus_v3_3_descriptor_pre_metadata_compression/pmu/attempt_01/g2s__rank2_row_stride2.txt,25496,e631ec3ff2a126324ac6408976189b45e18a2d916f6df9e7c13be6a01b503914
features_ventus_v3_3_descriptor_pre_metadata_compression,results/features_ventus_v3_3_descriptor_pre_metadata_compression/pmu/attempt_01/g2s__rank3_contiguous.txt,archive/results/ventus/V3.3/descriptor_features/features_ventus_v3_3_descriptor_pre_metadata_compression/pmu/attempt_01/g2s__rank3_contiguous.txt,25496,467c19fc75b91432bf2aeefff66586a78d3f57897762a708eeff7ef0e8494404
features_ventus_v3_3_descriptor_pre_metadata_compression,results/features_ventus_v3_3_descriptor_pre_metadata_compression/pmu/attempt_01/g2s__rank4_contiguous.txt,archive/results/ventus/V3.3/descriptor_features/features_ventus_v3_3_descriptor_pre_metadata_compression/pmu/attempt_01/g2s__rank4_contiguous.txt,25496,e4073de9304d97322936fbfbcafb3d7d3433603bab6a91e60b82b11e0945a836
features_ventus_v3_3_descriptor_pre_metadata_compression,results/features_ventus_v3_3_descriptor_pre_metadata_compression/pmu/attempt_01/g2s__rank5_contiguous.txt,archive/results/ventus/V3.3/descriptor_features/features_ventus_v3_3_descriptor_pre_metadata_compression/pmu/attempt_01/g2s__rank5_contiguous.txt,25496,1cefee17fef52898d6993106ddb801b6e8925beb2ae4fe4d9cf35523340e1230
features_ventus_v3_3_descriptor_pre_metadata_compression,results/features_ventus_v3_3_descriptor_pre_metadata_compression/pmu/attempt_01/g2s__tile_16x16.txt,archive/results/ventus/V3.3/descriptor_features/features_ventus_v3_3_descriptor_pre_metadata_compression/pmu/attempt_01/g2s__tile_16x16.txt,25496,daa0ae66a40b7373c1091ba1842efa0bb1f02c601e085c5f3ad8bb339cf87af7
features_ventus_v3_3_descriptor_pre_metadata_compression,results/features_ventus_v3_3_descriptor_pre_metadata_compression/pmu/attempt_01/g2s__tile_32x16.txt,archive/results/ventus/V3.3/descriptor_features/features_ventus_v3_3_descriptor_pre_metadata_compression/pmu/attempt_01/g2s__tile_32x16.txt,25496,ac56090a649d8188f68a37d330c01002629d5c7937cedf65489b4cfed518ebd4
features_ventus_v3_3_descriptor_pre_metadata_compression,results/features_ventus_v3_3_descriptor_pre_metadata_compression/pmu/attempt_01/g2s__tile_32x32.txt,archive/results/ventus/V3.3/descriptor_features/features_ventus_v3_3_descriptor_pre_metadata_compression/pmu/attempt_01/g2s__tile_32x32.txt,25496,e631ec3ff2a126324ac6408976189b45e18a2d916f6df9e7c13be6a01b503914
features_ventus_v3_3_descriptor_pre_metadata_compression,results/features_ventus_v3_3_descriptor_pre_metadata_compression/pmu/attempt_01/g2s__tile_64x32.txt,archive/results/ventus/V3.3/descriptor_features/features_ventus_v3_3_descriptor_pre_metadata_compression/pmu/attempt_01/g2s__tile_64x32.txt,25496,3e2913da3c109789d1c176ea02878da0273377272bd46b31a86930d75740d1ed
features_ventus_v3_3_descriptor_pre_metadata_compression,results/features_ventus_v3_3_descriptor_pre_metadata_compression/pmu/attempt_01/g2s__tile_64x64.txt,archive/results/ventus/V3.3/descriptor_features/features_ventus_v3_3_descriptor_pre_metadata_compression/pmu/attempt_01/g2s__tile_64x64.txt,25496,7bda4441cd3ba90a9b8bbd7bd5d860b40bc93fbeb8296f9ca95758c364da8037
features_ventus_v3_3_descriptor_pre_metadata_compression,results/features_ventus_v3_3_descriptor_pre_metadata_compression/pmu/attempt_01/roundtrip__interleave16.txt,archive/results/ventus/V3.3/descriptor_features/features_ventus_v3_3_descriptor_pre_metadata_compression/pmu/attempt_01/roundtrip__interleave16.txt,25496,68b6ea1c5b31763bd304d8d897bda47667f498765e2e0dc3f32bf693faef92b2
features_ventus_v3_3_descriptor_pre_metadata_compression,results/features_ventus_v3_3_descriptor_pre_metadata_compression/pmu/attempt_01/roundtrip__interleave16_u16.txt,archive/results/ventus/V3.3/descriptor_features/features_ventus_v3_3_descriptor_pre_metadata_compression/pmu/attempt_01/roundtrip__interleave16_u16.txt,25496,68b6ea1c5b31763bd304d8d897bda47667f498765e2e0dc3f32bf693faef92b2
features_ventus_v3_3_descriptor_pre_metadata_compression,results/features_ventus_v3_3_descriptor_pre_metadata_compression/pmu/attempt_01/roundtrip__interleave32.txt,archive/results/ventus/V3.3/descriptor_features/features_ventus_v3_3_descriptor_pre_metadata_compression/pmu/attempt_01/roundtrip__interleave32.txt,25496,68b6ea1c5b31763bd304d8d897bda47667f498765e2e0dc3f32bf693faef92b2
features_ventus_v3_3_descriptor_pre_metadata_compression,results/features_ventus_v3_3_descriptor_pre_metadata_compression/pmu/attempt_01/roundtrip__swizzle128.txt,archive/results/ventus/V3.3/descriptor_features/features_ventus_v3_3_descriptor_pre_metadata_compression/pmu/attempt_01/roundtrip__swizzle128.txt,25496,0d7f903eba798191f89882ee0fa1960eafd7eab7342749e56003ccb628df7e6c
features_ventus_v3_3_descriptor_pre_metadata_compression,results/features_ventus_v3_3_descriptor_pre_metadata_compression/pmu/attempt_01/roundtrip__swizzle32.txt,archive/results/ventus/V3.3/descriptor_features/features_ventus_v3_3_descriptor_pre_metadata_compression/pmu/attempt_01/roundtrip__swizzle32.txt,25496,0d7f903eba798191f89882ee0fa1960eafd7eab7342749e56003ccb628df7e6c
features_ventus_v3_3_descriptor_pre_metadata_compression,results/features_ventus_v3_3_descriptor_pre_metadata_compression/pmu/attempt_01/roundtrip__swizzle64.txt,archive/results/ventus/V3.3/descriptor_features/features_ventus_v3_3_descriptor_pre_metadata_compression/pmu/attempt_01/roundtrip__swizzle64.txt,25496,0d7f903eba798191f89882ee0fa1960eafd7eab7342749e56003ccb628df7e6c
features_ventus_v3_3_descriptor_pre_metadata_compression,results/features_ventus_v3_3_descriptor_pre_metadata_compression/pmu/attempt_01/roundtrip__tile_16x16.txt,archive/results/ventus/V3.3/descriptor_features/features_ventus_v3_3_descriptor_pre_metadata_compression/pmu/attempt_01/roundtrip__tile_16x16.txt,25496,83958a5a1e48d0019785a042f8b7ec481fe3a27496453be9b0f1efc05b1da28d
features_ventus_v3_3_descriptor_pre_metadata_compression,results/features_ventus_v3_3_descriptor_pre_metadata_compression/pmu/attempt_01/roundtrip__tile_32x16.txt,archive/results/ventus/V3.3/descriptor_features/features_ventus_v3_3_descriptor_pre_metadata_compression/pmu/attempt_01/roundtrip__tile_32x16.txt,25496,c7ecd69497ddb405a3c38540cc3e43522170e9439d783fdc464a6c3743ef760f
features_ventus_v3_3_descriptor_pre_metadata_compression,results/features_ventus_v3_3_descriptor_pre_metadata_compression/pmu/attempt_01/roundtrip__tile_32x32.txt,archive/results/ventus/V3.3/descriptor_features/features_ventus_v3_3_descriptor_pre_metadata_compression/pmu/attempt_01/roundtrip__tile_32x32.txt,25496,0d7f903eba798191f89882ee0fa1960eafd7eab7342749e56003ccb628df7e6c
features_ventus_v3_3_descriptor_pre_metadata_compression,results/features_ventus_v3_3_descriptor_pre_metadata_compression/pmu/attempt_01/roundtrip__tile_64x32.txt,archive/results/ventus/V3.3/descriptor_features/features_ventus_v3_3_descriptor_pre_metadata_compression/pmu/attempt_01/roundtrip__tile_64x32.txt,25496,54c9958a0f5bf51ccdb946aeadc83d86215b31412d33637060852968dc48cf03
features_ventus_v3_3_descriptor_pre_metadata_compression,results/features_ventus_v3_3_descriptor_pre_metadata_compression/pmu/attempt_01/roundtrip__tile_64x64.txt,archive/results/ventus/V3.3/descriptor_features/features_ventus_v3_3_descriptor_pre_metadata_compression/pmu/attempt_01/roundtrip__tile_64x64.txt,25496,4d65b40a822d6b3e7200cf92c7dd62d8ade2071c25ae66eeaeaae3f0c992c05e
features_ventus_v3_3_descriptor_pre_metadata_compression,results/features_ventus_v3_3_descriptor_pre_metadata_compression/pmu/attempt_01/s2g__tile_16x16.txt,archive/results/ventus/V3.3/descriptor_features/features_ventus_v3_3_descriptor_pre_metadata_compression/pmu/attempt_01/s2g__tile_16x16.txt,25496,33a69a3beeb1c21447b1d5963b68343ae756bd1306f99858928938a9597102d9
features_ventus_v3_3_descriptor_pre_metadata_compression,results/features_ventus_v3_3_descriptor_pre_metadata_compression/pmu/attempt_01/s2g__tile_32x16.txt,archive/results/ventus/V3.3/descriptor_features/features_ventus_v3_3_descriptor_pre_metadata_compression/pmu/attempt_01/s2g__tile_32x16.txt,25496,a44e19d02e15635a41e7aa08d39e78504353ae153f468d4b1f6599b61595eae8
features_ventus_v3_3_descriptor_pre_metadata_compression,results/features_ventus_v3_3_descriptor_pre_metadata_compression/pmu/attempt_01/s2g__tile_32x32.txt,archive/results/ventus/V3.3/descriptor_features/features_ventus_v3_3_descriptor_pre_metadata_compression/pmu/attempt_01/s2g__tile_32x32.txt,25496,9cc8656122a5a10f55bb276c4ddf875c047dc618a6af3283ad2c21f80c936aff
features_ventus_v3_3_descriptor_pre_metadata_compression,results/features_ventus_v3_3_descriptor_pre_metadata_compression/pmu/attempt_01/s2g__tile_64x32.txt,archive/results/ventus/V3.3/descriptor_features/features_ventus_v3_3_descriptor_pre_metadata_compression/pmu/attempt_01/s2g__tile_64x32.txt,25496,154575adfc5ea6f63468fa5c241f09dfe0b5c234cea6be199b2ee2ac128374af
features_ventus_v3_3_descriptor_pre_metadata_compression,results/features_ventus_v3_3_descriptor_pre_metadata_compression/pmu/attempt_01/s2g__tile_64x64.txt,archive/results/ventus/V3.3/descriptor_features/features_ventus_v3_3_descriptor_pre_metadata_compression/pmu/attempt_01/s2g__tile_64x64.txt,25496,011ee0012af9aa9d1f89a9283270f658f131a0615ac47b2a88c7583f3eaefd47
features_ventus_v3_3_s2g8192_probe,results/features_ventus_v3_3_s2g8192_probe/attempt_01.csv,archive/results/ventus/V3.3/cycle_capacity/features_ventus_v3_3_s2g8192_probe/attempt_01.csv,187,47235864c9b74891b66ef2fc934a047955c2cdb201f911f8aef178feffdce0e1
features_ventus_v3_3_s2g8192_probe,results/features_ventus_v3_3_s2g8192_probe/manifest.json,archive/results/ventus/V3.3/cycle_capacity/features_ventus_v3_3_s2g8192_probe/manifest.json,620,0565c9a3d842e04629894c209fbedf62b07c2cb4cbe78d5e983b867e017af984
features_ventus_v3_3_s2g8192_probe,results/features_ventus_v3_3_s2g8192_probe/pmu/attempt_01/s2g__size_8192.txt,archive/results/ventus/V3.3/cycle_capacity/features_ventus_v3_3_s2g8192_probe/pmu/attempt_01/s2g__size_8192.txt,25496,843fdf204d88bd21a3e097ac51cd5222f3ffbcd797323a000ad944f392d37b36
features_ventus_v3_3_s2g_bypass_probe,results/features_ventus_v3_3_s2g_bypass_probe/attempt_01.csv,archive/results/ventus/V3.3/cycle_capacity/features_ventus_v3_3_s2g_bypass_probe/attempt_01.csv,255,221351a79735364e1f45556ed6bf12b974610b35d181b8a189bff6da83fb9d58
features_ventus_v3_3_s2g_bypass_probe,results/features_ventus_v3_3_s2g_bypass_probe/manifest.json,archive/results/ventus/V3.3/cycle_capacity/features_ventus_v3_3_s2g_bypass_probe/manifest.json,663,5d0a31ea62d4f8ddda7178269c2e722e074bdbda2427a89c2979f30888d05553
features_ventus_v3_3_s2g_bypass_probe,results/features_ventus_v3_3_s2g_bypass_probe/pmu/attempt_01/s2g__size_32768.txt,archive/results/ventus/V3.3/cycle_capacity/features_ventus_v3_3_s2g_bypass_probe/pmu/attempt_01/s2g__size_32768.txt,25496,916b2ea0a05568fb68de0a0d49aa8062604163c5c0eb93e6c28baebf4e5fd339
features_ventus_v3_3_s2g_bypass_probe,results/features_ventus_v3_3_s2g_bypass_probe/pmu/attempt_01/s2g__size_4096.txt,archive/results/ventus/V3.3/cycle_capacity/features_ventus_v3_3_s2g_bypass_probe/pmu/attempt_01/s2g__size_4096.txt,25496,9cc8656122a5a10f55bb276c4ddf875c047dc618a6af3283ad2c21f80c936aff
features_ventus_v3_3_smoke,results/features_ventus_v3_3_smoke/attempt_01.csv,archive/results/ventus/V3.3/cycle_capacity/features_ventus_v3_3_smoke/attempt_01.csv,185,0618ca6504707957b7a05a0e78c55b0639c07d3c5990321e79b114bcac515e0f
features_ventus_v3_3_smoke,results/features_ventus_v3_3_smoke/manifest.json,archive/results/ventus/V3.3/cycle_capacity/features_ventus_v3_3_smoke/manifest.json,619,337832addbf16f8367000c0a7e60eb1a9cad7ea3dd5942c4258f268c4d6bad2b
features_ventus_v3_3_smoke,results/features_ventus_v3_3_smoke/pmu/attempt_01/g2s__size_128.txt,archive/results/ventus/V3.3/cycle_capacity/features_ventus_v3_3_smoke/pmu/attempt_01/g2s__size_128.txt,19122,1a89efc8097e7b4299297a86efeb7939152585e0bf1c9de42a529744df76c9ab
features_ventus_v3_4_ack_recycle_probe,results/features_ventus_v3_4_ack_recycle_probe/attempt_01.csv,archive/results/ventus/V3.4/cycle_capacity/features_ventus_v3_4_ack_recycle_probe/attempt_01.csv,257,1e1d1b7fb212ce2daabdf7cfafc9978846fc368f8c53caed5e9f98cb86d58cd1
features_ventus_v3_4_ack_recycle_probe,results/features_ventus_v3_4_ack_recycle_probe/manifest.json,archive/results/ventus/V3.4/cycle_capacity/features_ventus_v3_4_ack_recycle_probe/manifest.json,668,d734a94152dce2d61595f3939ae4e144a0108dabeecb71d62438c96ea57b2715
features_ventus_v3_4_ack_recycle_probe,results/features_ventus_v3_4_ack_recycle_probe/pmu/attempt_01/s2g__size_16384.txt,archive/results/ventus/V3.4/cycle_capacity/features_ventus_v3_4_ack_recycle_probe/pmu/attempt_01/s2g__size_16384.txt,25496,040550e4edcc1d20bfdaaf2de2dc9b4d4089baa9e0ecf76b66b30147983883e1
features_ventus_v3_4_ack_recycle_probe,results/features_ventus_v3_4_ack_recycle_probe/pmu/attempt_01/s2g__size_32768.txt,archive/results/ventus/V3.4/cycle_capacity/features_ventus_v3_4_ack_recycle_probe/pmu/attempt_01/s2g__size_32768.txt,25496,f59359715cb4c004ab9c980e5d9bcb6375b580f538cbaa336c29efbb19d36b85
features_ventus_v3_4_capacity_40x8_probe,results/features_ventus_v3_4_capacity_40x8_probe/attempt_01.csv,archive/results/ventus/V3.4/tensor_capacity/features_ventus_v3_4_capacity_40x8_probe/attempt_01.csv,1949,4159c9fb4ea452db6dbbafce518fb629d81743e8d96e68ea72f0860c5408ad1c
features_ventus_v3_4_capacity_40x8_probe,results/features_ventus_v3_4_capacity_40x8_probe/manifest.json,archive/results/ventus/V3.4/tensor_capacity/features_ventus_v3_4_capacity_40x8_probe/manifest.json,1197,715f5c219fe99a0b270bc3b42d2d9a899bde308236b87da09b55a69d049ae848
features_ventus_v3_4_capacity_40x8_probe,results/features_ventus_v3_4_capacity_40x8_probe/pmu/attempt_01/g2s__size_1024.txt,archive/results/ventus/V3.4/tensor_capacity/features_ventus_v3_4_capacity_40x8_probe/pmu/attempt_01/g2s__size_1024.txt,25496,480a331c749e9c80fe2a96f29a3b0061b8e2c4f683dc9e44b2810bbc6a321515
features_ventus_v3_4_capacity_40x8_probe,results/features_ventus_v3_4_capacity_40x8_probe/pmu/attempt_01/g2s__size_128.txt,archive/results/ventus/V3.4/tensor_capacity/features_ventus_v3_4_capacity_40x8_probe/pmu/attempt_01/g2s__size_128.txt,25496,de554d4e323160c5e89ba4317a8ab77327a7a60560809fb952294ed57c9864a1
features_ventus_v3_4_capacity_40x8_probe,results/features_ventus_v3_4_capacity_40x8_probe/pmu/attempt_01/g2s__size_16384.txt,archive/results/ventus/V3.4/tensor_capacity/features_ventus_v3_4_capacity_40x8_probe/pmu/attempt_01/g2s__size_16384.txt,25496,9825100bc00ef7428e8c201b62a4ea6262559f8c099307b25df72755f31d9c3a
features_ventus_v3_4_capacity_40x8_probe,results/features_ventus_v3_4_capacity_40x8_probe/pmu/attempt_01/g2s__size_2048.txt,archive/results/ventus/V3.4/tensor_capacity/features_ventus_v3_4_capacity_40x8_probe/pmu/attempt_01/g2s__size_2048.txt,25496,50bbc4134860b40f78e0f598c62a49bf0b4d668fdc982dc2cc22f0e2b65faae4
features_ventus_v3_4_capacity_40x8_probe,results/features_ventus_v3_4_capacity_40x8_probe/pmu/attempt_01/g2s__size_256.txt,archive/results/ventus/V3.4/tensor_capacity/features_ventus_v3_4_capacity_40x8_probe/pmu/attempt_01/g2s__size_256.txt,25496,42ad2433992f4545738591230c973996d13802bbec14af0747f9aff48b7b5613
features_ventus_v3_4_capacity_40x8_probe,results/features_ventus_v3_4_capacity_40x8_probe/pmu/attempt_01/g2s__size_32768.txt,archive/results/ventus/V3.4/tensor_capacity/features_ventus_v3_4_capacity_40x8_probe/pmu/attempt_01/g2s__size_32768.txt,25496,3a12132d1cd868b1d1107e1d247d3a2764ac0884074a3ffbef3b7c91f66f3000
features_ventus_v3_4_capacity_40x8_probe,results/features_ventus_v3_4_capacity_40x8_probe/pmu/attempt_01/g2s__size_4096.txt,archive/results/ventus/V3.4/tensor_capacity/features_ventus_v3_4_capacity_40x8_probe/pmu/attempt_01/g2s__size_4096.txt,25496,edb97c51aa3b74425179ec2a0dfe085be5aa88e11174876db1df78888a3aab00
features_ventus_v3_4_capacity_40x8_probe,results/features_ventus_v3_4_capacity_40x8_probe/pmu/attempt_01/g2s__size_512.txt,archive/results/ventus/V3.4/tensor_capacity/features_ventus_v3_4_capacity_40x8_probe/pmu/attempt_01/g2s__size_512.txt,25496,be7341b489cb083095732b0d030effa6ac1c9b0ca53a15896cd9263f88c634c0
features_ventus_v3_4_capacity_40x8_probe,results/features_ventus_v3_4_capacity_40x8_probe/pmu/attempt_01/g2s__size_8192.txt,archive/results/ventus/V3.4/tensor_capacity/features_ventus_v3_4_capacity_40x8_probe/pmu/attempt_01/g2s__size_8192.txt,25496,0090648fa44753c35a0cc4a2adb86d4184ee645fe8db2934363b26464ae54314
features_ventus_v3_4_capacity_40x8_probe,results/features_ventus_v3_4_capacity_40x8_probe/pmu/attempt_01/roundtrip__size_1024.txt,archive/results/ventus/V3.4/tensor_capacity/features_ventus_v3_4_capacity_40x8_probe/pmu/attempt_01/roundtrip__size_1024.txt,25496,b1685e712e993aac82669b310bc84b2a632eb5696313a429a3f3f03ef44631dc
features_ventus_v3_4_capacity_40x8_probe,results/features_ventus_v3_4_capacity_40x8_probe/pmu/attempt_01/roundtrip__size_128.txt,archive/results/ventus/V3.4/tensor_capacity/features_ventus_v3_4_capacity_40x8_probe/pmu/attempt_01/roundtrip__size_128.txt,25496,6f31cfac30aa8ac378c208f5767b9bc4e031b5fe8914e20239ce13b78965415d
features_ventus_v3_4_capacity_40x8_probe,results/features_ventus_v3_4_capacity_40x8_probe/pmu/attempt_01/roundtrip__size_16384.txt,archive/results/ventus/V3.4/tensor_capacity/features_ventus_v3_4_capacity_40x8_probe/pmu/attempt_01/roundtrip__size_16384.txt,25496,fa3e4f3f47ee60f9d186b521efcf47c429a8f1f10411aa680dad41d011eaad7d
features_ventus_v3_4_capacity_40x8_probe,results/features_ventus_v3_4_capacity_40x8_probe/pmu/attempt_01/roundtrip__size_2048.txt,archive/results/ventus/V3.4/tensor_capacity/features_ventus_v3_4_capacity_40x8_probe/pmu/attempt_01/roundtrip__size_2048.txt,25496,345234467363d91326232ed6d5653640272b334b29deee4f58f9c1ddf890a54b
features_ventus_v3_4_capacity_40x8_probe,results/features_ventus_v3_4_capacity_40x8_probe/pmu/attempt_01/roundtrip__size_256.txt,archive/results/ventus/V3.4/tensor_capacity/features_ventus_v3_4_capacity_40x8_probe/pmu/attempt_01/roundtrip__size_256.txt,25496,1d3be7110add3d91b509b74517b724dd5ce9d7dc37130fd3eee55de1df274ccb
features_ventus_v3_4_capacity_40x8_probe,results/features_ventus_v3_4_capacity_40x8_probe/pmu/attempt_01/roundtrip__size_32768.txt,archive/results/ventus/V3.4/tensor_capacity/features_ventus_v3_4_capacity_40x8_probe/pmu/attempt_01/roundtrip__size_32768.txt,25496,7b54de1769f64b4543ba5d107df726d9f160be30521587ec49f39256248fa469
features_ventus_v3_4_capacity_40x8_probe,results/features_ventus_v3_4_capacity_40x8_probe/pmu/attempt_01/roundtrip__size_4096.txt,archive/results/ventus/V3.4/tensor_capacity/features_ventus_v3_4_capacity_40x8_probe/pmu/attempt_01/roundtrip__size_4096.txt,25496,33010bb060b33686cee0c8a6b22fef885bf1e9663669a397f9e3ccea61c6278a
features_ventus_v3_4_capacity_40x8_probe,results/features_ventus_v3_4_capacity_40x8_probe/pmu/attempt_01/roundtrip__size_512.txt,archive/results/ventus/V3.4/tensor_capacity/features_ventus_v3_4_capacity_40x8_probe/pmu/attempt_01/roundtrip__size_512.txt,25496,5516e8428aa1d6a9f42584f287a5439463b3ea9513c0c9df1f8747c7e7ee02d0
features_ventus_v3_4_capacity_40x8_probe,results/features_ventus_v3_4_capacity_40x8_probe/pmu/attempt_01/roundtrip__size_8192.txt,archive/results/ventus/V3.4/tensor_capacity/features_ventus_v3_4_capacity_40x8_probe/pmu/attempt_01/roundtrip__size_8192.txt,25496,02cf12843ef9f18ebb7d4815564d39bbc7b3f0ba210e186fc34d660842302056
features_ventus_v3_4_capacity_40x8_probe,results/features_ventus_v3_4_capacity_40x8_probe/pmu/attempt_01/s2g__size_1024.txt,archive/results/ventus/V3.4/tensor_capacity/features_ventus_v3_4_capacity_40x8_probe/pmu/attempt_01/s2g__size_1024.txt,25496,d6808707132e4b701f722cf9f376dfa8b42ece8b66402b51d3c52db84bd9f213
features_ventus_v3_4_capacity_40x8_probe,results/features_ventus_v3_4_capacity_40x8_probe/pmu/attempt_01/s2g__size_128.txt,archive/results/ventus/V3.4/tensor_capacity/features_ventus_v3_4_capacity_40x8_probe/pmu/attempt_01/s2g__size_128.txt,25496,d0855da28090f18e7295b2817560c862962c6677cf126ad2e252996d60bf179f
features_ventus_v3_4_capacity_40x8_probe,results/features_ventus_v3_4_capacity_40x8_probe/pmu/attempt_01/s2g__size_16384.txt,archive/results/ventus/V3.4/tensor_capacity/features_ventus_v3_4_capacity_40x8_probe/pmu/attempt_01/s2g__size_16384.txt,25496,9b3b330e846050cafbc77facb9e3eaaf7cf7d2446456ef55519f4fa4c6107cb3
features_ventus_v3_4_capacity_40x8_probe,results/features_ventus_v3_4_capacity_40x8_probe/pmu/attempt_01/s2g__size_2048.txt,archive/results/ventus/V3.4/tensor_capacity/features_ventus_v3_4_capacity_40x8_probe/pmu/attempt_01/s2g__size_2048.txt,25496,2e83ae6ddcbf246b1201ebc9e367739de23055b4c821f0b5a06673c792828f75
features_ventus_v3_4_capacity_40x8_probe,results/features_ventus_v3_4_capacity_40x8_probe/pmu/attempt_01/s2g__size_256.txt,archive/results/ventus/V3.4/tensor_capacity/features_ventus_v3_4_capacity_40x8_probe/pmu/attempt_01/s2g__size_256.txt,25496,7157ab411be221428b2ea3d15071d55c8a69d5973b9137f4c9c0758274c17df4
features_ventus_v3_4_capacity_40x8_probe,results/features_ventus_v3_4_capacity_40x8_probe/pmu/attempt_01/s2g__size_32768.txt,archive/results/ventus/V3.4/tensor_capacity/features_ventus_v3_4_capacity_40x8_probe/pmu/attempt_01/s2g__size_32768.txt,25496,85c4233c14cc6159894e7f8b8b98e1b7ddfbfee03f262e6045a2ea4657283724
features_ventus_v3_4_capacity_40x8_probe,results/features_ventus_v3_4_capacity_40x8_probe/pmu/attempt_01/s2g__size_4096.txt,archive/results/ventus/V3.4/tensor_capacity/features_ventus_v3_4_capacity_40x8_probe/pmu/attempt_01/s2g__size_4096.txt,25496,c6780b4d5c729cf5dd886bee2a2dc34fec51ddb7c2ac459cdac7b19e50e4fe87
features_ventus_v3_4_capacity_40x8_probe,results/features_ventus_v3_4_capacity_40x8_probe/pmu/attempt_01/s2g__size_512.txt,archive/results/ventus/V3.4/tensor_capacity/features_ventus_v3_4_capacity_40x8_probe/pmu/attempt_01/s2g__size_512.txt,25496,42e6c30fbbfd42a737555b67c12012208e1ff030e5910697a4006990c33d25f6
features_ventus_v3_4_capacity_40x8_probe,results/features_ventus_v3_4_capacity_40x8_probe/pmu/attempt_01/s2g__size_8192.txt,archive/results/ventus/V3.4/tensor_capacity/features_ventus_v3_4_capacity_40x8_probe/pmu/attempt_01/s2g__size_8192.txt,25496,1941593b01c0d3db4ed746b1d96ff183e2124ea51b7f80d82605288e3d2cb2f7
features_ventus_v3_4_capacity_direct_decomp_candidate,results/features_ventus_v3_4_capacity_direct_decomp_candidate/attempt_01.csv,archive/results/ventus/V3.4/tensor_capacity/features_ventus_v3_4_capacity_direct_decomp_candidate/attempt_01.csv,1949,1436082c3e8facc45233659f92c2e227cf86ae975827d3ed798168b4f7f9f536
features_ventus_v3_4_capacity_direct_decomp_candidate,results/features_ventus_v3_4_capacity_direct_decomp_candidate/manifest.json,archive/results/ventus/V3.4/tensor_capacity/features_ventus_v3_4_capacity_direct_decomp_candidate/manifest.json,1196,0b37aae1028500c21098f4ba2ef9f6f88d1e4d21552d689662c6f18c0c2dd072
features_ventus_v3_4_capacity_direct_decomp_candidate,results/features_ventus_v3_4_capacity_direct_decomp_candidate/pmu/attempt_01/g2s__size_1024.txt,archive/results/ventus/V3.4/tensor_capacity/features_ventus_v3_4_capacity_direct_decomp_candidate/pmu/attempt_01/g2s__size_1024.txt,25496,480a331c749e9c80fe2a96f29a3b0061b8e2c4f683dc9e44b2810bbc6a321515
features_ventus_v3_4_capacity_direct_decomp_candidate,results/features_ventus_v3_4_capacity_direct_decomp_candidate/pmu/attempt_01/g2s__size_128.txt,archive/results/ventus/V3.4/tensor_capacity/features_ventus_v3_4_capacity_direct_decomp_candidate/pmu/attempt_01/g2s__size_128.txt,25496,de554d4e323160c5e89ba4317a8ab77327a7a60560809fb952294ed57c9864a1
features_ventus_v3_4_capacity_direct_decomp_candidate,results/features_ventus_v3_4_capacity_direct_decomp_candidate/pmu/attempt_01/g2s__size_16384.txt,archive/results/ventus/V3.4/tensor_capacity/features_ventus_v3_4_capacity_direct_decomp_candidate/pmu/attempt_01/g2s__size_16384.txt,25496,9825100bc00ef7428e8c201b62a4ea6262559f8c099307b25df72755f31d9c3a
features_ventus_v3_4_capacity_direct_decomp_candidate,results/features_ventus_v3_4_capacity_direct_decomp_candidate/pmu/attempt_01/g2s__size_2048.txt,archive/results/ventus/V3.4/tensor_capacity/features_ventus_v3_4_capacity_direct_decomp_candidate/pmu/attempt_01/g2s__size_2048.txt,25496,50bbc4134860b40f78e0f598c62a49bf0b4d668fdc982dc2cc22f0e2b65faae4
features_ventus_v3_4_capacity_direct_decomp_candidate,results/features_ventus_v3_4_capacity_direct_decomp_candidate/pmu/attempt_01/g2s__size_256.txt,archive/results/ventus/V3.4/tensor_capacity/features_ventus_v3_4_capacity_direct_decomp_candidate/pmu/attempt_01/g2s__size_256.txt,25496,42ad2433992f4545738591230c973996d13802bbec14af0747f9aff48b7b5613
features_ventus_v3_4_capacity_direct_decomp_candidate,results/features_ventus_v3_4_capacity_direct_decomp_candidate/pmu/attempt_01/g2s__size_32768.txt,archive/results/ventus/V3.4/tensor_capacity/features_ventus_v3_4_capacity_direct_decomp_candidate/pmu/attempt_01/g2s__size_32768.txt,25496,3a12132d1cd868b1d1107e1d247d3a2764ac0884074a3ffbef3b7c91f66f3000
features_ventus_v3_4_capacity_direct_decomp_candidate,results/features_ventus_v3_4_capacity_direct_decomp_candidate/pmu/attempt_01/g2s__size_4096.txt,archive/results/ventus/V3.4/tensor_capacity/features_ventus_v3_4_capacity_direct_decomp_candidate/pmu/attempt_01/g2s__size_4096.txt,25496,4750b39fd58e350b0b327dd47237f32a4d11e59533976f8d36a555d287e592ce
features_ventus_v3_4_capacity_direct_decomp_candidate,results/features_ventus_v3_4_capacity_direct_decomp_candidate/pmu/attempt_01/g2s__size_512.txt,archive/results/ventus/V3.4/tensor_capacity/features_ventus_v3_4_capacity_direct_decomp_candidate/pmu/attempt_01/g2s__size_512.txt,25496,be7341b489cb083095732b0d030effa6ac1c9b0ca53a15896cd9263f88c634c0
features_ventus_v3_4_capacity_direct_decomp_candidate,results/features_ventus_v3_4_capacity_direct_decomp_candidate/pmu/attempt_01/g2s__size_8192.txt,archive/results/ventus/V3.4/tensor_capacity/features_ventus_v3_4_capacity_direct_decomp_candidate/pmu/attempt_01/g2s__size_8192.txt,25496,0090648fa44753c35a0cc4a2adb86d4184ee645fe8db2934363b26464ae54314
features_ventus_v3_4_capacity_direct_decomp_candidate,results/features_ventus_v3_4_capacity_direct_decomp_candidate/pmu/attempt_01/roundtrip__size_1024.txt,archive/results/ventus/V3.4/tensor_capacity/features_ventus_v3_4_capacity_direct_decomp_candidate/pmu/attempt_01/roundtrip__size_1024.txt,25496,2c4e14acb974634ff5467ef94a17394761a203e5832a392aafe2b3aa5b49a140
features_ventus_v3_4_capacity_direct_decomp_candidate,results/features_ventus_v3_4_capacity_direct_decomp_candidate/pmu/attempt_01/roundtrip__size_128.txt,archive/results/ventus/V3.4/tensor_capacity/features_ventus_v3_4_capacity_direct_decomp_candidate/pmu/attempt_01/roundtrip__size_128.txt,25496,3215da6acfa925b2ef1d8b7f3d319f9b2bd440cd16b673d71761cc7a57bd68be
features_ventus_v3_4_capacity_direct_decomp_candidate,results/features_ventus_v3_4_capacity_direct_decomp_candidate/pmu/attempt_01/roundtrip__size_16384.txt,archive/results/ventus/V3.4/tensor_capacity/features_ventus_v3_4_capacity_direct_decomp_candidate/pmu/attempt_01/roundtrip__size_16384.txt,25496,598166f80c54793c6db3367426e49b6519195c126df9ab01445ca435f725a042
features_ventus_v3_4_capacity_direct_decomp_candidate,results/features_ventus_v3_4_capacity_direct_decomp_candidate/pmu/attempt_01/roundtrip__size_2048.txt,archive/results/ventus/V3.4/tensor_capacity/features_ventus_v3_4_capacity_direct_decomp_candidate/pmu/attempt_01/roundtrip__size_2048.txt,25496,ef78f93b9a117102f117716870e16331d441f5d8aea675a9af55bd20e2158eee
features_ventus_v3_4_capacity_direct_decomp_candidate,results/features_ventus_v3_4_capacity_direct_decomp_candidate/pmu/attempt_01/roundtrip__size_256.txt,archive/results/ventus/V3.4/tensor_capacity/features_ventus_v3_4_capacity_direct_decomp_candidate/pmu/attempt_01/roundtrip__size_256.txt,25496,71487225958c3c3b4b80958e53971069ade30196b74f1dac723b99013a614208
features_ventus_v3_4_capacity_direct_decomp_candidate,results/features_ventus_v3_4_capacity_direct_decomp_candidate/pmu/attempt_01/roundtrip__size_32768.txt,archive/results/ventus/V3.4/tensor_capacity/features_ventus_v3_4_capacity_direct_decomp_candidate/pmu/attempt_01/roundtrip__size_32768.txt,25496,c448f78d4d3fd0dff4d211ff5809ff3554f4f690d7096761e8c0f059f548110c
features_ventus_v3_4_capacity_direct_decomp_candidate,results/features_ventus_v3_4_capacity_direct_decomp_candidate/pmu/attempt_01/roundtrip__size_4096.txt,archive/results/ventus/V3.4/tensor_capacity/features_ventus_v3_4_capacity_direct_decomp_candidate/pmu/attempt_01/roundtrip__size_4096.txt,25496,4d3562a013e2956664c685d8cdfbf1180faa36fcbcb4b41717b2998afe79a38b
features_ventus_v3_4_capacity_direct_decomp_candidate,results/features_ventus_v3_4_capacity_direct_decomp_candidate/pmu/attempt_01/roundtrip__size_512.txt,archive/results/ventus/V3.4/tensor_capacity/features_ventus_v3_4_capacity_direct_decomp_candidate/pmu/attempt_01/roundtrip__size_512.txt,25496,b0078eb5681e29f28075f7863566442cbd29bf34f3547387e9bc70f0cc37b568
features_ventus_v3_4_capacity_direct_decomp_candidate,results/features_ventus_v3_4_capacity_direct_decomp_candidate/pmu/attempt_01/roundtrip__size_8192.txt,archive/results/ventus/V3.4/tensor_capacity/features_ventus_v3_4_capacity_direct_decomp_candidate/pmu/attempt_01/roundtrip__size_8192.txt,25496,441039b25dbcbef1baa8082e0138e7f7c117d0d4136a061862dbc4570693f179
features_ventus_v3_4_capacity_direct_decomp_candidate,results/features_ventus_v3_4_capacity_direct_decomp_candidate/pmu/attempt_01/s2g__size_1024.txt,archive/results/ventus/V3.4/tensor_capacity/features_ventus_v3_4_capacity_direct_decomp_candidate/pmu/attempt_01/s2g__size_1024.txt,25496,bf3630c5372527449914a4520976d6edf65de6bd14e4b93c36640a7f774335e7
features_ventus_v3_4_capacity_direct_decomp_candidate,results/features_ventus_v3_4_capacity_direct_decomp_candidate/pmu/attempt_01/s2g__size_128.txt,archive/results/ventus/V3.4/tensor_capacity/features_ventus_v3_4_capacity_direct_decomp_candidate/pmu/attempt_01/s2g__size_128.txt,25496,85499549f488a49d6908e153876a5f450b55123a0d491253a317e19495be5ee5
features_ventus_v3_4_capacity_direct_decomp_candidate,results/features_ventus_v3_4_capacity_direct_decomp_candidate/pmu/attempt_01/s2g__size_16384.txt,archive/results/ventus/V3.4/tensor_capacity/features_ventus_v3_4_capacity_direct_decomp_candidate/pmu/attempt_01/s2g__size_16384.txt,25496,8f1fc223ca2e048bd05a000813b710bb1419f81a2acb08eaf7cae59fd59308e4
features_ventus_v3_4_capacity_direct_decomp_candidate,results/features_ventus_v3_4_capacity_direct_decomp_candidate/pmu/attempt_01/s2g__size_2048.txt,archive/results/ventus/V3.4/tensor_capacity/features_ventus_v3_4_capacity_direct_decomp_candidate/pmu/attempt_01/s2g__size_2048.txt,25496,45c52429c253647d5ea898d23bfb1eafe36cdca78891b3b079433ff387d1b637
features_ventus_v3_4_capacity_direct_decomp_candidate,results/features_ventus_v3_4_capacity_direct_decomp_candidate/pmu/attempt_01/s2g__size_256.txt,archive/results/ventus/V3.4/tensor_capacity/features_ventus_v3_4_capacity_direct_decomp_candidate/pmu/attempt_01/s2g__size_256.txt,25496,d3ea994c0a349a76ccb905ecf32fc47c0efa58cf4e43a28790ccae3e4c7635d8
features_ventus_v3_4_capacity_direct_decomp_candidate,results/features_ventus_v3_4_capacity_direct_decomp_candidate/pmu/attempt_01/s2g__size_32768.txt,archive/results/ventus/V3.4/tensor_capacity/features_ventus_v3_4_capacity_direct_decomp_candidate/pmu/attempt_01/s2g__size_32768.txt,25496,781707572bcd195c2fd2ef3ddd768d7821b95fceb68e470eab11010c8eb8f438
features_ventus_v3_4_capacity_direct_decomp_candidate,results/features_ventus_v3_4_capacity_direct_decomp_candidate/pmu/attempt_01/s2g__size_4096.txt,archive/results/ventus/V3.4/tensor_capacity/features_ventus_v3_4_capacity_direct_decomp_candidate/pmu/attempt_01/s2g__size_4096.txt,25496,7e4ebfd103602a3f15c6102fd8409988cf9d586a1ab30ce31fe83c18ff6242ed
features_ventus_v3_4_capacity_direct_decomp_candidate,results/features_ventus_v3_4_capacity_direct_decomp_candidate/pmu/attempt_01/s2g__size_512.txt,archive/results/ventus/V3.4/tensor_capacity/features_ventus_v3_4_capacity_direct_decomp_candidate/pmu/attempt_01/s2g__size_512.txt,25496,7086c0e3db7c8bd36f18750b8d7a424b4c2d2965e4fff7f41d9fe53f5af660da
features_ventus_v3_4_capacity_direct_decomp_candidate,results/features_ventus_v3_4_capacity_direct_decomp_candidate/pmu/attempt_01/s2g__size_8192.txt,archive/results/ventus/V3.4/tensor_capacity/features_ventus_v3_4_capacity_direct_decomp_candidate/pmu/attempt_01/s2g__size_8192.txt,25496,00c69e1316f247d94565c1844d40c125b782009e0acc0cf7cb4a4acefb9739e5
features_ventus_v3_4_capacity_final,results/features_ventus_v3_4_capacity_final/attempt_01.csv,data/ventus/V3.4/single_instruction/tensor_capacity/all_directions/legacy--features_ventus_v3_4_capacity_final/attempt_01.csv,1949,e07a550d030faa7ae3b8d0fa9c7bf100ec5f8f111e8d71951905d169fe557ef4
features_ventus_v3_4_capacity_final,results/features_ventus_v3_4_capacity_final/manifest.json,data/ventus/V3.4/single_instruction/tensor_capacity/all_directions/legacy--features_ventus_v3_4_capacity_final/manifest.json,1194,b46de59580fa7b03b233c1d472375216b59cfe5e13c45c342882e725211b298d
features_ventus_v3_4_capacity_final,results/features_ventus_v3_4_capacity_final/pmu/attempt_01/g2s__size_1024.txt,data/ventus/V3.4/single_instruction/tensor_capacity/all_directions/legacy--features_ventus_v3_4_capacity_final/pmu/attempt_01/g2s__size_1024.txt,25496,480a331c749e9c80fe2a96f29a3b0061b8e2c4f683dc9e44b2810bbc6a321515
features_ventus_v3_4_capacity_final,results/features_ventus_v3_4_capacity_final/pmu/attempt_01/g2s__size_128.txt,data/ventus/V3.4/single_instruction/tensor_capacity/all_directions/legacy--features_ventus_v3_4_capacity_final/pmu/attempt_01/g2s__size_128.txt,25496,de554d4e323160c5e89ba4317a8ab77327a7a60560809fb952294ed57c9864a1
features_ventus_v3_4_capacity_final,results/features_ventus_v3_4_capacity_final/pmu/attempt_01/g2s__size_16384.txt,data/ventus/V3.4/single_instruction/tensor_capacity/all_directions/legacy--features_ventus_v3_4_capacity_final/pmu/attempt_01/g2s__size_16384.txt,25496,9825100bc00ef7428e8c201b62a4ea6262559f8c099307b25df72755f31d9c3a
features_ventus_v3_4_capacity_final,results/features_ventus_v3_4_capacity_final/pmu/attempt_01/g2s__size_2048.txt,data/ventus/V3.4/single_instruction/tensor_capacity/all_directions/legacy--features_ventus_v3_4_capacity_final/pmu/attempt_01/g2s__size_2048.txt,25496,50bbc4134860b40f78e0f598c62a49bf0b4d668fdc982dc2cc22f0e2b65faae4
features_ventus_v3_4_capacity_final,results/features_ventus_v3_4_capacity_final/pmu/attempt_01/g2s__size_256.txt,data/ventus/V3.4/single_instruction/tensor_capacity/all_directions/legacy--features_ventus_v3_4_capacity_final/pmu/attempt_01/g2s__size_256.txt,25496,42ad2433992f4545738591230c973996d13802bbec14af0747f9aff48b7b5613
features_ventus_v3_4_capacity_final,results/features_ventus_v3_4_capacity_final/pmu/attempt_01/g2s__size_32768.txt,data/ventus/V3.4/single_instruction/tensor_capacity/all_directions/legacy--features_ventus_v3_4_capacity_final/pmu/attempt_01/g2s__size_32768.txt,25496,3a12132d1cd868b1d1107e1d247d3a2764ac0884074a3ffbef3b7c91f66f3000
features_ventus_v3_4_capacity_final,results/features_ventus_v3_4_capacity_final/pmu/attempt_01/g2s__size_4096.txt,data/ventus/V3.4/single_instruction/tensor_capacity/all_directions/legacy--features_ventus_v3_4_capacity_final/pmu/attempt_01/g2s__size_4096.txt,25496,4750b39fd58e350b0b327dd47237f32a4d11e59533976f8d36a555d287e592ce
features_ventus_v3_4_capacity_final,results/features_ventus_v3_4_capacity_final/pmu/attempt_01/g2s__size_512.txt,data/ventus/V3.4/single_instruction/tensor_capacity/all_directions/legacy--features_ventus_v3_4_capacity_final/pmu/attempt_01/g2s__size_512.txt,25496,be7341b489cb083095732b0d030effa6ac1c9b0ca53a15896cd9263f88c634c0
features_ventus_v3_4_capacity_final,results/features_ventus_v3_4_capacity_final/pmu/attempt_01/g2s__size_8192.txt,data/ventus/V3.4/single_instruction/tensor_capacity/all_directions/legacy--features_ventus_v3_4_capacity_final/pmu/attempt_01/g2s__size_8192.txt,25496,0090648fa44753c35a0cc4a2adb86d4184ee645fe8db2934363b26464ae54314
features_ventus_v3_4_capacity_final,results/features_ventus_v3_4_capacity_final/pmu/attempt_01/roundtrip__size_1024.txt,data/ventus/V3.4/single_instruction/tensor_capacity/all_directions/legacy--features_ventus_v3_4_capacity_final/pmu/attempt_01/roundtrip__size_1024.txt,25496,2c4e14acb974634ff5467ef94a17394761a203e5832a392aafe2b3aa5b49a140
features_ventus_v3_4_capacity_final,results/features_ventus_v3_4_capacity_final/pmu/attempt_01/roundtrip__size_128.txt,data/ventus/V3.4/single_instruction/tensor_capacity/all_directions/legacy--features_ventus_v3_4_capacity_final/pmu/attempt_01/roundtrip__size_128.txt,25496,3215da6acfa925b2ef1d8b7f3d319f9b2bd440cd16b673d71761cc7a57bd68be
features_ventus_v3_4_capacity_final,results/features_ventus_v3_4_capacity_final/pmu/attempt_01/roundtrip__size_16384.txt,data/ventus/V3.4/single_instruction/tensor_capacity/all_directions/legacy--features_ventus_v3_4_capacity_final/pmu/attempt_01/roundtrip__size_16384.txt,25496,f46bb7901a37614309a6f2d4a4c593ed81800189bab5fa1dd7a2f6f756c3b976
features_ventus_v3_4_capacity_final,results/features_ventus_v3_4_capacity_final/pmu/attempt_01/roundtrip__size_2048.txt,data/ventus/V3.4/single_instruction/tensor_capacity/all_directions/legacy--features_ventus_v3_4_capacity_final/pmu/attempt_01/roundtrip__size_2048.txt,25496,ef78f93b9a117102f117716870e16331d441f5d8aea675a9af55bd20e2158eee
features_ventus_v3_4_capacity_final,results/features_ventus_v3_4_capacity_final/pmu/attempt_01/roundtrip__size_256.txt,data/ventus/V3.4/single_instruction/tensor_capacity/all_directions/legacy--features_ventus_v3_4_capacity_final/pmu/attempt_01/roundtrip__size_256.txt,25496,71487225958c3c3b4b80958e53971069ade30196b74f1dac723b99013a614208
features_ventus_v3_4_capacity_final,results/features_ventus_v3_4_capacity_final/pmu/attempt_01/roundtrip__size_32768.txt,data/ventus/V3.4/single_instruction/tensor_capacity/all_directions/legacy--features_ventus_v3_4_capacity_final/pmu/attempt_01/roundtrip__size_32768.txt,25496,013831debc0497c710f1702961927d2d4709321a7806876f73062e48a63af85c
features_ventus_v3_4_capacity_final,results/features_ventus_v3_4_capacity_final/pmu/attempt_01/roundtrip__size_4096.txt,data/ventus/V3.4/single_instruction/tensor_capacity/all_directions/legacy--features_ventus_v3_4_capacity_final/pmu/attempt_01/roundtrip__size_4096.txt,25496,4d3562a013e2956664c685d8cdfbf1180faa36fcbcb4b41717b2998afe79a38b
features_ventus_v3_4_capacity_final,results/features_ventus_v3_4_capacity_final/pmu/attempt_01/roundtrip__size_512.txt,data/ventus/V3.4/single_instruction/tensor_capacity/all_directions/legacy--features_ventus_v3_4_capacity_final/pmu/attempt_01/roundtrip__size_512.txt,25496,b0078eb5681e29f28075f7863566442cbd29bf34f3547387e9bc70f0cc37b568
features_ventus_v3_4_capacity_final,results/features_ventus_v3_4_capacity_final/pmu/attempt_01/roundtrip__size_8192.txt,data/ventus/V3.4/single_instruction/tensor_capacity/all_directions/legacy--features_ventus_v3_4_capacity_final/pmu/attempt_01/roundtrip__size_8192.txt,25496,16a4a2aade65936bc0c473c7b98ebb55ba5b8e7dc4c1622751eca7d99c55a01a
features_ventus_v3_4_capacity_final,results/features_ventus_v3_4_capacity_final/pmu/attempt_01/s2g__size_1024.txt,data/ventus/V3.4/single_instruction/tensor_capacity/all_directions/legacy--features_ventus_v3_4_capacity_final/pmu/attempt_01/s2g__size_1024.txt,25496,bf3630c5372527449914a4520976d6edf65de6bd14e4b93c36640a7f774335e7
features_ventus_v3_4_capacity_final,results/features_ventus_v3_4_capacity_final/pmu/attempt_01/s2g__size_128.txt,data/ventus/V3.4/single_instruction/tensor_capacity/all_directions/legacy--features_ventus_v3_4_capacity_final/pmu/attempt_01/s2g__size_128.txt,25496,85499549f488a49d6908e153876a5f450b55123a0d491253a317e19495be5ee5
features_ventus_v3_4_capacity_final,results/features_ventus_v3_4_capacity_final/pmu/attempt_01/s2g__size_16384.txt,data/ventus/V3.4/single_instruction/tensor_capacity/all_directions/legacy--features_ventus_v3_4_capacity_final/pmu/attempt_01/s2g__size_16384.txt,25496,040550e4edcc1d20bfdaaf2de2dc9b4d4089baa9e0ecf76b66b30147983883e1
features_ventus_v3_4_capacity_final,results/features_ventus_v3_4_capacity_final/pmu/attempt_01/s2g__size_2048.txt,data/ventus/V3.4/single_instruction/tensor_capacity/all_directions/legacy--features_ventus_v3_4_capacity_final/pmu/attempt_01/s2g__size_2048.txt,25496,45c52429c253647d5ea898d23bfb1eafe36cdca78891b3b079433ff387d1b637
features_ventus_v3_4_capacity_final,results/features_ventus_v3_4_capacity_final/pmu/attempt_01/s2g__size_256.txt,data/ventus/V3.4/single_instruction/tensor_capacity/all_directions/legacy--features_ventus_v3_4_capacity_final/pmu/attempt_01/s2g__size_256.txt,25496,d3ea994c0a349a76ccb905ecf32fc47c0efa58cf4e43a28790ccae3e4c7635d8
features_ventus_v3_4_capacity_final,results/features_ventus_v3_4_capacity_final/pmu/attempt_01/s2g__size_32768.txt,data/ventus/V3.4/single_instruction/tensor_capacity/all_directions/legacy--features_ventus_v3_4_capacity_final/pmu/attempt_01/s2g__size_32768.txt,25496,f59359715cb4c004ab9c980e5d9bcb6375b580f538cbaa336c29efbb19d36b85
features_ventus_v3_4_capacity_final,results/features_ventus_v3_4_capacity_final/pmu/attempt_01/s2g__size_4096.txt,data/ventus/V3.4/single_instruction/tensor_capacity/all_directions/legacy--features_ventus_v3_4_capacity_final/pmu/attempt_01/s2g__size_4096.txt,25496,7e4ebfd103602a3f15c6102fd8409988cf9d586a1ab30ce31fe83c18ff6242ed
features_ventus_v3_4_capacity_final,results/features_ventus_v3_4_capacity_final/pmu/attempt_01/s2g__size_512.txt,data/ventus/V3.4/single_instruction/tensor_capacity/all_directions/legacy--features_ventus_v3_4_capacity_final/pmu/attempt_01/s2g__size_512.txt,25496,7086c0e3db7c8bd36f18750b8d7a424b4c2d2965e4fff7f41d9fe53f5af660da
features_ventus_v3_4_capacity_final,results/features_ventus_v3_4_capacity_final/pmu/attempt_01/s2g__size_8192.txt,data/ventus/V3.4/single_instruction/tensor_capacity/all_directions/legacy--features_ventus_v3_4_capacity_final/pmu/attempt_01/s2g__size_8192.txt,25496,1f02c17726586396c588707f7dcbc672af65f32310f8ac86a58a45fd383b551d
features_ventus_v3_4_capacity_pre_credit_and_recycle,results/features_ventus_v3_4_capacity_pre_credit_and_recycle/attempt_01.csv,archive/results/ventus/V3.4/tensor_capacity/features_ventus_v3_4_capacity_pre_credit_and_recycle/attempt_01.csv,1949,82788f6dd4bad907046042c4361732cb34f87c77030d6c3785f29b8ea1cab3b6
features_ventus_v3_4_capacity_pre_credit_and_recycle,results/features_ventus_v3_4_capacity_pre_credit_and_recycle/failure_tail.txt,archive/results/ventus/V3.4/tensor_capacity/features_ventus_v3_4_capacity_pre_credit_and_recycle/failure_tail.txt,4342,5187c279143eac00b2fd2bbf8bfceca1dfee443699ec6769aaf71b80cc358a73
features_ventus_v3_4_capacity_pre_credit_and_recycle,results/features_ventus_v3_4_capacity_pre_credit_and_recycle/manifest.json,archive/results/ventus/V3.4/tensor_capacity/features_ventus_v3_4_capacity_pre_credit_and_recycle/manifest.json,1197,21840d508f1c2de557eb371f34af2724b8615882f6a159b20f2ff0106f1dbd05
features_ventus_v3_4_capacity_pre_credit_and_recycle,results/features_ventus_v3_4_capacity_pre_credit_and_recycle/pmu/attempt_01/g2s__size_1024.txt,archive/results/ventus/V3.4/tensor_capacity/features_ventus_v3_4_capacity_pre_credit_and_recycle/pmu/attempt_01/g2s__size_1024.txt,25496,480a331c749e9c80fe2a96f29a3b0061b8e2c4f683dc9e44b2810bbc6a321515
features_ventus_v3_4_capacity_pre_credit_and_recycle,results/features_ventus_v3_4_capacity_pre_credit_and_recycle/pmu/attempt_01/g2s__size_128.txt,archive/results/ventus/V3.4/tensor_capacity/features_ventus_v3_4_capacity_pre_credit_and_recycle/pmu/attempt_01/g2s__size_128.txt,25496,de554d4e323160c5e89ba4317a8ab77327a7a60560809fb952294ed57c9864a1
features_ventus_v3_4_capacity_pre_credit_and_recycle,results/features_ventus_v3_4_capacity_pre_credit_and_recycle/pmu/attempt_01/g2s__size_16384.txt,archive/results/ventus/V3.4/tensor_capacity/features_ventus_v3_4_capacity_pre_credit_and_recycle/pmu/attempt_01/g2s__size_16384.txt,25496,9825100bc00ef7428e8c201b62a4ea6262559f8c099307b25df72755f31d9c3a
features_ventus_v3_4_capacity_pre_credit_and_recycle,results/features_ventus_v3_4_capacity_pre_credit_and_recycle/pmu/attempt_01/g2s__size_2048.txt,archive/results/ventus/V3.4/tensor_capacity/features_ventus_v3_4_capacity_pre_credit_and_recycle/pmu/attempt_01/g2s__size_2048.txt,25496,50bbc4134860b40f78e0f598c62a49bf0b4d668fdc982dc2cc22f0e2b65faae4
features_ventus_v3_4_capacity_pre_credit_and_recycle,results/features_ventus_v3_4_capacity_pre_credit_and_recycle/pmu/attempt_01/g2s__size_256.txt,archive/results/ventus/V3.4/tensor_capacity/features_ventus_v3_4_capacity_pre_credit_and_recycle/pmu/attempt_01/g2s__size_256.txt,25496,42ad2433992f4545738591230c973996d13802bbec14af0747f9aff48b7b5613
features_ventus_v3_4_capacity_pre_credit_and_recycle,results/features_ventus_v3_4_capacity_pre_credit_and_recycle/pmu/attempt_01/g2s__size_32768.txt,archive/results/ventus/V3.4/tensor_capacity/features_ventus_v3_4_capacity_pre_credit_and_recycle/pmu/attempt_01/g2s__size_32768.txt,25496,3a12132d1cd868b1d1107e1d247d3a2764ac0884074a3ffbef3b7c91f66f3000
features_ventus_v3_4_capacity_pre_credit_and_recycle,results/features_ventus_v3_4_capacity_pre_credit_and_recycle/pmu/attempt_01/g2s__size_4096.txt,archive/results/ventus/V3.4/tensor_capacity/features_ventus_v3_4_capacity_pre_credit_and_recycle/pmu/attempt_01/g2s__size_4096.txt,25496,910f400ffe4d57373fe5fb2cc615902b5fff2ae7da7817d32dc2b677b89e5dac
features_ventus_v3_4_capacity_pre_credit_and_recycle,results/features_ventus_v3_4_capacity_pre_credit_and_recycle/pmu/attempt_01/g2s__size_512.txt,archive/results/ventus/V3.4/tensor_capacity/features_ventus_v3_4_capacity_pre_credit_and_recycle/pmu/attempt_01/g2s__size_512.txt,25496,be7341b489cb083095732b0d030effa6ac1c9b0ca53a15896cd9263f88c634c0
features_ventus_v3_4_capacity_pre_credit_and_recycle,results/features_ventus_v3_4_capacity_pre_credit_and_recycle/pmu/attempt_01/g2s__size_8192.txt,archive/results/ventus/V3.4/tensor_capacity/features_ventus_v3_4_capacity_pre_credit_and_recycle/pmu/attempt_01/g2s__size_8192.txt,25496,0090648fa44753c35a0cc4a2adb86d4184ee645fe8db2934363b26464ae54314
features_ventus_v3_4_capacity_pre_credit_and_recycle,results/features_ventus_v3_4_capacity_pre_credit_and_recycle/pmu/attempt_01/roundtrip__size_1024.txt,archive/results/ventus/V3.4/tensor_capacity/features_ventus_v3_4_capacity_pre_credit_and_recycle/pmu/attempt_01/roundtrip__size_1024.txt,25496,42aa02e7d562783770b545b99c9306777f2e4f2426265d57c1420f72b40edcd5
features_ventus_v3_4_capacity_pre_credit_and_recycle,results/features_ventus_v3_4_capacity_pre_credit_and_recycle/pmu/attempt_01/roundtrip__size_128.txt,archive/results/ventus/V3.4/tensor_capacity/features_ventus_v3_4_capacity_pre_credit_and_recycle/pmu/attempt_01/roundtrip__size_128.txt,25496,6f31cfac30aa8ac378c208f5767b9bc4e031b5fe8914e20239ce13b78965415d
features_ventus_v3_4_capacity_pre_credit_and_recycle,results/features_ventus_v3_4_capacity_pre_credit_and_recycle/pmu/attempt_01/roundtrip__size_16384.txt,archive/results/ventus/V3.4/tensor_capacity/features_ventus_v3_4_capacity_pre_credit_and_recycle/pmu/attempt_01/roundtrip__size_16384.txt,25496,ba381091f068b2455573c0e23d9e959a48fe9ef24542627432057106ea584ef3
features_ventus_v3_4_capacity_pre_credit_and_recycle,results/features_ventus_v3_4_capacity_pre_credit_and_recycle/pmu/attempt_01/roundtrip__size_2048.txt,archive/results/ventus/V3.4/tensor_capacity/features_ventus_v3_4_capacity_pre_credit_and_recycle/pmu/attempt_01/roundtrip__size_2048.txt,25496,84d437a700c59565280cf4991835cfc6d7cdae15dd527ed3403832358a39d713
features_ventus_v3_4_capacity_pre_credit_and_recycle,results/features_ventus_v3_4_capacity_pre_credit_and_recycle/pmu/attempt_01/roundtrip__size_256.txt,archive/results/ventus/V3.4/tensor_capacity/features_ventus_v3_4_capacity_pre_credit_and_recycle/pmu/attempt_01/roundtrip__size_256.txt,25496,1d3be7110add3d91b509b74517b724dd5ce9d7dc37130fd3eee55de1df274ccb
features_ventus_v3_4_capacity_pre_credit_and_recycle,results/features_ventus_v3_4_capacity_pre_credit_and_recycle/pmu/attempt_01/roundtrip__size_32768.txt,archive/results/ventus/V3.4/tensor_capacity/features_ventus_v3_4_capacity_pre_credit_and_recycle/pmu/attempt_01/roundtrip__size_32768.txt,25496,42c45b73e72b4ad17e6826abc4637c001e15a2a210bf7e99950e61fa0b201826
features_ventus_v3_4_capacity_pre_credit_and_recycle,results/features_ventus_v3_4_capacity_pre_credit_and_recycle/pmu/attempt_01/roundtrip__size_4096.txt,archive/results/ventus/V3.4/tensor_capacity/features_ventus_v3_4_capacity_pre_credit_and_recycle/pmu/attempt_01/roundtrip__size_4096.txt,25496,916a0c1984f486b4a04a4e8b80d92b6460be892648e2d77e4aacd4411fb21848
features_ventus_v3_4_capacity_pre_credit_and_recycle,results/features_ventus_v3_4_capacity_pre_credit_and_recycle/pmu/attempt_01/roundtrip__size_512.txt,archive/results/ventus/V3.4/tensor_capacity/features_ventus_v3_4_capacity_pre_credit_and_recycle/pmu/attempt_01/roundtrip__size_512.txt,25496,5516e8428aa1d6a9f42584f287a5439463b3ea9513c0c9df1f8747c7e7ee02d0
features_ventus_v3_4_capacity_pre_credit_and_recycle,results/features_ventus_v3_4_capacity_pre_credit_and_recycle/pmu/attempt_01/roundtrip__size_8192.txt,archive/results/ventus/V3.4/tensor_capacity/features_ventus_v3_4_capacity_pre_credit_and_recycle/pmu/attempt_01/roundtrip__size_8192.txt,25496,9c56f3bba94334025db9f1d5fa026ffcbe2a03dc45b1c294aa1e264dd10bb545
features_ventus_v3_4_capacity_pre_credit_and_recycle,results/features_ventus_v3_4_capacity_pre_credit_and_recycle/pmu/attempt_01/s2g__size_1024.txt,archive/results/ventus/V3.4/tensor_capacity/features_ventus_v3_4_capacity_pre_credit_and_recycle/pmu/attempt_01/s2g__size_1024.txt,25496,9a09caae335d63c8b6516d1fe8641b8a54d59beeae5467a88c66f2d940663572
features_ventus_v3_4_capacity_pre_credit_and_recycle,results/features_ventus_v3_4_capacity_pre_credit_and_recycle/pmu/attempt_01/s2g__size_128.txt,archive/results/ventus/V3.4/tensor_capacity/features_ventus_v3_4_capacity_pre_credit_and_recycle/pmu/attempt_01/s2g__size_128.txt,25496,d0855da28090f18e7295b2817560c862962c6677cf126ad2e252996d60bf179f
features_ventus_v3_4_capacity_pre_credit_and_recycle,results/features_ventus_v3_4_capacity_pre_credit_and_recycle/pmu/attempt_01/s2g__size_16384.txt,archive/results/ventus/V3.4/tensor_capacity/features_ventus_v3_4_capacity_pre_credit_and_recycle/pmu/attempt_01/s2g__size_16384.txt,25496,bea9eece4ac6ceb3d45b67c2d840b038e5e3be3cfcbd4cae1d4c22e43f45c6cf
features_ventus_v3_4_capacity_pre_credit_and_recycle,results/features_ventus_v3_4_capacity_pre_credit_and_recycle/pmu/attempt_01/s2g__size_2048.txt,archive/results/ventus/V3.4/tensor_capacity/features_ventus_v3_4_capacity_pre_credit_and_recycle/pmu/attempt_01/s2g__size_2048.txt,25496,193493f304c025287067f96a5e4c420d8b1cd1acc0f36a7f163d4b1d9369f9cb
features_ventus_v3_4_capacity_pre_credit_and_recycle,results/features_ventus_v3_4_capacity_pre_credit_and_recycle/pmu/attempt_01/s2g__size_256.txt,archive/results/ventus/V3.4/tensor_capacity/features_ventus_v3_4_capacity_pre_credit_and_recycle/pmu/attempt_01/s2g__size_256.txt,25496,7157ab411be221428b2ea3d15071d55c8a69d5973b9137f4c9c0758274c17df4
features_ventus_v3_4_capacity_pre_credit_and_recycle,results/features_ventus_v3_4_capacity_pre_credit_and_recycle/pmu/attempt_01/s2g__size_32768.txt,archive/results/ventus/V3.4/tensor_capacity/features_ventus_v3_4_capacity_pre_credit_and_recycle/pmu/attempt_01/s2g__size_32768.txt,25496,e81dc352aadb6320c51c19b65f29033604969a67240a50c6e1065b4afcfe16c5
features_ventus_v3_4_capacity_pre_credit_and_recycle,results/features_ventus_v3_4_capacity_pre_credit_and_recycle/pmu/attempt_01/s2g__size_4096.txt,archive/results/ventus/V3.4/tensor_capacity/features_ventus_v3_4_capacity_pre_credit_and_recycle/pmu/attempt_01/s2g__size_4096.txt,25496,84eda36e2e8f01e290235b8900afb31b667d09d3497413d9ebca015bfceb2aa3
features_ventus_v3_4_capacity_pre_credit_and_recycle,results/features_ventus_v3_4_capacity_pre_credit_and_recycle/pmu/attempt_01/s2g__size_512.txt,archive/results/ventus/V3.4/tensor_capacity/features_ventus_v3_4_capacity_pre_credit_and_recycle/pmu/attempt_01/s2g__size_512.txt,25496,42e6c30fbbfd42a737555b67c12012208e1ff030e5910697a4006990c33d25f6
features_ventus_v3_4_capacity_pre_credit_and_recycle,results/features_ventus_v3_4_capacity_pre_credit_and_recycle/pmu/attempt_01/s2g__size_8192.txt,archive/results/ventus/V3.4/tensor_capacity/features_ventus_v3_4_capacity_pre_credit_and_recycle/pmu/attempt_01/s2g__size_8192.txt,25496,3c9cfd54c3b0c18b56a261ec3ae16e836b2aaec88b59bb524079775d80a06ba5
features_ventus_v3_4_capacity_recycle_candidate,results/features_ventus_v3_4_capacity_recycle_candidate/attempt_01.csv,archive/results/ventus/V3.4/tensor_capacity/features_ventus_v3_4_capacity_recycle_candidate/attempt_01.csv,1949,fc4dbc290b54094dcdfc05e3b9d753eb0553c589ad5431fe0de29e3ee27c3585
features_ventus_v3_4_capacity_recycle_candidate,results/features_ventus_v3_4_capacity_recycle_candidate/manifest.json,archive/results/ventus/V3.4/tensor_capacity/features_ventus_v3_4_capacity_recycle_candidate/manifest.json,1196,0ed9c9631a5323a59c25359b201a1ab2f468a3489a1f34db2a74d73928603973
features_ventus_v3_4_capacity_recycle_candidate,results/features_ventus_v3_4_capacity_recycle_candidate/pmu/attempt_01/g2s__size_1024.txt,archive/results/ventus/V3.4/tensor_capacity/features_ventus_v3_4_capacity_recycle_candidate/pmu/attempt_01/g2s__size_1024.txt,25496,480a331c749e9c80fe2a96f29a3b0061b8e2c4f683dc9e44b2810bbc6a321515
features_ventus_v3_4_capacity_recycle_candidate,results/features_ventus_v3_4_capacity_recycle_candidate/pmu/attempt_01/g2s__size_128.txt,archive/results/ventus/V3.4/tensor_capacity/features_ventus_v3_4_capacity_recycle_candidate/pmu/attempt_01/g2s__size_128.txt,25496,de554d4e323160c5e89ba4317a8ab77327a7a60560809fb952294ed57c9864a1
features_ventus_v3_4_capacity_recycle_candidate,results/features_ventus_v3_4_capacity_recycle_candidate/pmu/attempt_01/g2s__size_16384.txt,archive/results/ventus/V3.4/tensor_capacity/features_ventus_v3_4_capacity_recycle_candidate/pmu/attempt_01/g2s__size_16384.txt,25496,9825100bc00ef7428e8c201b62a4ea6262559f8c099307b25df72755f31d9c3a
features_ventus_v3_4_capacity_recycle_candidate,results/features_ventus_v3_4_capacity_recycle_candidate/pmu/attempt_01/g2s__size_2048.txt,archive/results/ventus/V3.4/tensor_capacity/features_ventus_v3_4_capacity_recycle_candidate/pmu/attempt_01/g2s__size_2048.txt,25496,50bbc4134860b40f78e0f598c62a49bf0b4d668fdc982dc2cc22f0e2b65faae4
features_ventus_v3_4_capacity_recycle_candidate,results/features_ventus_v3_4_capacity_recycle_candidate/pmu/attempt_01/g2s__size_256.txt,archive/results/ventus/V3.4/tensor_capacity/features_ventus_v3_4_capacity_recycle_candidate/pmu/attempt_01/g2s__size_256.txt,25496,42ad2433992f4545738591230c973996d13802bbec14af0747f9aff48b7b5613
features_ventus_v3_4_capacity_recycle_candidate,results/features_ventus_v3_4_capacity_recycle_candidate/pmu/attempt_01/g2s__size_32768.txt,archive/results/ventus/V3.4/tensor_capacity/features_ventus_v3_4_capacity_recycle_candidate/pmu/attempt_01/g2s__size_32768.txt,25496,3a12132d1cd868b1d1107e1d247d3a2764ac0884074a3ffbef3b7c91f66f3000
features_ventus_v3_4_capacity_recycle_candidate,results/features_ventus_v3_4_capacity_recycle_candidate/pmu/attempt_01/g2s__size_4096.txt,archive/results/ventus/V3.4/tensor_capacity/features_ventus_v3_4_capacity_recycle_candidate/pmu/attempt_01/g2s__size_4096.txt,25496,4750b39fd58e350b0b327dd47237f32a4d11e59533976f8d36a555d287e592ce
features_ventus_v3_4_capacity_recycle_candidate,results/features_ventus_v3_4_capacity_recycle_candidate/pmu/attempt_01/g2s__size_512.txt,archive/results/ventus/V3.4/tensor_capacity/features_ventus_v3_4_capacity_recycle_candidate/pmu/attempt_01/g2s__size_512.txt,25496,be7341b489cb083095732b0d030effa6ac1c9b0ca53a15896cd9263f88c634c0
features_ventus_v3_4_capacity_recycle_candidate,results/features_ventus_v3_4_capacity_recycle_candidate/pmu/attempt_01/g2s__size_8192.txt,archive/results/ventus/V3.4/tensor_capacity/features_ventus_v3_4_capacity_recycle_candidate/pmu/attempt_01/g2s__size_8192.txt,25496,0090648fa44753c35a0cc4a2adb86d4184ee645fe8db2934363b26464ae54314
features_ventus_v3_4_capacity_recycle_candidate,results/features_ventus_v3_4_capacity_recycle_candidate/pmu/attempt_01/roundtrip__size_1024.txt,archive/results/ventus/V3.4/tensor_capacity/features_ventus_v3_4_capacity_recycle_candidate/pmu/attempt_01/roundtrip__size_1024.txt,25496,d4778ae49a2f8f631324184d0ad8eac68d12b1fd28e1890200b30d955c27c0c0
features_ventus_v3_4_capacity_recycle_candidate,results/features_ventus_v3_4_capacity_recycle_candidate/pmu/attempt_01/roundtrip__size_128.txt,archive/results/ventus/V3.4/tensor_capacity/features_ventus_v3_4_capacity_recycle_candidate/pmu/attempt_01/roundtrip__size_128.txt,25496,6f31cfac30aa8ac378c208f5767b9bc4e031b5fe8914e20239ce13b78965415d
features_ventus_v3_4_capacity_recycle_candidate,results/features_ventus_v3_4_capacity_recycle_candidate/pmu/attempt_01/roundtrip__size_16384.txt,archive/results/ventus/V3.4/tensor_capacity/features_ventus_v3_4_capacity_recycle_candidate/pmu/attempt_01/roundtrip__size_16384.txt,25496,d96f0bddc2a66f60c4e4c15cd67b1ab92a5955b3f92f6ebc41b58e94ba42e9f8
features_ventus_v3_4_capacity_recycle_candidate,results/features_ventus_v3_4_capacity_recycle_candidate/pmu/attempt_01/roundtrip__size_2048.txt,archive/results/ventus/V3.4/tensor_capacity/features_ventus_v3_4_capacity_recycle_candidate/pmu/attempt_01/roundtrip__size_2048.txt,25496,6424a7f630c720d117aaada778c03d2ad197e92b8e6c5d0c2b1cd752a1c4d6dd
features_ventus_v3_4_capacity_recycle_candidate,results/features_ventus_v3_4_capacity_recycle_candidate/pmu/attempt_01/roundtrip__size_256.txt,archive/results/ventus/V3.4/tensor_capacity/features_ventus_v3_4_capacity_recycle_candidate/pmu/attempt_01/roundtrip__size_256.txt,25496,1d3be7110add3d91b509b74517b724dd5ce9d7dc37130fd3eee55de1df274ccb
features_ventus_v3_4_capacity_recycle_candidate,results/features_ventus_v3_4_capacity_recycle_candidate/pmu/attempt_01/roundtrip__size_32768.txt,archive/results/ventus/V3.4/tensor_capacity/features_ventus_v3_4_capacity_recycle_candidate/pmu/attempt_01/roundtrip__size_32768.txt,25496,d03d6ef0e44588286350989525672ec7ced96cb20a96af54d281d2163fbc9d94
features_ventus_v3_4_capacity_recycle_candidate,results/features_ventus_v3_4_capacity_recycle_candidate/pmu/attempt_01/roundtrip__size_4096.txt,archive/results/ventus/V3.4/tensor_capacity/features_ventus_v3_4_capacity_recycle_candidate/pmu/attempt_01/roundtrip__size_4096.txt,25496,8a518908e76f1700182ac2265d74d59fd9b5603f3e92e8fdbb03aed49cf034fd
features_ventus_v3_4_capacity_recycle_candidate,results/features_ventus_v3_4_capacity_recycle_candidate/pmu/attempt_01/roundtrip__size_512.txt,archive/results/ventus/V3.4/tensor_capacity/features_ventus_v3_4_capacity_recycle_candidate/pmu/attempt_01/roundtrip__size_512.txt,25496,5516e8428aa1d6a9f42584f287a5439463b3ea9513c0c9df1f8747c7e7ee02d0
features_ventus_v3_4_capacity_recycle_candidate,results/features_ventus_v3_4_capacity_recycle_candidate/pmu/attempt_01/roundtrip__size_8192.txt,archive/results/ventus/V3.4/tensor_capacity/features_ventus_v3_4_capacity_recycle_candidate/pmu/attempt_01/roundtrip__size_8192.txt,25496,2c2280af5ba08818a0e0f8c90702145869fe1ab3562872d8d8e7147ff08a60e1
features_ventus_v3_4_capacity_recycle_candidate,results/features_ventus_v3_4_capacity_recycle_candidate/pmu/attempt_01/s2g__size_1024.txt,archive/results/ventus/V3.4/tensor_capacity/features_ventus_v3_4_capacity_recycle_candidate/pmu/attempt_01/s2g__size_1024.txt,25496,aadc65fe318d5d0f182d54ec304c7eee47fffce24d26cf4aee8ddac1e252988d
features_ventus_v3_4_capacity_recycle_candidate,results/features_ventus_v3_4_capacity_recycle_candidate/pmu/attempt_01/s2g__size_128.txt,archive/results/ventus/V3.4/tensor_capacity/features_ventus_v3_4_capacity_recycle_candidate/pmu/attempt_01/s2g__size_128.txt,25496,d0855da28090f18e7295b2817560c862962c6677cf126ad2e252996d60bf179f
features_ventus_v3_4_capacity_recycle_candidate,results/features_ventus_v3_4_capacity_recycle_candidate/pmu/attempt_01/s2g__size_16384.txt,archive/results/ventus/V3.4/tensor_capacity/features_ventus_v3_4_capacity_recycle_candidate/pmu/attempt_01/s2g__size_16384.txt,25496,1f0f9f65f6d89068185447a97bef3f8713c30359f7f22181efca0ac30e7d8209
features_ventus_v3_4_capacity_recycle_candidate,results/features_ventus_v3_4_capacity_recycle_candidate/pmu/attempt_01/s2g__size_2048.txt,archive/results/ventus/V3.4/tensor_capacity/features_ventus_v3_4_capacity_recycle_candidate/pmu/attempt_01/s2g__size_2048.txt,25496,f5f05d7d8661f823492116802ecf74ea722d797f38faacb05d85e953fb682781
features_ventus_v3_4_capacity_recycle_candidate,results/features_ventus_v3_4_capacity_recycle_candidate/pmu/attempt_01/s2g__size_256.txt,archive/results/ventus/V3.4/tensor_capacity/features_ventus_v3_4_capacity_recycle_candidate/pmu/attempt_01/s2g__size_256.txt,25496,7157ab411be221428b2ea3d15071d55c8a69d5973b9137f4c9c0758274c17df4
features_ventus_v3_4_capacity_recycle_candidate,results/features_ventus_v3_4_capacity_recycle_candidate/pmu/attempt_01/s2g__size_32768.txt,archive/results/ventus/V3.4/tensor_capacity/features_ventus_v3_4_capacity_recycle_candidate/pmu/attempt_01/s2g__size_32768.txt,25496,341d8f813c4db8db707944950c96d46c0ac6e08163d01b49cce3d32d0f84831f
features_ventus_v3_4_capacity_recycle_candidate,results/features_ventus_v3_4_capacity_recycle_candidate/pmu/attempt_01/s2g__size_4096.txt,archive/results/ventus/V3.4/tensor_capacity/features_ventus_v3_4_capacity_recycle_candidate/pmu/attempt_01/s2g__size_4096.txt,25496,2ba8855b5fe36863e2e075efe301bb456b680ba3115600cf15dd5c8b799a16a9
features_ventus_v3_4_capacity_recycle_candidate,results/features_ventus_v3_4_capacity_recycle_candidate/pmu/attempt_01/s2g__size_512.txt,archive/results/ventus/V3.4/tensor_capacity/features_ventus_v3_4_capacity_recycle_candidate/pmu/attempt_01/s2g__size_512.txt,25496,42e6c30fbbfd42a737555b67c12012208e1ff030e5910697a4006990c33d25f6
features_ventus_v3_4_capacity_recycle_candidate,results/features_ventus_v3_4_capacity_recycle_candidate/pmu/attempt_01/s2g__size_8192.txt,archive/results/ventus/V3.4/tensor_capacity/features_ventus_v3_4_capacity_recycle_candidate/pmu/attempt_01/s2g__size_8192.txt,25496,a046244c956cc258f82706078f99c53325181b3c8cf3cb0aba87933e440c6e39
features_ventus_v3_4_descriptor,results/features_ventus_v3_4_descriptor/attempt_01.csv,data/ventus/V3.4/single_instruction/descriptor_features/all_directions/legacy--features_ventus_v3_4_descriptor/attempt_01.csv,2228,d72cf5e274db98f32f8414cbe36cab1eb9650b390b64cb37aeb9cb83d6a3410e
features_ventus_v3_4_descriptor,results/features_ventus_v3_4_descriptor/failure_tail.txt,data/ventus/V3.4/single_instruction/descriptor_features/all_directions/legacy--features_ventus_v3_4_descriptor/failure_tail.txt,13370,df6ebdcc0d5537c6f34697c4b9531ceebdaa054bec3884be877d7e758f2b6532
features_ventus_v3_4_descriptor,results/features_ventus_v3_4_descriptor/manifest.json,data/ventus/V3.4/single_instruction/descriptor_features/all_directions/legacy--features_ventus_v3_4_descriptor/manifest.json,1341,1993e20c788c973ea78be4c28e0bc9f44250b3d59106c9c69603c880437469b6
features_ventus_v3_4_descriptor,results/features_ventus_v3_4_descriptor/pmu/attempt_01/g2s__oob_100.txt,data/ventus/V3.4/single_instruction/descriptor_features/all_directions/legacy--features_ventus_v3_4_descriptor/pmu/attempt_01/g2s__oob_100.txt,19122,f447dabd6d2798d309c3b0c28ff4b37fee97aa88a16bb2d0102bc8098ba6ca03
features_ventus_v3_4_descriptor,results/features_ventus_v3_4_descriptor/pmu/attempt_01/g2s__oob_25.txt,data/ventus/V3.4/single_instruction/descriptor_features/all_directions/legacy--features_ventus_v3_4_descriptor/pmu/attempt_01/g2s__oob_25.txt,19122,30f28c635c5f10de012efc7387977806d35128fb179bcac81ed090ccb30ce8b8
features_ventus_v3_4_descriptor,results/features_ventus_v3_4_descriptor/pmu/attempt_01/g2s__oob_50.txt,data/ventus/V3.4/single_instruction/descriptor_features/all_directions/legacy--features_ventus_v3_4_descriptor/pmu/attempt_01/g2s__oob_50.txt,19122,30f28c635c5f10de012efc7387977806d35128fb179bcac81ed090ccb30ce8b8
features_ventus_v3_4_descriptor,results/features_ventus_v3_4_descriptor/pmu/attempt_01/g2s__rank1_contiguous.txt,data/ventus/V3.4/single_instruction/descriptor_features/all_directions/legacy--features_ventus_v3_4_descriptor/pmu/attempt_01/g2s__rank1_contiguous.txt,25496,b693205f46533dd6e70ddfac9b7a59e60c34b93fc80da617887045a2d45dd4ff
features_ventus_v3_4_descriptor,results/features_ventus_v3_4_descriptor/pmu/attempt_01/g2s__rank2_contiguous.txt,data/ventus/V3.4/single_instruction/descriptor_features/all_directions/legacy--features_ventus_v3_4_descriptor/pmu/attempt_01/g2s__rank2_contiguous.txt,25496,4750b39fd58e350b0b327dd47237f32a4d11e59533976f8d36a555d287e592ce
features_ventus_v3_4_descriptor,results/features_ventus_v3_4_descriptor/pmu/attempt_01/g2s__rank2_row_stride2.txt,data/ventus/V3.4/single_instruction/descriptor_features/all_directions/legacy--features_ventus_v3_4_descriptor/pmu/attempt_01/g2s__rank2_row_stride2.txt,25496,4750b39fd58e350b0b327dd47237f32a4d11e59533976f8d36a555d287e592ce
features_ventus_v3_4_descriptor,results/features_ventus_v3_4_descriptor/pmu/attempt_01/g2s__rank3_contiguous.txt,data/ventus/V3.4/single_instruction/descriptor_features/all_directions/legacy--features_ventus_v3_4_descriptor/pmu/attempt_01/g2s__rank3_contiguous.txt,25496,475c72a87dd88fc17a6722c20d64d96b04d10377d4deac200889ad05ced0c51d
features_ventus_v3_4_descriptor,results/features_ventus_v3_4_descriptor/pmu/attempt_01/g2s__rank4_contiguous.txt,data/ventus/V3.4/single_instruction/descriptor_features/all_directions/legacy--features_ventus_v3_4_descriptor/pmu/attempt_01/g2s__rank4_contiguous.txt,25496,73334138fbe2862299b7ae180efd19a149d67b418dede52560e9388ee03cbaca
features_ventus_v3_4_descriptor,results/features_ventus_v3_4_descriptor/pmu/attempt_01/g2s__rank5_contiguous.txt,data/ventus/V3.4/single_instruction/descriptor_features/all_directions/legacy--features_ventus_v3_4_descriptor/pmu/attempt_01/g2s__rank5_contiguous.txt,25496,9e57ded0b69f4afe5ec960f3a9c17992deb5f299fbb0c806d13f22a709daaf70
features_ventus_v3_4_descriptor,results/features_ventus_v3_4_descriptor/pmu/attempt_01/g2s__tile_16x16.txt,data/ventus/V3.4/single_instruction/descriptor_features/all_directions/legacy--features_ventus_v3_4_descriptor/pmu/attempt_01/g2s__tile_16x16.txt,25496,480a331c749e9c80fe2a96f29a3b0061b8e2c4f683dc9e44b2810bbc6a321515
features_ventus_v3_4_descriptor,results/features_ventus_v3_4_descriptor/pmu/attempt_01/g2s__tile_32x16.txt,data/ventus/V3.4/single_instruction/descriptor_features/all_directions/legacy--features_ventus_v3_4_descriptor/pmu/attempt_01/g2s__tile_32x16.txt,25496,50bbc4134860b40f78e0f598c62a49bf0b4d668fdc982dc2cc22f0e2b65faae4
features_ventus_v3_4_descriptor,results/features_ventus_v3_4_descriptor/pmu/attempt_01/g2s__tile_32x32.txt,data/ventus/V3.4/single_instruction/descriptor_features/all_directions/legacy--features_ventus_v3_4_descriptor/pmu/attempt_01/g2s__tile_32x32.txt,25496,4750b39fd58e350b0b327dd47237f32a4d11e59533976f8d36a555d287e592ce
features_ventus_v3_4_descriptor,results/features_ventus_v3_4_descriptor/pmu/attempt_01/g2s__tile_64x32.txt,data/ventus/V3.4/single_instruction/descriptor_features/all_directions/legacy--features_ventus_v3_4_descriptor/pmu/attempt_01/g2s__tile_64x32.txt,25496,0090648fa44753c35a0cc4a2adb86d4184ee645fe8db2934363b26464ae54314
features_ventus_v3_4_descriptor,results/features_ventus_v3_4_descriptor/pmu/attempt_01/g2s__tile_64x64.txt,data/ventus/V3.4/single_instruction/descriptor_features/all_directions/legacy--features_ventus_v3_4_descriptor/pmu/attempt_01/g2s__tile_64x64.txt,25496,9825100bc00ef7428e8c201b62a4ea6262559f8c099307b25df72755f31d9c3a
features_ventus_v3_4_descriptor,results/features_ventus_v3_4_descriptor/pmu/attempt_01/roundtrip__interleave16.txt,data/ventus/V3.4/single_instruction/descriptor_features/all_directions/legacy--features_ventus_v3_4_descriptor/pmu/attempt_01/roundtrip__interleave16.txt,19122,625f8e2d2408274d26df9c7ede05293f33555e5b62fe1173cde6772d39c6360d
features_ventus_v3_4_descriptor,results/features_ventus_v3_4_descriptor/pmu/attempt_01/roundtrip__interleave16_u16.txt,data/ventus/V3.4/single_instruction/descriptor_features/all_directions/legacy--features_ventus_v3_4_descriptor/pmu/attempt_01/roundtrip__interleave16_u16.txt,19122,625f8e2d2408274d26df9c7ede05293f33555e5b62fe1173cde6772d39c6360d
features_ventus_v3_4_descriptor,results/features_ventus_v3_4_descriptor/pmu/attempt_01/roundtrip__interleave32.txt,data/ventus/V3.4/single_instruction/descriptor_features/all_directions/legacy--features_ventus_v3_4_descriptor/pmu/attempt_01/roundtrip__interleave32.txt,19122,625f8e2d2408274d26df9c7ede05293f33555e5b62fe1173cde6772d39c6360d
features_ventus_v3_4_descriptor,results/features_ventus_v3_4_descriptor/pmu/attempt_01/roundtrip__swizzle128.txt,data/ventus/V3.4/single_instruction/descriptor_features/all_directions/legacy--features_ventus_v3_4_descriptor/pmu/attempt_01/roundtrip__swizzle128.txt,19122,d8c790dd8aa384e235e5071334a3fe3f5293bf0ad837cac683d4eb6b44271cb4
features_ventus_v3_4_descriptor,results/features_ventus_v3_4_descriptor/pmu/attempt_01/roundtrip__swizzle32.txt,data/ventus/V3.4/single_instruction/descriptor_features/all_directions/legacy--features_ventus_v3_4_descriptor/pmu/attempt_01/roundtrip__swizzle32.txt,19122,d8c790dd8aa384e235e5071334a3fe3f5293bf0ad837cac683d4eb6b44271cb4
features_ventus_v3_4_descriptor,results/features_ventus_v3_4_descriptor/pmu/attempt_01/roundtrip__swizzle64.txt,data/ventus/V3.4/single_instruction/descriptor_features/all_directions/legacy--features_ventus_v3_4_descriptor/pmu/attempt_01/roundtrip__swizzle64.txt,19122,d8c790dd8aa384e235e5071334a3fe3f5293bf0ad837cac683d4eb6b44271cb4
features_ventus_v3_4_descriptor,results/features_ventus_v3_4_descriptor/pmu/attempt_01/roundtrip__tile_16x16.txt,data/ventus/V3.4/single_instruction/descriptor_features/all_directions/legacy--features_ventus_v3_4_descriptor/pmu/attempt_01/roundtrip__tile_16x16.txt,25496,2c4e14acb974634ff5467ef94a17394761a203e5832a392aafe2b3aa5b49a140
features_ventus_v3_4_descriptor,results/features_ventus_v3_4_descriptor/pmu/attempt_01/roundtrip__tile_32x16.txt,data/ventus/V3.4/single_instruction/descriptor_features/all_directions/legacy--features_ventus_v3_4_descriptor/pmu/attempt_01/roundtrip__tile_32x16.txt,25496,ef78f93b9a117102f117716870e16331d441f5d8aea675a9af55bd20e2158eee
features_ventus_v3_4_descriptor,results/features_ventus_v3_4_descriptor/pmu/attempt_01/roundtrip__tile_32x32.txt,data/ventus/V3.4/single_instruction/descriptor_features/all_directions/legacy--features_ventus_v3_4_descriptor/pmu/attempt_01/roundtrip__tile_32x32.txt,25496,4d3562a013e2956664c685d8cdfbf1180faa36fcbcb4b41717b2998afe79a38b
features_ventus_v3_4_descriptor,results/features_ventus_v3_4_descriptor/pmu/attempt_01/roundtrip__tile_64x32.txt,data/ventus/V3.4/single_instruction/descriptor_features/all_directions/legacy--features_ventus_v3_4_descriptor/pmu/attempt_01/roundtrip__tile_64x32.txt,25496,16a4a2aade65936bc0c473c7b98ebb55ba5b8e7dc4c1622751eca7d99c55a01a
features_ventus_v3_4_descriptor,results/features_ventus_v3_4_descriptor/pmu/attempt_01/roundtrip__tile_64x64.txt,data/ventus/V3.4/single_instruction/descriptor_features/all_directions/legacy--features_ventus_v3_4_descriptor/pmu/attempt_01/roundtrip__tile_64x64.txt,25496,f46bb7901a37614309a6f2d4a4c593ed81800189bab5fa1dd7a2f6f756c3b976
features_ventus_v3_4_descriptor,results/features_ventus_v3_4_descriptor/pmu/attempt_01/s2g__tile_16x16.txt,data/ventus/V3.4/single_instruction/descriptor_features/all_directions/legacy--features_ventus_v3_4_descriptor/pmu/attempt_01/s2g__tile_16x16.txt,25496,bf3630c5372527449914a4520976d6edf65de6bd14e4b93c36640a7f774335e7
features_ventus_v3_4_descriptor,results/features_ventus_v3_4_descriptor/pmu/attempt_01/s2g__tile_32x16.txt,data/ventus/V3.4/single_instruction/descriptor_features/all_directions/legacy--features_ventus_v3_4_descriptor/pmu/attempt_01/s2g__tile_32x16.txt,25496,45c52429c253647d5ea898d23bfb1eafe36cdca78891b3b079433ff387d1b637
features_ventus_v3_4_descriptor,results/features_ventus_v3_4_descriptor/pmu/attempt_01/s2g__tile_32x32.txt,data/ventus/V3.4/single_instruction/descriptor_features/all_directions/legacy--features_ventus_v3_4_descriptor/pmu/attempt_01/s2g__tile_32x32.txt,25496,7e4ebfd103602a3f15c6102fd8409988cf9d586a1ab30ce31fe83c18ff6242ed
features_ventus_v3_4_descriptor,results/features_ventus_v3_4_descriptor/pmu/attempt_01/s2g__tile_64x32.txt,data/ventus/V3.4/single_instruction/descriptor_features/all_directions/legacy--features_ventus_v3_4_descriptor/pmu/attempt_01/s2g__tile_64x32.txt,25496,1f02c17726586396c588707f7dcbc672af65f32310f8ac86a58a45fd383b551d
features_ventus_v3_4_descriptor,results/features_ventus_v3_4_descriptor/pmu/attempt_01/s2g__tile_64x64.txt,data/ventus/V3.4/single_instruction/descriptor_features/all_directions/legacy--features_ventus_v3_4_descriptor/pmu/attempt_01/s2g__tile_64x64.txt,25496,040550e4edcc1d20bfdaaf2de2dc9b4d4089baa9e0ecf76b66b30147983883e1
features_ventus_v3_4_g2s4096_probe_40x6,results/features_ventus_v3_4_g2s4096_probe_40x6/attempt_01.csv,archive/results/ventus/V3.4/cycle_capacity/features_ventus_v3_4_g2s4096_probe_40x6/attempt_01.csv,187,14cf048fc22351372e1a2dd6ac1f0abf59a63105afb2628a273f932efa9e076d
features_ventus_v3_4_g2s4096_probe_40x6,results/features_ventus_v3_4_g2s4096_probe_40x6/attempt_02.csv,archive/results/ventus/V3.4/cycle_capacity/features_ventus_v3_4_g2s4096_probe_40x6/attempt_02.csv,187,14cf048fc22351372e1a2dd6ac1f0abf59a63105afb2628a273f932efa9e076d
features_ventus_v3_4_g2s4096_probe_40x6,results/features_ventus_v3_4_g2s4096_probe_40x6/attempt_03.csv,archive/results/ventus/V3.4/cycle_capacity/features_ventus_v3_4_g2s4096_probe_40x6/attempt_03.csv,187,14cf048fc22351372e1a2dd6ac1f0abf59a63105afb2628a273f932efa9e076d
features_ventus_v3_4_g2s4096_probe_40x6,results/features_ventus_v3_4_g2s4096_probe_40x6/manifest.json,archive/results/ventus/V3.4/cycle_capacity/features_ventus_v3_4_g2s4096_probe_40x6/manifest.json,621,572900bd77eb7970b984a062ecc2e4ca317a7fc25851fb064a6b473f39f6836f
features_ventus_v3_4_g2s4096_probe_40x6,results/features_ventus_v3_4_g2s4096_probe_40x6/pmu/attempt_01/g2s__size_4096.txt,archive/results/ventus/V3.4/cycle_capacity/features_ventus_v3_4_g2s4096_probe_40x6/pmu/attempt_01/g2s__size_4096.txt,25496,910f400ffe4d57373fe5fb2cc615902b5fff2ae7da7817d32dc2b677b89e5dac
features_ventus_v3_4_g2s4096_probe_40x6,results/features_ventus_v3_4_g2s4096_probe_40x6/pmu/attempt_02/g2s__size_4096.txt,archive/results/ventus/V3.4/cycle_capacity/features_ventus_v3_4_g2s4096_probe_40x6/pmu/attempt_02/g2s__size_4096.txt,25496,910f400ffe4d57373fe5fb2cc615902b5fff2ae7da7817d32dc2b677b89e5dac
features_ventus_v3_4_g2s4096_probe_40x6,results/features_ventus_v3_4_g2s4096_probe_40x6/pmu/attempt_03/g2s__size_4096.txt,archive/results/ventus/V3.4/cycle_capacity/features_ventus_v3_4_g2s4096_probe_40x6/pmu/attempt_03/g2s__size_4096.txt,25496,910f400ffe4d57373fe5fb2cc615902b5fff2ae7da7817d32dc2b677b89e5dac
features_ventus_v3_4_g2s_credit16_probe_40x6,results/features_ventus_v3_4_g2s_credit16_probe_40x6/attempt_01.csv,archive/results/ventus/V3.4/cycle_capacity/features_ventus_v3_4_g2s_credit16_probe_40x6/attempt_01.csv,321,e0199e762f399f55146025ff9a72e383bf801f4ddb5c8e1dfecd2446b20656b2
features_ventus_v3_4_g2s_credit16_probe_40x6,results/features_ventus_v3_4_g2s_credit16_probe_40x6/manifest.json,archive/results/ventus/V3.4/cycle_capacity/features_ventus_v3_4_g2s_credit16_probe_40x6/manifest.json,707,bafabbbe8502f5201565fd1cf8c5057a045a31fc2acf0e5c79eaf49639c95c3b
features_ventus_v3_4_g2s_credit16_probe_40x6,results/features_ventus_v3_4_g2s_credit16_probe_40x6/pmu/attempt_01/g2s__size_32768.txt,archive/results/ventus/V3.4/cycle_capacity/features_ventus_v3_4_g2s_credit16_probe_40x6/pmu/attempt_01/g2s__size_32768.txt,25496,3a12132d1cd868b1d1107e1d247d3a2764ac0884074a3ffbef3b7c91f66f3000
features_ventus_v3_4_g2s_credit16_probe_40x6,results/features_ventus_v3_4_g2s_credit16_probe_40x6/pmu/attempt_01/g2s__size_4096.txt,archive/results/ventus/V3.4/cycle_capacity/features_ventus_v3_4_g2s_credit16_probe_40x6/pmu/attempt_01/g2s__size_4096.txt,25496,edb97c51aa3b74425179ec2a0dfe085be5aa88e11174876db1df78888a3aab00
features_ventus_v3_4_g2s_credit16_probe_40x6,results/features_ventus_v3_4_g2s_credit16_probe_40x6/pmu/attempt_01/g2s__size_8192.txt,archive/results/ventus/V3.4/cycle_capacity/features_ventus_v3_4_g2s_credit16_probe_40x6/pmu/attempt_01/g2s__size_8192.txt,25496,0090648fa44753c35a0cc4a2adb86d4184ee645fe8db2934363b26464ae54314
features_ventus_v3_4_oob_fix_probe,results/features_ventus_v3_4_oob_fix_probe/attempt_01.csv,archive/results/ventus/V3.4/oob/features_ventus_v3_4_oob_fix_probe/attempt_01.csv,297,3be12fc5e09c4a5226395ca67a53a099dbb9e57bc775b4690d6ee437fe07d510
features_ventus_v3_4_oob_fix_probe,results/features_ventus_v3_4_oob_fix_probe/manifest.json,archive/results/ventus/V3.4/oob/features_ventus_v3_4_oob_fix_probe/manifest.json,691,8337b66265b9268a90618def2411878ac44dae3e711455c83dafefcc61e7ea3e
features_ventus_v3_4_oob_fix_probe,results/features_ventus_v3_4_oob_fix_probe/pmu/attempt_01/g2s__oob_100.txt,archive/results/ventus/V3.4/oob/features_ventus_v3_4_oob_fix_probe/pmu/attempt_01/g2s__oob_100.txt,19122,f447dabd6d2798d309c3b0c28ff4b37fee97aa88a16bb2d0102bc8098ba6ca03
features_ventus_v3_4_oob_fix_probe,results/features_ventus_v3_4_oob_fix_probe/pmu/attempt_01/g2s__oob_25.txt,archive/results/ventus/V3.4/oob/features_ventus_v3_4_oob_fix_probe/pmu/attempt_01/g2s__oob_25.txt,19122,30f28c635c5f10de012efc7387977806d35128fb179bcac81ed090ccb30ce8b8
features_ventus_v3_4_oob_fix_probe,results/features_ventus_v3_4_oob_fix_probe/pmu/attempt_01/g2s__oob_50.txt,archive/results/ventus/V3.4/oob/features_ventus_v3_4_oob_fix_probe/pmu/attempt_01/g2s__oob_50.txt,19122,30f28c635c5f10de012efc7387977806d35128fb179bcac81ed090ccb30ce8b8
features_ventus_v3_4_regression_probe_40x6,results/features_ventus_v3_4_regression_probe_40x6/failure_tail.txt,archive/results/ventus/V3.4/cycle_capacity/features_ventus_v3_4_regression_probe_40x6/failure_tail.txt,11281,30d7d0f6f19a2d46129b5a07b89634020552d45f8f6ef0a9b88efb7cae055fdb
features_ventus_v3_5_capacity,results/features_ventus_v3_5_capacity/attempt_01.csv,archive/results/ventus/V3.5/tensor_capacity/features_ventus_v3_5_capacity/attempt_01.csv,1949,36e4b893bcc3cefe386f27460b8a7a13bbeb4d6be2c638f3d67fc6e9ae5d22ac
features_ventus_v3_5_capacity,results/features_ventus_v3_5_capacity/manifest.json,archive/results/ventus/V3.5/tensor_capacity/features_ventus_v3_5_capacity/manifest.json,1196,2fb850cb650572dc30636a8bbe33ad5e8d00fb2e8a721266c839550e751b4a88
features_ventus_v3_5_capacity,results/features_ventus_v3_5_capacity/pmu/attempt_01/g2s__size_1024.txt,archive/results/ventus/V3.5/tensor_capacity/features_ventus_v3_5_capacity/pmu/attempt_01/g2s__size_1024.txt,25496,c0efa8bf1dc75c4af89dbe536fca1b2c7995bf8f8ee29fd81472e2d5046186d0
features_ventus_v3_5_capacity,results/features_ventus_v3_5_capacity/pmu/attempt_01/g2s__size_128.txt,archive/results/ventus/V3.5/tensor_capacity/features_ventus_v3_5_capacity/pmu/attempt_01/g2s__size_128.txt,25496,c77c6495849b2ee913df61c9cb844036912eaf53c8f9a71ebd302bda674bdff4
features_ventus_v3_5_capacity,results/features_ventus_v3_5_capacity/pmu/attempt_01/g2s__size_16384.txt,archive/results/ventus/V3.5/tensor_capacity/features_ventus_v3_5_capacity/pmu/attempt_01/g2s__size_16384.txt,25496,892b004731d5ba24d2fa69566ced1eec292415f17da60221701c3465bec7c5b7
features_ventus_v3_5_capacity,results/features_ventus_v3_5_capacity/pmu/attempt_01/g2s__size_2048.txt,archive/results/ventus/V3.5/tensor_capacity/features_ventus_v3_5_capacity/pmu/attempt_01/g2s__size_2048.txt,25496,725054d9963bc5c05d567551065c7ae549aa17d3370a2cdb8c7c62e8cf092118
features_ventus_v3_5_capacity,results/features_ventus_v3_5_capacity/pmu/attempt_01/g2s__size_256.txt,archive/results/ventus/V3.5/tensor_capacity/features_ventus_v3_5_capacity/pmu/attempt_01/g2s__size_256.txt,25496,af4513a03c5d7857186f2283d74b0d6641290b83f0351e9d0b82f55cd332678b
features_ventus_v3_5_capacity,results/features_ventus_v3_5_capacity/pmu/attempt_01/g2s__size_32768.txt,archive/results/ventus/V3.5/tensor_capacity/features_ventus_v3_5_capacity/pmu/attempt_01/g2s__size_32768.txt,25496,0e590543122acad8e7b9a17e95cc23fa4bba3b8c3c7a7ba6393aedd72f011284
features_ventus_v3_5_capacity,results/features_ventus_v3_5_capacity/pmu/attempt_01/g2s__size_4096.txt,archive/results/ventus/V3.5/tensor_capacity/features_ventus_v3_5_capacity/pmu/attempt_01/g2s__size_4096.txt,25496,8f5cbb5cd22b2abe508c8ac25ea0f15229145d4929d7982f740e803be86b2bf1
features_ventus_v3_5_capacity,results/features_ventus_v3_5_capacity/pmu/attempt_01/g2s__size_512.txt,archive/results/ventus/V3.5/tensor_capacity/features_ventus_v3_5_capacity/pmu/attempt_01/g2s__size_512.txt,25496,7f4df5ef0ea9fbd1b31f978966c9e258c6733b556cdfaf53bf05edec1fae2653
features_ventus_v3_5_capacity,results/features_ventus_v3_5_capacity/pmu/attempt_01/g2s__size_8192.txt,archive/results/ventus/V3.5/tensor_capacity/features_ventus_v3_5_capacity/pmu/attempt_01/g2s__size_8192.txt,25496,1bf95db53a1c8179ff1996fb78132c8186c342e6a6c99802b0a662a7381cb8c7
features_ventus_v3_5_capacity,results/features_ventus_v3_5_capacity/pmu/attempt_01/roundtrip__size_1024.txt,archive/results/ventus/V3.5/tensor_capacity/features_ventus_v3_5_capacity/pmu/attempt_01/roundtrip__size_1024.txt,25496,868bcfeef23ff8427f9763b89cb8cb3da410dd006b5d4be5c3ffb3408b2f3ba7
features_ventus_v3_5_capacity,results/features_ventus_v3_5_capacity/pmu/attempt_01/roundtrip__size_128.txt,archive/results/ventus/V3.5/tensor_capacity/features_ventus_v3_5_capacity/pmu/attempt_01/roundtrip__size_128.txt,25496,6f31cfac30aa8ac378c208f5767b9bc4e031b5fe8914e20239ce13b78965415d
features_ventus_v3_5_capacity,results/features_ventus_v3_5_capacity/pmu/attempt_01/roundtrip__size_16384.txt,archive/results/ventus/V3.5/tensor_capacity/features_ventus_v3_5_capacity/pmu/attempt_01/roundtrip__size_16384.txt,25496,baa057378377922fdbe891ca40168178e6b02a27d71859d2b59bf9f60edbad34
features_ventus_v3_5_capacity,results/features_ventus_v3_5_capacity/pmu/attempt_01/roundtrip__size_2048.txt,archive/results/ventus/V3.5/tensor_capacity/features_ventus_v3_5_capacity/pmu/attempt_01/roundtrip__size_2048.txt,25496,56cf0e2c28f1738e8934a82f631fd378969ebda5c05b4729c7299446daf53c21
features_ventus_v3_5_capacity,results/features_ventus_v3_5_capacity/pmu/attempt_01/roundtrip__size_256.txt,archive/results/ventus/V3.5/tensor_capacity/features_ventus_v3_5_capacity/pmu/attempt_01/roundtrip__size_256.txt,25496,fbfa534f730fd0f0481c0b07b486f5fa5619de957c8ba9c1f11e94c9c94e6d54
features_ventus_v3_5_capacity,results/features_ventus_v3_5_capacity/pmu/attempt_01/roundtrip__size_32768.txt,archive/results/ventus/V3.5/tensor_capacity/features_ventus_v3_5_capacity/pmu/attempt_01/roundtrip__size_32768.txt,25496,c5cf877295a5ea6765719498ee18df9b821df2f97f5dbf54d58052013fb79527
features_ventus_v3_5_capacity,results/features_ventus_v3_5_capacity/pmu/attempt_01/roundtrip__size_4096.txt,archive/results/ventus/V3.5/tensor_capacity/features_ventus_v3_5_capacity/pmu/attempt_01/roundtrip__size_4096.txt,25496,2d11331f14a47bcb6e7186e5bb2f087bfd39236effc1b92aea20791448c31587
features_ventus_v3_5_capacity,results/features_ventus_v3_5_capacity/pmu/attempt_01/roundtrip__size_512.txt,archive/results/ventus/V3.5/tensor_capacity/features_ventus_v3_5_capacity/pmu/attempt_01/roundtrip__size_512.txt,25496,8bfb25364bddc04327b587e2aca4bc419ba0a6edf274b479176b28469ab1d46a
features_ventus_v3_5_capacity,results/features_ventus_v3_5_capacity/pmu/attempt_01/roundtrip__size_8192.txt,archive/results/ventus/V3.5/tensor_capacity/features_ventus_v3_5_capacity/pmu/attempt_01/roundtrip__size_8192.txt,25496,d1c5f05a550c8ac33c2f4016b74c158af523a7a3e1414bad9905b5763bcdc0be
features_ventus_v3_5_capacity,results/features_ventus_v3_5_capacity/pmu/attempt_01/s2g__size_1024.txt,archive/results/ventus/V3.5/tensor_capacity/features_ventus_v3_5_capacity/pmu/attempt_01/s2g__size_1024.txt,25496,bf3630c5372527449914a4520976d6edf65de6bd14e4b93c36640a7f774335e7
features_ventus_v3_5_capacity,results/features_ventus_v3_5_capacity/pmu/attempt_01/s2g__size_128.txt,archive/results/ventus/V3.5/tensor_capacity/features_ventus_v3_5_capacity/pmu/attempt_01/s2g__size_128.txt,25496,85499549f488a49d6908e153876a5f450b55123a0d491253a317e19495be5ee5
features_ventus_v3_5_capacity,results/features_ventus_v3_5_capacity/pmu/attempt_01/s2g__size_16384.txt,archive/results/ventus/V3.5/tensor_capacity/features_ventus_v3_5_capacity/pmu/attempt_01/s2g__size_16384.txt,25496,040550e4edcc1d20bfdaaf2de2dc9b4d4089baa9e0ecf76b66b30147983883e1
features_ventus_v3_5_capacity,results/features_ventus_v3_5_capacity/pmu/attempt_01/s2g__size_2048.txt,archive/results/ventus/V3.5/tensor_capacity/features_ventus_v3_5_capacity/pmu/attempt_01/s2g__size_2048.txt,25496,45c52429c253647d5ea898d23bfb1eafe36cdca78891b3b079433ff387d1b637
features_ventus_v3_5_capacity,results/features_ventus_v3_5_capacity/pmu/attempt_01/s2g__size_256.txt,archive/results/ventus/V3.5/tensor_capacity/features_ventus_v3_5_capacity/pmu/attempt_01/s2g__size_256.txt,25496,d3ea994c0a349a76ccb905ecf32fc47c0efa58cf4e43a28790ccae3e4c7635d8
features_ventus_v3_5_capacity,results/features_ventus_v3_5_capacity/pmu/attempt_01/s2g__size_32768.txt,archive/results/ventus/V3.5/tensor_capacity/features_ventus_v3_5_capacity/pmu/attempt_01/s2g__size_32768.txt,25496,f59359715cb4c004ab9c980e5d9bcb6375b580f538cbaa336c29efbb19d36b85
features_ventus_v3_5_capacity,results/features_ventus_v3_5_capacity/pmu/attempt_01/s2g__size_4096.txt,archive/results/ventus/V3.5/tensor_capacity/features_ventus_v3_5_capacity/pmu/attempt_01/s2g__size_4096.txt,25496,7e4ebfd103602a3f15c6102fd8409988cf9d586a1ab30ce31fe83c18ff6242ed
features_ventus_v3_5_capacity,results/features_ventus_v3_5_capacity/pmu/attempt_01/s2g__size_512.txt,archive/results/ventus/V3.5/tensor_capacity/features_ventus_v3_5_capacity/pmu/attempt_01/s2g__size_512.txt,25496,7086c0e3db7c8bd36f18750b8d7a424b4c2d2965e4fff7f41d9fe53f5af660da
features_ventus_v3_5_capacity,results/features_ventus_v3_5_capacity/pmu/attempt_01/s2g__size_8192.txt,archive/results/ventus/V3.5/tensor_capacity/features_ventus_v3_5_capacity/pmu/attempt_01/s2g__size_8192.txt,25496,1f02c17726586396c588707f7dcbc672af65f32310f8ac86a58a45fd383b551d
features_ventus_v3_5_capacity_final,results/features_ventus_v3_5_capacity_final/attempt_01.csv,data/ventus/V3.5/single_instruction/tensor_capacity/all_directions/legacy--features_ventus_v3_5_capacity_final/attempt_01.csv,1949,e07a550d030faa7ae3b8d0fa9c7bf100ec5f8f111e8d71951905d169fe557ef4
features_ventus_v3_5_capacity_final,results/features_ventus_v3_5_capacity_final/manifest.json,data/ventus/V3.5/single_instruction/tensor_capacity/all_directions/legacy--features_ventus_v3_5_capacity_final/manifest.json,1196,60c0228d6f2835abd6d5c14e68278b3f5ffddeede2f8a61dd09e0db8500ae2dd
features_ventus_v3_5_capacity_final,results/features_ventus_v3_5_capacity_final/pmu/attempt_01/g2s__size_1024.txt,data/ventus/V3.5/single_instruction/tensor_capacity/all_directions/legacy--features_ventus_v3_5_capacity_final/pmu/attempt_01/g2s__size_1024.txt,25496,480a331c749e9c80fe2a96f29a3b0061b8e2c4f683dc9e44b2810bbc6a321515
features_ventus_v3_5_capacity_final,results/features_ventus_v3_5_capacity_final/pmu/attempt_01/g2s__size_128.txt,data/ventus/V3.5/single_instruction/tensor_capacity/all_directions/legacy--features_ventus_v3_5_capacity_final/pmu/attempt_01/g2s__size_128.txt,25496,de554d4e323160c5e89ba4317a8ab77327a7a60560809fb952294ed57c9864a1
features_ventus_v3_5_capacity_final,results/features_ventus_v3_5_capacity_final/pmu/attempt_01/g2s__size_16384.txt,data/ventus/V3.5/single_instruction/tensor_capacity/all_directions/legacy--features_ventus_v3_5_capacity_final/pmu/attempt_01/g2s__size_16384.txt,25496,28336b5486ba81f384a0281eedaa1acfdf870b20927b5c19985b08c48113e6b3
features_ventus_v3_5_capacity_final,results/features_ventus_v3_5_capacity_final/pmu/attempt_01/g2s__size_2048.txt,data/ventus/V3.5/single_instruction/tensor_capacity/all_directions/legacy--features_ventus_v3_5_capacity_final/pmu/attempt_01/g2s__size_2048.txt,25496,50bbc4134860b40f78e0f598c62a49bf0b4d668fdc982dc2cc22f0e2b65faae4
features_ventus_v3_5_capacity_final,results/features_ventus_v3_5_capacity_final/pmu/attempt_01/g2s__size_256.txt,data/ventus/V3.5/single_instruction/tensor_capacity/all_directions/legacy--features_ventus_v3_5_capacity_final/pmu/attempt_01/g2s__size_256.txt,25496,42ad2433992f4545738591230c973996d13802bbec14af0747f9aff48b7b5613
features_ventus_v3_5_capacity_final,results/features_ventus_v3_5_capacity_final/pmu/attempt_01/g2s__size_32768.txt,data/ventus/V3.5/single_instruction/tensor_capacity/all_directions/legacy--features_ventus_v3_5_capacity_final/pmu/attempt_01/g2s__size_32768.txt,25496,68f441161180ced1026c4c1db17e0c36fbf13b1035c8d7087ce67c1e4f32e52c
features_ventus_v3_5_capacity_final,results/features_ventus_v3_5_capacity_final/pmu/attempt_01/g2s__size_4096.txt,data/ventus/V3.5/single_instruction/tensor_capacity/all_directions/legacy--features_ventus_v3_5_capacity_final/pmu/attempt_01/g2s__size_4096.txt,25496,4750b39fd58e350b0b327dd47237f32a4d11e59533976f8d36a555d287e592ce
features_ventus_v3_5_capacity_final,results/features_ventus_v3_5_capacity_final/pmu/attempt_01/g2s__size_512.txt,data/ventus/V3.5/single_instruction/tensor_capacity/all_directions/legacy--features_ventus_v3_5_capacity_final/pmu/attempt_01/g2s__size_512.txt,25496,be7341b489cb083095732b0d030effa6ac1c9b0ca53a15896cd9263f88c634c0
features_ventus_v3_5_capacity_final,results/features_ventus_v3_5_capacity_final/pmu/attempt_01/g2s__size_8192.txt,data/ventus/V3.5/single_instruction/tensor_capacity/all_directions/legacy--features_ventus_v3_5_capacity_final/pmu/attempt_01/g2s__size_8192.txt,25496,4e9938ba24eb273592491d61a738cd47fd21c1d3b776da3c13dcdf1447bae1f6
features_ventus_v3_5_capacity_final,results/features_ventus_v3_5_capacity_final/pmu/attempt_01/roundtrip__size_1024.txt,data/ventus/V3.5/single_instruction/tensor_capacity/all_directions/legacy--features_ventus_v3_5_capacity_final/pmu/attempt_01/roundtrip__size_1024.txt,25496,2c4e14acb974634ff5467ef94a17394761a203e5832a392aafe2b3aa5b49a140
features_ventus_v3_5_capacity_final,results/features_ventus_v3_5_capacity_final/pmu/attempt_01/roundtrip__size_128.txt,data/ventus/V3.5/single_instruction/tensor_capacity/all_directions/legacy--features_ventus_v3_5_capacity_final/pmu/attempt_01/roundtrip__size_128.txt,25496,3215da6acfa925b2ef1d8b7f3d319f9b2bd440cd16b673d71761cc7a57bd68be
features_ventus_v3_5_capacity_final,results/features_ventus_v3_5_capacity_final/pmu/attempt_01/roundtrip__size_16384.txt,data/ventus/V3.5/single_instruction/tensor_capacity/all_directions/legacy--features_ventus_v3_5_capacity_final/pmu/attempt_01/roundtrip__size_16384.txt,25496,dd04620f625420d375425e4dacb1a5043ce01c141c11473fadec07565a90358f
features_ventus_v3_5_capacity_final,results/features_ventus_v3_5_capacity_final/pmu/attempt_01/roundtrip__size_2048.txt,data/ventus/V3.5/single_instruction/tensor_capacity/all_directions/legacy--features_ventus_v3_5_capacity_final/pmu/attempt_01/roundtrip__size_2048.txt,25496,ef78f93b9a117102f117716870e16331d441f5d8aea675a9af55bd20e2158eee
features_ventus_v3_5_capacity_final,results/features_ventus_v3_5_capacity_final/pmu/attempt_01/roundtrip__size_256.txt,data/ventus/V3.5/single_instruction/tensor_capacity/all_directions/legacy--features_ventus_v3_5_capacity_final/pmu/attempt_01/roundtrip__size_256.txt,25496,71487225958c3c3b4b80958e53971069ade30196b74f1dac723b99013a614208
features_ventus_v3_5_capacity_final,results/features_ventus_v3_5_capacity_final/pmu/attempt_01/roundtrip__size_32768.txt,data/ventus/V3.5/single_instruction/tensor_capacity/all_directions/legacy--features_ventus_v3_5_capacity_final/pmu/attempt_01/roundtrip__size_32768.txt,25496,e6dc18d27366d999db85983faac1910ea5dd4ae017db0f20ac430a5558d37a0a
features_ventus_v3_5_capacity_final,results/features_ventus_v3_5_capacity_final/pmu/attempt_01/roundtrip__size_4096.txt,data/ventus/V3.5/single_instruction/tensor_capacity/all_directions/legacy--features_ventus_v3_5_capacity_final/pmu/attempt_01/roundtrip__size_4096.txt,25496,4d3562a013e2956664c685d8cdfbf1180faa36fcbcb4b41717b2998afe79a38b
features_ventus_v3_5_capacity_final,results/features_ventus_v3_5_capacity_final/pmu/attempt_01/roundtrip__size_512.txt,data/ventus/V3.5/single_instruction/tensor_capacity/all_directions/legacy--features_ventus_v3_5_capacity_final/pmu/attempt_01/roundtrip__size_512.txt,25496,b0078eb5681e29f28075f7863566442cbd29bf34f3547387e9bc70f0cc37b568
features_ventus_v3_5_capacity_final,results/features_ventus_v3_5_capacity_final/pmu/attempt_01/roundtrip__size_8192.txt,data/ventus/V3.5/single_instruction/tensor_capacity/all_directions/legacy--features_ventus_v3_5_capacity_final/pmu/attempt_01/roundtrip__size_8192.txt,25496,a62f0fd9b29a8dde70d7cc7c52dfc4221fd37872edeac791e33ab1a4778329e6
features_ventus_v3_5_capacity_final,results/features_ventus_v3_5_capacity_final/pmu/attempt_01/s2g__size_1024.txt,data/ventus/V3.5/single_instruction/tensor_capacity/all_directions/legacy--features_ventus_v3_5_capacity_final/pmu/attempt_01/s2g__size_1024.txt,25496,bf3630c5372527449914a4520976d6edf65de6bd14e4b93c36640a7f774335e7
features_ventus_v3_5_capacity_final,results/features_ventus_v3_5_capacity_final/pmu/attempt_01/s2g__size_128.txt,data/ventus/V3.5/single_instruction/tensor_capacity/all_directions/legacy--features_ventus_v3_5_capacity_final/pmu/attempt_01/s2g__size_128.txt,25496,85499549f488a49d6908e153876a5f450b55123a0d491253a317e19495be5ee5
features_ventus_v3_5_capacity_final,results/features_ventus_v3_5_capacity_final/pmu/attempt_01/s2g__size_16384.txt,data/ventus/V3.5/single_instruction/tensor_capacity/all_directions/legacy--features_ventus_v3_5_capacity_final/pmu/attempt_01/s2g__size_16384.txt,25496,040550e4edcc1d20bfdaaf2de2dc9b4d4089baa9e0ecf76b66b30147983883e1
features_ventus_v3_5_capacity_final,results/features_ventus_v3_5_capacity_final/pmu/attempt_01/s2g__size_2048.txt,data/ventus/V3.5/single_instruction/tensor_capacity/all_directions/legacy--features_ventus_v3_5_capacity_final/pmu/attempt_01/s2g__size_2048.txt,25496,45c52429c253647d5ea898d23bfb1eafe36cdca78891b3b079433ff387d1b637
features_ventus_v3_5_capacity_final,results/features_ventus_v3_5_capacity_final/pmu/attempt_01/s2g__size_256.txt,data/ventus/V3.5/single_instruction/tensor_capacity/all_directions/legacy--features_ventus_v3_5_capacity_final/pmu/attempt_01/s2g__size_256.txt,25496,d3ea994c0a349a76ccb905ecf32fc47c0efa58cf4e43a28790ccae3e4c7635d8
features_ventus_v3_5_capacity_final,results/features_ventus_v3_5_capacity_final/pmu/attempt_01/s2g__size_32768.txt,data/ventus/V3.5/single_instruction/tensor_capacity/all_directions/legacy--features_ventus_v3_5_capacity_final/pmu/attempt_01/s2g__size_32768.txt,25496,f59359715cb4c004ab9c980e5d9bcb6375b580f538cbaa336c29efbb19d36b85
features_ventus_v3_5_capacity_final,results/features_ventus_v3_5_capacity_final/pmu/attempt_01/s2g__size_4096.txt,data/ventus/V3.5/single_instruction/tensor_capacity/all_directions/legacy--features_ventus_v3_5_capacity_final/pmu/attempt_01/s2g__size_4096.txt,25496,7e4ebfd103602a3f15c6102fd8409988cf9d586a1ab30ce31fe83c18ff6242ed
features_ventus_v3_5_capacity_final,results/features_ventus_v3_5_capacity_final/pmu/attempt_01/s2g__size_512.txt,data/ventus/V3.5/single_instruction/tensor_capacity/all_directions/legacy--features_ventus_v3_5_capacity_final/pmu/attempt_01/s2g__size_512.txt,25496,7086c0e3db7c8bd36f18750b8d7a424b4c2d2965e4fff7f41d9fe53f5af660da
features_ventus_v3_5_capacity_final,results/features_ventus_v3_5_capacity_final/pmu/attempt_01/s2g__size_8192.txt,data/ventus/V3.5/single_instruction/tensor_capacity/all_directions/legacy--features_ventus_v3_5_capacity_final/pmu/attempt_01/s2g__size_8192.txt,25496,1f02c17726586396c588707f7dcbc672af65f32310f8ac86a58a45fd383b551d
features_ventus_v3_5_capacity_release,results/features_ventus_v3_5_capacity_release/attempt_01.csv,archive/results/ventus/V3.5/tensor_capacity/features_ventus_v3_5_capacity_release/attempt_01.csv,1949,e07a550d030faa7ae3b8d0fa9c7bf100ec5f8f111e8d71951905d169fe557ef4
features_ventus_v3_5_capacity_release,results/features_ventus_v3_5_capacity_release/manifest.json,archive/results/ventus/V3.5/tensor_capacity/features_ventus_v3_5_capacity_release/manifest.json,1197,8fd7fd0a7d602f2d618c8af7a8b4153fed7b1e78e352ce9f74656d562f2c3a0d
features_ventus_v3_5_capacity_release,results/features_ventus_v3_5_capacity_release/pmu/attempt_01/g2s__size_1024.txt,archive/results/ventus/V3.5/tensor_capacity/features_ventus_v3_5_capacity_release/pmu/attempt_01/g2s__size_1024.txt,25496,480a331c749e9c80fe2a96f29a3b0061b8e2c4f683dc9e44b2810bbc6a321515
features_ventus_v3_5_capacity_release,results/features_ventus_v3_5_capacity_release/pmu/attempt_01/g2s__size_128.txt,archive/results/ventus/V3.5/tensor_capacity/features_ventus_v3_5_capacity_release/pmu/attempt_01/g2s__size_128.txt,25496,de554d4e323160c5e89ba4317a8ab77327a7a60560809fb952294ed57c9864a1
features_ventus_v3_5_capacity_release,results/features_ventus_v3_5_capacity_release/pmu/attempt_01/g2s__size_16384.txt,archive/results/ventus/V3.5/tensor_capacity/features_ventus_v3_5_capacity_release/pmu/attempt_01/g2s__size_16384.txt,25496,28336b5486ba81f384a0281eedaa1acfdf870b20927b5c19985b08c48113e6b3
features_ventus_v3_5_capacity_release,results/features_ventus_v3_5_capacity_release/pmu/attempt_01/g2s__size_2048.txt,archive/results/ventus/V3.5/tensor_capacity/features_ventus_v3_5_capacity_release/pmu/attempt_01/g2s__size_2048.txt,25496,50bbc4134860b40f78e0f598c62a49bf0b4d668fdc982dc2cc22f0e2b65faae4
features_ventus_v3_5_capacity_release,results/features_ventus_v3_5_capacity_release/pmu/attempt_01/g2s__size_256.txt,archive/results/ventus/V3.5/tensor_capacity/features_ventus_v3_5_capacity_release/pmu/attempt_01/g2s__size_256.txt,25496,42ad2433992f4545738591230c973996d13802bbec14af0747f9aff48b7b5613
features_ventus_v3_5_capacity_release,results/features_ventus_v3_5_capacity_release/pmu/attempt_01/g2s__size_32768.txt,archive/results/ventus/V3.5/tensor_capacity/features_ventus_v3_5_capacity_release/pmu/attempt_01/g2s__size_32768.txt,25496,68f441161180ced1026c4c1db17e0c36fbf13b1035c8d7087ce67c1e4f32e52c
features_ventus_v3_5_capacity_release,results/features_ventus_v3_5_capacity_release/pmu/attempt_01/g2s__size_4096.txt,archive/results/ventus/V3.5/tensor_capacity/features_ventus_v3_5_capacity_release/pmu/attempt_01/g2s__size_4096.txt,25496,4750b39fd58e350b0b327dd47237f32a4d11e59533976f8d36a555d287e592ce
features_ventus_v3_5_capacity_release,results/features_ventus_v3_5_capacity_release/pmu/attempt_01/g2s__size_512.txt,archive/results/ventus/V3.5/tensor_capacity/features_ventus_v3_5_capacity_release/pmu/attempt_01/g2s__size_512.txt,25496,be7341b489cb083095732b0d030effa6ac1c9b0ca53a15896cd9263f88c634c0
features_ventus_v3_5_capacity_release,results/features_ventus_v3_5_capacity_release/pmu/attempt_01/g2s__size_8192.txt,archive/results/ventus/V3.5/tensor_capacity/features_ventus_v3_5_capacity_release/pmu/attempt_01/g2s__size_8192.txt,25496,4e9938ba24eb273592491d61a738cd47fd21c1d3b776da3c13dcdf1447bae1f6
features_ventus_v3_5_capacity_release,results/features_ventus_v3_5_capacity_release/pmu/attempt_01/roundtrip__size_1024.txt,archive/results/ventus/V3.5/tensor_capacity/features_ventus_v3_5_capacity_release/pmu/attempt_01/roundtrip__size_1024.txt,25496,2c4e14acb974634ff5467ef94a17394761a203e5832a392aafe2b3aa5b49a140
features_ventus_v3_5_capacity_release,results/features_ventus_v3_5_capacity_release/pmu/attempt_01/roundtrip__size_128.txt,archive/results/ventus/V3.5/tensor_capacity/features_ventus_v3_5_capacity_release/pmu/attempt_01/roundtrip__size_128.txt,25496,3215da6acfa925b2ef1d8b7f3d319f9b2bd440cd16b673d71761cc7a57bd68be
features_ventus_v3_5_capacity_release,results/features_ventus_v3_5_capacity_release/pmu/attempt_01/roundtrip__size_16384.txt,archive/results/ventus/V3.5/tensor_capacity/features_ventus_v3_5_capacity_release/pmu/attempt_01/roundtrip__size_16384.txt,25496,dd04620f625420d375425e4dacb1a5043ce01c141c11473fadec07565a90358f
features_ventus_v3_5_capacity_release,results/features_ventus_v3_5_capacity_release/pmu/attempt_01/roundtrip__size_2048.txt,archive/results/ventus/V3.5/tensor_capacity/features_ventus_v3_5_capacity_release/pmu/attempt_01/roundtrip__size_2048.txt,25496,ef78f93b9a117102f117716870e16331d441f5d8aea675a9af55bd20e2158eee
features_ventus_v3_5_capacity_release,results/features_ventus_v3_5_capacity_release/pmu/attempt_01/roundtrip__size_256.txt,archive/results/ventus/V3.5/tensor_capacity/features_ventus_v3_5_capacity_release/pmu/attempt_01/roundtrip__size_256.txt,25496,71487225958c3c3b4b80958e53971069ade30196b74f1dac723b99013a614208
features_ventus_v3_5_capacity_release,results/features_ventus_v3_5_capacity_release/pmu/attempt_01/roundtrip__size_32768.txt,archive/results/ventus/V3.5/tensor_capacity/features_ventus_v3_5_capacity_release/pmu/attempt_01/roundtrip__size_32768.txt,25496,e6dc18d27366d999db85983faac1910ea5dd4ae017db0f20ac430a5558d37a0a
features_ventus_v3_5_capacity_release,results/features_ventus_v3_5_capacity_release/pmu/attempt_01/roundtrip__size_4096.txt,archive/results/ventus/V3.5/tensor_capacity/features_ventus_v3_5_capacity_release/pmu/attempt_01/roundtrip__size_4096.txt,25496,4d3562a013e2956664c685d8cdfbf1180faa36fcbcb4b41717b2998afe79a38b
features_ventus_v3_5_capacity_release,results/features_ventus_v3_5_capacity_release/pmu/attempt_01/roundtrip__size_512.txt,archive/results/ventus/V3.5/tensor_capacity/features_ventus_v3_5_capacity_release/pmu/attempt_01/roundtrip__size_512.txt,25496,b0078eb5681e29f28075f7863566442cbd29bf34f3547387e9bc70f0cc37b568
features_ventus_v3_5_capacity_release,results/features_ventus_v3_5_capacity_release/pmu/attempt_01/roundtrip__size_8192.txt,archive/results/ventus/V3.5/tensor_capacity/features_ventus_v3_5_capacity_release/pmu/attempt_01/roundtrip__size_8192.txt,25496,a62f0fd9b29a8dde70d7cc7c52dfc4221fd37872edeac791e33ab1a4778329e6
features_ventus_v3_5_capacity_release,results/features_ventus_v3_5_capacity_release/pmu/attempt_01/s2g__size_1024.txt,archive/results/ventus/V3.5/tensor_capacity/features_ventus_v3_5_capacity_release/pmu/attempt_01/s2g__size_1024.txt,25496,bf3630c5372527449914a4520976d6edf65de6bd14e4b93c36640a7f774335e7
features_ventus_v3_5_capacity_release,results/features_ventus_v3_5_capacity_release/pmu/attempt_01/s2g__size_128.txt,archive/results/ventus/V3.5/tensor_capacity/features_ventus_v3_5_capacity_release/pmu/attempt_01/s2g__size_128.txt,25496,85499549f488a49d6908e153876a5f450b55123a0d491253a317e19495be5ee5
features_ventus_v3_5_capacity_release,results/features_ventus_v3_5_capacity_release/pmu/attempt_01/s2g__size_16384.txt,archive/results/ventus/V3.5/tensor_capacity/features_ventus_v3_5_capacity_release/pmu/attempt_01/s2g__size_16384.txt,25496,040550e4edcc1d20bfdaaf2de2dc9b4d4089baa9e0ecf76b66b30147983883e1
features_ventus_v3_5_capacity_release,results/features_ventus_v3_5_capacity_release/pmu/attempt_01/s2g__size_2048.txt,archive/results/ventus/V3.5/tensor_capacity/features_ventus_v3_5_capacity_release/pmu/attempt_01/s2g__size_2048.txt,25496,45c52429c253647d5ea898d23bfb1eafe36cdca78891b3b079433ff387d1b637
features_ventus_v3_5_capacity_release,results/features_ventus_v3_5_capacity_release/pmu/attempt_01/s2g__size_256.txt,archive/results/ventus/V3.5/tensor_capacity/features_ventus_v3_5_capacity_release/pmu/attempt_01/s2g__size_256.txt,25496,d3ea994c0a349a76ccb905ecf32fc47c0efa58cf4e43a28790ccae3e4c7635d8
features_ventus_v3_5_capacity_release,results/features_ventus_v3_5_capacity_release/pmu/attempt_01/s2g__size_32768.txt,archive/results/ventus/V3.5/tensor_capacity/features_ventus_v3_5_capacity_release/pmu/attempt_01/s2g__size_32768.txt,25496,f59359715cb4c004ab9c980e5d9bcb6375b580f538cbaa336c29efbb19d36b85
features_ventus_v3_5_capacity_release,results/features_ventus_v3_5_capacity_release/pmu/attempt_01/s2g__size_4096.txt,archive/results/ventus/V3.5/tensor_capacity/features_ventus_v3_5_capacity_release/pmu/attempt_01/s2g__size_4096.txt,25496,7e4ebfd103602a3f15c6102fd8409988cf9d586a1ab30ce31fe83c18ff6242ed
features_ventus_v3_5_capacity_release,results/features_ventus_v3_5_capacity_release/pmu/attempt_01/s2g__size_512.txt,archive/results/ventus/V3.5/tensor_capacity/features_ventus_v3_5_capacity_release/pmu/attempt_01/s2g__size_512.txt,25496,7086c0e3db7c8bd36f18750b8d7a424b4c2d2965e4fff7f41d9fe53f5af660da
features_ventus_v3_5_capacity_release,results/features_ventus_v3_5_capacity_release/pmu/attempt_01/s2g__size_8192.txt,archive/results/ventus/V3.5/tensor_capacity/features_ventus_v3_5_capacity_release/pmu/attempt_01/s2g__size_8192.txt,25496,1f02c17726586396c588707f7dcbc672af65f32310f8ac86a58a45fd383b551d
features_ventus_v3_5_descriptor,results/features_ventus_v3_5_descriptor/attempt_01.csv,data/ventus/V3.5/single_instruction/descriptor_features/all_directions/legacy--features_ventus_v3_5_descriptor/attempt_01.csv,2228,4508a25a5e2d534f7f03befeca40e738861deabbbdfa6a5202877713761cfadf
features_ventus_v3_5_descriptor,results/features_ventus_v3_5_descriptor/manifest.json,data/ventus/V3.5/single_instruction/descriptor_features/all_directions/legacy--features_ventus_v3_5_descriptor/manifest.json,1340,933570912f6dfb866202e67a97bead1aea065f892c60b3db53f0e0e0569a7c76
features_ventus_v3_5_descriptor,results/features_ventus_v3_5_descriptor/pmu/attempt_01/g2s__oob_100.txt,data/ventus/V3.5/single_instruction/descriptor_features/all_directions/legacy--features_ventus_v3_5_descriptor/pmu/attempt_01/g2s__oob_100.txt,25496,5ab2a876725d83a4cf7d8019491bdb240e1037188497baca1603c58db820a4e8
features_ventus_v3_5_descriptor,results/features_ventus_v3_5_descriptor/pmu/attempt_01/g2s__oob_25.txt,data/ventus/V3.5/single_instruction/descriptor_features/all_directions/legacy--features_ventus_v3_5_descriptor/pmu/attempt_01/g2s__oob_25.txt,25496,3e25294e7e6e586989f7f5fe064c90bc5f87e099c54f782bb5a21ed32693be13
features_ventus_v3_5_descriptor,results/features_ventus_v3_5_descriptor/pmu/attempt_01/g2s__oob_50.txt,data/ventus/V3.5/single_instruction/descriptor_features/all_directions/legacy--features_ventus_v3_5_descriptor/pmu/attempt_01/g2s__oob_50.txt,25496,3e25294e7e6e586989f7f5fe064c90bc5f87e099c54f782bb5a21ed32693be13
features_ventus_v3_5_descriptor,results/features_ventus_v3_5_descriptor/pmu/attempt_01/g2s__rank1_contiguous.txt,data/ventus/V3.5/single_instruction/descriptor_features/all_directions/legacy--features_ventus_v3_5_descriptor/pmu/attempt_01/g2s__rank1_contiguous.txt,25496,b693205f46533dd6e70ddfac9b7a59e60c34b93fc80da617887045a2d45dd4ff
features_ventus_v3_5_descriptor,results/features_ventus_v3_5_descriptor/pmu/attempt_01/g2s__rank2_contiguous.txt,data/ventus/V3.5/single_instruction/descriptor_features/all_directions/legacy--features_ventus_v3_5_descriptor/pmu/attempt_01/g2s__rank2_contiguous.txt,25496,4750b39fd58e350b0b327dd47237f32a4d11e59533976f8d36a555d287e592ce
features_ventus_v3_5_descriptor,results/features_ventus_v3_5_descriptor/pmu/attempt_01/g2s__rank2_row_stride2.txt,data/ventus/V3.5/single_instruction/descriptor_features/all_directions/legacy--features_ventus_v3_5_descriptor/pmu/attempt_01/g2s__rank2_row_stride2.txt,25496,4750b39fd58e350b0b327dd47237f32a4d11e59533976f8d36a555d287e592ce
features_ventus_v3_5_descriptor,results/features_ventus_v3_5_descriptor/pmu/attempt_01/g2s__rank3_contiguous.txt,data/ventus/V3.5/single_instruction/descriptor_features/all_directions/legacy--features_ventus_v3_5_descriptor/pmu/attempt_01/g2s__rank3_contiguous.txt,25496,475c72a87dd88fc17a6722c20d64d96b04d10377d4deac200889ad05ced0c51d
features_ventus_v3_5_descriptor,results/features_ventus_v3_5_descriptor/pmu/attempt_01/g2s__rank4_contiguous.txt,data/ventus/V3.5/single_instruction/descriptor_features/all_directions/legacy--features_ventus_v3_5_descriptor/pmu/attempt_01/g2s__rank4_contiguous.txt,25496,73334138fbe2862299b7ae180efd19a149d67b418dede52560e9388ee03cbaca
features_ventus_v3_5_descriptor,results/features_ventus_v3_5_descriptor/pmu/attempt_01/g2s__rank5_contiguous.txt,data/ventus/V3.5/single_instruction/descriptor_features/all_directions/legacy--features_ventus_v3_5_descriptor/pmu/attempt_01/g2s__rank5_contiguous.txt,25496,9e57ded0b69f4afe5ec960f3a9c17992deb5f299fbb0c806d13f22a709daaf70
features_ventus_v3_5_descriptor,results/features_ventus_v3_5_descriptor/pmu/attempt_01/g2s__tile_16x16.txt,data/ventus/V3.5/single_instruction/descriptor_features/all_directions/legacy--features_ventus_v3_5_descriptor/pmu/attempt_01/g2s__tile_16x16.txt,25496,480a331c749e9c80fe2a96f29a3b0061b8e2c4f683dc9e44b2810bbc6a321515
features_ventus_v3_5_descriptor,results/features_ventus_v3_5_descriptor/pmu/attempt_01/g2s__tile_32x16.txt,data/ventus/V3.5/single_instruction/descriptor_features/all_directions/legacy--features_ventus_v3_5_descriptor/pmu/attempt_01/g2s__tile_32x16.txt,25496,50bbc4134860b40f78e0f598c62a49bf0b4d668fdc982dc2cc22f0e2b65faae4
features_ventus_v3_5_descriptor,results/features_ventus_v3_5_descriptor/pmu/attempt_01/g2s__tile_32x32.txt,data/ventus/V3.5/single_instruction/descriptor_features/all_directions/legacy--features_ventus_v3_5_descriptor/pmu/attempt_01/g2s__tile_32x32.txt,25496,4750b39fd58e350b0b327dd47237f32a4d11e59533976f8d36a555d287e592ce
features_ventus_v3_5_descriptor,results/features_ventus_v3_5_descriptor/pmu/attempt_01/g2s__tile_64x32.txt,data/ventus/V3.5/single_instruction/descriptor_features/all_directions/legacy--features_ventus_v3_5_descriptor/pmu/attempt_01/g2s__tile_64x32.txt,25496,4e9938ba24eb273592491d61a738cd47fd21c1d3b776da3c13dcdf1447bae1f6
features_ventus_v3_5_descriptor,results/features_ventus_v3_5_descriptor/pmu/attempt_01/g2s__tile_64x64.txt,data/ventus/V3.5/single_instruction/descriptor_features/all_directions/legacy--features_ventus_v3_5_descriptor/pmu/attempt_01/g2s__tile_64x64.txt,25496,28336b5486ba81f384a0281eedaa1acfdf870b20927b5c19985b08c48113e6b3
features_ventus_v3_5_descriptor,results/features_ventus_v3_5_descriptor/pmu/attempt_01/roundtrip__interleave16.txt,data/ventus/V3.5/single_instruction/descriptor_features/all_directions/legacy--features_ventus_v3_5_descriptor/pmu/attempt_01/roundtrip__interleave16.txt,25496,a73d44081c042482eee0dfe72c98038fe482c79a57206691e20133c9116db0c6
features_ventus_v3_5_descriptor,results/features_ventus_v3_5_descriptor/pmu/attempt_01/roundtrip__interleave16_u16.txt,data/ventus/V3.5/single_instruction/descriptor_features/all_directions/legacy--features_ventus_v3_5_descriptor/pmu/attempt_01/roundtrip__interleave16_u16.txt,25496,a73d44081c042482eee0dfe72c98038fe482c79a57206691e20133c9116db0c6
features_ventus_v3_5_descriptor,results/features_ventus_v3_5_descriptor/pmu/attempt_01/roundtrip__interleave32.txt,data/ventus/V3.5/single_instruction/descriptor_features/all_directions/legacy--features_ventus_v3_5_descriptor/pmu/attempt_01/roundtrip__interleave32.txt,25496,a73d44081c042482eee0dfe72c98038fe482c79a57206691e20133c9116db0c6
features_ventus_v3_5_descriptor,results/features_ventus_v3_5_descriptor/pmu/attempt_01/roundtrip__swizzle128.txt,data/ventus/V3.5/single_instruction/descriptor_features/all_directions/legacy--features_ventus_v3_5_descriptor/pmu/attempt_01/roundtrip__swizzle128.txt,25496,4d3562a013e2956664c685d8cdfbf1180faa36fcbcb4b41717b2998afe79a38b
features_ventus_v3_5_descriptor,results/features_ventus_v3_5_descriptor/pmu/attempt_01/roundtrip__swizzle32.txt,data/ventus/V3.5/single_instruction/descriptor_features/all_directions/legacy--features_ventus_v3_5_descriptor/pmu/attempt_01/roundtrip__swizzle32.txt,25496,4d3562a013e2956664c685d8cdfbf1180faa36fcbcb4b41717b2998afe79a38b
features_ventus_v3_5_descriptor,results/features_ventus_v3_5_descriptor/pmu/attempt_01/roundtrip__swizzle64.txt,data/ventus/V3.5/single_instruction/descriptor_features/all_directions/legacy--features_ventus_v3_5_descriptor/pmu/attempt_01/roundtrip__swizzle64.txt,25496,4d3562a013e2956664c685d8cdfbf1180faa36fcbcb4b41717b2998afe79a38b
features_ventus_v3_5_descriptor,results/features_ventus_v3_5_descriptor/pmu/attempt_01/roundtrip__tile_16x16.txt,data/ventus/V3.5/single_instruction/descriptor_features/all_directions/legacy--features_ventus_v3_5_descriptor/pmu/attempt_01/roundtrip__tile_16x16.txt,25496,2c4e14acb974634ff5467ef94a17394761a203e5832a392aafe2b3aa5b49a140
features_ventus_v3_5_descriptor,results/features_ventus_v3_5_descriptor/pmu/attempt_01/roundtrip__tile_32x16.txt,data/ventus/V3.5/single_instruction/descriptor_features/all_directions/legacy--features_ventus_v3_5_descriptor/pmu/attempt_01/roundtrip__tile_32x16.txt,25496,ef78f93b9a117102f117716870e16331d441f5d8aea675a9af55bd20e2158eee
features_ventus_v3_5_descriptor,results/features_ventus_v3_5_descriptor/pmu/attempt_01/roundtrip__tile_32x32.txt,data/ventus/V3.5/single_instruction/descriptor_features/all_directions/legacy--features_ventus_v3_5_descriptor/pmu/attempt_01/roundtrip__tile_32x32.txt,25496,4d3562a013e2956664c685d8cdfbf1180faa36fcbcb4b41717b2998afe79a38b
features_ventus_v3_5_descriptor,results/features_ventus_v3_5_descriptor/pmu/attempt_01/roundtrip__tile_64x32.txt,data/ventus/V3.5/single_instruction/descriptor_features/all_directions/legacy--features_ventus_v3_5_descriptor/pmu/attempt_01/roundtrip__tile_64x32.txt,25496,a62f0fd9b29a8dde70d7cc7c52dfc4221fd37872edeac791e33ab1a4778329e6
features_ventus_v3_5_descriptor,results/features_ventus_v3_5_descriptor/pmu/attempt_01/roundtrip__tile_64x64.txt,data/ventus/V3.5/single_instruction/descriptor_features/all_directions/legacy--features_ventus_v3_5_descriptor/pmu/attempt_01/roundtrip__tile_64x64.txt,25496,dd04620f625420d375425e4dacb1a5043ce01c141c11473fadec07565a90358f
features_ventus_v3_5_descriptor,results/features_ventus_v3_5_descriptor/pmu/attempt_01/s2g__tile_16x16.txt,data/ventus/V3.5/single_instruction/descriptor_features/all_directions/legacy--features_ventus_v3_5_descriptor/pmu/attempt_01/s2g__tile_16x16.txt,25496,bf3630c5372527449914a4520976d6edf65de6bd14e4b93c36640a7f774335e7
features_ventus_v3_5_descriptor,results/features_ventus_v3_5_descriptor/pmu/attempt_01/s2g__tile_32x16.txt,data/ventus/V3.5/single_instruction/descriptor_features/all_directions/legacy--features_ventus_v3_5_descriptor/pmu/attempt_01/s2g__tile_32x16.txt,25496,45c52429c253647d5ea898d23bfb1eafe36cdca78891b3b079433ff387d1b637
features_ventus_v3_5_descriptor,results/features_ventus_v3_5_descriptor/pmu/attempt_01/s2g__tile_32x32.txt,data/ventus/V3.5/single_instruction/descriptor_features/all_directions/legacy--features_ventus_v3_5_descriptor/pmu/attempt_01/s2g__tile_32x32.txt,25496,7e4ebfd103602a3f15c6102fd8409988cf9d586a1ab30ce31fe83c18ff6242ed
features_ventus_v3_5_descriptor,results/features_ventus_v3_5_descriptor/pmu/attempt_01/s2g__tile_64x32.txt,data/ventus/V3.5/single_instruction/descriptor_features/all_directions/legacy--features_ventus_v3_5_descriptor/pmu/attempt_01/s2g__tile_64x32.txt,25496,1f02c17726586396c588707f7dcbc672af65f32310f8ac86a58a45fd383b551d
features_ventus_v3_5_descriptor,results/features_ventus_v3_5_descriptor/pmu/attempt_01/s2g__tile_64x64.txt,data/ventus/V3.5/single_instruction/descriptor_features/all_directions/legacy--features_ventus_v3_5_descriptor/pmu/attempt_01/s2g__tile_64x64.txt,25496,040550e4edcc1d20bfdaaf2de2dc9b4d4089baa9e0ecf76b66b30147983883e1
features_ventus_v3_5_descriptor_final,results/features_ventus_v3_5_descriptor_final/attempt_01.csv,data/ventus/V3.5/single_instruction/descriptor_features/all_directions/legacy--features_ventus_v3_5_descriptor_final/attempt_01.csv,2228,6714e556995254d393009204d6c7ba099388f095462ce331bff8e61c07b149ba
features_ventus_v3_5_descriptor_final,results/features_ventus_v3_5_descriptor_final/manifest.json,data/ventus/V3.5/single_instruction/descriptor_features/all_directions/legacy--features_ventus_v3_5_descriptor_final/manifest.json,1340,a2878e64164b3f07d1b944871dbda71ae6c60c5d9b769ec2efab9cb2170a1cfd
features_ventus_v3_5_descriptor_final,results/features_ventus_v3_5_descriptor_final/pmu/attempt_01/g2s__oob_100.txt,data/ventus/V3.5/single_instruction/descriptor_features/all_directions/legacy--features_ventus_v3_5_descriptor_final/pmu/attempt_01/g2s__oob_100.txt,19122,f447dabd6d2798d309c3b0c28ff4b37fee97aa88a16bb2d0102bc8098ba6ca03
features_ventus_v3_5_descriptor_final,results/features_ventus_v3_5_descriptor_final/pmu/attempt_01/g2s__oob_25.txt,data/ventus/V3.5/single_instruction/descriptor_features/all_directions/legacy--features_ventus_v3_5_descriptor_final/pmu/attempt_01/g2s__oob_25.txt,19122,004560c527e7cdb4344b7abf31175c1a7b5417e6fb296130d3258a201f379eac
features_ventus_v3_5_descriptor_final,results/features_ventus_v3_5_descriptor_final/pmu/attempt_01/g2s__oob_50.txt,data/ventus/V3.5/single_instruction/descriptor_features/all_directions/legacy--features_ventus_v3_5_descriptor_final/pmu/attempt_01/g2s__oob_50.txt,19122,004560c527e7cdb4344b7abf31175c1a7b5417e6fb296130d3258a201f379eac
features_ventus_v3_5_descriptor_final,results/features_ventus_v3_5_descriptor_final/pmu/attempt_01/g2s__rank1_contiguous.txt,data/ventus/V3.5/single_instruction/descriptor_features/all_directions/legacy--features_ventus_v3_5_descriptor_final/pmu/attempt_01/g2s__rank1_contiguous.txt,19122,c80a414a5c8f4b669d683f893370aada31be17fa83159992a1133a1d84aab6e1
features_ventus_v3_5_descriptor_final,results/features_ventus_v3_5_descriptor_final/pmu/attempt_01/g2s__rank2_contiguous.txt,data/ventus/V3.5/single_instruction/descriptor_features/all_directions/legacy--features_ventus_v3_5_descriptor_final/pmu/attempt_01/g2s__rank2_contiguous.txt,19122,bb133715eb4f518bb16e08796a69e036f0feba5bff6f05791a618c37af58e420
features_ventus_v3_5_descriptor_final,results/features_ventus_v3_5_descriptor_final/pmu/attempt_01/g2s__rank2_row_stride2.txt,data/ventus/V3.5/single_instruction/descriptor_features/all_directions/legacy--features_ventus_v3_5_descriptor_final/pmu/attempt_01/g2s__rank2_row_stride2.txt,19122,bb133715eb4f518bb16e08796a69e036f0feba5bff6f05791a618c37af58e420
features_ventus_v3_5_descriptor_final,results/features_ventus_v3_5_descriptor_final/pmu/attempt_01/g2s__rank3_contiguous.txt,data/ventus/V3.5/single_instruction/descriptor_features/all_directions/legacy--features_ventus_v3_5_descriptor_final/pmu/attempt_01/g2s__rank3_contiguous.txt,19122,6a1f21dd48b4d2a7ed0ca45ff580a11cfd845a4602b07b8fb62c32b68ee7cddb
features_ventus_v3_5_descriptor_final,results/features_ventus_v3_5_descriptor_final/pmu/attempt_01/g2s__rank4_contiguous.txt,data/ventus/V3.5/single_instruction/descriptor_features/all_directions/legacy--features_ventus_v3_5_descriptor_final/pmu/attempt_01/g2s__rank4_contiguous.txt,19122,c0b95d560b6b580bba100ad7168472ce528a00dd408aff854d7d92f800367d44
features_ventus_v3_5_descriptor_final,results/features_ventus_v3_5_descriptor_final/pmu/attempt_01/g2s__rank5_contiguous.txt,data/ventus/V3.5/single_instruction/descriptor_features/all_directions/legacy--features_ventus_v3_5_descriptor_final/pmu/attempt_01/g2s__rank5_contiguous.txt,19122,1352cf37bb581b28e6ed6553bc44046889db9ca6361561287eadf2b34ea4380b
features_ventus_v3_5_descriptor_final,results/features_ventus_v3_5_descriptor_final/pmu/attempt_01/g2s__tile_16x16.txt,data/ventus/V3.5/single_instruction/descriptor_features/all_directions/legacy--features_ventus_v3_5_descriptor_final/pmu/attempt_01/g2s__tile_16x16.txt,19122,9bfa26efd0eece5b854adb603a6a04743c79af9811ac5960462d0279892460ee
features_ventus_v3_5_descriptor_final,results/features_ventus_v3_5_descriptor_final/pmu/attempt_01/g2s__tile_32x16.txt,data/ventus/V3.5/single_instruction/descriptor_features/all_directions/legacy--features_ventus_v3_5_descriptor_final/pmu/attempt_01/g2s__tile_32x16.txt,19122,aa98c064ad43bf003a047b3473e46a6b71d52bedcdacf53324af39f53a4bc059
features_ventus_v3_5_descriptor_final,results/features_ventus_v3_5_descriptor_final/pmu/attempt_01/g2s__tile_32x32.txt,data/ventus/V3.5/single_instruction/descriptor_features/all_directions/legacy--features_ventus_v3_5_descriptor_final/pmu/attempt_01/g2s__tile_32x32.txt,19122,bb133715eb4f518bb16e08796a69e036f0feba5bff6f05791a618c37af58e420
features_ventus_v3_5_descriptor_final,results/features_ventus_v3_5_descriptor_final/pmu/attempt_01/g2s__tile_64x32.txt,data/ventus/V3.5/single_instruction/descriptor_features/all_directions/legacy--features_ventus_v3_5_descriptor_final/pmu/attempt_01/g2s__tile_64x32.txt,19122,01724d3edc1d88f79c97711b56ecb99ea73a108d60d89495b3de3c4030a0c507
features_ventus_v3_5_descriptor_final,results/features_ventus_v3_5_descriptor_final/pmu/attempt_01/g2s__tile_64x64.txt,data/ventus/V3.5/single_instruction/descriptor_features/all_directions/legacy--features_ventus_v3_5_descriptor_final/pmu/attempt_01/g2s__tile_64x64.txt,19122,4f3e9685746908e9648c38d57b0bd96d48a2ad57ca1a71e99a0b7d9abd4fbbd9
features_ventus_v3_5_descriptor_final,results/features_ventus_v3_5_descriptor_final/pmu/attempt_01/roundtrip__interleave16.txt,data/ventus/V3.5/single_instruction/descriptor_features/all_directions/legacy--features_ventus_v3_5_descriptor_final/pmu/attempt_01/roundtrip__interleave16.txt,19122,625f8e2d2408274d26df9c7ede05293f33555e5b62fe1173cde6772d39c6360d
features_ventus_v3_5_descriptor_final,results/features_ventus_v3_5_descriptor_final/pmu/attempt_01/roundtrip__interleave16_u16.txt,data/ventus/V3.5/single_instruction/descriptor_features/all_directions/legacy--features_ventus_v3_5_descriptor_final/pmu/attempt_01/roundtrip__interleave16_u16.txt,19122,625f8e2d2408274d26df9c7ede05293f33555e5b62fe1173cde6772d39c6360d
features_ventus_v3_5_descriptor_final,results/features_ventus_v3_5_descriptor_final/pmu/attempt_01/roundtrip__interleave32.txt,data/ventus/V3.5/single_instruction/descriptor_features/all_directions/legacy--features_ventus_v3_5_descriptor_final/pmu/attempt_01/roundtrip__interleave32.txt,19122,625f8e2d2408274d26df9c7ede05293f33555e5b62fe1173cde6772d39c6360d
features_ventus_v3_5_descriptor_final,results/features_ventus_v3_5_descriptor_final/pmu/attempt_01/roundtrip__swizzle128.txt,data/ventus/V3.5/single_instruction/descriptor_features/all_directions/legacy--features_ventus_v3_5_descriptor_final/pmu/attempt_01/roundtrip__swizzle128.txt,19122,d8c790dd8aa384e235e5071334a3fe3f5293bf0ad837cac683d4eb6b44271cb4
features_ventus_v3_5_descriptor_final,results/features_ventus_v3_5_descriptor_final/pmu/attempt_01/roundtrip__swizzle32.txt,data/ventus/V3.5/single_instruction/descriptor_features/all_directions/legacy--features_ventus_v3_5_descriptor_final/pmu/attempt_01/roundtrip__swizzle32.txt,19122,d8c790dd8aa384e235e5071334a3fe3f5293bf0ad837cac683d4eb6b44271cb4
features_ventus_v3_5_descriptor_final,results/features_ventus_v3_5_descriptor_final/pmu/attempt_01/roundtrip__swizzle64.txt,data/ventus/V3.5/single_instruction/descriptor_features/all_directions/legacy--features_ventus_v3_5_descriptor_final/pmu/attempt_01/roundtrip__swizzle64.txt,19122,d8c790dd8aa384e235e5071334a3fe3f5293bf0ad837cac683d4eb6b44271cb4
features_ventus_v3_5_descriptor_final,results/features_ventus_v3_5_descriptor_final/pmu/attempt_01/roundtrip__tile_16x16.txt,data/ventus/V3.5/single_instruction/descriptor_features/all_directions/legacy--features_ventus_v3_5_descriptor_final/pmu/attempt_01/roundtrip__tile_16x16.txt,19122,cfd100faff9a88a02e5527a662731a2488d4c9bcb76fd4e253e37ef8e874163f
features_ventus_v3_5_descriptor_final,results/features_ventus_v3_5_descriptor_final/pmu/attempt_01/roundtrip__tile_32x16.txt,data/ventus/V3.5/single_instruction/descriptor_features/all_directions/legacy--features_ventus_v3_5_descriptor_final/pmu/attempt_01/roundtrip__tile_32x16.txt,19122,99bfe83384b0303d47b28fad1fda8473683c30571446d5e0c1f06bdf729ef375
features_ventus_v3_5_descriptor_final,results/features_ventus_v3_5_descriptor_final/pmu/attempt_01/roundtrip__tile_32x32.txt,data/ventus/V3.5/single_instruction/descriptor_features/all_directions/legacy--features_ventus_v3_5_descriptor_final/pmu/attempt_01/roundtrip__tile_32x32.txt,19122,d8c790dd8aa384e235e5071334a3fe3f5293bf0ad837cac683d4eb6b44271cb4
features_ventus_v3_5_descriptor_final,results/features_ventus_v3_5_descriptor_final/pmu/attempt_01/roundtrip__tile_64x32.txt,data/ventus/V3.5/single_instruction/descriptor_features/all_directions/legacy--features_ventus_v3_5_descriptor_final/pmu/attempt_01/roundtrip__tile_64x32.txt,19122,754dc19cf09c068135774df762a62a16f31dd152dcd9193b89f71a4cdbdba22a
features_ventus_v3_5_descriptor_final,results/features_ventus_v3_5_descriptor_final/pmu/attempt_01/roundtrip__tile_64x64.txt,data/ventus/V3.5/single_instruction/descriptor_features/all_directions/legacy--features_ventus_v3_5_descriptor_final/pmu/attempt_01/roundtrip__tile_64x64.txt,19122,f1acd20370cebe040b33d627dd411a455381e76d11b2d84fbcb8c7ab757d4d00
features_ventus_v3_5_descriptor_final,results/features_ventus_v3_5_descriptor_final/pmu/attempt_01/s2g__tile_16x16.txt,data/ventus/V3.5/single_instruction/descriptor_features/all_directions/legacy--features_ventus_v3_5_descriptor_final/pmu/attempt_01/s2g__tile_16x16.txt,19122,6a102fe7b95257b4506fe310d4de14e2794bc1221cfbeefba7bf299964d53048
features_ventus_v3_5_descriptor_final,results/features_ventus_v3_5_descriptor_final/pmu/attempt_01/s2g__tile_32x16.txt,data/ventus/V3.5/single_instruction/descriptor_features/all_directions/legacy--features_ventus_v3_5_descriptor_final/pmu/attempt_01/s2g__tile_32x16.txt,19122,80ec6e0cccd47e8b04d799a6366d8046ba08c9a1f7d966bb0a964516ebd81db0
features_ventus_v3_5_descriptor_final,results/features_ventus_v3_5_descriptor_final/pmu/attempt_01/s2g__tile_32x32.txt,data/ventus/V3.5/single_instruction/descriptor_features/all_directions/legacy--features_ventus_v3_5_descriptor_final/pmu/attempt_01/s2g__tile_32x32.txt,19122,8d7c6cedf5163e78f1fe81b7cefe2b2fd44d6fd780f8dc067d7ab44de57c37d5
features_ventus_v3_5_descriptor_final,results/features_ventus_v3_5_descriptor_final/pmu/attempt_01/s2g__tile_64x32.txt,data/ventus/V3.5/single_instruction/descriptor_features/all_directions/legacy--features_ventus_v3_5_descriptor_final/pmu/attempt_01/s2g__tile_64x32.txt,19122,f0f63c328abfa61e53ba7936163771184ac450f7312069f79cc6e5daa5a7fbd5
features_ventus_v3_5_descriptor_final,results/features_ventus_v3_5_descriptor_final/pmu/attempt_01/s2g__tile_64x64.txt,data/ventus/V3.5/single_instruction/descriptor_features/all_directions/legacy--features_ventus_v3_5_descriptor_final/pmu/attempt_01/s2g__tile_64x64.txt,19122,184a125b07e4354bb590a444aa9ee6256d8c384413d416d73feac156620e149f
features_ventus_v3_5_oob_final_probe,results/features_ventus_v3_5_oob_final_probe/attempt_01.csv,archive/results/ventus/V3.5/oob/features_ventus_v3_5_oob_final_probe/attempt_01.csv,297,49059361b2fe24adfba65ffd31f032267a86b78335dcdacebc03bddf878fc4e4
features_ventus_v3_5_oob_final_probe,results/features_ventus_v3_5_oob_final_probe/manifest.json,archive/results/ventus/V3.5/oob/features_ventus_v3_5_oob_final_probe/manifest.json,691,274907433552398ee833d40e047c25a88569e31180c5004108bbd85445904016
features_ventus_v3_5_oob_final_probe,results/features_ventus_v3_5_oob_final_probe/pmu/attempt_01/g2s__oob_100.txt,archive/results/ventus/V3.5/oob/features_ventus_v3_5_oob_final_probe/pmu/attempt_01/g2s__oob_100.txt,19122,f447dabd6d2798d309c3b0c28ff4b37fee97aa88a16bb2d0102bc8098ba6ca03
features_ventus_v3_5_oob_final_probe,results/features_ventus_v3_5_oob_final_probe/pmu/attempt_01/g2s__oob_25.txt,archive/results/ventus/V3.5/oob/features_ventus_v3_5_oob_final_probe/pmu/attempt_01/g2s__oob_25.txt,19122,e7a22fb5f20449a60815e5ccd73bae43d0b42341279d199a2dc3fb4cd66ab171
features_ventus_v3_5_oob_final_probe,results/features_ventus_v3_5_oob_final_probe/pmu/attempt_01/g2s__oob_50.txt,archive/results/ventus/V3.5/oob/features_ventus_v3_5_oob_final_probe/pmu/attempt_01/g2s__oob_50.txt,19122,e7a22fb5f20449a60815e5ccd73bae43d0b42341279d199a2dc3fb4cd66ab171
features_ventus_v3_6_timing_capacity,results/features_ventus_v3_6_timing_capacity/attempt_01.csv,data/ventus/V3.6/single_instruction/tensor_capacity/all_directions/legacy--features_ventus_v3_6_timing_capacity/attempt_01.csv,1952,b04398523de06d8ed81f1e626356cc5bba575a919d3a7f29197de517895f81b6
features_ventus_v3_6_timing_capacity,results/features_ventus_v3_6_timing_capacity/manifest.json,data/ventus/V3.6/single_instruction/tensor_capacity/all_directions/legacy--features_ventus_v3_6_timing_capacity/manifest.json,1196,29d3daf1a844a3c52de7b163ef84a74b54afd847c0395279c0906466359434da
features_ventus_v3_6_timing_capacity,results/features_ventus_v3_6_timing_capacity/pmu/attempt_01/g2s__size_1024.txt,data/ventus/V3.6/single_instruction/tensor_capacity/all_directions/legacy--features_ventus_v3_6_timing_capacity/pmu/attempt_01/g2s__size_1024.txt,25496,e40373cd4a5a279532e617049a1be338f3db082490ed13d1ca02e3c6c5b6a288
features_ventus_v3_6_timing_capacity,results/features_ventus_v3_6_timing_capacity/pmu/attempt_01/g2s__size_128.txt,data/ventus/V3.6/single_instruction/tensor_capacity/all_directions/legacy--features_ventus_v3_6_timing_capacity/pmu/attempt_01/g2s__size_128.txt,25496,a8f3619b61a6fb49d114b90ec4810c7a5da714db5f982021dc7b2e7e964a5569
features_ventus_v3_6_timing_capacity,results/features_ventus_v3_6_timing_capacity/pmu/attempt_01/g2s__size_16384.txt,data/ventus/V3.6/single_instruction/tensor_capacity/all_directions/legacy--features_ventus_v3_6_timing_capacity/pmu/attempt_01/g2s__size_16384.txt,25496,c866c3020946fe12731ac66188d7d9f9c1ff5b2aab3cec348037d5b4082e6f0e
features_ventus_v3_6_timing_capacity,results/features_ventus_v3_6_timing_capacity/pmu/attempt_01/g2s__size_2048.txt,data/ventus/V3.6/single_instruction/tensor_capacity/all_directions/legacy--features_ventus_v3_6_timing_capacity/pmu/attempt_01/g2s__size_2048.txt,25496,6e504731689431b7ec96adf871ee177cd790199b7aabbfe244059aa8c2744b2b
features_ventus_v3_6_timing_capacity,results/features_ventus_v3_6_timing_capacity/pmu/attempt_01/g2s__size_256.txt,data/ventus/V3.6/single_instruction/tensor_capacity/all_directions/legacy--features_ventus_v3_6_timing_capacity/pmu/attempt_01/g2s__size_256.txt,25496,cdc0e2608a2260775eb41a878e331ecc767e6d6a4a6633262bd3eb87a656ce10
features_ventus_v3_6_timing_capacity,results/features_ventus_v3_6_timing_capacity/pmu/attempt_01/g2s__size_32768.txt,data/ventus/V3.6/single_instruction/tensor_capacity/all_directions/legacy--features_ventus_v3_6_timing_capacity/pmu/attempt_01/g2s__size_32768.txt,25496,81211f0e6327e089c6a994643254e68e70c12bab14290db60e351e145494344c
features_ventus_v3_6_timing_capacity,results/features_ventus_v3_6_timing_capacity/pmu/attempt_01/g2s__size_4096.txt,data/ventus/V3.6/single_instruction/tensor_capacity/all_directions/legacy--features_ventus_v3_6_timing_capacity/pmu/attempt_01/g2s__size_4096.txt,25496,24410d3a023596d3b14d62eb2cf134ceab2888a6db8d53284d91a0e61891dcfd
features_ventus_v3_6_timing_capacity,results/features_ventus_v3_6_timing_capacity/pmu/attempt_01/g2s__size_512.txt,data/ventus/V3.6/single_instruction/tensor_capacity/all_directions/legacy--features_ventus_v3_6_timing_capacity/pmu/attempt_01/g2s__size_512.txt,25496,95de1baae05c6b73e7c61e6d2d30df1e3cf639583c7b1a2950b2785ed493a330
features_ventus_v3_6_timing_capacity,results/features_ventus_v3_6_timing_capacity/pmu/attempt_01/g2s__size_8192.txt,data/ventus/V3.6/single_instruction/tensor_capacity/all_directions/legacy--features_ventus_v3_6_timing_capacity/pmu/attempt_01/g2s__size_8192.txt,25496,9b554951fd64eef6ecb49cd08da454b9663a92b5eb62bd81faf7b5eb8d0f5afe
features_ventus_v3_6_timing_capacity,results/features_ventus_v3_6_timing_capacity/pmu/attempt_01/roundtrip__size_1024.txt,data/ventus/V3.6/single_instruction/tensor_capacity/all_directions/legacy--features_ventus_v3_6_timing_capacity/pmu/attempt_01/roundtrip__size_1024.txt,25496,9d00556195662e27bf28d26fe6dc0c5a657d1f23abd723e880dd41b9ad8b5a92
features_ventus_v3_6_timing_capacity,results/features_ventus_v3_6_timing_capacity/pmu/attempt_01/roundtrip__size_128.txt,data/ventus/V3.6/single_instruction/tensor_capacity/all_directions/legacy--features_ventus_v3_6_timing_capacity/pmu/attempt_01/roundtrip__size_128.txt,25496,c0280b29515cfc953e820d092121f600408b6d5855060a2842abf97251952ccd
features_ventus_v3_6_timing_capacity,results/features_ventus_v3_6_timing_capacity/pmu/attempt_01/roundtrip__size_16384.txt,data/ventus/V3.6/single_instruction/tensor_capacity/all_directions/legacy--features_ventus_v3_6_timing_capacity/pmu/attempt_01/roundtrip__size_16384.txt,25496,eb2e2868220e007a4fb8a2b80eddcfa9068ce3b3f61957ba3435a991e64cb588
features_ventus_v3_6_timing_capacity,results/features_ventus_v3_6_timing_capacity/pmu/attempt_01/roundtrip__size_2048.txt,data/ventus/V3.6/single_instruction/tensor_capacity/all_directions/legacy--features_ventus_v3_6_timing_capacity/pmu/attempt_01/roundtrip__size_2048.txt,25496,da26a374e20979da57cefcfa7ceb9a7dacd4da01b7a10e2a49db071b23ab3c7e
features_ventus_v3_6_timing_capacity,results/features_ventus_v3_6_timing_capacity/pmu/attempt_01/roundtrip__size_256.txt,data/ventus/V3.6/single_instruction/tensor_capacity/all_directions/legacy--features_ventus_v3_6_timing_capacity/pmu/attempt_01/roundtrip__size_256.txt,25496,6b4039d34f5c3907635ece76cca89a4af7385c970829fb4c5312d1932d7acb05
features_ventus_v3_6_timing_capacity,results/features_ventus_v3_6_timing_capacity/pmu/attempt_01/roundtrip__size_32768.txt,data/ventus/V3.6/single_instruction/tensor_capacity/all_directions/legacy--features_ventus_v3_6_timing_capacity/pmu/attempt_01/roundtrip__size_32768.txt,25496,8d8ae66c59615b890b3c06957b5b7262321a2e88c4d9b788c3fe66c09fe2af07
features_ventus_v3_6_timing_capacity,results/features_ventus_v3_6_timing_capacity/pmu/attempt_01/roundtrip__size_4096.txt,data/ventus/V3.6/single_instruction/tensor_capacity/all_directions/legacy--features_ventus_v3_6_timing_capacity/pmu/attempt_01/roundtrip__size_4096.txt,25496,4fdcca0d44bee9e407dc45ec3e08a73e2f49323a135f2859d6a722993091caf9
features_ventus_v3_6_timing_capacity,results/features_ventus_v3_6_timing_capacity/pmu/attempt_01/roundtrip__size_512.txt,data/ventus/V3.6/single_instruction/tensor_capacity/all_directions/legacy--features_ventus_v3_6_timing_capacity/pmu/attempt_01/roundtrip__size_512.txt,25496,4a7daef024e9e1e0563e929331dbd10b3d2713a01528cc6dc12229fb7ae74594
features_ventus_v3_6_timing_capacity,results/features_ventus_v3_6_timing_capacity/pmu/attempt_01/roundtrip__size_8192.txt,data/ventus/V3.6/single_instruction/tensor_capacity/all_directions/legacy--features_ventus_v3_6_timing_capacity/pmu/attempt_01/roundtrip__size_8192.txt,25496,b2c700a1402b01f9488f802565106210787c42ec7b8f914e20261790307a8384
features_ventus_v3_6_timing_capacity,results/features_ventus_v3_6_timing_capacity/pmu/attempt_01/s2g__size_1024.txt,data/ventus/V3.6/single_instruction/tensor_capacity/all_directions/legacy--features_ventus_v3_6_timing_capacity/pmu/attempt_01/s2g__size_1024.txt,25496,00a0848e6cdb70a3e4ac5b8cc3b316c2a2a55eb31956eb5fc4ebeb973639cc2b
features_ventus_v3_6_timing_capacity,results/features_ventus_v3_6_timing_capacity/pmu/attempt_01/s2g__size_128.txt,data/ventus/V3.6/single_instruction/tensor_capacity/all_directions/legacy--features_ventus_v3_6_timing_capacity/pmu/attempt_01/s2g__size_128.txt,25496,27bb56a6dc7d8064cb1f3d89edcc51907ee1e9e2436edd9a76d909e743da592e
features_ventus_v3_6_timing_capacity,results/features_ventus_v3_6_timing_capacity/pmu/attempt_01/s2g__size_16384.txt,data/ventus/V3.6/single_instruction/tensor_capacity/all_directions/legacy--features_ventus_v3_6_timing_capacity/pmu/attempt_01/s2g__size_16384.txt,25496,d9d203ab8a8b35a13e84280e6aeb21d7133e6ef885dfc34f3bb7c7c1edc2ca64
features_ventus_v3_6_timing_capacity,results/features_ventus_v3_6_timing_capacity/pmu/attempt_01/s2g__size_2048.txt,data/ventus/V3.6/single_instruction/tensor_capacity/all_directions/legacy--features_ventus_v3_6_timing_capacity/pmu/attempt_01/s2g__size_2048.txt,25496,5bbeb513c0b72bca3c400db58862ee90dc0c88cb088d13c553d867372849c8f1
features_ventus_v3_6_timing_capacity,results/features_ventus_v3_6_timing_capacity/pmu/attempt_01/s2g__size_256.txt,data/ventus/V3.6/single_instruction/tensor_capacity/all_directions/legacy--features_ventus_v3_6_timing_capacity/pmu/attempt_01/s2g__size_256.txt,25496,42996b50fee75a5971294999a71e502819a9861fb2dccd12593c62c0d070553f
features_ventus_v3_6_timing_capacity,results/features_ventus_v3_6_timing_capacity/pmu/attempt_01/s2g__size_32768.txt,data/ventus/V3.6/single_instruction/tensor_capacity/all_directions/legacy--features_ventus_v3_6_timing_capacity/pmu/attempt_01/s2g__size_32768.txt,25496,c2ecb33eddfb1117b0866c542a7ab73c115bfda7ff247fb459a5761eb1fdc541
features_ventus_v3_6_timing_capacity,results/features_ventus_v3_6_timing_capacity/pmu/attempt_01/s2g__size_4096.txt,data/ventus/V3.6/single_instruction/tensor_capacity/all_directions/legacy--features_ventus_v3_6_timing_capacity/pmu/attempt_01/s2g__size_4096.txt,25496,90d4566db33affcc6b67f71936fba4b0b13e9e62a9fe141e5ad32e51bf583585
features_ventus_v3_6_timing_capacity,results/features_ventus_v3_6_timing_capacity/pmu/attempt_01/s2g__size_512.txt,data/ventus/V3.6/single_instruction/tensor_capacity/all_directions/legacy--features_ventus_v3_6_timing_capacity/pmu/attempt_01/s2g__size_512.txt,25496,069831b3991ca5b4fb81f812a8a3e47b7c224c5de1f52b5e8e6165cc71cbb4a7
features_ventus_v3_6_timing_capacity,results/features_ventus_v3_6_timing_capacity/pmu/attempt_01/s2g__size_8192.txt,data/ventus/V3.6/single_instruction/tensor_capacity/all_directions/legacy--features_ventus_v3_6_timing_capacity/pmu/attempt_01/s2g__size_8192.txt,25496,1b62f8519e2c1b3169143aa2600d25debac57d8b19ead8334d892bf42599c0c9
features_ventus_v3_7_no_cache_candidate_probe,results/features_ventus_v3_7_no_cache_candidate_probe/attempt_01.csv,archive/results/ventus/V3.7/cycle_capacity/features_ventus_v3_7_no_cache_candidate_probe/attempt_01.csv,319,21156d9f515e444532c4dd13d8f4a117fce6d8ead34f663047b25e3b577d056d
features_ventus_v3_7_no_cache_candidate_probe,results/features_ventus_v3_7_no_cache_candidate_probe/manifest.json,archive/results/ventus/V3.7/cycle_capacity/features_ventus_v3_7_no_cache_candidate_probe/manifest.json,705,ae04ddc756c222d4e99e516ddb4daa94cde8f07a8e87a76c35e6825851cd1e28
features_ventus_v3_7_no_cache_candidate_probe,results/features_ventus_v3_7_no_cache_candidate_probe/pmu/attempt_01/s2g__size_128.txt,archive/results/ventus/V3.7/cycle_capacity/features_ventus_v3_7_no_cache_candidate_probe/pmu/attempt_01/s2g__size_128.txt,25496,542438b6c8d0dd84ab34da3d0e1aa028266457b5ad05cdc9f64714f49890d067
features_ventus_v3_7_no_cache_candidate_probe,results/features_ventus_v3_7_no_cache_candidate_probe/pmu/attempt_01/s2g__size_32768.txt,archive/results/ventus/V3.7/cycle_capacity/features_ventus_v3_7_no_cache_candidate_probe/pmu/attempt_01/s2g__size_32768.txt,25496,62028e0acf62095fe763f1f1bdef163a23e434995553a7a1b9ea360a76594b77
features_ventus_v3_7_no_cache_candidate_probe,results/features_ventus_v3_7_no_cache_candidate_probe/pmu/attempt_01/s2g__size_4096.txt,archive/results/ventus/V3.7/cycle_capacity/features_ventus_v3_7_no_cache_candidate_probe/pmu/attempt_01/s2g__size_4096.txt,25496,8671e9a23a03344053f3a699bc2ad97d45e186076ed29eda75d661068396c605
features_ventus_v3_7_s2g_predecompose_probe,results/features_ventus_v3_7_s2g_predecompose_probe/attempt_01.csv,archive/results/ventus/V3.7/cycle_capacity/features_ventus_v3_7_s2g_predecompose_probe/attempt_01.csv,319,91b11f2c0f59618077de06bfff4e3ce6740a284d6f092c6a7e6be37d243a9689
features_ventus_v3_7_s2g_predecompose_probe,results/features_ventus_v3_7_s2g_predecompose_probe/manifest.json,archive/results/ventus/V3.7/cycle_capacity/features_ventus_v3_7_s2g_predecompose_probe/manifest.json,706,0a473fe42a930dc166c0cb63ba23ece9805a4baa73e1ccc381b9eed63bf0214f
features_ventus_v3_7_s2g_predecompose_probe,results/features_ventus_v3_7_s2g_predecompose_probe/pmu/attempt_01/s2g__size_128.txt,archive/results/ventus/V3.7/cycle_capacity/features_ventus_v3_7_s2g_predecompose_probe/pmu/attempt_01/s2g__size_128.txt,25496,27c97210349be7f55c9c4f16933c08e3e75a924bcdfc38558194e7c239cdd36c
features_ventus_v3_7_s2g_predecompose_probe,results/features_ventus_v3_7_s2g_predecompose_probe/pmu/attempt_01/s2g__size_32768.txt,archive/results/ventus/V3.7/cycle_capacity/features_ventus_v3_7_s2g_predecompose_probe/pmu/attempt_01/s2g__size_32768.txt,25496,dc39ec199e02802bf83d76f3bcd348b1f45a3c6008d5c0ab3984e5ef21284e0e
features_ventus_v3_7_s2g_predecompose_probe,results/features_ventus_v3_7_s2g_predecompose_probe/pmu/attempt_01/s2g__size_4096.txt,archive/results/ventus/V3.7/cycle_capacity/features_ventus_v3_7_s2g_predecompose_probe/pmu/attempt_01/s2g__size_4096.txt,25496,1fbab1cab3945d0019cf5bf658981e95c737fc3419db14e85cc6d6eef784067c
features_ventus_v3_7_s2g_route_seed_probe,results/features_ventus_v3_7_s2g_route_seed_probe/attempt_01.csv,archive/results/ventus/V3.7/cycle_capacity/features_ventus_v3_7_s2g_route_seed_probe/attempt_01.csv,319,7a95e38230338fb46af65e702a53faed891e479b5e9ed05125e7957a767df322
features_ventus_v3_7_s2g_route_seed_probe,results/features_ventus_v3_7_s2g_route_seed_probe/manifest.json,archive/results/ventus/V3.7/cycle_capacity/features_ventus_v3_7_s2g_route_seed_probe/manifest.json,706,96aed169e330f077a6a225a01bef0973f2a198e832f23fa146f54c810180ac52
features_ventus_v3_7_s2g_route_seed_probe,results/features_ventus_v3_7_s2g_route_seed_probe/pmu/attempt_01/s2g__size_128.txt,archive/results/ventus/V3.7/cycle_capacity/features_ventus_v3_7_s2g_route_seed_probe/pmu/attempt_01/s2g__size_128.txt,25496,27bb56a6dc7d8064cb1f3d89edcc51907ee1e9e2436edd9a76d909e743da592e
features_ventus_v3_7_s2g_route_seed_probe,results/features_ventus_v3_7_s2g_route_seed_probe/pmu/attempt_01/s2g__size_32768.txt,archive/results/ventus/V3.7/cycle_capacity/features_ventus_v3_7_s2g_route_seed_probe/pmu/attempt_01/s2g__size_32768.txt,25496,c2ecb33eddfb1117b0866c542a7ab73c115bfda7ff247fb459a5761eb1fdc541
features_ventus_v3_7_s2g_route_seed_probe,results/features_ventus_v3_7_s2g_route_seed_probe/pmu/attempt_01/s2g__size_4096.txt,archive/results/ventus/V3.7/cycle_capacity/features_ventus_v3_7_s2g_route_seed_probe/pmu/attempt_01/s2g__size_4096.txt,25496,90d4566db33affcc6b67f71936fba4b0b13e9e62a9fe141e5ad32e51bf583585
features_ventus_v3_7_shared_boundary_probe,results/features_ventus_v3_7_shared_boundary_probe/attempt_01.csv,archive/results/ventus/V3.7/cycle_capacity/features_ventus_v3_7_shared_boundary_probe/attempt_01.csv,319,1ffa1b9ee8190bcd37c53b3c1e313f460abe631a798282e763eb4905d7a80b7d
features_ventus_v3_7_shared_boundary_probe,results/features_ventus_v3_7_shared_boundary_probe/manifest.json,archive/results/ventus/V3.7/cycle_capacity/features_ventus_v3_7_shared_boundary_probe/manifest.json,706,cc662e71d02a6d076197a8e88666ccf1704baa8dcf09f57962959a6fac7b028f
features_ventus_v3_7_shared_boundary_probe,results/features_ventus_v3_7_shared_boundary_probe/pmu/attempt_01/s2g__size_128.txt,archive/results/ventus/V3.7/cycle_capacity/features_ventus_v3_7_shared_boundary_probe/pmu/attempt_01/s2g__size_128.txt,25496,73ded566683bbe0c0f641b64e6d31174dbdfb1138977496de56c8b22cb137dfd
features_ventus_v3_7_shared_boundary_probe,results/features_ventus_v3_7_shared_boundary_probe/pmu/attempt_01/s2g__size_32768.txt,archive/results/ventus/V3.7/cycle_capacity/features_ventus_v3_7_shared_boundary_probe/pmu/attempt_01/s2g__size_32768.txt,25496,ffc480af08b99f1d4d528fe3d511039b174a2a47f960e2c509a214124eb3a1d8
features_ventus_v3_7_shared_boundary_probe,results/features_ventus_v3_7_shared_boundary_probe/pmu/attempt_01/s2g__size_4096.txt,archive/results/ventus/V3.7/cycle_capacity/features_ventus_v3_7_shared_boundary_probe/pmu/attempt_01/s2g__size_4096.txt,25496,d3b1d0078d62e0b7e1134b6a6a9e111e4f1f92d7e5e13b73aed93ed29808030b
features_ventus_v3_7_timing_allpaths_capacity,results/features_ventus_v3_7_timing_allpaths_capacity/attempt_01.csv,data/ventus/V3.7/single_instruction/tensor_capacity/all_directions/legacy--features_ventus_v3_7_timing_allpaths_capacity/attempt_01.csv,1952,a697d48aae6f3d700c2715c5e3f3c2e588edb9d2ced6d3bfcb1a97de5f76d1f3
features_ventus_v3_7_timing_allpaths_capacity,results/features_ventus_v3_7_timing_allpaths_capacity/manifest.json,data/ventus/V3.7/single_instruction/tensor_capacity/all_directions/legacy--features_ventus_v3_7_timing_allpaths_capacity/manifest.json,1195,5c8f8be081cbdfb343fd9310a2251b980c213af792f543a2c2d7a994e215ee47
features_ventus_v3_7_timing_allpaths_capacity,results/features_ventus_v3_7_timing_allpaths_capacity/pmu/attempt_01/g2s__size_1024.txt,data/ventus/V3.7/single_instruction/tensor_capacity/all_directions/legacy--features_ventus_v3_7_timing_allpaths_capacity/pmu/attempt_01/g2s__size_1024.txt,25496,e9eb01c23e2899432d707710a7caf8c8623258014f4a6647d994407384294ebc
features_ventus_v3_7_timing_allpaths_capacity,results/features_ventus_v3_7_timing_allpaths_capacity/pmu/attempt_01/g2s__size_128.txt,data/ventus/V3.7/single_instruction/tensor_capacity/all_directions/legacy--features_ventus_v3_7_timing_allpaths_capacity/pmu/attempt_01/g2s__size_128.txt,25496,08093939a711960ed0ffaaf9ea01601ef997320ed3b632b4d4c4ad6e16af6bbc
features_ventus_v3_7_timing_allpaths_capacity,results/features_ventus_v3_7_timing_allpaths_capacity/pmu/attempt_01/g2s__size_16384.txt,data/ventus/V3.7/single_instruction/tensor_capacity/all_directions/legacy--features_ventus_v3_7_timing_allpaths_capacity/pmu/attempt_01/g2s__size_16384.txt,25496,71f1402731d07fdefbba3526d92d627eb1e6b0a11817b2d649705152d0c8a084
features_ventus_v3_7_timing_allpaths_capacity,results/features_ventus_v3_7_timing_allpaths_capacity/pmu/attempt_01/g2s__size_2048.txt,data/ventus/V3.7/single_instruction/tensor_capacity/all_directions/legacy--features_ventus_v3_7_timing_allpaths_capacity/pmu/attempt_01/g2s__size_2048.txt,25496,9f07226e0809778642748d0da86b46f0adc4899f86958d7beb3e461be1034db2
features_ventus_v3_7_timing_allpaths_capacity,results/features_ventus_v3_7_timing_allpaths_capacity/pmu/attempt_01/g2s__size_256.txt,data/ventus/V3.7/single_instruction/tensor_capacity/all_directions/legacy--features_ventus_v3_7_timing_allpaths_capacity/pmu/attempt_01/g2s__size_256.txt,25496,5b946e6aab896f1f17b329209552c87ce17ffd36d299d1b828ab2e5872790868
features_ventus_v3_7_timing_allpaths_capacity,results/features_ventus_v3_7_timing_allpaths_capacity/pmu/attempt_01/g2s__size_32768.txt,data/ventus/V3.7/single_instruction/tensor_capacity/all_directions/legacy--features_ventus_v3_7_timing_allpaths_capacity/pmu/attempt_01/g2s__size_32768.txt,25496,2837aad7496800bafac67a48b57bc228029ca741328edf55c4207d6fc9fd72b3
features_ventus_v3_7_timing_allpaths_capacity,results/features_ventus_v3_7_timing_allpaths_capacity/pmu/attempt_01/g2s__size_4096.txt,data/ventus/V3.7/single_instruction/tensor_capacity/all_directions/legacy--features_ventus_v3_7_timing_allpaths_capacity/pmu/attempt_01/g2s__size_4096.txt,25496,959e20ab70349765864d4a7b64f9968accb5b8275767387d2eee50ce41b6d6c0
features_ventus_v3_7_timing_allpaths_capacity,results/features_ventus_v3_7_timing_allpaths_capacity/pmu/attempt_01/g2s__size_512.txt,data/ventus/V3.7/single_instruction/tensor_capacity/all_directions/legacy--features_ventus_v3_7_timing_allpaths_capacity/pmu/attempt_01/g2s__size_512.txt,25496,03adc26815c27c486f21d2eae1c248c675db80c477a88e0017764d4ffce11edd
features_ventus_v3_7_timing_allpaths_capacity,results/features_ventus_v3_7_timing_allpaths_capacity/pmu/attempt_01/g2s__size_8192.txt,data/ventus/V3.7/single_instruction/tensor_capacity/all_directions/legacy--features_ventus_v3_7_timing_allpaths_capacity/pmu/attempt_01/g2s__size_8192.txt,25496,8433fdf3e0f63a2cf54a39ca658ca0ab857885fe8381ad65439d4d7ab3e5a45b
features_ventus_v3_7_timing_allpaths_capacity,results/features_ventus_v3_7_timing_allpaths_capacity/pmu/attempt_01/roundtrip__size_1024.txt,data/ventus/V3.7/single_instruction/tensor_capacity/all_directions/legacy--features_ventus_v3_7_timing_allpaths_capacity/pmu/attempt_01/roundtrip__size_1024.txt,25496,94dcfe82e1fef91edc13f812c6cb741a134cb1f51ad33806ae5004637c772c2a
features_ventus_v3_7_timing_allpaths_capacity,results/features_ventus_v3_7_timing_allpaths_capacity/pmu/attempt_01/roundtrip__size_128.txt,data/ventus/V3.7/single_instruction/tensor_capacity/all_directions/legacy--features_ventus_v3_7_timing_allpaths_capacity/pmu/attempt_01/roundtrip__size_128.txt,25496,cab5aa0512f43315a2aafdbbda8b14c367b5b0cf6b1c1870aeb0c4c2aee0a7f9
features_ventus_v3_7_timing_allpaths_capacity,results/features_ventus_v3_7_timing_allpaths_capacity/pmu/attempt_01/roundtrip__size_16384.txt,data/ventus/V3.7/single_instruction/tensor_capacity/all_directions/legacy--features_ventus_v3_7_timing_allpaths_capacity/pmu/attempt_01/roundtrip__size_16384.txt,25496,19c88283ebaac4c7f1e7c0dbf4a72c6fe4dd2e2987b6a9083fa46927bf640db6
features_ventus_v3_7_timing_allpaths_capacity,results/features_ventus_v3_7_timing_allpaths_capacity/pmu/attempt_01/roundtrip__size_2048.txt,data/ventus/V3.7/single_instruction/tensor_capacity/all_directions/legacy--features_ventus_v3_7_timing_allpaths_capacity/pmu/attempt_01/roundtrip__size_2048.txt,25496,70ba2020c51bed410515b6b95aa62c601dde4bc1d7fb89867867b01918eba66f
features_ventus_v3_7_timing_allpaths_capacity,results/features_ventus_v3_7_timing_allpaths_capacity/pmu/attempt_01/roundtrip__size_256.txt,data/ventus/V3.7/single_instruction/tensor_capacity/all_directions/legacy--features_ventus_v3_7_timing_allpaths_capacity/pmu/attempt_01/roundtrip__size_256.txt,25496,452b79981e1dfb951fbfac14a51e3834a44b11f75b098eaa51ca053aaf823788
features_ventus_v3_7_timing_allpaths_capacity,results/features_ventus_v3_7_timing_allpaths_capacity/pmu/attempt_01/roundtrip__size_32768.txt,data/ventus/V3.7/single_instruction/tensor_capacity/all_directions/legacy--features_ventus_v3_7_timing_allpaths_capacity/pmu/attempt_01/roundtrip__size_32768.txt,25496,2079e99eaf34b7fce5db4c945944feaac84f9088153de2cc0e604c676618ccbc
features_ventus_v3_7_timing_allpaths_capacity,results/features_ventus_v3_7_timing_allpaths_capacity/pmu/attempt_01/roundtrip__size_4096.txt,data/ventus/V3.7/single_instruction/tensor_capacity/all_directions/legacy--features_ventus_v3_7_timing_allpaths_capacity/pmu/attempt_01/roundtrip__size_4096.txt,25496,3d0a484465dc2fe132f7a89bb60aed174564ba881e71be633b195690b7f2e397
features_ventus_v3_7_timing_allpaths_capacity,results/features_ventus_v3_7_timing_allpaths_capacity/pmu/attempt_01/roundtrip__size_512.txt,data/ventus/V3.7/single_instruction/tensor_capacity/all_directions/legacy--features_ventus_v3_7_timing_allpaths_capacity/pmu/attempt_01/roundtrip__size_512.txt,25496,14530f2f1bdb3425cbd9bd97804aa4dd731eb9b47c7ba3cefdd995f4406398dd
features_ventus_v3_7_timing_allpaths_capacity,results/features_ventus_v3_7_timing_allpaths_capacity/pmu/attempt_01/roundtrip__size_8192.txt,data/ventus/V3.7/single_instruction/tensor_capacity/all_directions/legacy--features_ventus_v3_7_timing_allpaths_capacity/pmu/attempt_01/roundtrip__size_8192.txt,25496,25b8e8252bbfac9bd8e4f629bfc9fbd73daeac54177e6d133638d474c6dc233a
features_ventus_v3_7_timing_allpaths_capacity,results/features_ventus_v3_7_timing_allpaths_capacity/pmu/attempt_01/s2g__size_1024.txt,data/ventus/V3.7/single_instruction/tensor_capacity/all_directions/legacy--features_ventus_v3_7_timing_allpaths_capacity/pmu/attempt_01/s2g__size_1024.txt,25496,6d695ac47f3b3b70632dcac0dc2f94fd5afe1cf6fbbbd58df269f5890c4c0501
features_ventus_v3_7_timing_allpaths_capacity,results/features_ventus_v3_7_timing_allpaths_capacity/pmu/attempt_01/s2g__size_128.txt,data/ventus/V3.7/single_instruction/tensor_capacity/all_directions/legacy--features_ventus_v3_7_timing_allpaths_capacity/pmu/attempt_01/s2g__size_128.txt,25496,3f56c86c8a748482b9db7bf7f5cc93d42124c108bb170204bed4378e74e8a474
features_ventus_v3_7_timing_allpaths_capacity,results/features_ventus_v3_7_timing_allpaths_capacity/pmu/attempt_01/s2g__size_16384.txt,data/ventus/V3.7/single_instruction/tensor_capacity/all_directions/legacy--features_ventus_v3_7_timing_allpaths_capacity/pmu/attempt_01/s2g__size_16384.txt,25496,cd955dc6009effe6882da729ddf0858c8075a882f6126a3b129bf3abf1df544b
features_ventus_v3_7_timing_allpaths_capacity,results/features_ventus_v3_7_timing_allpaths_capacity/pmu/attempt_01/s2g__size_2048.txt,data/ventus/V3.7/single_instruction/tensor_capacity/all_directions/legacy--features_ventus_v3_7_timing_allpaths_capacity/pmu/attempt_01/s2g__size_2048.txt,25496,e4c8dd50bb69dda03d085ac8baf6ba149753901e97fdadc4c81d05b77857831b
features_ventus_v3_7_timing_allpaths_capacity,results/features_ventus_v3_7_timing_allpaths_capacity/pmu/attempt_01/s2g__size_256.txt,data/ventus/V3.7/single_instruction/tensor_capacity/all_directions/legacy--features_ventus_v3_7_timing_allpaths_capacity/pmu/attempt_01/s2g__size_256.txt,25496,ac736aa15c3c7b4e528ebd16b213f32fac1a8763899277c0149890824b378572
features_ventus_v3_7_timing_allpaths_capacity,results/features_ventus_v3_7_timing_allpaths_capacity/pmu/attempt_01/s2g__size_32768.txt,data/ventus/V3.7/single_instruction/tensor_capacity/all_directions/legacy--features_ventus_v3_7_timing_allpaths_capacity/pmu/attempt_01/s2g__size_32768.txt,25496,0df2f62b726aa7da2a95c3f76391ad37980deea27d27be9158952db323363147
features_ventus_v3_7_timing_allpaths_capacity,results/features_ventus_v3_7_timing_allpaths_capacity/pmu/attempt_01/s2g__size_4096.txt,data/ventus/V3.7/single_instruction/tensor_capacity/all_directions/legacy--features_ventus_v3_7_timing_allpaths_capacity/pmu/attempt_01/s2g__size_4096.txt,25496,f03d0678b934944faf6c925fea097d209f2c671076b36a749f8db79af4ca90ce
features_ventus_v3_7_timing_allpaths_capacity,results/features_ventus_v3_7_timing_allpaths_capacity/pmu/attempt_01/s2g__size_512.txt,data/ventus/V3.7/single_instruction/tensor_capacity/all_directions/legacy--features_ventus_v3_7_timing_allpaths_capacity/pmu/attempt_01/s2g__size_512.txt,25496,db26047352de8759752f3e702fc433a69d53ea94e29d3c78f0ca200efa121a87
features_ventus_v3_7_timing_allpaths_capacity,results/features_ventus_v3_7_timing_allpaths_capacity/pmu/attempt_01/s2g__size_8192.txt,data/ventus/V3.7/single_instruction/tensor_capacity/all_directions/legacy--features_ventus_v3_7_timing_allpaths_capacity/pmu/attempt_01/s2g__size_8192.txt,25496,4f7130cb8fcc11cebd3d17fcd25919634dff39adb3a65599e355faef8edd90be
features_ventus_v3_7_timing_cache_boundary_capacity,results/features_ventus_v3_7_timing_cache_boundary_capacity/attempt_01.csv,data/ventus/V3.7/single_instruction/tensor_capacity/all_directions/legacy--features_ventus_v3_7_timing_cache_boundary_capacity/attempt_01.csv,1952,a697d48aae6f3d700c2715c5e3f3c2e588edb9d2ced6d3bfcb1a97de5f76d1f3
features_ventus_v3_7_timing_cache_boundary_capacity,results/features_ventus_v3_7_timing_cache_boundary_capacity/manifest.json,data/ventus/V3.7/single_instruction/tensor_capacity/all_directions/legacy--features_ventus_v3_7_timing_cache_boundary_capacity/manifest.json,1196,5d163c7f301fd526d2e1a716304cfbfa767d3df211b2ecc6cf1618c8372e4867
features_ventus_v3_7_timing_cache_boundary_capacity,results/features_ventus_v3_7_timing_cache_boundary_capacity/pmu/attempt_01/g2s__size_1024.txt,data/ventus/V3.7/single_instruction/tensor_capacity/all_directions/legacy--features_ventus_v3_7_timing_cache_boundary_capacity/pmu/attempt_01/g2s__size_1024.txt,25496,e9eb01c23e2899432d707710a7caf8c8623258014f4a6647d994407384294ebc
features_ventus_v3_7_timing_cache_boundary_capacity,results/features_ventus_v3_7_timing_cache_boundary_capacity/pmu/attempt_01/g2s__size_128.txt,data/ventus/V3.7/single_instruction/tensor_capacity/all_directions/legacy--features_ventus_v3_7_timing_cache_boundary_capacity/pmu/attempt_01/g2s__size_128.txt,25496,08093939a711960ed0ffaaf9ea01601ef997320ed3b632b4d4c4ad6e16af6bbc
features_ventus_v3_7_timing_cache_boundary_capacity,results/features_ventus_v3_7_timing_cache_boundary_capacity/pmu/attempt_01/g2s__size_16384.txt,data/ventus/V3.7/single_instruction/tensor_capacity/all_directions/legacy--features_ventus_v3_7_timing_cache_boundary_capacity/pmu/attempt_01/g2s__size_16384.txt,25496,71f1402731d07fdefbba3526d92d627eb1e6b0a11817b2d649705152d0c8a084
features_ventus_v3_7_timing_cache_boundary_capacity,results/features_ventus_v3_7_timing_cache_boundary_capacity/pmu/attempt_01/g2s__size_2048.txt,data/ventus/V3.7/single_instruction/tensor_capacity/all_directions/legacy--features_ventus_v3_7_timing_cache_boundary_capacity/pmu/attempt_01/g2s__size_2048.txt,25496,9f07226e0809778642748d0da86b46f0adc4899f86958d7beb3e461be1034db2
features_ventus_v3_7_timing_cache_boundary_capacity,results/features_ventus_v3_7_timing_cache_boundary_capacity/pmu/attempt_01/g2s__size_256.txt,data/ventus/V3.7/single_instruction/tensor_capacity/all_directions/legacy--features_ventus_v3_7_timing_cache_boundary_capacity/pmu/attempt_01/g2s__size_256.txt,25496,5b946e6aab896f1f17b329209552c87ce17ffd36d299d1b828ab2e5872790868
features_ventus_v3_7_timing_cache_boundary_capacity,results/features_ventus_v3_7_timing_cache_boundary_capacity/pmu/attempt_01/g2s__size_32768.txt,data/ventus/V3.7/single_instruction/tensor_capacity/all_directions/legacy--features_ventus_v3_7_timing_cache_boundary_capacity/pmu/attempt_01/g2s__size_32768.txt,25496,2837aad7496800bafac67a48b57bc228029ca741328edf55c4207d6fc9fd72b3
features_ventus_v3_7_timing_cache_boundary_capacity,results/features_ventus_v3_7_timing_cache_boundary_capacity/pmu/attempt_01/g2s__size_4096.txt,data/ventus/V3.7/single_instruction/tensor_capacity/all_directions/legacy--features_ventus_v3_7_timing_cache_boundary_capacity/pmu/attempt_01/g2s__size_4096.txt,25496,959e20ab70349765864d4a7b64f9968accb5b8275767387d2eee50ce41b6d6c0
features_ventus_v3_7_timing_cache_boundary_capacity,results/features_ventus_v3_7_timing_cache_boundary_capacity/pmu/attempt_01/g2s__size_512.txt,data/ventus/V3.7/single_instruction/tensor_capacity/all_directions/legacy--features_ventus_v3_7_timing_cache_boundary_capacity/pmu/attempt_01/g2s__size_512.txt,25496,03adc26815c27c486f21d2eae1c248c675db80c477a88e0017764d4ffce11edd
features_ventus_v3_7_timing_cache_boundary_capacity,results/features_ventus_v3_7_timing_cache_boundary_capacity/pmu/attempt_01/g2s__size_8192.txt,data/ventus/V3.7/single_instruction/tensor_capacity/all_directions/legacy--features_ventus_v3_7_timing_cache_boundary_capacity/pmu/attempt_01/g2s__size_8192.txt,25496,8433fdf3e0f63a2cf54a39ca658ca0ab857885fe8381ad65439d4d7ab3e5a45b
features_ventus_v3_7_timing_cache_boundary_capacity,results/features_ventus_v3_7_timing_cache_boundary_capacity/pmu/attempt_01/roundtrip__size_1024.txt,data/ventus/V3.7/single_instruction/tensor_capacity/all_directions/legacy--features_ventus_v3_7_timing_cache_boundary_capacity/pmu/attempt_01/roundtrip__size_1024.txt,25496,94dcfe82e1fef91edc13f812c6cb741a134cb1f51ad33806ae5004637c772c2a
features_ventus_v3_7_timing_cache_boundary_capacity,results/features_ventus_v3_7_timing_cache_boundary_capacity/pmu/attempt_01/roundtrip__size_128.txt,data/ventus/V3.7/single_instruction/tensor_capacity/all_directions/legacy--features_ventus_v3_7_timing_cache_boundary_capacity/pmu/attempt_01/roundtrip__size_128.txt,25496,cab5aa0512f43315a2aafdbbda8b14c367b5b0cf6b1c1870aeb0c4c2aee0a7f9
features_ventus_v3_7_timing_cache_boundary_capacity,results/features_ventus_v3_7_timing_cache_boundary_capacity/pmu/attempt_01/roundtrip__size_16384.txt,data/ventus/V3.7/single_instruction/tensor_capacity/all_directions/legacy--features_ventus_v3_7_timing_cache_boundary_capacity/pmu/attempt_01/roundtrip__size_16384.txt,25496,19c88283ebaac4c7f1e7c0dbf4a72c6fe4dd2e2987b6a9083fa46927bf640db6
features_ventus_v3_7_timing_cache_boundary_capacity,results/features_ventus_v3_7_timing_cache_boundary_capacity/pmu/attempt_01/roundtrip__size_2048.txt,data/ventus/V3.7/single_instruction/tensor_capacity/all_directions/legacy--features_ventus_v3_7_timing_cache_boundary_capacity/pmu/attempt_01/roundtrip__size_2048.txt,25496,70ba2020c51bed410515b6b95aa62c601dde4bc1d7fb89867867b01918eba66f
features_ventus_v3_7_timing_cache_boundary_capacity,results/features_ventus_v3_7_timing_cache_boundary_capacity/pmu/attempt_01/roundtrip__size_256.txt,data/ventus/V3.7/single_instruction/tensor_capacity/all_directions/legacy--features_ventus_v3_7_timing_cache_boundary_capacity/pmu/attempt_01/roundtrip__size_256.txt,25496,452b79981e1dfb951fbfac14a51e3834a44b11f75b098eaa51ca053aaf823788
features_ventus_v3_7_timing_cache_boundary_capacity,results/features_ventus_v3_7_timing_cache_boundary_capacity/pmu/attempt_01/roundtrip__size_32768.txt,data/ventus/V3.7/single_instruction/tensor_capacity/all_directions/legacy--features_ventus_v3_7_timing_cache_boundary_capacity/pmu/attempt_01/roundtrip__size_32768.txt,25496,2079e99eaf34b7fce5db4c945944feaac84f9088153de2cc0e604c676618ccbc
features_ventus_v3_7_timing_cache_boundary_capacity,results/features_ventus_v3_7_timing_cache_boundary_capacity/pmu/attempt_01/roundtrip__size_4096.txt,data/ventus/V3.7/single_instruction/tensor_capacity/all_directions/legacy--features_ventus_v3_7_timing_cache_boundary_capacity/pmu/attempt_01/roundtrip__size_4096.txt,25496,3d0a484465dc2fe132f7a89bb60aed174564ba881e71be633b195690b7f2e397
features_ventus_v3_7_timing_cache_boundary_capacity,results/features_ventus_v3_7_timing_cache_boundary_capacity/pmu/attempt_01/roundtrip__size_512.txt,data/ventus/V3.7/single_instruction/tensor_capacity/all_directions/legacy--features_ventus_v3_7_timing_cache_boundary_capacity/pmu/attempt_01/roundtrip__size_512.txt,25496,14530f2f1bdb3425cbd9bd97804aa4dd731eb9b47c7ba3cefdd995f4406398dd
features_ventus_v3_7_timing_cache_boundary_capacity,results/features_ventus_v3_7_timing_cache_boundary_capacity/pmu/attempt_01/roundtrip__size_8192.txt,data/ventus/V3.7/single_instruction/tensor_capacity/all_directions/legacy--features_ventus_v3_7_timing_cache_boundary_capacity/pmu/attempt_01/roundtrip__size_8192.txt,25496,25b8e8252bbfac9bd8e4f629bfc9fbd73daeac54177e6d133638d474c6dc233a
features_ventus_v3_7_timing_cache_boundary_capacity,results/features_ventus_v3_7_timing_cache_boundary_capacity/pmu/attempt_01/s2g__size_1024.txt,data/ventus/V3.7/single_instruction/tensor_capacity/all_directions/legacy--features_ventus_v3_7_timing_cache_boundary_capacity/pmu/attempt_01/s2g__size_1024.txt,25496,6d695ac47f3b3b70632dcac0dc2f94fd5afe1cf6fbbbd58df269f5890c4c0501
features_ventus_v3_7_timing_cache_boundary_capacity,results/features_ventus_v3_7_timing_cache_boundary_capacity/pmu/attempt_01/s2g__size_128.txt,data/ventus/V3.7/single_instruction/tensor_capacity/all_directions/legacy--features_ventus_v3_7_timing_cache_boundary_capacity/pmu/attempt_01/s2g__size_128.txt,25496,3f56c86c8a748482b9db7bf7f5cc93d42124c108bb170204bed4378e74e8a474
features_ventus_v3_7_timing_cache_boundary_capacity,results/features_ventus_v3_7_timing_cache_boundary_capacity/pmu/attempt_01/s2g__size_16384.txt,data/ventus/V3.7/single_instruction/tensor_capacity/all_directions/legacy--features_ventus_v3_7_timing_cache_boundary_capacity/pmu/attempt_01/s2g__size_16384.txt,25496,cd955dc6009effe6882da729ddf0858c8075a882f6126a3b129bf3abf1df544b
features_ventus_v3_7_timing_cache_boundary_capacity,results/features_ventus_v3_7_timing_cache_boundary_capacity/pmu/attempt_01/s2g__size_2048.txt,data/ventus/V3.7/single_instruction/tensor_capacity/all_directions/legacy--features_ventus_v3_7_timing_cache_boundary_capacity/pmu/attempt_01/s2g__size_2048.txt,25496,e4c8dd50bb69dda03d085ac8baf6ba149753901e97fdadc4c81d05b77857831b
features_ventus_v3_7_timing_cache_boundary_capacity,results/features_ventus_v3_7_timing_cache_boundary_capacity/pmu/attempt_01/s2g__size_256.txt,data/ventus/V3.7/single_instruction/tensor_capacity/all_directions/legacy--features_ventus_v3_7_timing_cache_boundary_capacity/pmu/attempt_01/s2g__size_256.txt,25496,ac736aa15c3c7b4e528ebd16b213f32fac1a8763899277c0149890824b378572
features_ventus_v3_7_timing_cache_boundary_capacity,results/features_ventus_v3_7_timing_cache_boundary_capacity/pmu/attempt_01/s2g__size_32768.txt,data/ventus/V3.7/single_instruction/tensor_capacity/all_directions/legacy--features_ventus_v3_7_timing_cache_boundary_capacity/pmu/attempt_01/s2g__size_32768.txt,25496,0df2f62b726aa7da2a95c3f76391ad37980deea27d27be9158952db323363147
features_ventus_v3_7_timing_cache_boundary_capacity,results/features_ventus_v3_7_timing_cache_boundary_capacity/pmu/attempt_01/s2g__size_4096.txt,data/ventus/V3.7/single_instruction/tensor_capacity/all_directions/legacy--features_ventus_v3_7_timing_cache_boundary_capacity/pmu/attempt_01/s2g__size_4096.txt,25496,f03d0678b934944faf6c925fea097d209f2c671076b36a749f8db79af4ca90ce
features_ventus_v3_7_timing_cache_boundary_capacity,results/features_ventus_v3_7_timing_cache_boundary_capacity/pmu/attempt_01/s2g__size_512.txt,data/ventus/V3.7/single_instruction/tensor_capacity/all_directions/legacy--features_ventus_v3_7_timing_cache_boundary_capacity/pmu/attempt_01/s2g__size_512.txt,25496,db26047352de8759752f3e702fc433a69d53ea94e29d3c78f0ca200efa121a87
features_ventus_v3_7_timing_cache_boundary_capacity,results/features_ventus_v3_7_timing_cache_boundary_capacity/pmu/attempt_01/s2g__size_8192.txt,data/ventus/V3.7/single_instruction/tensor_capacity/all_directions/legacy--features_ventus_v3_7_timing_cache_boundary_capacity/pmu/attempt_01/s2g__size_8192.txt,25496,4f7130cb8fcc11cebd3d17fcd25919634dff39adb3a65599e355faef8edd90be
features_ventus_v3_7_timing_capacity,results/features_ventus_v3_7_timing_capacity/attempt_01.csv,data/ventus/V3.7/single_instruction/tensor_capacity/all_directions/legacy--features_ventus_v3_7_timing_capacity/attempt_01.csv,1954,44da7304cb00808a217de660ab9b4a0883eae62b3d60f95d6ea6a9196ee21dfb
features_ventus_v3_7_timing_capacity,results/features_ventus_v3_7_timing_capacity/manifest.json,data/ventus/V3.7/single_instruction/tensor_capacity/all_directions/legacy--features_ventus_v3_7_timing_capacity/manifest.json,1196,254cf52007dec95fc01ff8e69d2ab5f9695736ff748b0db722b801ae8aadf973
features_ventus_v3_7_timing_capacity,results/features_ventus_v3_7_timing_capacity/pmu/attempt_01/g2s__size_1024.txt,data/ventus/V3.7/single_instruction/tensor_capacity/all_directions/legacy--features_ventus_v3_7_timing_capacity/pmu/attempt_01/g2s__size_1024.txt,25496,c40c88ac179980fec397c0fd2634c3f9db293b2490d75d53ca369c5b1c73e763
features_ventus_v3_7_timing_capacity,results/features_ventus_v3_7_timing_capacity/pmu/attempt_01/g2s__size_128.txt,data/ventus/V3.7/single_instruction/tensor_capacity/all_directions/legacy--features_ventus_v3_7_timing_capacity/pmu/attempt_01/g2s__size_128.txt,25496,1ca31b61d63c45b1689d2ca9e0256e46fc2400e54435412135c1e6e9bb9bc610
features_ventus_v3_7_timing_capacity,results/features_ventus_v3_7_timing_capacity/pmu/attempt_01/g2s__size_16384.txt,data/ventus/V3.7/single_instruction/tensor_capacity/all_directions/legacy--features_ventus_v3_7_timing_capacity/pmu/attempt_01/g2s__size_16384.txt,25496,6d7edb9915edd560693f7cd1510573cfa7e3c74a5386037903df60b58135e8de
features_ventus_v3_7_timing_capacity,results/features_ventus_v3_7_timing_capacity/pmu/attempt_01/g2s__size_2048.txt,data/ventus/V3.7/single_instruction/tensor_capacity/all_directions/legacy--features_ventus_v3_7_timing_capacity/pmu/attempt_01/g2s__size_2048.txt,25496,c7b479f270f90ae7cb9cc5366e064be6e62c9a00fe5403cd4af3aebaa0318f08
features_ventus_v3_7_timing_capacity,results/features_ventus_v3_7_timing_capacity/pmu/attempt_01/g2s__size_256.txt,data/ventus/V3.7/single_instruction/tensor_capacity/all_directions/legacy--features_ventus_v3_7_timing_capacity/pmu/attempt_01/g2s__size_256.txt,25496,a9ed0c5917f983b7d446b33609d8d510d18086ed24b5b499253523c12d8e1c1d
features_ventus_v3_7_timing_capacity,results/features_ventus_v3_7_timing_capacity/pmu/attempt_01/g2s__size_32768.txt,data/ventus/V3.7/single_instruction/tensor_capacity/all_directions/legacy--features_ventus_v3_7_timing_capacity/pmu/attempt_01/g2s__size_32768.txt,25496,1d5a0bc886907f50dc16da00fecb94fa22346b79649d5673dc672a962ad371c3
features_ventus_v3_7_timing_capacity,results/features_ventus_v3_7_timing_capacity/pmu/attempt_01/g2s__size_4096.txt,data/ventus/V3.7/single_instruction/tensor_capacity/all_directions/legacy--features_ventus_v3_7_timing_capacity/pmu/attempt_01/g2s__size_4096.txt,25496,6d5d33840ed96fad9bf51cddc3119b066824bc3c7770ef8c259597615fcfd00b
features_ventus_v3_7_timing_capacity,results/features_ventus_v3_7_timing_capacity/pmu/attempt_01/g2s__size_512.txt,data/ventus/V3.7/single_instruction/tensor_capacity/all_directions/legacy--features_ventus_v3_7_timing_capacity/pmu/attempt_01/g2s__size_512.txt,25496,2c57b7f7988214de1b94ab023b2efbdf5f0e1cfe154dd7f584e8c3a021c23bcb
features_ventus_v3_7_timing_capacity,results/features_ventus_v3_7_timing_capacity/pmu/attempt_01/g2s__size_8192.txt,data/ventus/V3.7/single_instruction/tensor_capacity/all_directions/legacy--features_ventus_v3_7_timing_capacity/pmu/attempt_01/g2s__size_8192.txt,25496,8b75e5d36395e11ab11b6b6dc45220343d2c2dc40d0db25eb0755a6da1b26a9f
features_ventus_v3_7_timing_capacity,results/features_ventus_v3_7_timing_capacity/pmu/attempt_01/roundtrip__size_1024.txt,data/ventus/V3.7/single_instruction/tensor_capacity/all_directions/legacy--features_ventus_v3_7_timing_capacity/pmu/attempt_01/roundtrip__size_1024.txt,25496,f831b04be453444602806d9f545e441d959ffba089eafa5ee84ac0a9b322c1b8
features_ventus_v3_7_timing_capacity,results/features_ventus_v3_7_timing_capacity/pmu/attempt_01/roundtrip__size_128.txt,data/ventus/V3.7/single_instruction/tensor_capacity/all_directions/legacy--features_ventus_v3_7_timing_capacity/pmu/attempt_01/roundtrip__size_128.txt,25496,e0e59fbfe542e05a8115acab6fe8d4b78da221bdee8feb977b956f74b5ee3dc7
features_ventus_v3_7_timing_capacity,results/features_ventus_v3_7_timing_capacity/pmu/attempt_01/roundtrip__size_16384.txt,data/ventus/V3.7/single_instruction/tensor_capacity/all_directions/legacy--features_ventus_v3_7_timing_capacity/pmu/attempt_01/roundtrip__size_16384.txt,25496,7aec55e0a1ea4d8b85a38c863ceaf2ee84cb72d2a648f0a2ffac3e4b6ce42830
features_ventus_v3_7_timing_capacity,results/features_ventus_v3_7_timing_capacity/pmu/attempt_01/roundtrip__size_2048.txt,data/ventus/V3.7/single_instruction/tensor_capacity/all_directions/legacy--features_ventus_v3_7_timing_capacity/pmu/attempt_01/roundtrip__size_2048.txt,25496,a09c5373ad8905c81133ef62623701372788c859fb413c341ce89e5f388ddedd
features_ventus_v3_7_timing_capacity,results/features_ventus_v3_7_timing_capacity/pmu/attempt_01/roundtrip__size_256.txt,data/ventus/V3.7/single_instruction/tensor_capacity/all_directions/legacy--features_ventus_v3_7_timing_capacity/pmu/attempt_01/roundtrip__size_256.txt,25496,d5890e088a30e233a361916f8c3b3ba49f843f1a901fe6a257163775f8cce4fc
features_ventus_v3_7_timing_capacity,results/features_ventus_v3_7_timing_capacity/pmu/attempt_01/roundtrip__size_32768.txt,data/ventus/V3.7/single_instruction/tensor_capacity/all_directions/legacy--features_ventus_v3_7_timing_capacity/pmu/attempt_01/roundtrip__size_32768.txt,25496,27e1ae97be6e44c5d307e187955b0fc7cc09f9c006847820205074d9f85b7b19
features_ventus_v3_7_timing_capacity,results/features_ventus_v3_7_timing_capacity/pmu/attempt_01/roundtrip__size_4096.txt,data/ventus/V3.7/single_instruction/tensor_capacity/all_directions/legacy--features_ventus_v3_7_timing_capacity/pmu/attempt_01/roundtrip__size_4096.txt,25496,51fc51381043c6a7857ffd08c7f582930b00a9e1ed5c49b76e68164cd9757288
features_ventus_v3_7_timing_capacity,results/features_ventus_v3_7_timing_capacity/pmu/attempt_01/roundtrip__size_512.txt,data/ventus/V3.7/single_instruction/tensor_capacity/all_directions/legacy--features_ventus_v3_7_timing_capacity/pmu/attempt_01/roundtrip__size_512.txt,25496,8fc50b26256f2c79a43f5bddc54dad0d0028c70c24d1054b5f1812bd34069d1f
features_ventus_v3_7_timing_capacity,results/features_ventus_v3_7_timing_capacity/pmu/attempt_01/roundtrip__size_8192.txt,data/ventus/V3.7/single_instruction/tensor_capacity/all_directions/legacy--features_ventus_v3_7_timing_capacity/pmu/attempt_01/roundtrip__size_8192.txt,25496,9c76f37a26ef5ec61fa7efc4dfd04e2cab0ba9252ce75aacaf13bad1806a43f4
features_ventus_v3_7_timing_capacity,results/features_ventus_v3_7_timing_capacity/pmu/attempt_01/s2g__size_1024.txt,data/ventus/V3.7/single_instruction/tensor_capacity/all_directions/legacy--features_ventus_v3_7_timing_capacity/pmu/attempt_01/s2g__size_1024.txt,25496,1ef4dbcf65648e8126c8279609c65d48ba80ea65fa843c179386c9aff8a0e42b
features_ventus_v3_7_timing_capacity,results/features_ventus_v3_7_timing_capacity/pmu/attempt_01/s2g__size_128.txt,data/ventus/V3.7/single_instruction/tensor_capacity/all_directions/legacy--features_ventus_v3_7_timing_capacity/pmu/attempt_01/s2g__size_128.txt,25496,e3fb3eda5337cc4368be522a4147c7eae8d3bec6847faf7088e9e9e348f074a2
features_ventus_v3_7_timing_capacity,results/features_ventus_v3_7_timing_capacity/pmu/attempt_01/s2g__size_16384.txt,data/ventus/V3.7/single_instruction/tensor_capacity/all_directions/legacy--features_ventus_v3_7_timing_capacity/pmu/attempt_01/s2g__size_16384.txt,25496,1450910cf10fd9872efd74440021519163d4f5df261b771f465984101f177912
features_ventus_v3_7_timing_capacity,results/features_ventus_v3_7_timing_capacity/pmu/attempt_01/s2g__size_2048.txt,data/ventus/V3.7/single_instruction/tensor_capacity/all_directions/legacy--features_ventus_v3_7_timing_capacity/pmu/attempt_01/s2g__size_2048.txt,25496,531ddf24880f0d63fc87649b7f45367c09a2b525b3cd97a988296288cd92cb4b
features_ventus_v3_7_timing_capacity,results/features_ventus_v3_7_timing_capacity/pmu/attempt_01/s2g__size_256.txt,data/ventus/V3.7/single_instruction/tensor_capacity/all_directions/legacy--features_ventus_v3_7_timing_capacity/pmu/attempt_01/s2g__size_256.txt,25496,d3af4be61b70d58c8992c5b8a48bd9c3c1b4f9e16f649a5c2f5d92e5aef3ed3f
features_ventus_v3_7_timing_capacity,results/features_ventus_v3_7_timing_capacity/pmu/attempt_01/s2g__size_32768.txt,data/ventus/V3.7/single_instruction/tensor_capacity/all_directions/legacy--features_ventus_v3_7_timing_capacity/pmu/attempt_01/s2g__size_32768.txt,25496,4cfa6c58f9f90f3f42274cac772a93b2f9a7fb17f7fe04f8891277eb759c83c8
features_ventus_v3_7_timing_capacity,results/features_ventus_v3_7_timing_capacity/pmu/attempt_01/s2g__size_4096.txt,data/ventus/V3.7/single_instruction/tensor_capacity/all_directions/legacy--features_ventus_v3_7_timing_capacity/pmu/attempt_01/s2g__size_4096.txt,25496,e174410ae0ccc6495184b9ab1627823f3908e4284d031fcf33f1d45b5e975fe2
features_ventus_v3_7_timing_capacity,results/features_ventus_v3_7_timing_capacity/pmu/attempt_01/s2g__size_512.txt,data/ventus/V3.7/single_instruction/tensor_capacity/all_directions/legacy--features_ventus_v3_7_timing_capacity/pmu/attempt_01/s2g__size_512.txt,25496,7dfd1754c65f28b502eed557f1a50bd5d23beab5488e7254b80f569b4ab136da
features_ventus_v3_7_timing_capacity,results/features_ventus_v3_7_timing_capacity/pmu/attempt_01/s2g__size_8192.txt,data/ventus/V3.7/single_instruction/tensor_capacity/all_directions/legacy--features_ventus_v3_7_timing_capacity/pmu/attempt_01/s2g__size_8192.txt,25496,bae93e5a3428097221954278e6d330c8679fb05d9ee2c06bbd78da9bfc1f8ee6
features_ventus_v3_7_timing_route_seed_capacity,results/features_ventus_v3_7_timing_route_seed_capacity/attempt_01.csv,data/ventus/V3.7/single_instruction/tensor_capacity/all_directions/legacy--features_ventus_v3_7_timing_route_seed_capacity/attempt_01.csv,1952,b04398523de06d8ed81f1e626356cc5bba575a919d3a7f29197de517895f81b6
features_ventus_v3_7_timing_route_seed_capacity,results/features_ventus_v3_7_timing_route_seed_capacity/manifest.json,data/ventus/V3.7/single_instruction/tensor_capacity/all_directions/legacy--features_ventus_v3_7_timing_route_seed_capacity/manifest.json,1195,badf3ba0c08a7ffde89f858dfbf4a7ee83e605f2896064e04797481a25461c09
features_ventus_v3_7_timing_route_seed_capacity,results/features_ventus_v3_7_timing_route_seed_capacity/pmu/attempt_01/g2s__size_1024.txt,data/ventus/V3.7/single_instruction/tensor_capacity/all_directions/legacy--features_ventus_v3_7_timing_route_seed_capacity/pmu/attempt_01/g2s__size_1024.txt,25496,e40373cd4a5a279532e617049a1be338f3db082490ed13d1ca02e3c6c5b6a288
features_ventus_v3_7_timing_route_seed_capacity,results/features_ventus_v3_7_timing_route_seed_capacity/pmu/attempt_01/g2s__size_128.txt,data/ventus/V3.7/single_instruction/tensor_capacity/all_directions/legacy--features_ventus_v3_7_timing_route_seed_capacity/pmu/attempt_01/g2s__size_128.txt,25496,a8f3619b61a6fb49d114b90ec4810c7a5da714db5f982021dc7b2e7e964a5569
features_ventus_v3_7_timing_route_seed_capacity,results/features_ventus_v3_7_timing_route_seed_capacity/pmu/attempt_01/g2s__size_16384.txt,data/ventus/V3.7/single_instruction/tensor_capacity/all_directions/legacy--features_ventus_v3_7_timing_route_seed_capacity/pmu/attempt_01/g2s__size_16384.txt,25496,c866c3020946fe12731ac66188d7d9f9c1ff5b2aab3cec348037d5b4082e6f0e
features_ventus_v3_7_timing_route_seed_capacity,results/features_ventus_v3_7_timing_route_seed_capacity/pmu/attempt_01/g2s__size_2048.txt,data/ventus/V3.7/single_instruction/tensor_capacity/all_directions/legacy--features_ventus_v3_7_timing_route_seed_capacity/pmu/attempt_01/g2s__size_2048.txt,25496,6e504731689431b7ec96adf871ee177cd790199b7aabbfe244059aa8c2744b2b
features_ventus_v3_7_timing_route_seed_capacity,results/features_ventus_v3_7_timing_route_seed_capacity/pmu/attempt_01/g2s__size_256.txt,data/ventus/V3.7/single_instruction/tensor_capacity/all_directions/legacy--features_ventus_v3_7_timing_route_seed_capacity/pmu/attempt_01/g2s__size_256.txt,25496,cdc0e2608a2260775eb41a878e331ecc767e6d6a4a6633262bd3eb87a656ce10
features_ventus_v3_7_timing_route_seed_capacity,results/features_ventus_v3_7_timing_route_seed_capacity/pmu/attempt_01/g2s__size_32768.txt,data/ventus/V3.7/single_instruction/tensor_capacity/all_directions/legacy--features_ventus_v3_7_timing_route_seed_capacity/pmu/attempt_01/g2s__size_32768.txt,25496,81211f0e6327e089c6a994643254e68e70c12bab14290db60e351e145494344c
features_ventus_v3_7_timing_route_seed_capacity,results/features_ventus_v3_7_timing_route_seed_capacity/pmu/attempt_01/g2s__size_4096.txt,data/ventus/V3.7/single_instruction/tensor_capacity/all_directions/legacy--features_ventus_v3_7_timing_route_seed_capacity/pmu/attempt_01/g2s__size_4096.txt,25496,24410d3a023596d3b14d62eb2cf134ceab2888a6db8d53284d91a0e61891dcfd
features_ventus_v3_7_timing_route_seed_capacity,results/features_ventus_v3_7_timing_route_seed_capacity/pmu/attempt_01/g2s__size_512.txt,data/ventus/V3.7/single_instruction/tensor_capacity/all_directions/legacy--features_ventus_v3_7_timing_route_seed_capacity/pmu/attempt_01/g2s__size_512.txt,25496,95de1baae05c6b73e7c61e6d2d30df1e3cf639583c7b1a2950b2785ed493a330
features_ventus_v3_7_timing_route_seed_capacity,results/features_ventus_v3_7_timing_route_seed_capacity/pmu/attempt_01/g2s__size_8192.txt,data/ventus/V3.7/single_instruction/tensor_capacity/all_directions/legacy--features_ventus_v3_7_timing_route_seed_capacity/pmu/attempt_01/g2s__size_8192.txt,25496,9b554951fd64eef6ecb49cd08da454b9663a92b5eb62bd81faf7b5eb8d0f5afe
features_ventus_v3_7_timing_route_seed_capacity,results/features_ventus_v3_7_timing_route_seed_capacity/pmu/attempt_01/roundtrip__size_1024.txt,data/ventus/V3.7/single_instruction/tensor_capacity/all_directions/legacy--features_ventus_v3_7_timing_route_seed_capacity/pmu/attempt_01/roundtrip__size_1024.txt,25496,9d00556195662e27bf28d26fe6dc0c5a657d1f23abd723e880dd41b9ad8b5a92
features_ventus_v3_7_timing_route_seed_capacity,results/features_ventus_v3_7_timing_route_seed_capacity/pmu/attempt_01/roundtrip__size_128.txt,data/ventus/V3.7/single_instruction/tensor_capacity/all_directions/legacy--features_ventus_v3_7_timing_route_seed_capacity/pmu/attempt_01/roundtrip__size_128.txt,25496,c0280b29515cfc953e820d092121f600408b6d5855060a2842abf97251952ccd
features_ventus_v3_7_timing_route_seed_capacity,results/features_ventus_v3_7_timing_route_seed_capacity/pmu/attempt_01/roundtrip__size_16384.txt,data/ventus/V3.7/single_instruction/tensor_capacity/all_directions/legacy--features_ventus_v3_7_timing_route_seed_capacity/pmu/attempt_01/roundtrip__size_16384.txt,25496,eb2e2868220e007a4fb8a2b80eddcfa9068ce3b3f61957ba3435a991e64cb588
features_ventus_v3_7_timing_route_seed_capacity,results/features_ventus_v3_7_timing_route_seed_capacity/pmu/attempt_01/roundtrip__size_2048.txt,data/ventus/V3.7/single_instruction/tensor_capacity/all_directions/legacy--features_ventus_v3_7_timing_route_seed_capacity/pmu/attempt_01/roundtrip__size_2048.txt,25496,da26a374e20979da57cefcfa7ceb9a7dacd4da01b7a10e2a49db071b23ab3c7e
features_ventus_v3_7_timing_route_seed_capacity,results/features_ventus_v3_7_timing_route_seed_capacity/pmu/attempt_01/roundtrip__size_256.txt,data/ventus/V3.7/single_instruction/tensor_capacity/all_directions/legacy--features_ventus_v3_7_timing_route_seed_capacity/pmu/attempt_01/roundtrip__size_256.txt,25496,6b4039d34f5c3907635ece76cca89a4af7385c970829fb4c5312d1932d7acb05
features_ventus_v3_7_timing_route_seed_capacity,results/features_ventus_v3_7_timing_route_seed_capacity/pmu/attempt_01/roundtrip__size_32768.txt,data/ventus/V3.7/single_instruction/tensor_capacity/all_directions/legacy--features_ventus_v3_7_timing_route_seed_capacity/pmu/attempt_01/roundtrip__size_32768.txt,25496,8d8ae66c59615b890b3c06957b5b7262321a2e88c4d9b788c3fe66c09fe2af07
features_ventus_v3_7_timing_route_seed_capacity,results/features_ventus_v3_7_timing_route_seed_capacity/pmu/attempt_01/roundtrip__size_4096.txt,data/ventus/V3.7/single_instruction/tensor_capacity/all_directions/legacy--features_ventus_v3_7_timing_route_seed_capacity/pmu/attempt_01/roundtrip__size_4096.txt,25496,4fdcca0d44bee9e407dc45ec3e08a73e2f49323a135f2859d6a722993091caf9
features_ventus_v3_7_timing_route_seed_capacity,results/features_ventus_v3_7_timing_route_seed_capacity/pmu/attempt_01/roundtrip__size_512.txt,data/ventus/V3.7/single_instruction/tensor_capacity/all_directions/legacy--features_ventus_v3_7_timing_route_seed_capacity/pmu/attempt_01/roundtrip__size_512.txt,25496,4a7daef024e9e1e0563e929331dbd10b3d2713a01528cc6dc12229fb7ae74594
features_ventus_v3_7_timing_route_seed_capacity,results/features_ventus_v3_7_timing_route_seed_capacity/pmu/attempt_01/roundtrip__size_8192.txt,data/ventus/V3.7/single_instruction/tensor_capacity/all_directions/legacy--features_ventus_v3_7_timing_route_seed_capacity/pmu/attempt_01/roundtrip__size_8192.txt,25496,b2c700a1402b01f9488f802565106210787c42ec7b8f914e20261790307a8384
features_ventus_v3_7_timing_route_seed_capacity,results/features_ventus_v3_7_timing_route_seed_capacity/pmu/attempt_01/s2g__size_1024.txt,data/ventus/V3.7/single_instruction/tensor_capacity/all_directions/legacy--features_ventus_v3_7_timing_route_seed_capacity/pmu/attempt_01/s2g__size_1024.txt,25496,00a0848e6cdb70a3e4ac5b8cc3b316c2a2a55eb31956eb5fc4ebeb973639cc2b
features_ventus_v3_7_timing_route_seed_capacity,results/features_ventus_v3_7_timing_route_seed_capacity/pmu/attempt_01/s2g__size_128.txt,data/ventus/V3.7/single_instruction/tensor_capacity/all_directions/legacy--features_ventus_v3_7_timing_route_seed_capacity/pmu/attempt_01/s2g__size_128.txt,25496,27bb56a6dc7d8064cb1f3d89edcc51907ee1e9e2436edd9a76d909e743da592e
features_ventus_v3_7_timing_route_seed_capacity,results/features_ventus_v3_7_timing_route_seed_capacity/pmu/attempt_01/s2g__size_16384.txt,data/ventus/V3.7/single_instruction/tensor_capacity/all_directions/legacy--features_ventus_v3_7_timing_route_seed_capacity/pmu/attempt_01/s2g__size_16384.txt,25496,d9d203ab8a8b35a13e84280e6aeb21d7133e6ef885dfc34f3bb7c7c1edc2ca64
features_ventus_v3_7_timing_route_seed_capacity,results/features_ventus_v3_7_timing_route_seed_capacity/pmu/attempt_01/s2g__size_2048.txt,data/ventus/V3.7/single_instruction/tensor_capacity/all_directions/legacy--features_ventus_v3_7_timing_route_seed_capacity/pmu/attempt_01/s2g__size_2048.txt,25496,5bbeb513c0b72bca3c400db58862ee90dc0c88cb088d13c553d867372849c8f1
features_ventus_v3_7_timing_route_seed_capacity,results/features_ventus_v3_7_timing_route_seed_capacity/pmu/attempt_01/s2g__size_256.txt,data/ventus/V3.7/single_instruction/tensor_capacity/all_directions/legacy--features_ventus_v3_7_timing_route_seed_capacity/pmu/attempt_01/s2g__size_256.txt,25496,42996b50fee75a5971294999a71e502819a9861fb2dccd12593c62c0d070553f
features_ventus_v3_7_timing_route_seed_capacity,results/features_ventus_v3_7_timing_route_seed_capacity/pmu/attempt_01/s2g__size_32768.txt,data/ventus/V3.7/single_instruction/tensor_capacity/all_directions/legacy--features_ventus_v3_7_timing_route_seed_capacity/pmu/attempt_01/s2g__size_32768.txt,25496,c2ecb33eddfb1117b0866c542a7ab73c115bfda7ff247fb459a5761eb1fdc541
features_ventus_v3_7_timing_route_seed_capacity,results/features_ventus_v3_7_timing_route_seed_capacity/pmu/attempt_01/s2g__size_4096.txt,data/ventus/V3.7/single_instruction/tensor_capacity/all_directions/legacy--features_ventus_v3_7_timing_route_seed_capacity/pmu/attempt_01/s2g__size_4096.txt,25496,90d4566db33affcc6b67f71936fba4b0b13e9e62a9fe141e5ad32e51bf583585
features_ventus_v3_7_timing_route_seed_capacity,results/features_ventus_v3_7_timing_route_seed_capacity/pmu/attempt_01/s2g__size_512.txt,data/ventus/V3.7/single_instruction/tensor_capacity/all_directions/legacy--features_ventus_v3_7_timing_route_seed_capacity/pmu/attempt_01/s2g__size_512.txt,25496,069831b3991ca5b4fb81f812a8a3e47b7c224c5de1f52b5e8e6165cc71cbb4a7
features_ventus_v3_7_timing_route_seed_capacity,results/features_ventus_v3_7_timing_route_seed_capacity/pmu/attempt_01/s2g__size_8192.txt,data/ventus/V3.7/single_instruction/tensor_capacity/all_directions/legacy--features_ventus_v3_7_timing_route_seed_capacity/pmu/attempt_01/s2g__size_8192.txt,25496,1b62f8519e2c1b3169143aa2600d25debac57d8b19ead8334d892bf42599c0c9
features_ventus_v3_8_cursor_pipeline_capacity,results/features_ventus_v3_8_cursor_pipeline_capacity/attempt_01.csv,data/ventus/V3.8/single_instruction/tensor_capacity/all_directions/legacy--features_ventus_v3_8_cursor_pipeline_capacity/attempt_01.csv,1952,7c8ee0ba99471636db74b0ce9188724a5fa6832af4c66508a6827e1ffce05e00
features_ventus_v3_8_cursor_pipeline_capacity,results/features_ventus_v3_8_cursor_pipeline_capacity/manifest.json,data/ventus/V3.8/single_instruction/tensor_capacity/all_directions/legacy--features_ventus_v3_8_cursor_pipeline_capacity/manifest.json,1196,dfa80326a5458a6fc8e219cd1d55ad27a79fc6a3dc8fe5bebae538361dd209ed
features_ventus_v3_8_cursor_pipeline_capacity,results/features_ventus_v3_8_cursor_pipeline_capacity/pmu/attempt_01/g2s__size_1024.txt,data/ventus/V3.8/single_instruction/tensor_capacity/all_directions/legacy--features_ventus_v3_8_cursor_pipeline_capacity/pmu/attempt_01/g2s__size_1024.txt,25496,fad9b69ebe4b34ba9044f181c93e41bbf599e4901727a650eb2657ce0e57fc26
features_ventus_v3_8_cursor_pipeline_capacity,results/features_ventus_v3_8_cursor_pipeline_capacity/pmu/attempt_01/g2s__size_128.txt,data/ventus/V3.8/single_instruction/tensor_capacity/all_directions/legacy--features_ventus_v3_8_cursor_pipeline_capacity/pmu/attempt_01/g2s__size_128.txt,25496,ec10be70a99f8f2e94aea474e4ba7f096929cedaf5920eccbd883be1bf11466f
features_ventus_v3_8_cursor_pipeline_capacity,results/features_ventus_v3_8_cursor_pipeline_capacity/pmu/attempt_01/g2s__size_16384.txt,data/ventus/V3.8/single_instruction/tensor_capacity/all_directions/legacy--features_ventus_v3_8_cursor_pipeline_capacity/pmu/attempt_01/g2s__size_16384.txt,25496,73cb08c2b5349916c6296906dd700b73e5355b2c8924f581ba53541b717cf74c
features_ventus_v3_8_cursor_pipeline_capacity,results/features_ventus_v3_8_cursor_pipeline_capacity/pmu/attempt_01/g2s__size_2048.txt,data/ventus/V3.8/single_instruction/tensor_capacity/all_directions/legacy--features_ventus_v3_8_cursor_pipeline_capacity/pmu/attempt_01/g2s__size_2048.txt,25496,c76471c9210fd88083f5e2fad82ca7355172c72fd0126b6e91c4d920f32c270b
features_ventus_v3_8_cursor_pipeline_capacity,results/features_ventus_v3_8_cursor_pipeline_capacity/pmu/attempt_01/g2s__size_256.txt,data/ventus/V3.8/single_instruction/tensor_capacity/all_directions/legacy--features_ventus_v3_8_cursor_pipeline_capacity/pmu/attempt_01/g2s__size_256.txt,25496,61f1224390733266acbce90f8082c9ad81f9647674e429dbfadbb53bc9680c9b
features_ventus_v3_8_cursor_pipeline_capacity,results/features_ventus_v3_8_cursor_pipeline_capacity/pmu/attempt_01/g2s__size_32768.txt,data/ventus/V3.8/single_instruction/tensor_capacity/all_directions/legacy--features_ventus_v3_8_cursor_pipeline_capacity/pmu/attempt_01/g2s__size_32768.txt,25496,f2a83eddb4179014a3c56dbc3dd4719563684e74e729e65f4c27fdd404804473
features_ventus_v3_8_cursor_pipeline_capacity,results/features_ventus_v3_8_cursor_pipeline_capacity/pmu/attempt_01/g2s__size_4096.txt,data/ventus/V3.8/single_instruction/tensor_capacity/all_directions/legacy--features_ventus_v3_8_cursor_pipeline_capacity/pmu/attempt_01/g2s__size_4096.txt,25496,61b93ce75fd2ff054e44c984c042e26b55b915fed17fd2e01b548f0f678d4788
features_ventus_v3_8_cursor_pipeline_capacity,results/features_ventus_v3_8_cursor_pipeline_capacity/pmu/attempt_01/g2s__size_512.txt,data/ventus/V3.8/single_instruction/tensor_capacity/all_directions/legacy--features_ventus_v3_8_cursor_pipeline_capacity/pmu/attempt_01/g2s__size_512.txt,25496,8524439d16e5f3a507ec4317410a24de5730c9087a171af00d2a4c39e681a393
features_ventus_v3_8_cursor_pipeline_capacity,results/features_ventus_v3_8_cursor_pipeline_capacity/pmu/attempt_01/g2s__size_8192.txt,data/ventus/V3.8/single_instruction/tensor_capacity/all_directions/legacy--features_ventus_v3_8_cursor_pipeline_capacity/pmu/attempt_01/g2s__size_8192.txt,25496,48874334bae49ed70900abfa5f4d020ce87b0c23009dff2762b812662be1e6f4
features_ventus_v3_8_cursor_pipeline_capacity,results/features_ventus_v3_8_cursor_pipeline_capacity/pmu/attempt_01/roundtrip__size_1024.txt,data/ventus/V3.8/single_instruction/tensor_capacity/all_directions/legacy--features_ventus_v3_8_cursor_pipeline_capacity/pmu/attempt_01/roundtrip__size_1024.txt,25496,a6e952375d8762fafc4c962b446bde62cd747b59d70b53e86eb204225685cae9
features_ventus_v3_8_cursor_pipeline_capacity,results/features_ventus_v3_8_cursor_pipeline_capacity/pmu/attempt_01/roundtrip__size_128.txt,data/ventus/V3.8/single_instruction/tensor_capacity/all_directions/legacy--features_ventus_v3_8_cursor_pipeline_capacity/pmu/attempt_01/roundtrip__size_128.txt,25496,0c20063bed526fda9bdae6dcfca4b655dde3d3606448f14b1ead6668422976b4
features_ventus_v3_8_cursor_pipeline_capacity,results/features_ventus_v3_8_cursor_pipeline_capacity/pmu/attempt_01/roundtrip__size_16384.txt,data/ventus/V3.8/single_instruction/tensor_capacity/all_directions/legacy--features_ventus_v3_8_cursor_pipeline_capacity/pmu/attempt_01/roundtrip__size_16384.txt,25496,0a142cb0b2dfcf9c202589d59d9ccccdf3f78385bc3e7d3570b5b5164726c970
features_ventus_v3_8_cursor_pipeline_capacity,results/features_ventus_v3_8_cursor_pipeline_capacity/pmu/attempt_01/roundtrip__size_2048.txt,data/ventus/V3.8/single_instruction/tensor_capacity/all_directions/legacy--features_ventus_v3_8_cursor_pipeline_capacity/pmu/attempt_01/roundtrip__size_2048.txt,25496,79e87aec027431b8cb5a87ad550f25481c9fa55a7a48fd2c0707aefacdf0a218
features_ventus_v3_8_cursor_pipeline_capacity,results/features_ventus_v3_8_cursor_pipeline_capacity/pmu/attempt_01/roundtrip__size_256.txt,data/ventus/V3.8/single_instruction/tensor_capacity/all_directions/legacy--features_ventus_v3_8_cursor_pipeline_capacity/pmu/attempt_01/roundtrip__size_256.txt,25496,fcf5fa8c0f40b35ef7c66c0e3a3bf86104157fd7d244dc1de07bf89770fd4ac3
features_ventus_v3_8_cursor_pipeline_capacity,results/features_ventus_v3_8_cursor_pipeline_capacity/pmu/attempt_01/roundtrip__size_32768.txt,data/ventus/V3.8/single_instruction/tensor_capacity/all_directions/legacy--features_ventus_v3_8_cursor_pipeline_capacity/pmu/attempt_01/roundtrip__size_32768.txt,25496,bc863277bb52430f0a242e0c2b2d123c5c57e658c3622b373348376cf78fe526
features_ventus_v3_8_cursor_pipeline_capacity,results/features_ventus_v3_8_cursor_pipeline_capacity/pmu/attempt_01/roundtrip__size_4096.txt,data/ventus/V3.8/single_instruction/tensor_capacity/all_directions/legacy--features_ventus_v3_8_cursor_pipeline_capacity/pmu/attempt_01/roundtrip__size_4096.txt,25496,973c56049d480d2b638dc61c128be7c436299cef7c13081f46f76868041996d3
features_ventus_v3_8_cursor_pipeline_capacity,results/features_ventus_v3_8_cursor_pipeline_capacity/pmu/attempt_01/roundtrip__size_512.txt,data/ventus/V3.8/single_instruction/tensor_capacity/all_directions/legacy--features_ventus_v3_8_cursor_pipeline_capacity/pmu/attempt_01/roundtrip__size_512.txt,25496,022fb4c05e27a7b0332e4dc394283977e55b708115b8639f611b3d9a085f74db
features_ventus_v3_8_cursor_pipeline_capacity,results/features_ventus_v3_8_cursor_pipeline_capacity/pmu/attempt_01/roundtrip__size_8192.txt,data/ventus/V3.8/single_instruction/tensor_capacity/all_directions/legacy--features_ventus_v3_8_cursor_pipeline_capacity/pmu/attempt_01/roundtrip__size_8192.txt,25496,9fe1df24184696adc52182eb6c836c730a2db93d08c887a75e4177f10d8b62de
features_ventus_v3_8_cursor_pipeline_capacity,results/features_ventus_v3_8_cursor_pipeline_capacity/pmu/attempt_01/s2g__size_1024.txt,data/ventus/V3.8/single_instruction/tensor_capacity/all_directions/legacy--features_ventus_v3_8_cursor_pipeline_capacity/pmu/attempt_01/s2g__size_1024.txt,25496,4e145ad6d6b0675dc19212517454287b64c06afbaa7d0ba6acf400ec4b4ee475
features_ventus_v3_8_cursor_pipeline_capacity,results/features_ventus_v3_8_cursor_pipeline_capacity/pmu/attempt_01/s2g__size_128.txt,data/ventus/V3.8/single_instruction/tensor_capacity/all_directions/legacy--features_ventus_v3_8_cursor_pipeline_capacity/pmu/attempt_01/s2g__size_128.txt,25496,93ba2bc90952f40e986ae2185ec5589b0c718bc94a672769e0c923116316bd43
features_ventus_v3_8_cursor_pipeline_capacity,results/features_ventus_v3_8_cursor_pipeline_capacity/pmu/attempt_01/s2g__size_16384.txt,data/ventus/V3.8/single_instruction/tensor_capacity/all_directions/legacy--features_ventus_v3_8_cursor_pipeline_capacity/pmu/attempt_01/s2g__size_16384.txt,25496,533b5be8a304d89dac0ad410f12f0e6e5d63b2887f9a6105a174a7e1d52da38a
features_ventus_v3_8_cursor_pipeline_capacity,results/features_ventus_v3_8_cursor_pipeline_capacity/pmu/attempt_01/s2g__size_2048.txt,data/ventus/V3.8/single_instruction/tensor_capacity/all_directions/legacy--features_ventus_v3_8_cursor_pipeline_capacity/pmu/attempt_01/s2g__size_2048.txt,25496,ded27074415df08810c57775b7552a81332b0995585d206241a7b1a8b5b1f196
features_ventus_v3_8_cursor_pipeline_capacity,results/features_ventus_v3_8_cursor_pipeline_capacity/pmu/attempt_01/s2g__size_256.txt,data/ventus/V3.8/single_instruction/tensor_capacity/all_directions/legacy--features_ventus_v3_8_cursor_pipeline_capacity/pmu/attempt_01/s2g__size_256.txt,25496,58fec99463b90f3654757124f6824828f1cf5bc66da6a64a07793065fa39ba13
features_ventus_v3_8_cursor_pipeline_capacity,results/features_ventus_v3_8_cursor_pipeline_capacity/pmu/attempt_01/s2g__size_32768.txt,data/ventus/V3.8/single_instruction/tensor_capacity/all_directions/legacy--features_ventus_v3_8_cursor_pipeline_capacity/pmu/attempt_01/s2g__size_32768.txt,25496,0b5dd5c051f68b216d735a74676541a74faff04a096dafa1e15a91f759c58769
features_ventus_v3_8_cursor_pipeline_capacity,results/features_ventus_v3_8_cursor_pipeline_capacity/pmu/attempt_01/s2g__size_4096.txt,data/ventus/V3.8/single_instruction/tensor_capacity/all_directions/legacy--features_ventus_v3_8_cursor_pipeline_capacity/pmu/attempt_01/s2g__size_4096.txt,25496,d63912f3c96e7b1b47301983312cb246563e712cea1bbe97813415d898e03f3b
features_ventus_v3_8_cursor_pipeline_capacity,results/features_ventus_v3_8_cursor_pipeline_capacity/pmu/attempt_01/s2g__size_512.txt,data/ventus/V3.8/single_instruction/tensor_capacity/all_directions/legacy--features_ventus_v3_8_cursor_pipeline_capacity/pmu/attempt_01/s2g__size_512.txt,25496,e5943da90128d13eeb597f38391f273986fe204690e82656fcef7a777b42e3c8
features_ventus_v3_8_cursor_pipeline_capacity,results/features_ventus_v3_8_cursor_pipeline_capacity/pmu/attempt_01/s2g__size_8192.txt,data/ventus/V3.8/single_instruction/tensor_capacity/all_directions/legacy--features_ventus_v3_8_cursor_pipeline_capacity/pmu/attempt_01/s2g__size_8192.txt,25496,9f7928c5dd913782e26905d91936e3668f50fb0afe20dbe1544240f43032a92d
interleave_probe_b200,results/interleave_probe_b200/canonical16_roundtrip.json,archive/results/b200/cuda-13.3-sm100/interleave/interleave_probe_b200/canonical16_roundtrip.json,1005,564811ea57dcae077b5ebe998213ace163bc2b51f0ca5923106be008bc3aa6e6
interleave_probe_h100,results/interleave_probe_h100/canonical16_roundtrip.json,archive/results/h100/cuda-13.3-sm90/interleave/interleave_probe_h100/canonical16_roundtrip.json,1022,99c2680070b31cd1b9bbe4476e4832e509c5785279862b8a529c3a8a97ecc085
interleave_probe_h100,results/interleave_probe_h100/canonical32_roundtrip.json,archive/results/h100/cuda-13.3-sm90/interleave/interleave_probe_h100/canonical32_roundtrip.json,1024,e32b93bc6d8aa716385afb509ea7cc24fb60c6e7234ba606c8bc9ae95985ee6b
interleave_probe_h100,results/interleave_probe_h100/reference16_g2s.json,archive/results/h100/cuda-13.3-sm90/interleave/interleave_probe_h100/reference16_g2s.json,1013,54f4d5a2f57e7b0f6c163c64c148318bb40c3c01a311074d53d06c5925b5b90f
interleave_probe_h100,results/interleave_probe_h100/reference16_s2g.json,archive/results/h100/cuda-13.3-sm90/interleave/interleave_probe_h100/reference16_s2g.json,1006,7ce0c7c2c9a2110ec7a5b024fd847c1e833913dc887000909dde4ebd83397701
interleave_probe_h100,results/interleave_probe_h100/uint16_reference_shape16_g2s.json,archive/results/h100/cuda-13.3-sm90/interleave/interleave_probe_h100/uint16_reference_shape16_g2s.json,1046,cb8addcdc6a526ff9003608062f3ebb48ed1d322470c0b59067b8be7ca2ed10f
interleave_probe_h100,results/interleave_probe_h100/uint8_canonical_shape16_g2s.json,archive/results/h100/cuda-13.3-sm90/interleave/interleave_probe_h100/uint8_canonical_shape16_g2s.json,1028,ade4eeb53d5d64b4e2babbeaf84e99c6a28ba23dfad26a089cb2141ea3e8ba98
probe_dtype_h100,results/probe_dtype_h100/dtype.csv,archive/results/h100/cuda-13.3-sm90/dtype/probe_dtype_h100/dtype.csv,15759,b13cb4cce69732bfed2e597c7faa6d821d241ad35e932af5fc54704102441577
probe_dtype_h100,results/probe_dtype_h100/dtype.json,archive/results/h100/cuda-13.3-sm90/dtype/probe_dtype_h100/dtype.json,3106,6aab9e75b1a9e28ce4257a0a7a1d6c7b47a32e346f2ea7717fa057aa3b4db025
probe_dtype_h100,results/probe_dtype_h100/dtype.stderr.txt,archive/results/h100/cuda-13.3-sm90/dtype/probe_dtype_h100/dtype.stderr.txt,3554,8bbe4a0d985f5ff6afb9027a68e33cbb7d5651988d909015412fb316a907396e
probe_layout_h100,results/probe_layout_h100/layout.csv,archive/results/h100/cuda-13.3-sm90/layout/probe_layout_h100/layout.csv,9607,9d4d29c4265e2ae4c2425c9b522911c7690716740007546d3377808b64cdaaed
probe_layout_h100,results/probe_layout_h100/layout.json,archive/results/h100/cuda-13.3-sm90/layout/probe_layout_h100/layout.json,2354,80149b6de3a2b0e0db3b3f9756b388aaee918f0469193ce045d906479334f9ed
probe_layout_h100,results/probe_layout_h100/layout.stderr.txt,archive/results/h100/cuda-13.3-sm90/layout/probe_layout_h100/layout.stderr.txt,2466,55229c10a4286958f626a98b1166e047da2b933c645d30f4c811658c230ac7e6
probe_layout_h100,results/probe_layout_h100/manifest.json,archive/results/h100/cuda-13.3-sm90/layout/probe_layout_h100/manifest.json,1102,25e1a208a76fbcf243043e50eb8dd74678dc68a5daf7cc7045637fe59085d338
probe_oob_left12p5_h100,results/probe_oob_left12p5_h100/manifest.json,archive/results/h100/cuda-13.3-sm90/oob/probe_oob_left12p5_h100/manifest.json,1136,3ac0ad0a45d0fa0fb59b4c76f4604ede1beaa85cba5216c3de36d595c68f88de
probe_oob_left12p5_h100,results/probe_oob_left12p5_h100/tensor_geometry.csv,archive/results/h100/cuda-13.3-sm90/oob/probe_oob_left12p5_h100/tensor_geometry.csv,397,4ca5eca83e54ee2070f5d1c73c667f0d8ebaaa488ea51445e55d25c75a201d82
probe_oob_left12p5_h100,results/probe_oob_left12p5_h100/tensor_geometry.json,archive/results/h100/cuda-13.3-sm90/oob/probe_oob_left12p5_h100/tensor_geometry.json,578,4095da221018db247fe617cd7f0422166432f30d051d5285546df15c87aa6faf
probe_oob_left12p5_h100,results/probe_oob_left12p5_h100/tensor_geometry.stderr.txt,archive/results/h100/cuda-13.3-sm90/oob/probe_oob_left12p5_h100/tensor_geometry.stderr.txt,44,9cf11857813b8dca881e4604dd7754a0614862258b41ed9e50ec1e206b120840
probe_reduce_h100,results/probe_reduce_h100/manifest.json,archive/results/h100/cuda-13.3-sm90/reduce/probe_reduce_h100/manifest.json,1102,da019e567683c87d36f7c7f84d3f4c3ac9537cd671fb0d6ae59613ec1f6b6c86
probe_reduce_h100,results/probe_reduce_h100/reduce.csv,archive/results/h100/cuda-13.3-sm90/reduce/probe_reduce_h100/reduce.csv,8039,f1c694fe069428f62fdd8d7afc927d7784c0895f2c19bc022b0bb1857e735ca0
probe_reduce_h100,results/probe_reduce_h100/reduce.json,archive/results/h100/cuda-13.3-sm90/reduce/probe_reduce_h100/reduce.json,1974,ea002c2b53138f7a81d6c63551299ccb0148881570041be6eb2bc9e02d367cb4
probe_reduce_h100,results/probe_reduce_h100/reduce.stderr.txt,archive/results/h100/cuda-13.3-sm90/reduce/probe_reduce_h100/reduce.stderr.txt,1984,c5bf8b2e04baff99898be1b87f06d768d9e6bb3fb15e7f7bca0e5e9382f6adbd
probe_subbox_h100,results/probe_subbox_h100/manifest.json,archive/results/h100/cuda-13.3-sm90/subbox/probe_subbox_h100/manifest.json,1145,b9fd7638173c61c440a628293561c7df8b0389897c1cfc63ca5c3307101a6976
probe_subbox_h100,results/probe_subbox_h100/tensor_geometry.csv,archive/results/h100/cuda-13.3-sm90/subbox/probe_subbox_h100/tensor_geometry.csv,408,8316428f244c8925fb5740ad438263bd159e1f6ba55d38aca9f9c29b050aff7d
probe_subbox_h100,results/probe_subbox_h100/tensor_geometry.json,archive/results/h100/cuda-13.3-sm90/subbox/probe_subbox_h100/tensor_geometry.json,605,a7d20f0542c74e3f56ad591cbb0a4a3d2ffb5ee44a3c9e943bb61d712a38e19b
probe_subbox_h100,results/probe_subbox_h100/tensor_geometry.stderr.txt,archive/results/h100/cuda-13.3-sm90/subbox/probe_subbox_h100/tensor_geometry.stderr.txt,53,02d48e3b49305089cd3644485b69b9d17e10dde3b9af6daf8de342a188e35a82
tensor_2d_length_compare_v3_10,results/tensor_2d_length_compare_v3_10/REPORT.md,reports/legacy/tensor_2d_capacity/tensor_2d_length_compare_v3_10/REPORT.md,16099,9d7ac37be9421757075280261873ccc7b93c4d4157554f535aceaca0d1e48aa6
tensor_2d_length_compare_v3_10,results/tensor_2d_length_compare_v3_10/manifest.json,reports/legacy/tensor_2d_capacity/tensor_2d_length_compare_v3_10/manifest.json,1157,d06c70366020ec276eff160dfa4ca2bf7635ef149e42209ea9ab5ad46ed9703c
tensor_2d_length_compare_v3_10,results/tensor_2d_length_compare_v3_10/ordered.csv,reports/legacy/tensor_2d_capacity/tensor_2d_length_compare_v3_10/ordered.csv,19664,2e4b6cbbd563a4d4e08c5d858593dc35bf16626d77e45bfcaf256ca84fc6784c
tensor_2d_length_cuda_b200,results/tensor_2d_length_cuda_b200/manifest.json,data/b200/cuda-13.3-sm100/single_instruction/tensor_2d_capacity/all_directions/legacy--tensor_2d_length_cuda_b200/manifest.json,1122,92a0ea54961c71f22dcc45b4b3b9bd5b1da420470fabb45aa764f554cb31f9a4
tensor_2d_length_cuda_b200,results/tensor_2d_length_cuda_b200/tensor_2d_length.csv,data/b200/cuda-13.3-sm100/single_instruction/tensor_2d_capacity/all_directions/legacy--tensor_2d_length_cuda_b200/tensor_2d_length.csv,72894,5d01b7ad6e9f48c5352f652f7446208ff07768ce3deda8623e88b5ee949eec4e
tensor_2d_length_cuda_b200,results/tensor_2d_length_cuda_b200/tensor_2d_length.json,data/b200/cuda-13.3-sm100/single_instruction/tensor_2d_capacity/all_directions/legacy--tensor_2d_length_cuda_b200/tensor_2d_length.json,8376,9f8205cdfa7cd268e15c45325efb3c5deba8dd2852c859989c55165a74d5f500
tensor_2d_length_cuda_b200,results/tensor_2d_length_cuda_b200/tensor_2d_length.stderr.txt,data/b200/cuda-13.3-sm100/single_instruction/tensor_2d_capacity/all_directions/legacy--tensor_2d_length_cuda_b200/tensor_2d_length.stderr.txt,11696,34d1a475390779099f407c73d4f167ce65a524de6b66e395ef3e040ad0631eba
tensor_2d_length_cuda_h100,results/tensor_2d_length_cuda_h100/manifest.json,data/h100/cuda-13.3-sm90/single_instruction/tensor_2d_capacity/all_directions/legacy--tensor_2d_length_cuda_h100/manifest.json,1122,6a515bb34afa64acde84fde0097749c7abc8434a73e0e4465a43cce608af5631
tensor_2d_length_cuda_h100,results/tensor_2d_length_cuda_h100/tensor_2d_length.csv,data/h100/cuda-13.3-sm90/single_instruction/tensor_2d_capacity/all_directions/legacy--tensor_2d_length_cuda_h100/tensor_2d_length.csv,76152,3783acf87b56dc0d593d0e601bb491e20bce0107d3b91349c0f7c0710c5d82a0
tensor_2d_length_cuda_h100,results/tensor_2d_length_cuda_h100/tensor_2d_length.json,data/h100/cuda-13.3-sm90/single_instruction/tensor_2d_capacity/all_directions/legacy--tensor_2d_length_cuda_h100/tensor_2d_length.json,8368,e6652ad2228640e618085c8520add2be22c2889b31031c1a901ad399fa2d2cd9
tensor_2d_length_cuda_h100,results/tensor_2d_length_cuda_h100/tensor_2d_length.stderr.txt,data/h100/cuda-13.3-sm90/single_instruction/tensor_2d_capacity/all_directions/legacy--tensor_2d_length_cuda_h100/tensor_2d_length.stderr.txt,11696,34d1a475390779099f407c73d4f167ce65a524de6b66e395ef3e040ad0631eba
tensor_2d_length_ventus_v3_10,results/tensor_2d_length_ventus_v3_10/outcomes.jsonl,data/ventus/V3.10/single_instruction/tensor_2d_capacity/all_directions/legacy--tensor_2d_length_ventus_v3_10/outcomes.jsonl,8726,5017172967962da0936aa47f8a2f624f85bb2e3b3c585f0558d6e22a4d51ccb3
tensor_2d_length_ventus_v3_10_fail_recheck_1,results/tensor_2d_length_ventus_v3_10_fail_recheck_1/manifest.json,archive/results/ventus/V3.10/tensor_2d_capacity/tensor_2d_length_ventus_v3_10_fail_recheck_1/manifest.json,295,983826e070c3a300d482fc0b5fa9fd12a7898a764f21c862befceb569b831c7a
tensor_2d_length_ventus_v3_10_fail_recheck_1,results/tensor_2d_length_ventus_v3_10_fail_recheck_1/outcomes.jsonl,archive/results/ventus/V3.10/tensor_2d_capacity/tensor_2d_length_ventus_v3_10_fail_recheck_1/outcomes.jsonl,16369,278c354e7a4079f617642e2785b12732b8426b8e18e2b65c397bc4d61394b919
tensor_2d_length_ventus_v3_10_r1,results/tensor_2d_length_ventus_v3_10_r1/attempt_01.csv,data/ventus/V3.10/single_instruction/tensor_2d_capacity/all_directions/legacy--tensor_2d_length_ventus_v3_10_r1/attempt_01.csv,34003,4d02e738971893bf67f621e991956590e2634cb47be7277452ad0dd605474248
tensor_2d_length_ventus_v3_10_r1,results/tensor_2d_length_ventus_v3_10_r1/manifest.json,data/ventus/V3.10/single_instruction/tensor_2d_capacity/all_directions/legacy--tensor_2d_length_ventus_v3_10_r1/manifest.json,299,0cb6141719bb49236c0fb35c3929e79385135617328f176dd543f5e4c8c77eb5
tensor_2d_length_ventus_v3_10_r1,results/tensor_2d_length_ventus_v3_10_r1/outcomes.jsonl,data/ventus/V3.10/single_instruction/tensor_2d_capacity/all_directions/legacy--tensor_2d_length_ventus_v3_10_r1/outcomes.jsonl,1567797,876073094ab079be360431a3f6eb807d01504cd8d20deaccbd2ae180a4fde4fa
tensor_2d_length_ventus_v3_10_r1,results/tensor_2d_length_ventus_v3_10_r1/partial.csv,data/ventus/V3.10/single_instruction/tensor_2d_capacity/all_directions/legacy--tensor_2d_length_ventus_v3_10_r1/partial.csv,34003,4d02e738971893bf67f621e991956590e2634cb47be7277452ad0dd605474248
uarch_cuda_b200,results/uarch_cuda_b200/attempt_01.csv,data/b200/cuda-13.3-sm100/single_instruction/descriptor_reuse/all_directions/legacy--uarch_cuda_b200/attempt_01.csv,3451,c7c3b0a501c5720758e83ec000d7cfdbfe4b983a41e9c3f13bbc92f190f07748
uarch_cuda_b200,results/uarch_cuda_b200/attempt_01.json,data/b200/cuda-13.3-sm100/single_instruction/descriptor_reuse/all_directions/legacy--uarch_cuda_b200/attempt_01.json,550,9407ed4e7ec658ee90a266311e0d7e8fcc3d6b129756f731914efbbae6c7aea8
uarch_cuda_b200,results/uarch_cuda_b200/attempt_01.stderr.txt,data/b200/cuda-13.3-sm100/single_instruction/descriptor_reuse/all_directions/legacy--uarch_cuda_b200/attempt_01.stderr.txt,0,e3b0c44298fc1c149afbf4c8996fb92427ae41e4649b934ca495991b7852b855
uarch_cuda_b200,results/uarch_cuda_b200/attempt_02.csv,data/b200/cuda-13.3-sm100/single_instruction/descriptor_reuse/all_directions/legacy--uarch_cuda_b200/attempt_02.csv,3451,90770c458a8541d185f15046fd4571b4fc7cd94afd4b00484b95bf230cde2fee
uarch_cuda_b200,results/uarch_cuda_b200/attempt_02.json,data/b200/cuda-13.3-sm100/single_instruction/descriptor_reuse/all_directions/legacy--uarch_cuda_b200/attempt_02.json,463,34e01ed2628d1c59e73cbc42360287945378b4370c264d7725211d1f5f9589a1
uarch_cuda_b200,results/uarch_cuda_b200/attempt_02.stderr.txt,data/b200/cuda-13.3-sm100/single_instruction/descriptor_reuse/all_directions/legacy--uarch_cuda_b200/attempt_02.stderr.txt,0,e3b0c44298fc1c149afbf4c8996fb92427ae41e4649b934ca495991b7852b855
uarch_cuda_b200,results/uarch_cuda_b200/cuda_tma_uarch_parity.cu,data/b200/cuda-13.3-sm100/single_instruction/descriptor_reuse/all_directions/legacy--uarch_cuda_b200/cuda_tma_uarch_parity.cu,14321,34f089869c4a3868d3a3b02bfa21539182daeb13108fcba5b5657f92f19b8f91
uarch_cuda_b200,results/uarch_cuda_b200/cuda_tma_uarch_parity.cu.sha256,data/b200/cuda-13.3-sm100/single_instruction/descriptor_reuse/all_directions/legacy--uarch_cuda_b200/cuda_tma_uarch_parity.cu.sha256,65,41c225a3b886493325ee7d76a8509d886b07950a0e10b0f0b61b7148ae640f33
uarch_cuda_b200,results/uarch_cuda_b200/cuda_tma_uarch_parity.ptx,data/b200/cuda-13.3-sm100/single_instruction/descriptor_reuse/all_directions/legacy--uarch_cuda_b200/cuda_tma_uarch_parity.ptx,30269,f253b28a1c5db4c8b0c7fc8189366316b590b543a195397e1cb0f544e4d278ce
uarch_cuda_b200,results/uarch_cuda_b200/cuda_tma_uarch_parity.ptx.sha256,data/b200/cuda-13.3-sm100/single_instruction/descriptor_reuse/all_directions/legacy--uarch_cuda_b200/cuda_tma_uarch_parity.ptx.sha256,65,d3c3d5581eb634d361c039ae70b85507d923b9add9d8d3c5c00b27d3b0d90169
uarch_cuda_b200,results/uarch_cuda_b200/cuda_tma_uarch_parity.sass,data/b200/cuda-13.3-sm100/single_instruction/descriptor_reuse/all_directions/legacy--uarch_cuda_b200/cuda_tma_uarch_parity.sass,186184,fd3b90c9e0c5a68d16e1b5fc65aebc1ea3e15d61c4bda7aa61a15df8933662a7
uarch_cuda_b200,results/uarch_cuda_b200/cuda_tma_uarch_parity.sass.sha256,data/b200/cuda-13.3-sm100/single_instruction/descriptor_reuse/all_directions/legacy--uarch_cuda_b200/cuda_tma_uarch_parity.sass.sha256,65,d72102d1e7103fbeefd57c7fd8f5272c6645bda58aca362c607cb04cd8608d96
uarch_cuda_b200,results/uarch_cuda_b200/manifest.json,data/b200/cuda-13.3-sm100/single_instruction/descriptor_reuse/all_directions/legacy--uarch_cuda_b200/manifest.json,359,157d396d7ebe65c58300fcbf5025baa2beab9c6103768802e7f5f625c09d6787
uarch_cuda_b200_full,results/uarch_cuda_b200_full/attempt_01.csv,data/b200/cuda-13.3-sm100/single_instruction/descriptor_reuse/all_directions/legacy--uarch_cuda_b200_full/attempt_01.csv,9177,b5f603fad0a08a7788d0408a84abd7f4d5935dcb807c3f67cc48d8c7d26133e8
uarch_cuda_b200_full,results/uarch_cuda_b200_full/attempt_01.json,data/b200/cuda-13.3-sm100/single_instruction/descriptor_reuse/all_directions/legacy--uarch_cuda_b200_full/attempt_01.json,557,6b59613af44b89711f435b85c92a8cf8c6800388819a8496e2411d0c4dc70574
uarch_cuda_b200_full,results/uarch_cuda_b200_full/attempt_01.stderr.txt,data/b200/cuda-13.3-sm100/single_instruction/descriptor_reuse/all_directions/legacy--uarch_cuda_b200_full/attempt_01.stderr.txt,0,e3b0c44298fc1c149afbf4c8996fb92427ae41e4649b934ca495991b7852b855
uarch_cuda_b200_full,results/uarch_cuda_b200_full/attempt_02.csv,data/b200/cuda-13.3-sm100/single_instruction/descriptor_reuse/all_directions/legacy--uarch_cuda_b200_full/attempt_02.csv,9177,58925ecf3f88a6b46c60fc86ed5e39e43f020e00d0c61c3aa9553152f7dabddd
uarch_cuda_b200_full,results/uarch_cuda_b200_full/attempt_02.json,data/b200/cuda-13.3-sm100/single_instruction/descriptor_reuse/all_directions/legacy--uarch_cuda_b200_full/attempt_02.json,463,4ef6d76750c61128e289853bfbfe7c5575236c7de151717c5eba35319772eca1
uarch_cuda_b200_full,results/uarch_cuda_b200_full/attempt_02.stderr.txt,data/b200/cuda-13.3-sm100/single_instruction/descriptor_reuse/all_directions/legacy--uarch_cuda_b200_full/attempt_02.stderr.txt,0,e3b0c44298fc1c149afbf4c8996fb92427ae41e4649b934ca495991b7852b855
uarch_cuda_b200_full,results/uarch_cuda_b200_full/cuda_tma_uarch_parity.cu,data/b200/cuda-13.3-sm100/single_instruction/descriptor_reuse/all_directions/legacy--uarch_cuda_b200_full/cuda_tma_uarch_parity.cu,14129,6987875faa74034758799f0f92185e9b012c49b15586423a0e5ae08bbe6a119a
uarch_cuda_b200_full,results/uarch_cuda_b200_full/cuda_tma_uarch_parity.cu.sha256,data/b200/cuda-13.3-sm100/single_instruction/descriptor_reuse/all_directions/legacy--uarch_cuda_b200_full/cuda_tma_uarch_parity.cu.sha256,65,b86935f1699b966838b1cfb6c8fca50faa5e57505d1b8bc3c9f984109b76c37c
uarch_cuda_b200_full,results/uarch_cuda_b200_full/cuda_tma_uarch_parity.ptx,data/b200/cuda-13.3-sm100/single_instruction/descriptor_reuse/all_directions/legacy--uarch_cuda_b200_full/cuda_tma_uarch_parity.ptx,30269,f253b28a1c5db4c8b0c7fc8189366316b590b543a195397e1cb0f544e4d278ce
uarch_cuda_b200_full,results/uarch_cuda_b200_full/cuda_tma_uarch_parity.ptx.sha256,data/b200/cuda-13.3-sm100/single_instruction/descriptor_reuse/all_directions/legacy--uarch_cuda_b200_full/cuda_tma_uarch_parity.ptx.sha256,65,d3c3d5581eb634d361c039ae70b85507d923b9add9d8d3c5c00b27d3b0d90169
uarch_cuda_b200_full,results/uarch_cuda_b200_full/cuda_tma_uarch_parity.sass,data/b200/cuda-13.3-sm100/single_instruction/descriptor_reuse/all_directions/legacy--uarch_cuda_b200_full/cuda_tma_uarch_parity.sass,186184,037e8c5ec10ddba266f85cbf52fe7e5382ed3ded447dbb176dbe1aa0ffb4bbcb
uarch_cuda_b200_full,results/uarch_cuda_b200_full/cuda_tma_uarch_parity.sass.sha256,data/b200/cuda-13.3-sm100/single_instruction/descriptor_reuse/all_directions/legacy--uarch_cuda_b200_full/cuda_tma_uarch_parity.sass.sha256,65,5aa98065480aabd660fb2a8983c5f1fdd3192c13af4ea95610f1265240f342e4
uarch_cuda_b200_full,results/uarch_cuda_b200_full/manifest.json,data/b200/cuda-13.3-sm100/single_instruction/descriptor_reuse/all_directions/legacy--uarch_cuda_b200_full/manifest.json,359,47fda129e99acfd4f429c2927e7c26e7f45d244707b77f204d3465a783f0fa88
uarch_cuda_h100,results/uarch_cuda_h100/attempt_01.csv,data/h100/cuda-13.3-sm90/single_instruction/descriptor_reuse/all_directions/legacy--uarch_cuda_h100/attempt_01.csv,10447,722f453e605a1bec146d9a77978781789de7ca601828467859364186540851b2
uarch_cuda_h100,results/uarch_cuda_h100/attempt_01.json,data/h100/cuda-13.3-sm90/single_instruction/descriptor_reuse/all_directions/legacy--uarch_cuda_h100/attempt_01.json,565,0967456bc3ed2cbe3e1098d431bda9faa3bd9449b8132576a0e69af7a3e7017e
uarch_cuda_h100,results/uarch_cuda_h100/attempt_01.stderr.txt,data/h100/cuda-13.3-sm90/single_instruction/descriptor_reuse/all_directions/legacy--uarch_cuda_h100/attempt_01.stderr.txt,0,e3b0c44298fc1c149afbf4c8996fb92427ae41e4649b934ca495991b7852b855
uarch_cuda_h100,results/uarch_cuda_h100/attempt_02.csv,data/h100/cuda-13.3-sm90/single_instruction/descriptor_reuse/all_directions/legacy--uarch_cuda_h100/attempt_02.csv,10447,e6948cf1cc6fd17bba6bb72bda6f40e1922f48a08a6a4a1adb391f051cf7ad2b
uarch_cuda_h100,results/uarch_cuda_h100/attempt_02.json,data/h100/cuda-13.3-sm90/single_instruction/descriptor_reuse/all_directions/legacy--uarch_cuda_h100/attempt_02.json,478,3be7fb858ecf726da6aa474768cb8d098d32e9bc73f0e8859381792cbbbaf212
uarch_cuda_h100,results/uarch_cuda_h100/attempt_02.stderr.txt,data/h100/cuda-13.3-sm90/single_instruction/descriptor_reuse/all_directions/legacy--uarch_cuda_h100/attempt_02.stderr.txt,0,e3b0c44298fc1c149afbf4c8996fb92427ae41e4649b934ca495991b7852b855
uarch_cuda_h100,results/uarch_cuda_h100/cuda_tma_uarch_parity.cu,data/h100/cuda-13.3-sm90/single_instruction/descriptor_reuse/all_directions/legacy--uarch_cuda_h100/cuda_tma_uarch_parity.cu,14321,34f089869c4a3868d3a3b02bfa21539182daeb13108fcba5b5657f92f19b8f91
uarch_cuda_h100,results/uarch_cuda_h100/cuda_tma_uarch_parity.cu.sha256,data/h100/cuda-13.3-sm90/single_instruction/descriptor_reuse/all_directions/legacy--uarch_cuda_h100/cuda_tma_uarch_parity.cu.sha256,65,41c225a3b886493325ee7d76a8509d886b07950a0e10b0f0b61b7148ae640f33
uarch_cuda_h100,results/uarch_cuda_h100/cuda_tma_uarch_parity.ptx,data/h100/cuda-13.3-sm90/single_instruction/descriptor_reuse/all_directions/legacy--uarch_cuda_h100/cuda_tma_uarch_parity.ptx,21517,34838cce6fd267b19e00f07a06ef952fcd705cb75b8572a7c268d476c6fc1ead
uarch_cuda_h100,results/uarch_cuda_h100/cuda_tma_uarch_parity.ptx.sha256,data/h100/cuda-13.3-sm90/single_instruction/descriptor_reuse/all_directions/legacy--uarch_cuda_h100/cuda_tma_uarch_parity.ptx.sha256,65,471c0246f83ced5e19c79ee47861d45b8fe9a97a9cb7930ef8c48177233e7716
uarch_cuda_h100,results/uarch_cuda_h100/cuda_tma_uarch_parity.sass,data/h100/cuda-13.3-sm90/single_instruction/descriptor_reuse/all_directions/legacy--uarch_cuda_h100/cuda_tma_uarch_parity.sass,146192,38d3d1d7ab53b71ff8af98aa642b75ca56c79d142e78518b2d663002bbf0f7a7
uarch_cuda_h100,results/uarch_cuda_h100/cuda_tma_uarch_parity.sass.sha256,data/h100/cuda-13.3-sm90/single_instruction/descriptor_reuse/all_directions/legacy--uarch_cuda_h100/cuda_tma_uarch_parity.sass.sha256,65,7016ab348f2e7248ee0f1ddaca647c804334c9123204fc0e9344de94f56377ec
uarch_cuda_h100,results/uarch_cuda_h100/manifest.json,data/h100/cuda-13.3-sm90/single_instruction/descriptor_reuse/all_directions/legacy--uarch_cuda_h100/manifest.json,359,3885d4706a769c41015f21751a96907e382ae3a9e3604019ad3901bad3f8eb7f
uarch_ventus,results/uarch_ventus/attempt_01.csv,data/ventus/V3.0/single_instruction/descriptor_reuse/all_directions/legacy--uarch_ventus/attempt_01.csv,748,270193dd82a65e31483e8b69f569831c238f014b104f62a106c18c1dec21ea92
uarch_ventus,results/uarch_ventus/failure_tail.txt,data/ventus/V3.0/single_instruction/descriptor_reuse/all_directions/legacy--uarch_ventus/failure_tail.txt,11569,624dbc4901b9df0cc3b5ad01da0e84f8b126d87c8ede035a294b5c3fb12969be
uarch_ventus,results/uarch_ventus/manifest.json,data/ventus/V3.0/single_instruction/descriptor_reuse/all_directions/legacy--uarch_ventus/manifest.json,1115,77a3e9eff642ed388dde6110282e8bcb59f1c8a6dde8cfdfdce2ab5128b54ef7
uarch_ventus_v3_1,results/uarch_ventus_v3_1/attempt_01.csv,data/ventus/V3.1/single_instruction/descriptor_reuse/all_directions/legacy--uarch_ventus_v3_1/attempt_01.csv,874,e1434c73f37b5df65d7ae32634c1ea39f77bb3aeb23ef2789bfae52fd9636246
uarch_ventus_v3_1,results/uarch_ventus_v3_1/failure_tail_outstanding_multi_not_applicable.txt,data/ventus/V3.1/single_instruction/descriptor_reuse/all_directions/legacy--uarch_ventus_v3_1/failure_tail_outstanding_multi_not_applicable.txt,7519,bcdf91424263d12b9851ca9272c4bdc428c41ec3e80ff04a54b9dc27cd506d7d
uarch_ventus_v3_1,results/uarch_ventus_v3_1/manifest.json,data/ventus/V3.1/single_instruction/descriptor_reuse/all_directions/legacy--uarch_ventus_v3_1/manifest.json,1048,927e31af63e52002133f3fa9ae32fc1179f43e4a1506c49d94b8f0fa3301e1ed
uarch_ventus_v3_3,results/uarch_ventus_v3_3/attempt_01.csv,data/ventus/V3.3/single_instruction/descriptor_reuse/all_directions/legacy--uarch_ventus_v3_3/attempt_01.csv,2420,2990d1579896c51d1358c9b05e8344c4770cf3786208ff349192ac0aa85fecf8
uarch_ventus_v3_3,results/uarch_ventus_v3_3/local_timeout_tail_pre_resume.txt,data/ventus/V3.3/single_instruction/descriptor_reuse/all_directions/legacy--uarch_ventus_v3_3/local_timeout_tail_pre_resume.txt,10377,3eb230430fa1721d2ea065c9a41fdfdaf7d80ada7ff6e445483f0bf7f5c4763e
uarch_ventus_v3_3,results/uarch_ventus_v3_3/manifest.json,data/ventus/V3.3/single_instruction/descriptor_reuse/all_directions/legacy--uarch_ventus_v3_3/manifest.json,1045,883dbe34c6e3690ffcfee601d0c74fa2d74b73977496cc32bfd91564ac57a196
uarch_ventus_v3_3,results/uarch_ventus_v3_3/pmu/attempt_01/descriptor__maps_1024_pf0.txt,data/ventus/V3.3/single_instruction/descriptor_reuse/all_directions/legacy--uarch_ventus_v3_3/pmu/attempt_01/descriptor__maps_1024_pf0.txt,25496,e8994630688ddf9334bf099dbc342a3d68c64ea14fffbdb6306fcb698eed5604
uarch_ventus_v3_3,results/uarch_ventus_v3_3/pmu/attempt_01/descriptor__maps_1024_pf1.txt,data/ventus/V3.3/single_instruction/descriptor_reuse/all_directions/legacy--uarch_ventus_v3_3/pmu/attempt_01/descriptor__maps_1024_pf1.txt,25496,6b49db58a55fec787c6e68c4a34356ea48628484efc7ad8b34d9881b6bcee26a
uarch_ventus_v3_3,results/uarch_ventus_v3_3/pmu/attempt_01/descriptor__maps_16_pf0.txt,data/ventus/V3.3/single_instruction/descriptor_reuse/all_directions/legacy--uarch_ventus_v3_3/pmu/attempt_01/descriptor__maps_16_pf0.txt,25496,e8994630688ddf9334bf099dbc342a3d68c64ea14fffbdb6306fcb698eed5604
uarch_ventus_v3_3,results/uarch_ventus_v3_3/pmu/attempt_01/descriptor__maps_16_pf1.txt,data/ventus/V3.3/single_instruction/descriptor_reuse/all_directions/legacy--uarch_ventus_v3_3/pmu/attempt_01/descriptor__maps_16_pf1.txt,25496,6b49db58a55fec787c6e68c4a34356ea48628484efc7ad8b34d9881b6bcee26a
uarch_ventus_v3_3,results/uarch_ventus_v3_3/pmu/attempt_01/descriptor__maps_1_pf0.txt,data/ventus/V3.3/single_instruction/descriptor_reuse/all_directions/legacy--uarch_ventus_v3_3/pmu/attempt_01/descriptor__maps_1_pf0.txt,25496,0fd9b8ac0ba76e915eec57607878d1a2d1b5f98504d3dfa2491d6b8cdbd1aa6f
uarch_ventus_v3_3,results/uarch_ventus_v3_3/pmu/attempt_01/descriptor__maps_1_pf1.txt,data/ventus/V3.3/single_instruction/descriptor_reuse/all_directions/legacy--uarch_ventus_v3_3/pmu/attempt_01/descriptor__maps_1_pf1.txt,25496,11313ce3e02de2a5f6383ec992ea17e7861edbd3e101b3a0825d60b936cfc667
uarch_ventus_v3_3,results/uarch_ventus_v3_3/pmu/attempt_01/descriptor__maps_256_pf0.txt,data/ventus/V3.3/single_instruction/descriptor_reuse/all_directions/legacy--uarch_ventus_v3_3/pmu/attempt_01/descriptor__maps_256_pf0.txt,25496,e8994630688ddf9334bf099dbc342a3d68c64ea14fffbdb6306fcb698eed5604
uarch_ventus_v3_3,results/uarch_ventus_v3_3/pmu/attempt_01/descriptor__maps_256_pf1.txt,data/ventus/V3.3/single_instruction/descriptor_reuse/all_directions/legacy--uarch_ventus_v3_3/pmu/attempt_01/descriptor__maps_256_pf1.txt,25496,6b49db58a55fec787c6e68c4a34356ea48628484efc7ad8b34d9881b6bcee26a
uarch_ventus_v3_3,results/uarch_ventus_v3_3/pmu/attempt_01/descriptor__maps_4_pf0.txt,data/ventus/V3.3/single_instruction/descriptor_reuse/all_directions/legacy--uarch_ventus_v3_3/pmu/attempt_01/descriptor__maps_4_pf0.txt,25496,e8994630688ddf9334bf099dbc342a3d68c64ea14fffbdb6306fcb698eed5604
uarch_ventus_v3_3,results/uarch_ventus_v3_3/pmu/attempt_01/descriptor__maps_4_pf1.txt,data/ventus/V3.3/single_instruction/descriptor_reuse/all_directions/legacy--uarch_ventus_v3_3/pmu/attempt_01/descriptor__maps_4_pf1.txt,25496,6b49db58a55fec787c6e68c4a34356ea48628484efc7ad8b34d9881b6bcee26a
uarch_ventus_v3_3,results/uarch_ventus_v3_3/pmu/attempt_01/descriptor__maps_64_pf0.txt,data/ventus/V3.3/single_instruction/descriptor_reuse/all_directions/legacy--uarch_ventus_v3_3/pmu/attempt_01/descriptor__maps_64_pf0.txt,25496,e8994630688ddf9334bf099dbc342a3d68c64ea14fffbdb6306fcb698eed5604
uarch_ventus_v3_3,results/uarch_ventus_v3_3/pmu/attempt_01/descriptor__maps_64_pf1.txt,data/ventus/V3.3/single_instruction/descriptor_reuse/all_directions/legacy--uarch_ventus_v3_3/pmu/attempt_01/descriptor__maps_64_pf1.txt,25496,6b49db58a55fec787c6e68c4a34356ea48628484efc7ad8b34d9881b6bcee26a
uarch_ventus_v3_3,results/uarch_ventus_v3_3/pmu/attempt_01/outstanding__outstanding_1.txt,data/ventus/V3.3/single_instruction/descriptor_reuse/all_directions/legacy--uarch_ventus_v3_3/pmu/attempt_01/outstanding__outstanding_1.txt,25496,0fd9b8ac0ba76e915eec57607878d1a2d1b5f98504d3dfa2491d6b8cdbd1aa6f
uarch_ventus_v3_3,results/uarch_ventus_v3_3/resume_note.txt,data/ventus/V3.3/single_instruction/descriptor_reuse/all_directions/legacy--uarch_ventus_v3_3/resume_note.txt,643,33bbb2aa6ddded0eebaa8e3f543e71509e483ebfbae287f6fb78c23fdba64f5b
uarch_ventus_v3_3_pmu,results/uarch_ventus_v3_3_pmu/attempt_01.csv,data/ventus/V3.3/single_instruction/descriptor_reuse/all_directions/legacy--uarch_ventus_v3_3_pmu/attempt_01.csv,2237,e8f9cdade7bda88c8321e7438d8f6446c7ff4fb916d6235ebaa31a297a8aeea9
uarch_ventus_v3_3_pmu,results/uarch_ventus_v3_3_pmu/manifest.json,data/ventus/V3.3/single_instruction/descriptor_reuse/all_directions/legacy--uarch_ventus_v3_3_pmu/manifest.json,1079,2af24c79ea937c0154ded17a4a03a115d87b310fc4fdd6dc676edad0465c0ab0
uarch_ventus_v3_3_pmu,results/uarch_ventus_v3_3_pmu/pmu/attempt_01/descriptor__maps_1024_pf0.txt,data/ventus/V3.3/single_instruction/descriptor_reuse/all_directions/legacy--uarch_ventus_v3_3_pmu/pmu/attempt_01/descriptor__maps_1024_pf0.txt,25496,e8994630688ddf9334bf099dbc342a3d68c64ea14fffbdb6306fcb698eed5604
uarch_ventus_v3_3_pmu,results/uarch_ventus_v3_3_pmu/pmu/attempt_01/descriptor__maps_1024_pf1.txt,data/ventus/V3.3/single_instruction/descriptor_reuse/all_directions/legacy--uarch_ventus_v3_3_pmu/pmu/attempt_01/descriptor__maps_1024_pf1.txt,25496,6b49db58a55fec787c6e68c4a34356ea48628484efc7ad8b34d9881b6bcee26a
uarch_ventus_v3_3_pmu,results/uarch_ventus_v3_3_pmu/pmu/attempt_01/descriptor__maps_16_pf0.txt,data/ventus/V3.3/single_instruction/descriptor_reuse/all_directions/legacy--uarch_ventus_v3_3_pmu/pmu/attempt_01/descriptor__maps_16_pf0.txt,25496,e8994630688ddf9334bf099dbc342a3d68c64ea14fffbdb6306fcb698eed5604
uarch_ventus_v3_3_pmu,results/uarch_ventus_v3_3_pmu/pmu/attempt_01/descriptor__maps_16_pf1.txt,data/ventus/V3.3/single_instruction/descriptor_reuse/all_directions/legacy--uarch_ventus_v3_3_pmu/pmu/attempt_01/descriptor__maps_16_pf1.txt,25496,6b49db58a55fec787c6e68c4a34356ea48628484efc7ad8b34d9881b6bcee26a
uarch_ventus_v3_3_pmu,results/uarch_ventus_v3_3_pmu/pmu/attempt_01/descriptor__maps_1_pf0.txt,data/ventus/V3.3/single_instruction/descriptor_reuse/all_directions/legacy--uarch_ventus_v3_3_pmu/pmu/attempt_01/descriptor__maps_1_pf0.txt,25496,0fd9b8ac0ba76e915eec57607878d1a2d1b5f98504d3dfa2491d6b8cdbd1aa6f
uarch_ventus_v3_3_pmu,results/uarch_ventus_v3_3_pmu/pmu/attempt_01/descriptor__maps_1_pf1.txt,data/ventus/V3.3/single_instruction/descriptor_reuse/all_directions/legacy--uarch_ventus_v3_3_pmu/pmu/attempt_01/descriptor__maps_1_pf1.txt,25496,11313ce3e02de2a5f6383ec992ea17e7861edbd3e101b3a0825d60b936cfc667
uarch_ventus_v3_3_pmu,results/uarch_ventus_v3_3_pmu/pmu/attempt_01/descriptor__maps_256_pf0.txt,data/ventus/V3.3/single_instruction/descriptor_reuse/all_directions/legacy--uarch_ventus_v3_3_pmu/pmu/attempt_01/descriptor__maps_256_pf0.txt,25496,e8994630688ddf9334bf099dbc342a3d68c64ea14fffbdb6306fcb698eed5604
uarch_ventus_v3_3_pmu,results/uarch_ventus_v3_3_pmu/pmu/attempt_01/descriptor__maps_256_pf1.txt,data/ventus/V3.3/single_instruction/descriptor_reuse/all_directions/legacy--uarch_ventus_v3_3_pmu/pmu/attempt_01/descriptor__maps_256_pf1.txt,25496,6b49db58a55fec787c6e68c4a34356ea48628484efc7ad8b34d9881b6bcee26a
uarch_ventus_v3_3_pmu,results/uarch_ventus_v3_3_pmu/pmu/attempt_01/descriptor__maps_4_pf0.txt,data/ventus/V3.3/single_instruction/descriptor_reuse/all_directions/legacy--uarch_ventus_v3_3_pmu/pmu/attempt_01/descriptor__maps_4_pf0.txt,25496,e8994630688ddf9334bf099dbc342a3d68c64ea14fffbdb6306fcb698eed5604
uarch_ventus_v3_3_pmu,results/uarch_ventus_v3_3_pmu/pmu/attempt_01/descriptor__maps_4_pf1.txt,data/ventus/V3.3/single_instruction/descriptor_reuse/all_directions/legacy--uarch_ventus_v3_3_pmu/pmu/attempt_01/descriptor__maps_4_pf1.txt,25496,6b49db58a55fec787c6e68c4a34356ea48628484efc7ad8b34d9881b6bcee26a
uarch_ventus_v3_3_pmu,results/uarch_ventus_v3_3_pmu/pmu/attempt_01/descriptor__maps_64_pf0.txt,data/ventus/V3.3/single_instruction/descriptor_reuse/all_directions/legacy--uarch_ventus_v3_3_pmu/pmu/attempt_01/descriptor__maps_64_pf0.txt,25496,e8994630688ddf9334bf099dbc342a3d68c64ea14fffbdb6306fcb698eed5604
uarch_ventus_v3_3_pmu,results/uarch_ventus_v3_3_pmu/pmu/attempt_01/descriptor__maps_64_pf1.txt,data/ventus/V3.3/single_instruction/descriptor_reuse/all_directions/legacy--uarch_ventus_v3_3_pmu/pmu/attempt_01/descriptor__maps_64_pf1.txt,25496,6b49db58a55fec787c6e68c4a34356ea48628484efc7ad8b34d9881b6bcee26a
uarch_ventus_v3_3_pmu_pre_metadata_compression,results/uarch_ventus_v3_3_pmu_pre_metadata_compression/attempt_01.csv,archive/results/ventus/V3.3/descriptor_reuse/uarch_ventus_v3_3_pmu_pre_metadata_compression/attempt_01.csv,2237,e8f9cdade7bda88c8321e7438d8f6446c7ff4fb916d6235ebaa31a297a8aeea9
uarch_ventus_v3_3_pmu_pre_metadata_compression,results/uarch_ventus_v3_3_pmu_pre_metadata_compression/manifest.json,archive/results/ventus/V3.3/descriptor_reuse/uarch_ventus_v3_3_pmu_pre_metadata_compression/manifest.json,1080,2b0f6b3d2f1cd048fe5e0fdd3898e66beba01f9e1ccc75c92f783149fe71ae65
uarch_ventus_v3_3_pmu_pre_metadata_compression,results/uarch_ventus_v3_3_pmu_pre_metadata_compression/pmu/attempt_01/descriptor__maps_1024_pf0.txt,archive/results/ventus/V3.3/descriptor_reuse/uarch_ventus_v3_3_pmu_pre_metadata_compression/pmu/attempt_01/descriptor__maps_1024_pf0.txt,25496,e8994630688ddf9334bf099dbc342a3d68c64ea14fffbdb6306fcb698eed5604
uarch_ventus_v3_3_pmu_pre_metadata_compression,results/uarch_ventus_v3_3_pmu_pre_metadata_compression/pmu/attempt_01/descriptor__maps_1024_pf1.txt,archive/results/ventus/V3.3/descriptor_reuse/uarch_ventus_v3_3_pmu_pre_metadata_compression/pmu/attempt_01/descriptor__maps_1024_pf1.txt,25496,6b49db58a55fec787c6e68c4a34356ea48628484efc7ad8b34d9881b6bcee26a
uarch_ventus_v3_3_pmu_pre_metadata_compression,results/uarch_ventus_v3_3_pmu_pre_metadata_compression/pmu/attempt_01/descriptor__maps_16_pf0.txt,archive/results/ventus/V3.3/descriptor_reuse/uarch_ventus_v3_3_pmu_pre_metadata_compression/pmu/attempt_01/descriptor__maps_16_pf0.txt,25496,e8994630688ddf9334bf099dbc342a3d68c64ea14fffbdb6306fcb698eed5604
uarch_ventus_v3_3_pmu_pre_metadata_compression,results/uarch_ventus_v3_3_pmu_pre_metadata_compression/pmu/attempt_01/descriptor__maps_16_pf1.txt,archive/results/ventus/V3.3/descriptor_reuse/uarch_ventus_v3_3_pmu_pre_metadata_compression/pmu/attempt_01/descriptor__maps_16_pf1.txt,25496,6b49db58a55fec787c6e68c4a34356ea48628484efc7ad8b34d9881b6bcee26a
uarch_ventus_v3_3_pmu_pre_metadata_compression,results/uarch_ventus_v3_3_pmu_pre_metadata_compression/pmu/attempt_01/descriptor__maps_1_pf0.txt,archive/results/ventus/V3.3/descriptor_reuse/uarch_ventus_v3_3_pmu_pre_metadata_compression/pmu/attempt_01/descriptor__maps_1_pf0.txt,25496,0fd9b8ac0ba76e915eec57607878d1a2d1b5f98504d3dfa2491d6b8cdbd1aa6f
uarch_ventus_v3_3_pmu_pre_metadata_compression,results/uarch_ventus_v3_3_pmu_pre_metadata_compression/pmu/attempt_01/descriptor__maps_1_pf1.txt,archive/results/ventus/V3.3/descriptor_reuse/uarch_ventus_v3_3_pmu_pre_metadata_compression/pmu/attempt_01/descriptor__maps_1_pf1.txt,25496,11313ce3e02de2a5f6383ec992ea17e7861edbd3e101b3a0825d60b936cfc667
uarch_ventus_v3_3_pmu_pre_metadata_compression,results/uarch_ventus_v3_3_pmu_pre_metadata_compression/pmu/attempt_01/descriptor__maps_256_pf0.txt,archive/results/ventus/V3.3/descriptor_reuse/uarch_ventus_v3_3_pmu_pre_metadata_compression/pmu/attempt_01/descriptor__maps_256_pf0.txt,25496,e8994630688ddf9334bf099dbc342a3d68c64ea14fffbdb6306fcb698eed5604
uarch_ventus_v3_3_pmu_pre_metadata_compression,results/uarch_ventus_v3_3_pmu_pre_metadata_compression/pmu/attempt_01/descriptor__maps_256_pf1.txt,archive/results/ventus/V3.3/descriptor_reuse/uarch_ventus_v3_3_pmu_pre_metadata_compression/pmu/attempt_01/descriptor__maps_256_pf1.txt,25496,6b49db58a55fec787c6e68c4a34356ea48628484efc7ad8b34d9881b6bcee26a
uarch_ventus_v3_3_pmu_pre_metadata_compression,results/uarch_ventus_v3_3_pmu_pre_metadata_compression/pmu/attempt_01/descriptor__maps_4_pf0.txt,archive/results/ventus/V3.3/descriptor_reuse/uarch_ventus_v3_3_pmu_pre_metadata_compression/pmu/attempt_01/descriptor__maps_4_pf0.txt,25496,e8994630688ddf9334bf099dbc342a3d68c64ea14fffbdb6306fcb698eed5604
uarch_ventus_v3_3_pmu_pre_metadata_compression,results/uarch_ventus_v3_3_pmu_pre_metadata_compression/pmu/attempt_01/descriptor__maps_4_pf1.txt,archive/results/ventus/V3.3/descriptor_reuse/uarch_ventus_v3_3_pmu_pre_metadata_compression/pmu/attempt_01/descriptor__maps_4_pf1.txt,25496,6b49db58a55fec787c6e68c4a34356ea48628484efc7ad8b34d9881b6bcee26a
uarch_ventus_v3_3_pmu_pre_metadata_compression,results/uarch_ventus_v3_3_pmu_pre_metadata_compression/pmu/attempt_01/descriptor__maps_64_pf0.txt,archive/results/ventus/V3.3/descriptor_reuse/uarch_ventus_v3_3_pmu_pre_metadata_compression/pmu/attempt_01/descriptor__maps_64_pf0.txt,25496,e8994630688ddf9334bf099dbc342a3d68c64ea14fffbdb6306fcb698eed5604
uarch_ventus_v3_3_pmu_pre_metadata_compression,results/uarch_ventus_v3_3_pmu_pre_metadata_compression/pmu/attempt_01/descriptor__maps_64_pf1.txt,archive/results/ventus/V3.3/descriptor_reuse/uarch_ventus_v3_3_pmu_pre_metadata_compression/pmu/attempt_01/descriptor__maps_64_pf1.txt,25496,6b49db58a55fec787c6e68c4a34356ea48628484efc7ad8b34d9881b6bcee26a
uarch_ventus_v3_3_pre_metadata_compression,results/uarch_ventus_v3_3_pre_metadata_compression/attempt_01.csv,archive/results/ventus/V3.3/descriptor_reuse/uarch_ventus_v3_3_pre_metadata_compression/attempt_01.csv,2420,2990d1579896c51d1358c9b05e8344c4770cf3786208ff349192ac0aa85fecf8
uarch_ventus_v3_3_pre_metadata_compression,results/uarch_ventus_v3_3_pre_metadata_compression/manifest.json,archive/results/ventus/V3.3/descriptor_reuse/uarch_ventus_v3_3_pre_metadata_compression/manifest.json,1046,adcd74b40f7596b7991d135545a47f3ef9b290f1752f49f166f36a3d5d6cf00c
uarch_ventus_v3_4,results/uarch_ventus_v3_4/attempt_01.csv,data/ventus/V3.4/single_instruction/descriptor_reuse/all_directions/legacy--uarch_ventus_v3_4/attempt_01.csv,874,bdf4fa709e337264b85277ee104c6ce904958295a30654228935588fc35f9165
uarch_ventus_v3_4,results/uarch_ventus_v3_4/failure_tail.txt,data/ventus/V3.4/single_instruction/descriptor_reuse/all_directions/legacy--uarch_ventus_v3_4/failure_tail.txt,7202,630477cac0b51f794577fad1752b58018d8feb8a961b5a1265ce4f27959d3bc1
uarch_ventus_v3_4,results/uarch_ventus_v3_4/manifest.json,data/ventus/V3.4/single_instruction/descriptor_reuse/all_directions/legacy--uarch_ventus_v3_4/manifest.json,1047,77796c68f8a03a0824e6be428c4fd1f64039bb878e94861855f1117ecfd88a48
uarch_ventus_v3_4,results/uarch_ventus_v3_4/pmu/attempt_01/descriptor__maps_1024_pf0.txt,data/ventus/V3.4/single_instruction/descriptor_reuse/all_directions/legacy--uarch_ventus_v3_4/pmu/attempt_01/descriptor__maps_1024_pf0.txt,12748,ec509c9e6c9667b39be7af0793c75f85ac19960fea67c4114d58cfed9c1c7377
uarch_ventus_v3_4,results/uarch_ventus_v3_4/pmu/attempt_01/descriptor__maps_1024_pf1.txt,data/ventus/V3.4/single_instruction/descriptor_reuse/all_directions/legacy--uarch_ventus_v3_4/pmu/attempt_01/descriptor__maps_1024_pf1.txt,12748,20ba811639d8d3cc3bc4d84f68ee9386f831cc7d291b5b23500e194a95cc7cda
uarch_ventus_v3_4,results/uarch_ventus_v3_4/pmu/attempt_01/descriptor__maps_16_pf0.txt,data/ventus/V3.4/single_instruction/descriptor_reuse/all_directions/legacy--uarch_ventus_v3_4/pmu/attempt_01/descriptor__maps_16_pf0.txt,12748,ec509c9e6c9667b39be7af0793c75f85ac19960fea67c4114d58cfed9c1c7377
uarch_ventus_v3_4,results/uarch_ventus_v3_4/pmu/attempt_01/descriptor__maps_16_pf1.txt,data/ventus/V3.4/single_instruction/descriptor_reuse/all_directions/legacy--uarch_ventus_v3_4/pmu/attempt_01/descriptor__maps_16_pf1.txt,12748,20ba811639d8d3cc3bc4d84f68ee9386f831cc7d291b5b23500e194a95cc7cda
uarch_ventus_v3_4,results/uarch_ventus_v3_4/pmu/attempt_01/descriptor__maps_1_pf0.txt,data/ventus/V3.4/single_instruction/descriptor_reuse/all_directions/legacy--uarch_ventus_v3_4/pmu/attempt_01/descriptor__maps_1_pf0.txt,12748,ec509c9e6c9667b39be7af0793c75f85ac19960fea67c4114d58cfed9c1c7377
uarch_ventus_v3_4,results/uarch_ventus_v3_4/pmu/attempt_01/descriptor__maps_1_pf1.txt,data/ventus/V3.4/single_instruction/descriptor_reuse/all_directions/legacy--uarch_ventus_v3_4/pmu/attempt_01/descriptor__maps_1_pf1.txt,12748,20ba811639d8d3cc3bc4d84f68ee9386f831cc7d291b5b23500e194a95cc7cda
uarch_ventus_v3_4,results/uarch_ventus_v3_4/pmu/attempt_01/descriptor__maps_256_pf0.txt,data/ventus/V3.4/single_instruction/descriptor_reuse/all_directions/legacy--uarch_ventus_v3_4/pmu/attempt_01/descriptor__maps_256_pf0.txt,12748,ec509c9e6c9667b39be7af0793c75f85ac19960fea67c4114d58cfed9c1c7377
uarch_ventus_v3_4,results/uarch_ventus_v3_4/pmu/attempt_01/descriptor__maps_256_pf1.txt,data/ventus/V3.4/single_instruction/descriptor_reuse/all_directions/legacy--uarch_ventus_v3_4/pmu/attempt_01/descriptor__maps_256_pf1.txt,12748,20ba811639d8d3cc3bc4d84f68ee9386f831cc7d291b5b23500e194a95cc7cda
uarch_ventus_v3_4,results/uarch_ventus_v3_4/pmu/attempt_01/descriptor__maps_4_pf0.txt,data/ventus/V3.4/single_instruction/descriptor_reuse/all_directions/legacy--uarch_ventus_v3_4/pmu/attempt_01/descriptor__maps_4_pf0.txt,12748,ec509c9e6c9667b39be7af0793c75f85ac19960fea67c4114d58cfed9c1c7377
uarch_ventus_v3_4,results/uarch_ventus_v3_4/pmu/attempt_01/descriptor__maps_4_pf1.txt,data/ventus/V3.4/single_instruction/descriptor_reuse/all_directions/legacy--uarch_ventus_v3_4/pmu/attempt_01/descriptor__maps_4_pf1.txt,12748,20ba811639d8d3cc3bc4d84f68ee9386f831cc7d291b5b23500e194a95cc7cda
uarch_ventus_v3_4,results/uarch_ventus_v3_4/pmu/attempt_01/descriptor__maps_64_pf0.txt,data/ventus/V3.4/single_instruction/descriptor_reuse/all_directions/legacy--uarch_ventus_v3_4/pmu/attempt_01/descriptor__maps_64_pf0.txt,12748,ec509c9e6c9667b39be7af0793c75f85ac19960fea67c4114d58cfed9c1c7377
uarch_ventus_v3_4,results/uarch_ventus_v3_4/pmu/attempt_01/descriptor__maps_64_pf1.txt,data/ventus/V3.4/single_instruction/descriptor_reuse/all_directions/legacy--uarch_ventus_v3_4/pmu/attempt_01/descriptor__maps_64_pf1.txt,12748,20ba811639d8d3cc3bc4d84f68ee9386f831cc7d291b5b23500e194a95cc7cda
uarch_ventus_v3_4,results/uarch_ventus_v3_4/pmu/attempt_01/outstanding__outstanding_1.txt,data/ventus/V3.4/single_instruction/descriptor_reuse/all_directions/legacy--uarch_ventus_v3_4/pmu/attempt_01/outstanding__outstanding_1.txt,12748,ec509c9e6c9667b39be7af0793c75f85ac19960fea67c4114d58cfed9c1c7377
ventus_full,results/ventus_full/attempt_01.csv,data/ventus/V3.0/single_instruction/cycle_capacity/all_directions/legacy--ventus_full/attempt_01.csv,1666,c81e0ee3709f11039a9060da7ddcc6d84179cebbae2f9e4bb362e3baadbb0d73
ventus_full,results/ventus_full/attempt_02.csv,data/ventus/V3.0/single_instruction/cycle_capacity/all_directions/legacy--ventus_full/attempt_02.csv,1666,c81e0ee3709f11039a9060da7ddcc6d84179cebbae2f9e4bb362e3baadbb0d73
ventus_full,results/ventus_full/attempt_03.csv,data/ventus/V3.0/single_instruction/cycle_capacity/all_directions/legacy--ventus_full/attempt_03.csv,1666,c81e0ee3709f11039a9060da7ddcc6d84179cebbae2f9e4bb362e3baadbb0d73
ventus_full,results/ventus_full/manifest.json,data/ventus/V3.0/single_instruction/cycle_capacity/all_directions/legacy--ventus_full/manifest.json,14729,4d5e41bbfa89a0f58a89d0dd1f5be3a4bc30a56ed05f5d62f5658428a8ebd473
ventus_v3_1_full,results/ventus_v3_1_full/attempt_01.csv,data/ventus/V3.1/single_instruction/cycle_capacity/all_directions/legacy--ventus_v3_1_full/attempt_01.csv,1324,4c47e3542cec8a667265aa2d31e9c1010ede3ba07f308558f5d11d114659ce7a
ventus_v3_1_full,results/ventus_v3_1_full/attempt_02.csv,data/ventus/V3.1/single_instruction/cycle_capacity/all_directions/legacy--ventus_v3_1_full/attempt_02.csv,1324,4c47e3542cec8a667265aa2d31e9c1010ede3ba07f308558f5d11d114659ce7a
ventus_v3_1_full,results/ventus_v3_1_full/attempt_03.csv,data/ventus/V3.1/single_instruction/cycle_capacity/all_directions/legacy--ventus_v3_1_full/attempt_03.csv,1324,4c47e3542cec8a667265aa2d31e9c1010ede3ba07f308558f5d11d114659ce7a
ventus_v3_1_full,results/ventus_v3_1_full/manifest.json,data/ventus/V3.1/single_instruction/cycle_capacity/all_directions/legacy--ventus_v3_1_full/manifest.json,11778,9afc4122a8b9c799885c29c94b722131148147f1a858dc9ab81ec5a817542748
ventus_v3_1_full,results/ventus_v3_1_full/raw_logs/attempt_01/bulk_g2s_16x16.stderr.log,data/ventus/V3.1/single_instruction/cycle_capacity/all_directions/legacy--ventus_v3_1_full/raw_logs/attempt_01/bulk_g2s_16x16.stderr.log,56464,4028bae17964bb95e518136bae1af0afa9c984179f05e6b4acbf1e01eff7be01
ventus_v3_1_full,results/ventus_v3_1_full/raw_logs/attempt_01/bulk_g2s_16x16.stdout.log,data/ventus/V3.1/single_instruction/cycle_capacity/all_directions/legacy--ventus_v3_1_full/raw_logs/attempt_01/bulk_g2s_16x16.stdout.log,49967,c77ff24bda5df585c0dc3c4a034e2ef9cfe0a3b42f2ba901de88f78a7d8169cc
ventus_v3_1_full,results/ventus_v3_1_full/raw_logs/attempt_01/bulk_g2s_1x4.stderr.log,data/ventus/V3.1/single_instruction/cycle_capacity/all_directions/legacy--ventus_v3_1_full/raw_logs/attempt_01/bulk_g2s_1x4.stderr.log,33457,8da2c5f617513f7659929d65ca0b505ae674097644366213bf369b4cb47c8c0d
ventus_v3_1_full,results/ventus_v3_1_full/raw_logs/attempt_01/bulk_g2s_1x4.stdout.log,data/ventus/V3.1/single_instruction/cycle_capacity/all_directions/legacy--ventus_v3_1_full/raw_logs/attempt_01/bulk_g2s_1x4.stdout.log,37291,426ccee1fac5c2c7aba4aa7a9d34f26a6d05d604baf358e2a627129c4b2e4849
ventus_v3_1_full,results/ventus_v3_1_full/raw_logs/attempt_01/bulk_g2s_32x32.stderr.log,data/ventus/V3.1/single_instruction/cycle_capacity/all_directions/legacy--ventus_v3_1_full/raw_logs/attempt_01/bulk_g2s_32x32.stderr.log,136648,ed553034258670044448e8f407cf3c29b0be166a68a91a0483498c97fe43f438
ventus_v3_1_full,results/ventus_v3_1_full/raw_logs/attempt_01/bulk_g2s_32x32.stdout.log,data/ventus/V3.1/single_instruction/cycle_capacity/all_directions/legacy--ventus_v3_1_full/raw_logs/attempt_01/bulk_g2s_32x32.stdout.log,95879,76f8f93936fc5076657d62899b31abb2882eab394c0fb5bf81bee05820872690
ventus_v3_1_full,results/ventus_v3_1_full/raw_logs/attempt_01/bulk_g2s_4x16.stderr.log,data/ventus/V3.1/single_instruction/cycle_capacity/all_directions/legacy--ventus_v3_1_full/raw_logs/attempt_01/bulk_g2s_4x16.stderr.log,36540,aa394be95e593aeb3aacdfbc5e60adb3591669914f3c5cf5db9b7865fa6af2ba
ventus_v3_1_full,results/ventus_v3_1_full/raw_logs/attempt_01/bulk_g2s_4x16.stdout.log,data/ventus/V3.1/single_instruction/cycle_capacity/all_directions/legacy--ventus_v3_1_full/raw_logs/attempt_01/bulk_g2s_4x16.stdout.log,38492,30a2d1ce349b39d4b77040f5b52bb115ec5fa4296f5318b3dbaa8eb813f35b4f
ventus_v3_1_full,results/ventus_v3_1_full/raw_logs/attempt_01/bulk_g2s_4x4.stderr.log,data/ventus/V3.1/single_instruction/cycle_capacity/all_directions/legacy--ventus_v3_1_full/raw_logs/attempt_01/bulk_g2s_4x4.stderr.log,33511,a0cbb3dbb8ff29018ea1c93e1ebaf4ea86ce88bac4b1d148148a66c62476dccb
ventus_v3_1_full,results/ventus_v3_1_full/raw_logs/attempt_01/bulk_g2s_4x4.stdout.log,data/ventus/V3.1/single_instruction/cycle_capacity/all_directions/legacy--ventus_v3_1_full/raw_logs/attempt_01/bulk_g2s_4x4.stdout.log,37095,6ace216eb21d58cc07ffcebf6899763bad04f60a27e363650f4a08c88238b584
ventus_v3_1_full,results/ventus_v3_1_full/raw_logs/attempt_01/bulk_s2g_16x16.stderr.log,data/ventus/V3.1/single_instruction/cycle_capacity/all_directions/legacy--ventus_v3_1_full/raw_logs/attempt_01/bulk_s2g_16x16.stderr.log,56276,aa09b85c4fdb0206a48f657273ad8a8343d72c3346a3c29ee2b9837ed1d294a7
ventus_v3_1_full,results/ventus_v3_1_full/raw_logs/attempt_01/bulk_s2g_16x16.stdout.log,data/ventus/V3.1/single_instruction/cycle_capacity/all_directions/legacy--ventus_v3_1_full/raw_logs/attempt_01/bulk_s2g_16x16.stdout.log,47203,767e52532fecb8e2c67e15f42c451523190a645d69e4b109091ab228b0d44d17
ventus_v3_1_full,results/ventus_v3_1_full/raw_logs/attempt_01/bulk_s2g_1x4.stderr.log,data/ventus/V3.1/single_instruction/cycle_capacity/all_directions/legacy--ventus_v3_1_full/raw_logs/attempt_01/bulk_s2g_1x4.stderr.log,33353,8458741469df1dc1f192c2ef7cd652c7baa2c446846195ee871801896e981ffb
ventus_v3_1_full,results/ventus_v3_1_full/raw_logs/attempt_01/bulk_s2g_1x4.stdout.log,data/ventus/V3.1/single_instruction/cycle_capacity/all_directions/legacy--ventus_v3_1_full/raw_logs/attempt_01/bulk_s2g_1x4.stdout.log,34510,34456f8f208676b02eee10dd854193cc0d996aa229afc489ca1fdb1c5c6cd7d5
ventus_v3_1_full,results/ventus_v3_1_full/raw_logs/attempt_01/bulk_s2g_32x32.stderr.log,data/ventus/V3.1/single_instruction/cycle_capacity/all_directions/legacy--ventus_v3_1_full/raw_logs/attempt_01/bulk_s2g_32x32.stderr.log,136502,2578f3b1637db90b8a50dcb4c800368a400fbe3d5a9b6f9e1dce3e61959b8d9e
ventus_v3_1_full,results/ventus_v3_1_full/raw_logs/attempt_01/bulk_s2g_32x32.stdout.log,data/ventus/V3.1/single_instruction/cycle_capacity/all_directions/legacy--ventus_v3_1_full/raw_logs/attempt_01/bulk_s2g_32x32.stdout.log,93112,ba8969e4a1c36612dccdc806916c32c8d2cacac88a9450fda71522a764e49a1e
ventus_v3_1_full,results/ventus_v3_1_full/raw_logs/attempt_01/bulk_s2g_4x16.stderr.log,data/ventus/V3.1/single_instruction/cycle_capacity/all_directions/legacy--ventus_v3_1_full/raw_logs/attempt_01/bulk_s2g_4x16.stderr.log,36394,16cd1b66f9634967c2d1f184aa170c90f916e3c20f560a9ba828b90fff99ca09
ventus_v3_1_full,results/ventus_v3_1_full/raw_logs/attempt_01/bulk_s2g_4x16.stdout.log,data/ventus/V3.1/single_instruction/cycle_capacity/all_directions/legacy--ventus_v3_1_full/raw_logs/attempt_01/bulk_s2g_4x16.stdout.log,35712,ee407447760a1cb43afe14ce50f26c704e91f2df3cd4633343daec77805ca999
ventus_v3_1_full,results/ventus_v3_1_full/raw_logs/attempt_01/bulk_s2g_4x4.stderr.log,data/ventus/V3.1/single_instruction/cycle_capacity/all_directions/legacy--ventus_v3_1_full/raw_logs/attempt_01/bulk_s2g_4x4.stderr.log,33281,5a128d90555833d76aed69f61afad5fe8eb804d341811f3bd7c58434132dfd9f
ventus_v3_1_full,results/ventus_v3_1_full/raw_logs/attempt_01/bulk_s2g_4x4.stdout.log,data/ventus/V3.1/single_instruction/cycle_capacity/all_directions/legacy--ventus_v3_1_full/raw_logs/attempt_01/bulk_s2g_4x4.stdout.log,34315,c3e1c1574375726ffda314fcfea6184472e4b115fdbed8aa42cdc14f3e60b6bd
ventus_v3_1_full,results/ventus_v3_1_full/raw_logs/attempt_01/tensor_g2s_16x16.stderr.log,data/ventus/V3.1/single_instruction/cycle_capacity/all_directions/legacy--ventus_v3_1_full/raw_logs/attempt_01/tensor_g2s_16x16.stderr.log,81232,55be38a89c9579c848aa40b96106fa87da52f8d9c77a86d5451e3d9e2037df3b
ventus_v3_1_full,results/ventus_v3_1_full/raw_logs/attempt_01/tensor_g2s_16x16.stdout.log,data/ventus/V3.1/single_instruction/cycle_capacity/all_directions/legacy--ventus_v3_1_full/raw_logs/attempt_01/tensor_g2s_16x16.stdout.log,70776,f2f9a1ceea2be279907d3122f785a2acb10f82653e1ad88013b8c8b327ce3542
ventus_v3_1_full,results/ventus_v3_1_full/raw_logs/attempt_01/tensor_g2s_1x4.stderr.log,data/ventus/V3.1/single_instruction/cycle_capacity/all_directions/legacy--ventus_v3_1_full/raw_logs/attempt_01/tensor_g2s_1x4.stderr.log,58141,611ea85e66e214c15cdc9bfbc39edef0f610b8281306c3122d0e795fae748ab2
ventus_v3_1_full,results/ventus_v3_1_full/raw_logs/attempt_01/tensor_g2s_1x4.stdout.log,data/ventus/V3.1/single_instruction/cycle_capacity/all_directions/legacy--ventus_v3_1_full/raw_logs/attempt_01/tensor_g2s_1x4.stdout.log,58091,bb02a0f79b2010dd740c2e9fac0228481412417667f29b6296f4372e72cb3fe5
ventus_v3_1_full,results/ventus_v3_1_full/raw_logs/attempt_01/tensor_g2s_32x32.stderr.log,data/ventus/V3.1/single_instruction/cycle_capacity/all_directions/legacy--ventus_v3_1_full/raw_logs/attempt_01/tensor_g2s_32x32.stderr.log,161374,42a22279d3410db7290417b833282c3d60218aa1e01113944cf26b7801480057
ventus_v3_1_full,results/ventus_v3_1_full/raw_logs/attempt_01/tensor_g2s_32x32.stdout.log,data/ventus/V3.1/single_instruction/cycle_capacity/all_directions/legacy--ventus_v3_1_full/raw_logs/attempt_01/tensor_g2s_32x32.stdout.log,116684,f646a468581bec89ff3785437653f926b3ecec3687bf74ace056b6bdaa3f80db
ventus_v3_1_full,results/ventus_v3_1_full/raw_logs/attempt_01/tensor_g2s_4x16.stderr.log,data/ventus/V3.1/single_instruction/cycle_capacity/all_directions/legacy--ventus_v3_1_full/raw_logs/attempt_01/tensor_g2s_4x16.stderr.log,61140,ee5233baa1e930ac68ff1f4f7c11d26f0323b6dced707070f5bbd163e2124c2f
ventus_v3_1_full,results/ventus_v3_1_full/raw_logs/attempt_01/tensor_g2s_4x16.stdout.log,data/ventus/V3.1/single_instruction/cycle_capacity/all_directions/legacy--ventus_v3_1_full/raw_logs/attempt_01/tensor_g2s_4x16.stdout.log,59303,1051ef99e24d065ffa014ebf87cee66862bb72c4c824a1bdad49a2254867afa6
ventus_v3_1_full,results/ventus_v3_1_full/raw_logs/attempt_01/tensor_g2s_4x4.stderr.log,data/ventus/V3.1/single_instruction/cycle_capacity/all_directions/legacy--ventus_v3_1_full/raw_logs/attempt_01/tensor_g2s_4x4.stderr.log,58321,d271a5de06076fa27f1cb1b3bd8df0f57d00b1e44732c368682de6f0588a3786
ventus_v3_1_full,results/ventus_v3_1_full/raw_logs/attempt_01/tensor_g2s_4x4.stdout.log,data/ventus/V3.1/single_instruction/cycle_capacity/all_directions/legacy--ventus_v3_1_full/raw_logs/attempt_01/tensor_g2s_4x4.stdout.log,57895,2fd77e5463df95b4cfe85c021420732cdea85119e581ebd7936363c7dbd19111
ventus_v3_1_full,results/ventus_v3_1_full/raw_logs/attempt_01/tensor_s2g_16x16.stderr.log,data/ventus/V3.1/single_instruction/cycle_capacity/all_directions/legacy--ventus_v3_1_full/raw_logs/attempt_01/tensor_s2g_16x16.stderr.log,81044,63c40e29b2e4834b039a8717e45a5e60710633ae596b9f1cf46d69333c9c1fc2
ventus_v3_1_full,results/ventus_v3_1_full/raw_logs/attempt_01/tensor_s2g_16x16.stdout.log,data/ventus/V3.1/single_instruction/cycle_capacity/all_directions/legacy--ventus_v3_1_full/raw_logs/attempt_01/tensor_s2g_16x16.stdout.log,67927,40f84e61d030f1e0ca485c4ce6aaaf9fa9b487da4ee330b46895cb43072ead4c
ventus_v3_1_full,results/ventus_v3_1_full/raw_logs/attempt_01/tensor_s2g_1x4.stderr.log,data/ventus/V3.1/single_instruction/cycle_capacity/all_directions/legacy--ventus_v3_1_full/raw_logs/attempt_01/tensor_s2g_1x4.stderr.log,57953,f7b6174339638daeb6106a3a8de836749188f362699bb1ab726d39ce936cceee
ventus_v3_1_full,results/ventus_v3_1_full/raw_logs/attempt_01/tensor_s2g_1x4.stdout.log,data/ventus/V3.1/single_instruction/cycle_capacity/all_directions/legacy--ventus_v3_1_full/raw_logs/attempt_01/tensor_s2g_1x4.stdout.log,55219,2f29bab1dbc8c55b2cf5a1a98b00b6a72fb00c84930e37f7f5e26c05996fbef9
ventus_v3_1_full,results/ventus_v3_1_full/raw_logs/attempt_01/tensor_s2g_32x32.stderr.log,data/ventus/V3.1/single_instruction/cycle_capacity/all_directions/legacy--ventus_v3_1_full/raw_logs/attempt_01/tensor_s2g_32x32.stderr.log,161186,3cc2f6e132195578b975957e567af61ba20b4256034ef801b83b380bea7e5cd9
ventus_v3_1_full,results/ventus_v3_1_full/raw_logs/attempt_01/tensor_s2g_32x32.stdout.log,data/ventus/V3.1/single_instruction/cycle_capacity/all_directions/legacy--ventus_v3_1_full/raw_logs/attempt_01/tensor_s2g_32x32.stdout.log,113813,64c701e6a6f6850788e5a57d5ed8afa2ded724c31c136fe0ec97c14c89169355
ventus_v3_1_full,results/ventus_v3_1_full/raw_logs/attempt_01/tensor_s2g_4x16.stderr.log,data/ventus/V3.1/single_instruction/cycle_capacity/all_directions/legacy--ventus_v3_1_full/raw_logs/attempt_01/tensor_s2g_4x16.stderr.log,61078,c911dfbc7c81fceb532f116eaae717235995f61bad1120703bf38a043b2a4d26
ventus_v3_1_full,results/ventus_v3_1_full/raw_logs/attempt_01/tensor_s2g_4x16.stdout.log,data/ventus/V3.1/single_instruction/cycle_capacity/all_directions/legacy--ventus_v3_1_full/raw_logs/attempt_01/tensor_s2g_4x16.stdout.log,56431,a6694c787e193fb92927cf12e7f02f6fd21c17a004891cea9eea5e8db117bce4
ventus_v3_1_full,results/ventus_v3_1_full/raw_logs/attempt_01/tensor_s2g_4x4.stderr.log,data/ventus/V3.1/single_instruction/cycle_capacity/all_directions/legacy--ventus_v3_1_full/raw_logs/attempt_01/tensor_s2g_4x4.stderr.log,57965,18620bd2ac8b8595b899ed1346e43119054b81996b075f5876ebaadc0a31d1ed
ventus_v3_1_full,results/ventus_v3_1_full/raw_logs/attempt_01/tensor_s2g_4x4.stdout.log,data/ventus/V3.1/single_instruction/cycle_capacity/all_directions/legacy--ventus_v3_1_full/raw_logs/attempt_01/tensor_s2g_4x4.stdout.log,55024,b35c45f969c5270a4a425899024deedf957ef7b66534f1eb3b50b72a756e2dba
ventus_v3_1_full,results/ventus_v3_1_full/raw_logs/attempt_02/bulk_g2s_16x16.stderr.log,data/ventus/V3.1/single_instruction/cycle_capacity/all_directions/legacy--ventus_v3_1_full/raw_logs/attempt_02/bulk_g2s_16x16.stderr.log,56506,ba6c1d71bc7f09df107cce25d514d1661038dac818fc7c9e5a01f48d24c4c6c0
ventus_v3_1_full,results/ventus_v3_1_full/raw_logs/attempt_02/bulk_g2s_16x16.stdout.log,data/ventus/V3.1/single_instruction/cycle_capacity/all_directions/legacy--ventus_v3_1_full/raw_logs/attempt_02/bulk_g2s_16x16.stdout.log,49978,e513e7eac0a1bd5884e71d93550176d86c66529d8ff8f756cafb9ee9bbd71915
ventus_v3_1_full,results/ventus_v3_1_full/raw_logs/attempt_02/bulk_g2s_1x4.stderr.log,data/ventus/V3.1/single_instruction/cycle_capacity/all_directions/legacy--ventus_v3_1_full/raw_logs/attempt_02/bulk_g2s_1x4.stderr.log,33415,4b94a0c07c5eabe86286f6fab0050c33bc5a010ebe3cd9fd3b10ad6edf41ab1c
ventus_v3_1_full,results/ventus_v3_1_full/raw_logs/attempt_02/bulk_g2s_1x4.stdout.log,data/ventus/V3.1/single_instruction/cycle_capacity/all_directions/legacy--ventus_v3_1_full/raw_logs/attempt_02/bulk_g2s_1x4.stdout.log,37290,f5678df03902310fbff00ddfa72fe49f8d2f6992ba3acbf910316632eb3802f7
ventus_v3_1_full,results/ventus_v3_1_full/raw_logs/attempt_02/bulk_g2s_32x32.stderr.log,data/ventus/V3.1/single_instruction/cycle_capacity/all_directions/legacy--ventus_v3_1_full/raw_logs/attempt_02/bulk_g2s_32x32.stderr.log,136690,5e5399f920a40491bf52eb9ecb72476bcceccc391c8926a80a197a0ba9cadc7f
ventus_v3_1_full,results/ventus_v3_1_full/raw_logs/attempt_02/bulk_g2s_32x32.stdout.log,data/ventus/V3.1/single_instruction/cycle_capacity/all_directions/legacy--ventus_v3_1_full/raw_logs/attempt_02/bulk_g2s_32x32.stdout.log,95880,ded50a43cdc651eb9298c37a825f5b19dadac7d34d92b417d8148fac77e464b2
ventus_v3_1_full,results/ventus_v3_1_full/raw_logs/attempt_02/bulk_g2s_4x16.stderr.log,data/ventus/V3.1/single_instruction/cycle_capacity/all_directions/legacy--ventus_v3_1_full/raw_logs/attempt_02/bulk_g2s_4x16.stderr.log,36414,68d199f9d11cc1e04bad4ad6bad7f2227ec6a1eb63c413893227cbb7a548fcee
ventus_v3_1_full,results/ventus_v3_1_full/raw_logs/attempt_02/bulk_g2s_4x16.stdout.log,data/ventus/V3.1/single_instruction/cycle_capacity/all_directions/legacy--ventus_v3_1_full/raw_logs/attempt_02/bulk_g2s_4x16.stdout.log,38492,4b11bcd5a9f2b95c706b62e01882993eabb168bce7f07cc96001444b175341b7
ventus_v3_1_full,results/ventus_v3_1_full/raw_logs/attempt_02/bulk_g2s_4x4.stderr.log,data/ventus/V3.1/single_instruction/cycle_capacity/all_directions/legacy--ventus_v3_1_full/raw_logs/attempt_02/bulk_g2s_4x4.stderr.log,33511,672a174f83e272984e1ee8bc59a9dfa950d9082ec761b4faf5d4e35e52006409
ventus_v3_1_full,results/ventus_v3_1_full/raw_logs/attempt_02/bulk_g2s_4x4.stdout.log,data/ventus/V3.1/single_instruction/cycle_capacity/all_directions/legacy--ventus_v3_1_full/raw_logs/attempt_02/bulk_g2s_4x4.stdout.log,37095,97d13369de8fa48c5e0f9de1c36df4adab0765a6658b3f36fb152296e2541a89
ventus_v3_1_full,results/ventus_v3_1_full/raw_logs/attempt_02/bulk_s2g_16x16.stderr.log,data/ventus/V3.1/single_instruction/cycle_capacity/all_directions/legacy--ventus_v3_1_full/raw_logs/attempt_02/bulk_s2g_16x16.stderr.log,56318,903419dbc39a54d4a268493c571f02d6bb2ff85ea8569ac27f6178bd4a086e2b
ventus_v3_1_full,results/ventus_v3_1_full/raw_logs/attempt_02/bulk_s2g_16x16.stdout.log,data/ventus/V3.1/single_instruction/cycle_capacity/all_directions/legacy--ventus_v3_1_full/raw_logs/attempt_02/bulk_s2g_16x16.stdout.log,47203,3349db27f3ee92a27a5d979058d97642772d968e9f5fef22576dd3ea5e53aa1c
ventus_v3_1_full,results/ventus_v3_1_full/raw_logs/attempt_02/bulk_s2g_1x4.stderr.log,data/ventus/V3.1/single_instruction/cycle_capacity/all_directions/legacy--ventus_v3_1_full/raw_logs/attempt_02/bulk_s2g_1x4.stderr.log,33353,ec2c0c568e0a4f5f107e8309dd8e8f512b970f022ff6a815f527850d30be7d18
ventus_v3_1_full,results/ventus_v3_1_full/raw_logs/attempt_02/bulk_s2g_1x4.stdout.log,data/ventus/V3.1/single_instruction/cycle_capacity/all_directions/legacy--ventus_v3_1_full/raw_logs/attempt_02/bulk_s2g_1x4.stdout.log,34510,19a07fa144d61c1c130e744277858c9f254306fc32b0ad8334ec6a6b6455fb41
ventus_v3_1_full,results/ventus_v3_1_full/raw_logs/attempt_02/bulk_s2g_32x32.stderr.log,data/ventus/V3.1/single_instruction/cycle_capacity/all_directions/legacy--ventus_v3_1_full/raw_logs/attempt_02/bulk_s2g_32x32.stderr.log,136502,2f6ef15f775ae60254eb8f52b751ab8a27a61062f783529ee829d81b3c91a480
ventus_v3_1_full,results/ventus_v3_1_full/raw_logs/attempt_02/bulk_s2g_32x32.stdout.log,data/ventus/V3.1/single_instruction/cycle_capacity/all_directions/legacy--ventus_v3_1_full/raw_logs/attempt_02/bulk_s2g_32x32.stdout.log,93112,a1eb0e081a5c1d100974c1e3e507f4ed9a5c43f04c131486b89949e89e1595e5
ventus_v3_1_full,results/ventus_v3_1_full/raw_logs/attempt_02/bulk_s2g_4x16.stderr.log,data/ventus/V3.1/single_instruction/cycle_capacity/all_directions/legacy--ventus_v3_1_full/raw_logs/attempt_02/bulk_s2g_4x16.stderr.log,36226,0bae7008cf007c82191f777cecf836d2c57ef2ebe5c84e6bc79d4b509222d62d
ventus_v3_1_full,results/ventus_v3_1_full/raw_logs/attempt_02/bulk_s2g_4x16.stdout.log,data/ventus/V3.1/single_instruction/cycle_capacity/all_directions/legacy--ventus_v3_1_full/raw_logs/attempt_02/bulk_s2g_4x16.stdout.log,35712,3a00b141ef8b2a4c0928db44623fa607b7053014de663f7c4d43ce5238c90735
ventus_v3_1_full,results/ventus_v3_1_full/raw_logs/attempt_02/bulk_s2g_4x4.stderr.log,data/ventus/V3.1/single_instruction/cycle_capacity/all_directions/legacy--ventus_v3_1_full/raw_logs/attempt_02/bulk_s2g_4x4.stderr.log,33449,7821b474339559dde8350ddef51261ee5526722072df19ef3187d2309c790c54
ventus_v3_1_full,results/ventus_v3_1_full/raw_logs/attempt_02/bulk_s2g_4x4.stdout.log,data/ventus/V3.1/single_instruction/cycle_capacity/all_directions/legacy--ventus_v3_1_full/raw_logs/attempt_02/bulk_s2g_4x4.stdout.log,34315,ae9a70c4f419af8af620ce4f4c3d8264000fcb448785f507e285f4de078f012c
ventus_v3_1_full,results/ventus_v3_1_full/raw_logs/attempt_02/tensor_g2s_16x16.stderr.log,data/ventus/V3.1/single_instruction/cycle_capacity/all_directions/legacy--ventus_v3_1_full/raw_logs/attempt_02/tensor_g2s_16x16.stderr.log,81190,c4f22c9d2dbc5b2e1cc45860e6a6d7f9a8c5a8df630d364aff0065af16ee1f0a
ventus_v3_1_full,results/ventus_v3_1_full/raw_logs/attempt_02/tensor_g2s_16x16.stdout.log,data/ventus/V3.1/single_instruction/cycle_capacity/all_directions/legacy--ventus_v3_1_full/raw_logs/attempt_02/tensor_g2s_16x16.stdout.log,70776,d3651954f6ec88b681b591a55906b4fca17f045b25a120f93aa519f3ae3b6a39
ventus_v3_1_full,results/ventus_v3_1_full/raw_logs/attempt_02/tensor_g2s_1x4.stderr.log,data/ventus/V3.1/single_instruction/cycle_capacity/all_directions/legacy--ventus_v3_1_full/raw_logs/attempt_02/tensor_g2s_1x4.stderr.log,58099,32aa81ddbb16a3f9cc03821c3c22e502fbd6e79cce055f943801f0722c6acbb8
ventus_v3_1_full,results/ventus_v3_1_full/raw_logs/attempt_02/tensor_g2s_1x4.stdout.log,data/ventus/V3.1/single_instruction/cycle_capacity/all_directions/legacy--ventus_v3_1_full/raw_logs/attempt_02/tensor_g2s_1x4.stdout.log,58091,a470ce25cc7dd415deeeb5c2863bd5ed1a4de1264ffb234905923015c7c73367
ventus_v3_1_full,results/ventus_v3_1_full/raw_logs/attempt_02/tensor_g2s_32x32.stderr.log,data/ventus/V3.1/single_instruction/cycle_capacity/all_directions/legacy--ventus_v3_1_full/raw_logs/attempt_02/tensor_g2s_32x32.stderr.log,161668,9a89814eb817552821143537a06acfdc8558becd94998dc760c95b518d962875
ventus_v3_1_full,results/ventus_v3_1_full/raw_logs/attempt_02/tensor_g2s_32x32.stdout.log,data/ventus/V3.1/single_instruction/cycle_capacity/all_directions/legacy--ventus_v3_1_full/raw_logs/attempt_02/tensor_g2s_32x32.stdout.log,116684,c0fb2f7f674204fbe38fd50625882436815bfa6e688a5b1d9326d9c2365ac4c5
ventus_v3_1_full,results/ventus_v3_1_full/raw_logs/attempt_02/tensor_g2s_4x16.stderr.log,data/ventus/V3.1/single_instruction/cycle_capacity/all_directions/legacy--ventus_v3_1_full/raw_logs/attempt_02/tensor_g2s_4x16.stderr.log,61266,777e172ce4028ac5256e4f3a7dc39aef06ed0f0e78d13077928db764c06f7ac5
ventus_v3_1_full,results/ventus_v3_1_full/raw_logs/attempt_02/tensor_g2s_4x16.stdout.log,data/ventus/V3.1/single_instruction/cycle_capacity/all_directions/legacy--ventus_v3_1_full/raw_logs/attempt_02/tensor_g2s_4x16.stdout.log,59303,6662a3f94f2c24d7dc9df323795cba86722e26084a6915a2c200296c5134e7f7
ventus_v3_1_full,results/ventus_v3_1_full/raw_logs/attempt_02/tensor_g2s_4x4.stderr.log,data/ventus/V3.1/single_instruction/cycle_capacity/all_directions/legacy--ventus_v3_1_full/raw_logs/attempt_02/tensor_g2s_4x4.stderr.log,58321,c4dde3262cc8f38bafef6c9f90f08397c9bdad393a0bd17033f24dd4e58eb514
ventus_v3_1_full,results/ventus_v3_1_full/raw_logs/attempt_02/tensor_g2s_4x4.stdout.log,data/ventus/V3.1/single_instruction/cycle_capacity/all_directions/legacy--ventus_v3_1_full/raw_logs/attempt_02/tensor_g2s_4x4.stdout.log,57895,bee8dd8d6e1fc37a2e7cb6655d426b407785dfa401d6269bd1b233e87917b64b
ventus_v3_1_full,results/ventus_v3_1_full/raw_logs/attempt_02/tensor_s2g_16x16.stderr.log,data/ventus/V3.1/single_instruction/cycle_capacity/all_directions/legacy--ventus_v3_1_full/raw_logs/attempt_02/tensor_s2g_16x16.stderr.log,81128,d495ea4f5821c4370220535959b4975cf8c4a465d8722ad819bdf39c2cd24ef9
ventus_v3_1_full,results/ventus_v3_1_full/raw_logs/attempt_02/tensor_s2g_16x16.stdout.log,data/ventus/V3.1/single_instruction/cycle_capacity/all_directions/legacy--ventus_v3_1_full/raw_logs/attempt_02/tensor_s2g_16x16.stdout.log,67927,b21e57a9eb16401579e628b2f7dfc4d2d0f0cf7482bbc4d5e4bdd9fea29e5aed
ventus_v3_1_full,results/ventus_v3_1_full/raw_logs/attempt_02/tensor_s2g_1x4.stderr.log,data/ventus/V3.1/single_instruction/cycle_capacity/all_directions/legacy--ventus_v3_1_full/raw_logs/attempt_02/tensor_s2g_1x4.stderr.log,57911,d05770076b81c8d53fd97f742a104e409d2825e86978017b66bff4580aa6beec
ventus_v3_1_full,results/ventus_v3_1_full/raw_logs/attempt_02/tensor_s2g_1x4.stdout.log,data/ventus/V3.1/single_instruction/cycle_capacity/all_directions/legacy--ventus_v3_1_full/raw_logs/attempt_02/tensor_s2g_1x4.stdout.log,55219,972a869ce8c5c1fdf211f7fe393a30360b7a19a7aa7593876d015e3462128c5b
ventus_v3_1_full,results/ventus_v3_1_full/raw_logs/attempt_02/tensor_s2g_32x32.stderr.log,data/ventus/V3.1/single_instruction/cycle_capacity/all_directions/legacy--ventus_v3_1_full/raw_logs/attempt_02/tensor_s2g_32x32.stderr.log,161186,26413a70395e9ebe364cd69530e09cf4713d56b2bde8100bf265711e78365b58
ventus_v3_1_full,results/ventus_v3_1_full/raw_logs/attempt_02/tensor_s2g_32x32.stdout.log,data/ventus/V3.1/single_instruction/cycle_capacity/all_directions/legacy--ventus_v3_1_full/raw_logs/attempt_02/tensor_s2g_32x32.stdout.log,113813,d489be5f81dd19283892a7c8ef835d523ffb721fb92c54d6bd5c5d368592a7a7
ventus_v3_1_full,results/ventus_v3_1_full/raw_logs/attempt_02/tensor_s2g_4x16.stderr.log,data/ventus/V3.1/single_instruction/cycle_capacity/all_directions/legacy--ventus_v3_1_full/raw_logs/attempt_02/tensor_s2g_4x16.stderr.log,60910,4c88b0e8e93a7db8d5284cd30f1d8ab56ea81cbc99be60333b01ee9863fec697
ventus_v3_1_full,results/ventus_v3_1_full/raw_logs/attempt_02/tensor_s2g_4x16.stdout.log,data/ventus/V3.1/single_instruction/cycle_capacity/all_directions/legacy--ventus_v3_1_full/raw_logs/attempt_02/tensor_s2g_4x16.stdout.log,56431,228952a5ca8bbcc355fe5eb31f269a2803acba824fcaf3de5dd86a9ed3da6c86
ventus_v3_1_full,results/ventus_v3_1_full/raw_logs/attempt_02/tensor_s2g_4x4.stderr.log,data/ventus/V3.1/single_instruction/cycle_capacity/all_directions/legacy--ventus_v3_1_full/raw_logs/attempt_02/tensor_s2g_4x4.stderr.log,58091,5adf7a5ff415a31de78207b7d45fb99a907339c4bbc2e13f5699cf1fb4bdc01f
ventus_v3_1_full,results/ventus_v3_1_full/raw_logs/attempt_02/tensor_s2g_4x4.stdout.log,data/ventus/V3.1/single_instruction/cycle_capacity/all_directions/legacy--ventus_v3_1_full/raw_logs/attempt_02/tensor_s2g_4x4.stdout.log,55024,9194aae120f70b2171d2840f23a231f225a5507bf41484b32da4e5d7f34ee93f
ventus_v3_1_full,results/ventus_v3_1_full/raw_logs/attempt_03/bulk_g2s_16x16.stderr.log,data/ventus/V3.1/single_instruction/cycle_capacity/all_directions/legacy--ventus_v3_1_full/raw_logs/attempt_03/bulk_g2s_16x16.stderr.log,56590,3b50b094640a0e5442093ce683e337f04706f9c0d72626c6987041771525b22c
ventus_v3_1_full,results/ventus_v3_1_full/raw_logs/attempt_03/bulk_g2s_16x16.stdout.log,data/ventus/V3.1/single_instruction/cycle_capacity/all_directions/legacy--ventus_v3_1_full/raw_logs/attempt_03/bulk_g2s_16x16.stdout.log,49967,982dceb119b53e5515dc9596b372b5651a020e4d6c738ba216a3cefe36467a51
ventus_v3_1_full,results/ventus_v3_1_full/raw_logs/attempt_03/bulk_g2s_1x4.stderr.log,data/ventus/V3.1/single_instruction/cycle_capacity/all_directions/legacy--ventus_v3_1_full/raw_logs/attempt_03/bulk_g2s_1x4.stderr.log,33457,9501455a0f099de07017dddc5642ece21b63478851943a4e208994e2bbe539d5
ventus_v3_1_full,results/ventus_v3_1_full/raw_logs/attempt_03/bulk_g2s_1x4.stdout.log,data/ventus/V3.1/single_instruction/cycle_capacity/all_directions/legacy--ventus_v3_1_full/raw_logs/attempt_03/bulk_g2s_1x4.stdout.log,37290,d66c68516391cfd91bd2fd0de266f78a5e714ed3d9f2beeb87bbf1027c42471c
ventus_v3_1_full,results/ventus_v3_1_full/raw_logs/attempt_03/bulk_g2s_32x32.stderr.log,data/ventus/V3.1/single_instruction/cycle_capacity/all_directions/legacy--ventus_v3_1_full/raw_logs/attempt_03/bulk_g2s_32x32.stderr.log,136690,aff0eb398890d0cac8e83b7a1cb0867b89bd958596c2c4fabab78356a6430467
ventus_v3_1_full,results/ventus_v3_1_full/raw_logs/attempt_03/bulk_g2s_32x32.stdout.log,data/ventus/V3.1/single_instruction/cycle_capacity/all_directions/legacy--ventus_v3_1_full/raw_logs/attempt_03/bulk_g2s_32x32.stdout.log,95880,1e6fca954c718f0fa804faa4e83cdea7203e7224974b0b644a97233df8bae611
ventus_v3_1_full,results/ventus_v3_1_full/raw_logs/attempt_03/bulk_g2s_4x16.stderr.log,data/ventus/V3.1/single_instruction/cycle_capacity/all_directions/legacy--ventus_v3_1_full/raw_logs/attempt_03/bulk_g2s_4x16.stderr.log,36414,afbb99289f3be0bd513ae65d3130a272b46a231162c55b5e8c2b2eaf2a2de8cd
ventus_v3_1_full,results/ventus_v3_1_full/raw_logs/attempt_03/bulk_g2s_4x16.stdout.log,data/ventus/V3.1/single_instruction/cycle_capacity/all_directions/legacy--ventus_v3_1_full/raw_logs/attempt_03/bulk_g2s_4x16.stdout.log,38492,7537e7a95edd82e5b613abc0d82dc03980769d76f4459f5cdf1b1c0356f28090
ventus_v3_1_full,results/ventus_v3_1_full/raw_logs/attempt_03/bulk_g2s_4x4.stderr.log,data/ventus/V3.1/single_instruction/cycle_capacity/all_directions/legacy--ventus_v3_1_full/raw_logs/attempt_03/bulk_g2s_4x4.stderr.log,33511,b961a4a52a26ef5cd2103357e8b1e81d76b0c50e5c8f6f9191a700aeb32f2568
ventus_v3_1_full,results/ventus_v3_1_full/raw_logs/attempt_03/bulk_g2s_4x4.stdout.log,data/ventus/V3.1/single_instruction/cycle_capacity/all_directions/legacy--ventus_v3_1_full/raw_logs/attempt_03/bulk_g2s_4x4.stdout.log,37095,995debc73d4ec88ec4e71eef864eba12887b80b29dd4f0c8277c31615fdbf888
ventus_v3_1_full,results/ventus_v3_1_full/raw_logs/attempt_03/bulk_s2g_16x16.stderr.log,data/ventus/V3.1/single_instruction/cycle_capacity/all_directions/legacy--ventus_v3_1_full/raw_logs/attempt_03/bulk_s2g_16x16.stderr.log,56444,3b7638ed714b9500d907db71c0908786e7d26b395214058fb286567f5ff895c7
ventus_v3_1_full,results/ventus_v3_1_full/raw_logs/attempt_03/bulk_s2g_16x16.stdout.log,data/ventus/V3.1/single_instruction/cycle_capacity/all_directions/legacy--ventus_v3_1_full/raw_logs/attempt_03/bulk_s2g_16x16.stdout.log,47203,6672f12e6c4ef546fb8715e2966b3d4ef1f68e346ed121e44ebaa37b2b82dc17
ventus_v3_1_full,results/ventus_v3_1_full/raw_logs/attempt_03/bulk_s2g_1x4.stderr.log,data/ventus/V3.1/single_instruction/cycle_capacity/all_directions/legacy--ventus_v3_1_full/raw_logs/attempt_03/bulk_s2g_1x4.stderr.log,33395,be37b5cfb2038939d1aaa670c2e18e927806862c511695d6bf0e821878bc1d1c
ventus_v3_1_full,results/ventus_v3_1_full/raw_logs/attempt_03/bulk_s2g_1x4.stdout.log,data/ventus/V3.1/single_instruction/cycle_capacity/all_directions/legacy--ventus_v3_1_full/raw_logs/attempt_03/bulk_s2g_1x4.stdout.log,34510,0f40e488a9e55e7fac1147799789b732966ea39d50f51747d695392356691301
ventus_v3_1_full,results/ventus_v3_1_full/raw_logs/attempt_03/bulk_s2g_32x32.stderr.log,data/ventus/V3.1/single_instruction/cycle_capacity/all_directions/legacy--ventus_v3_1_full/raw_logs/attempt_03/bulk_s2g_32x32.stderr.log,136628,b534a029858d46374e14529d25a0688ba664b39d1bbafec642060d18c5c7528c
ventus_v3_1_full,results/ventus_v3_1_full/raw_logs/attempt_03/bulk_s2g_32x32.stdout.log,data/ventus/V3.1/single_instruction/cycle_capacity/all_directions/legacy--ventus_v3_1_full/raw_logs/attempt_03/bulk_s2g_32x32.stdout.log,93112,9273336232514c84f1f7fb4658e07244314c04cbae724b6da27e5c7d1641b703
ventus_v3_1_full,results/ventus_v3_1_full/raw_logs/attempt_03/bulk_s2g_4x16.stderr.log,data/ventus/V3.1/single_instruction/cycle_capacity/all_directions/legacy--ventus_v3_1_full/raw_logs/attempt_03/bulk_s2g_4x16.stderr.log,36226,ea413cb84d2f01b22d8aabb59b81a2292eaa7c2f214828a490691a6032c9f331
ventus_v3_1_full,results/ventus_v3_1_full/raw_logs/attempt_03/bulk_s2g_4x16.stdout.log,data/ventus/V3.1/single_instruction/cycle_capacity/all_directions/legacy--ventus_v3_1_full/raw_logs/attempt_03/bulk_s2g_4x16.stdout.log,35712,99d2a12b217a43d4eb746c22cb1211c5de87f664211deed2f5ba11f656ebb45a
ventus_v3_1_full,results/ventus_v3_1_full/raw_logs/attempt_03/bulk_s2g_4x4.stderr.log,data/ventus/V3.1/single_instruction/cycle_capacity/all_directions/legacy--ventus_v3_1_full/raw_logs/attempt_03/bulk_s2g_4x4.stderr.log,33323,b97d4487b872bc3ef1d706669924d2b800fc2e74b51a4974cb9711053bc64dac
ventus_v3_1_full,results/ventus_v3_1_full/raw_logs/attempt_03/bulk_s2g_4x4.stdout.log,data/ventus/V3.1/single_instruction/cycle_capacity/all_directions/legacy--ventus_v3_1_full/raw_logs/attempt_03/bulk_s2g_4x4.stdout.log,34315,3d6641494a645078bd5feb6b55fa3864fa75ad6d368749ee9734edad30c70a4b
ventus_v3_1_full,results/ventus_v3_1_full/raw_logs/attempt_03/tensor_g2s_16x16.stderr.log,data/ventus/V3.1/single_instruction/cycle_capacity/all_directions/legacy--ventus_v3_1_full/raw_logs/attempt_03/tensor_g2s_16x16.stderr.log,81148,e21a124a1689bac392a8cf1d4ded3f6914189746ff8e1e99357ed652dd998e8e
ventus_v3_1_full,results/ventus_v3_1_full/raw_logs/attempt_03/tensor_g2s_16x16.stdout.log,data/ventus/V3.1/single_instruction/cycle_capacity/all_directions/legacy--ventus_v3_1_full/raw_logs/attempt_03/tensor_g2s_16x16.stdout.log,70776,90d6ce95d31fa7bf23b8d49bcae11269cf3e20f21af318f7d426984254bc2ce5
ventus_v3_1_full,results/ventus_v3_1_full/raw_logs/attempt_03/tensor_g2s_1x4.stderr.log,data/ventus/V3.1/single_instruction/cycle_capacity/all_directions/legacy--ventus_v3_1_full/raw_logs/attempt_03/tensor_g2s_1x4.stderr.log,58225,8da4dc372ba980fe4f9c3c1e4e10f7df396dc626bfe64bd74ace455bc9d96855
ventus_v3_1_full,results/ventus_v3_1_full/raw_logs/attempt_03/tensor_g2s_1x4.stdout.log,data/ventus/V3.1/single_instruction/cycle_capacity/all_directions/legacy--ventus_v3_1_full/raw_logs/attempt_03/tensor_g2s_1x4.stdout.log,58091,efcd65e638794b998a26836926f3cbf9df3f57d594bd7ebc1bb86558cec3c4b5
ventus_v3_1_full,results/ventus_v3_1_full/raw_logs/attempt_03/tensor_g2s_32x32.stderr.log,data/ventus/V3.1/single_instruction/cycle_capacity/all_directions/legacy--ventus_v3_1_full/raw_logs/attempt_03/tensor_g2s_32x32.stderr.log,161500,ab79de1965c1e222e46fe628571e63e6804c70145e643996e72c25b52275f9db
ventus_v3_1_full,results/ventus_v3_1_full/raw_logs/attempt_03/tensor_g2s_32x32.stdout.log,data/ventus/V3.1/single_instruction/cycle_capacity/all_directions/legacy--ventus_v3_1_full/raw_logs/attempt_03/tensor_g2s_32x32.stdout.log,116684,d9416ec089c6769440bee82a66a9ba92927f17ae82be911f4e986db37cb6f07d
ventus_v3_1_full,results/ventus_v3_1_full/raw_logs/attempt_03/tensor_g2s_4x16.stderr.log,data/ventus/V3.1/single_instruction/cycle_capacity/all_directions/legacy--ventus_v3_1_full/raw_logs/attempt_03/tensor_g2s_4x16.stderr.log,61308,32e52aec390cce7d22d6a946df8bf23d9acf42e98b92c17ba9185e0721a98e27
ventus_v3_1_full,results/ventus_v3_1_full/raw_logs/attempt_03/tensor_g2s_4x16.stdout.log,data/ventus/V3.1/single_instruction/cycle_capacity/all_directions/legacy--ventus_v3_1_full/raw_logs/attempt_03/tensor_g2s_4x16.stdout.log,59303,2ddc9867241fd6ab80137a4066b4295b05c3a2da9bb87e5afb85b846492d91ad
ventus_v3_1_full,results/ventus_v3_1_full/raw_logs/attempt_03/tensor_g2s_4x4.stderr.log,data/ventus/V3.1/single_instruction/cycle_capacity/all_directions/legacy--ventus_v3_1_full/raw_logs/attempt_03/tensor_g2s_4x4.stderr.log,58363,816f3f02332586b3ac96c39228a2cf8253a9266e45cfbe8ed5ea28d26bfd76e0
ventus_v3_1_full,results/ventus_v3_1_full/raw_logs/attempt_03/tensor_g2s_4x4.stdout.log,data/ventus/V3.1/single_instruction/cycle_capacity/all_directions/legacy--ventus_v3_1_full/raw_logs/attempt_03/tensor_g2s_4x4.stdout.log,57895,37d325f0398f0be4200110252e977aa9653102f4e918d24b369682d45606fe6f
ventus_v3_1_full,results/ventus_v3_1_full/raw_logs/attempt_03/tensor_s2g_16x16.stderr.log,data/ventus/V3.1/single_instruction/cycle_capacity/all_directions/legacy--ventus_v3_1_full/raw_logs/attempt_03/tensor_s2g_16x16.stderr.log,81170,969caf5b75656bc6f276c85d3811863cf3ea2043b06830af17a9f9e44667f2d6
ventus_v3_1_full,results/ventus_v3_1_full/raw_logs/attempt_03/tensor_s2g_16x16.stdout.log,data/ventus/V3.1/single_instruction/cycle_capacity/all_directions/legacy--ventus_v3_1_full/raw_logs/attempt_03/tensor_s2g_16x16.stdout.log,67927,53c32e8739a8970d8caf4b551df51b671ba7282218c098d47c7d425e9a8d0f88
ventus_v3_1_full,results/ventus_v3_1_full/raw_logs/attempt_03/tensor_s2g_1x4.stderr.log,data/ventus/V3.1/single_instruction/cycle_capacity/all_directions/legacy--ventus_v3_1_full/raw_logs/attempt_03/tensor_s2g_1x4.stderr.log,58079,bd08ebff5c777c7b392ef5406299623447d30dfc70d0ed0ba1b4856c133c29c2
ventus_v3_1_full,results/ventus_v3_1_full/raw_logs/attempt_03/tensor_s2g_1x4.stdout.log,data/ventus/V3.1/single_instruction/cycle_capacity/all_directions/legacy--ventus_v3_1_full/raw_logs/attempt_03/tensor_s2g_1x4.stdout.log,55219,9d000c0c1de3652ea29ffa75d74e07f1a8a712c34caf906fb49fc83ec537ccee
ventus_v3_1_full,results/ventus_v3_1_full/raw_logs/attempt_03/tensor_s2g_32x32.stderr.log,data/ventus/V3.1/single_instruction/cycle_capacity/all_directions/legacy--ventus_v3_1_full/raw_logs/attempt_03/tensor_s2g_32x32.stderr.log,161144,cd7056ca6d2f1aae91ff4feec60e6719e62e0cb2228611cf6996c296fcaeb423
ventus_v3_1_full,results/ventus_v3_1_full/raw_logs/attempt_03/tensor_s2g_32x32.stdout.log,data/ventus/V3.1/single_instruction/cycle_capacity/all_directions/legacy--ventus_v3_1_full/raw_logs/attempt_03/tensor_s2g_32x32.stdout.log,113813,bec2a40784cfbc87ec84778ea03a6bbcaa8b5475a472d1680b8968730552242a
ventus_v3_1_full,results/ventus_v3_1_full/raw_logs/attempt_03/tensor_s2g_4x16.stderr.log,data/ventus/V3.1/single_instruction/cycle_capacity/all_directions/legacy--ventus_v3_1_full/raw_logs/attempt_03/tensor_s2g_4x16.stderr.log,60952,a9098308ec70897e72c93abc270c564d780de1e103b7d594b89bdc36789e4013
ventus_v3_1_full,results/ventus_v3_1_full/raw_logs/attempt_03/tensor_s2g_4x16.stdout.log,data/ventus/V3.1/single_instruction/cycle_capacity/all_directions/legacy--ventus_v3_1_full/raw_logs/attempt_03/tensor_s2g_4x16.stdout.log,56431,e71d654b0b3acd9cb57f07219ddc7227559a3fc2e283bebf4935d4a65eb1046d
ventus_v3_1_full,results/ventus_v3_1_full/raw_logs/attempt_03/tensor_s2g_4x4.stderr.log,data/ventus/V3.1/single_instruction/cycle_capacity/all_directions/legacy--ventus_v3_1_full/raw_logs/attempt_03/tensor_s2g_4x4.stderr.log,58007,916e3ed1b0f0c410a1f09926b25d982e95835118385e53635327cd72ddc835d8
ventus_v3_1_full,results/ventus_v3_1_full/raw_logs/attempt_03/tensor_s2g_4x4.stdout.log,data/ventus/V3.1/single_instruction/cycle_capacity/all_directions/legacy--ventus_v3_1_full/raw_logs/attempt_03/tensor_s2g_4x4.stdout.log,55024,4777d0faf84c2420a68dcfccf99781698f3ca433690ce95eda69d7a92dc286c0
ventus_v3_2_full,results/ventus_v3_2_full/attempt_01.csv,data/ventus/V3.2/single_instruction/cycle_capacity/all_directions/legacy--ventus_v3_2_full/attempt_01.csv,1324,4c47e3542cec8a667265aa2d31e9c1010ede3ba07f308558f5d11d114659ce7a
ventus_v3_2_full,results/ventus_v3_2_full/manifest.json,data/ventus/V3.2/single_instruction/cycle_capacity/all_directions/legacy--ventus_v3_2_full/manifest.json,4121,de7ed2a8d8065d2f128871f4358464b27e07d3aa53460986bb79f46a455b1a4d
ventus_v3_2_full,results/ventus_v3_2_full/raw_logs/attempt_01/bulk_g2s_16x16.stderr.log,data/ventus/V3.2/single_instruction/cycle_capacity/all_directions/legacy--ventus_v3_2_full/raw_logs/attempt_01/bulk_g2s_16x16.stderr.log,56632,8bfae28a4a2fd2aeb04e83b58bc6857be41adcb0ded5e813458e993291957aaf
ventus_v3_2_full,results/ventus_v3_2_full/raw_logs/attempt_01/bulk_g2s_16x16.stdout.log,data/ventus/V3.2/single_instruction/cycle_capacity/all_directions/legacy--ventus_v3_2_full/raw_logs/attempt_01/bulk_g2s_16x16.stdout.log,49978,7a99a12a221d1441c161bdd4fd85f988feae1749d5e31e59c1ac3db6720c72a1
ventus_v3_2_full,results/ventus_v3_2_full/raw_logs/attempt_01/bulk_g2s_1x4.stderr.log,data/ventus/V3.2/single_instruction/cycle_capacity/all_directions/legacy--ventus_v3_2_full/raw_logs/attempt_01/bulk_g2s_1x4.stderr.log,33415,a634b9f32730538b1292f7c2121c307d5112315372d73ee6ffba8135966f11c3
ventus_v3_2_full,results/ventus_v3_2_full/raw_logs/attempt_01/bulk_g2s_1x4.stdout.log,data/ventus/V3.2/single_instruction/cycle_capacity/all_directions/legacy--ventus_v3_2_full/raw_logs/attempt_01/bulk_g2s_1x4.stdout.log,37291,71ed24045b4fe9f4ba6e39c977d41354b966d6ab92afec87d07902dae76fed5c
ventus_v3_2_full,results/ventus_v3_2_full/raw_logs/attempt_01/bulk_g2s_32x32.stderr.log,data/ventus/V3.2/single_instruction/cycle_capacity/all_directions/legacy--ventus_v3_2_full/raw_logs/attempt_01/bulk_g2s_32x32.stderr.log,136648,0089ca48c85afe8cb07c104a217bced75e21f9bf6205dbd73a0d399a3062497c
ventus_v3_2_full,results/ventus_v3_2_full/raw_logs/attempt_01/bulk_g2s_32x32.stdout.log,data/ventus/V3.2/single_instruction/cycle_capacity/all_directions/legacy--ventus_v3_2_full/raw_logs/attempt_01/bulk_g2s_32x32.stdout.log,95879,d33ce9e3391161df1b512d25d9d1cb85243308334fe8a8619f365f59de48a48b
ventus_v3_2_full,results/ventus_v3_2_full/raw_logs/attempt_01/bulk_g2s_4x16.stderr.log,data/ventus/V3.2/single_instruction/cycle_capacity/all_directions/legacy--ventus_v3_2_full/raw_logs/attempt_01/bulk_g2s_4x16.stderr.log,36414,7fec4464b6459929df9108d68d56fbb6cbd24636af57eae0addca1908845fa1c
ventus_v3_2_full,results/ventus_v3_2_full/raw_logs/attempt_01/bulk_g2s_4x16.stdout.log,data/ventus/V3.2/single_instruction/cycle_capacity/all_directions/legacy--ventus_v3_2_full/raw_logs/attempt_01/bulk_g2s_4x16.stdout.log,38492,42e398d409f2bf4f126fd316735a6e011d2327f2e73bc7e00470298a78265a0c
ventus_v3_2_full,results/ventus_v3_2_full/raw_logs/attempt_01/bulk_g2s_4x4.stderr.log,data/ventus/V3.2/single_instruction/cycle_capacity/all_directions/legacy--ventus_v3_2_full/raw_logs/attempt_01/bulk_g2s_4x4.stderr.log,33469,b8b6f31094013be51f1b5ee21cc433fcf5651499bb29aa1b331143999945eb5f
ventus_v3_2_full,results/ventus_v3_2_full/raw_logs/attempt_01/bulk_g2s_4x4.stdout.log,data/ventus/V3.2/single_instruction/cycle_capacity/all_directions/legacy--ventus_v3_2_full/raw_logs/attempt_01/bulk_g2s_4x4.stdout.log,37095,f7e1da549dae4ce3fe8d6e61bbb78067fbebf4c44e11e4e515430d7103deb264
ventus_v3_2_full,results/ventus_v3_2_full/raw_logs/attempt_01/bulk_s2g_16x16.stderr.log,data/ventus/V3.2/single_instruction/cycle_capacity/all_directions/legacy--ventus_v3_2_full/raw_logs/attempt_01/bulk_s2g_16x16.stderr.log,56276,8f41b5d51cfda94db7c23cde7743b56df079ddbf11de149a872d77ac9df2680f
ventus_v3_2_full,results/ventus_v3_2_full/raw_logs/attempt_01/bulk_s2g_16x16.stdout.log,data/ventus/V3.2/single_instruction/cycle_capacity/all_directions/legacy--ventus_v3_2_full/raw_logs/attempt_01/bulk_s2g_16x16.stdout.log,47203,0cd8aa46dfd99b4f5e81a7625f36d74099034ab5c9ab0d295db223c1e52a4998
ventus_v3_2_full,results/ventus_v3_2_full/raw_logs/attempt_01/bulk_s2g_1x4.stderr.log,data/ventus/V3.2/single_instruction/cycle_capacity/all_directions/legacy--ventus_v3_2_full/raw_logs/attempt_01/bulk_s2g_1x4.stderr.log,33227,cc7ac26e0bc447b58c9265c3037ff3d85d8ab91962ca72628805c16abeb5c2c1
ventus_v3_2_full,results/ventus_v3_2_full/raw_logs/attempt_01/bulk_s2g_1x4.stdout.log,data/ventus/V3.2/single_instruction/cycle_capacity/all_directions/legacy--ventus_v3_2_full/raw_logs/attempt_01/bulk_s2g_1x4.stdout.log,34510,ebf909b2cb775b2bdc757faf114a4fb5380e6b37e612a0cafd8c88d620646041
ventus_v3_2_full,results/ventus_v3_2_full/raw_logs/attempt_01/bulk_s2g_32x32.stderr.log,data/ventus/V3.2/single_instruction/cycle_capacity/all_directions/legacy--ventus_v3_2_full/raw_logs/attempt_01/bulk_s2g_32x32.stderr.log,136502,da21732a04da127d4be506a854d3c6fd3652c1f1a8f2496fdc07ee4349341c9a
ventus_v3_2_full,results/ventus_v3_2_full/raw_logs/attempt_01/bulk_s2g_32x32.stdout.log,data/ventus/V3.2/single_instruction/cycle_capacity/all_directions/legacy--ventus_v3_2_full/raw_logs/attempt_01/bulk_s2g_32x32.stdout.log,93112,529ceb88316dfc4b0f9bf4c8b065f83cea7b739db927aed330246339f4bf63bd
ventus_v3_2_full,results/ventus_v3_2_full/raw_logs/attempt_01/bulk_s2g_4x16.stderr.log,data/ventus/V3.2/single_instruction/cycle_capacity/all_directions/legacy--ventus_v3_2_full/raw_logs/attempt_01/bulk_s2g_4x16.stderr.log,36394,4fcdb6f7fac9b9cabc5903ddc16aa2260ac5966a19b995a39725269ac2e52b4c
ventus_v3_2_full,results/ventus_v3_2_full/raw_logs/attempt_01/bulk_s2g_4x16.stdout.log,data/ventus/V3.2/single_instruction/cycle_capacity/all_directions/legacy--ventus_v3_2_full/raw_logs/attempt_01/bulk_s2g_4x16.stdout.log,35712,7f260de5d2c95698583e685fe37545509bac1137911f00a4f0ad6343174c2833
ventus_v3_2_full,results/ventus_v3_2_full/raw_logs/attempt_01/bulk_s2g_4x4.stderr.log,data/ventus/V3.2/single_instruction/cycle_capacity/all_directions/legacy--ventus_v3_2_full/raw_logs/attempt_01/bulk_s2g_4x4.stderr.log,33323,1da7bf85fa59167d39ef8f3dd993abc81d8345bd276a2aa8501f3a64754de6d1
ventus_v3_2_full,results/ventus_v3_2_full/raw_logs/attempt_01/bulk_s2g_4x4.stdout.log,data/ventus/V3.2/single_instruction/cycle_capacity/all_directions/legacy--ventus_v3_2_full/raw_logs/attempt_01/bulk_s2g_4x4.stdout.log,34315,2037aa0438e09e8ffd5faf5fd6ca3ba034f9fa006dd36c611b36ac1b04f38fcf
ventus_v3_2_full,results/ventus_v3_2_full/raw_logs/attempt_01/tensor_g2s_16x16.stderr.log,data/ventus/V3.2/single_instruction/cycle_capacity/all_directions/legacy--ventus_v3_2_full/raw_logs/attempt_01/tensor_g2s_16x16.stderr.log,81106,980a139311eb47006e822f906a066dfb638f9ebf7b0af649c28348f39bb6baa0
ventus_v3_2_full,results/ventus_v3_2_full/raw_logs/attempt_01/tensor_g2s_16x16.stdout.log,data/ventus/V3.2/single_instruction/cycle_capacity/all_directions/legacy--ventus_v3_2_full/raw_logs/attempt_01/tensor_g2s_16x16.stdout.log,70776,cc4be15acd47eb7d494b6ade8241c28fe4049a4db2fb4ccaf721dc6ae9ab573b
ventus_v3_2_full,results/ventus_v3_2_full/raw_logs/attempt_01/tensor_g2s_1x4.stderr.log,data/ventus/V3.2/single_instruction/cycle_capacity/all_directions/legacy--ventus_v3_2_full/raw_logs/attempt_01/tensor_g2s_1x4.stderr.log,58141,a91020bdf80cd1df77b58470ccfd05fe5c0f6aa6fdfa366ea4a2b46d617c01c2
ventus_v3_2_full,results/ventus_v3_2_full/raw_logs/attempt_01/tensor_g2s_1x4.stdout.log,data/ventus/V3.2/single_instruction/cycle_capacity/all_directions/legacy--ventus_v3_2_full/raw_logs/attempt_01/tensor_g2s_1x4.stdout.log,58091,d2e9c5ec81a00934762c3ab1a954449517f755dc80ccdbefaa67a11590636f8b
ventus_v3_2_full,results/ventus_v3_2_full/raw_logs/attempt_01/tensor_g2s_32x32.stderr.log,data/ventus/V3.2/single_instruction/cycle_capacity/all_directions/legacy--ventus_v3_2_full/raw_logs/attempt_01/tensor_g2s_32x32.stderr.log,161458,7887ecbcbc5cb5419503ecec74737f607c77552b9ca0b04714c8dc595bd4113f
ventus_v3_2_full,results/ventus_v3_2_full/raw_logs/attempt_01/tensor_g2s_32x32.stdout.log,data/ventus/V3.2/single_instruction/cycle_capacity/all_directions/legacy--ventus_v3_2_full/raw_logs/attempt_01/tensor_g2s_32x32.stdout.log,116684,617a6c4da6d1f670963543f50d22b695bcd003cfd53f403cda58666439a4632a
ventus_v3_2_full,results/ventus_v3_2_full/raw_logs/attempt_01/tensor_g2s_4x16.stderr.log,data/ventus/V3.2/single_instruction/cycle_capacity/all_directions/legacy--ventus_v3_2_full/raw_logs/attempt_01/tensor_g2s_4x16.stderr.log,61140,325b9e4e1b36e84897099e8b4896192215cfc8882a64523b11161f95e568a6c9
ventus_v3_2_full,results/ventus_v3_2_full/raw_logs/attempt_01/tensor_g2s_4x16.stdout.log,data/ventus/V3.2/single_instruction/cycle_capacity/all_directions/legacy--ventus_v3_2_full/raw_logs/attempt_01/tensor_g2s_4x16.stdout.log,59303,5a272468116cbc09e74940cfc30e28de54b214d4bb361d0d4380f2d23347229e
ventus_v3_2_full,results/ventus_v3_2_full/raw_logs/attempt_01/tensor_g2s_4x4.stderr.log,data/ventus/V3.2/single_instruction/cycle_capacity/all_directions/legacy--ventus_v3_2_full/raw_logs/attempt_01/tensor_g2s_4x4.stderr.log,58153,996e80d0216a23a77e7e0b52597158163b77cbcd5db5966154f77f2a35d2244e
ventus_v3_2_full,results/ventus_v3_2_full/raw_logs/attempt_01/tensor_g2s_4x4.stdout.log,data/ventus/V3.2/single_instruction/cycle_capacity/all_directions/legacy--ventus_v3_2_full/raw_logs/attempt_01/tensor_g2s_4x4.stdout.log,57895,31973a2e68a0d8b0d15b660896d00f6ee9df9c012ac917cc8a839f720551ff61
ventus_v3_2_full,results/ventus_v3_2_full/raw_logs/attempt_01/tensor_s2g_16x16.stderr.log,data/ventus/V3.2/single_instruction/cycle_capacity/all_directions/legacy--ventus_v3_2_full/raw_logs/attempt_01/tensor_s2g_16x16.stderr.log,81044,367a1e2daaadf774055e65fdfcd07a19b2b390d4181191a47b78fed97b338297
ventus_v3_2_full,results/ventus_v3_2_full/raw_logs/attempt_01/tensor_s2g_16x16.stdout.log,data/ventus/V3.2/single_instruction/cycle_capacity/all_directions/legacy--ventus_v3_2_full/raw_logs/attempt_01/tensor_s2g_16x16.stdout.log,67927,45c0859efaa3ed91f529c0d25c89b97fc891d72787fd842a38ef2d39fe2e83b9
ventus_v3_2_full,results/ventus_v3_2_full/raw_logs/attempt_01/tensor_s2g_1x4.stderr.log,data/ventus/V3.2/single_instruction/cycle_capacity/all_directions/legacy--ventus_v3_2_full/raw_logs/attempt_01/tensor_s2g_1x4.stderr.log,57911,e07a6072e5cd7956df462ab5313131acc23a6f66e807ccd57f057a8dea239ae4
ventus_v3_2_full,results/ventus_v3_2_full/raw_logs/attempt_01/tensor_s2g_1x4.stdout.log,data/ventus/V3.2/single_instruction/cycle_capacity/all_directions/legacy--ventus_v3_2_full/raw_logs/attempt_01/tensor_s2g_1x4.stdout.log,55219,2c4a672146796442eb0227793fe903a6343e5bb3fe4c2708c5b054352b5a57ab
ventus_v3_2_full,results/ventus_v3_2_full/raw_logs/attempt_01/tensor_s2g_32x32.stderr.log,data/ventus/V3.2/single_instruction/cycle_capacity/all_directions/legacy--ventus_v3_2_full/raw_logs/attempt_01/tensor_s2g_32x32.stderr.log,161102,6dfd4202e6e61733ea96bc882297da496a1874304bbe0fa0160012fe1b6cdf50
ventus_v3_2_full,results/ventus_v3_2_full/raw_logs/attempt_01/tensor_s2g_32x32.stdout.log,data/ventus/V3.2/single_instruction/cycle_capacity/all_directions/legacy--ventus_v3_2_full/raw_logs/attempt_01/tensor_s2g_32x32.stdout.log,113813,49ab946ebc094053896daced87c31be166040ebc6941490c3381c51cd7a4f892
ventus_v3_2_full,results/ventus_v3_2_full/raw_logs/attempt_01/tensor_s2g_4x16.stderr.log,data/ventus/V3.2/single_instruction/cycle_capacity/all_directions/legacy--ventus_v3_2_full/raw_logs/attempt_01/tensor_s2g_4x16.stderr.log,61120,d938163e3b5a992fa923875f6dc256c54e6028b0d276aecdaeb9ef22d5d5b1ea
ventus_v3_2_full,results/ventus_v3_2_full/raw_logs/attempt_01/tensor_s2g_4x16.stdout.log,data/ventus/V3.2/single_instruction/cycle_capacity/all_directions/legacy--ventus_v3_2_full/raw_logs/attempt_01/tensor_s2g_4x16.stdout.log,56431,9689ae4d474d22533c75f38590ce5923ce3aea0ca1d796742897e98969a6742f
ventus_v3_2_full,results/ventus_v3_2_full/raw_logs/attempt_01/tensor_s2g_4x4.stderr.log,data/ventus/V3.2/single_instruction/cycle_capacity/all_directions/legacy--ventus_v3_2_full/raw_logs/attempt_01/tensor_s2g_4x4.stderr.log,58133,cee62a158e71c07af61438c8b962febef57d330caed285eb9be409bfa52cdb21
ventus_v3_2_full,results/ventus_v3_2_full/raw_logs/attempt_01/tensor_s2g_4x4.stdout.log,data/ventus/V3.2/single_instruction/cycle_capacity/all_directions/legacy--ventus_v3_2_full/raw_logs/attempt_01/tensor_s2g_4x4.stdout.log,55024,f15e9a67b791e3a3d53cec8a7e9b239b8545c3f67120afd7a29183eae0cf499d
ventus_v3_3_full,results/ventus_v3_3_full/attempt_01.csv,data/ventus/V3.3/single_instruction/cycle_capacity/all_directions/legacy--ventus_v3_3_full/attempt_01.csv,1323,69dfda93b144fc492d1a413cc3b7f793023955461a6fdad635ff88c776ce0277
ventus_v3_3_full,results/ventus_v3_3_full/manifest.json,data/ventus/V3.3/single_instruction/cycle_capacity/all_directions/legacy--ventus_v3_3_full/manifest.json,4121,27b5603a5d28002d4a9746cf9868d18ecb07c1d6be181111f55f964191a2dd53
ventus_v3_3_full,results/ventus_v3_3_full/raw_logs/attempt_01/bulk_g2s_16x16.stderr.log,data/ventus/V3.3/single_instruction/cycle_capacity/all_directions/legacy--ventus_v3_3_full/raw_logs/attempt_01/bulk_g2s_16x16.stderr.log,56946,429ecd9a37bc439f23565d9e70baae92cf70c133b7a0a7c4efe801827fec59ce
ventus_v3_3_full,results/ventus_v3_3_full/raw_logs/attempt_01/bulk_g2s_16x16.stdout.log,data/ventus/V3.3/single_instruction/cycle_capacity/all_directions/legacy--ventus_v3_3_full/raw_logs/attempt_01/bulk_g2s_16x16.stdout.log,49966,e24f4657ed0415f31f473d30dd8d553aa6bf9f7d13abcea921b3336cbc985870
ventus_v3_3_full,results/ventus_v3_3_full/raw_logs/attempt_01/bulk_g2s_1x4.stderr.log,data/ventus/V3.3/single_instruction/cycle_capacity/all_directions/legacy--ventus_v3_3_full/raw_logs/attempt_01/bulk_g2s_1x4.stderr.log,33771,a0c4d329b499da47dac3e24bbaa68fab474c3f611e75b9af7c4c793b37062462
ventus_v3_3_full,results/ventus_v3_3_full/raw_logs/attempt_01/bulk_g2s_1x4.stdout.log,data/ventus/V3.3/single_instruction/cycle_capacity/all_directions/legacy--ventus_v3_3_full/raw_logs/attempt_01/bulk_g2s_1x4.stdout.log,37291,9e47ff285d8da280944a43d3c3435ee6e2cc4389fbd912eb61420e57d97a0ab7
ventus_v3_3_full,results/ventus_v3_3_full/raw_logs/attempt_01/bulk_g2s_32x32.stderr.log,data/ventus/V3.3/single_instruction/cycle_capacity/all_directions/legacy--ventus_v3_3_full/raw_logs/attempt_01/bulk_g2s_32x32.stderr.log,137046,56c51837e60fbc04bbe74fea35b25a4945209d2634fa07036184aa1a3b418b29
ventus_v3_3_full,results/ventus_v3_3_full/raw_logs/attempt_01/bulk_g2s_32x32.stdout.log,data/ventus/V3.3/single_instruction/cycle_capacity/all_directions/legacy--ventus_v3_3_full/raw_logs/attempt_01/bulk_g2s_32x32.stdout.log,95880,6b8fff0d841232095ef4052c6acd11c40ca64b85931ddb39c43b975b7d395485
ventus_v3_3_full,results/ventus_v3_3_full/raw_logs/attempt_01/bulk_g2s_4x16.stderr.log,data/ventus/V3.3/single_instruction/cycle_capacity/all_directions/legacy--ventus_v3_3_full/raw_logs/attempt_01/bulk_g2s_4x16.stderr.log,36770,08168ee42c95683ab7ba762a394a8ee39254fee09ab5733af13c48f80fe921df
ventus_v3_3_full,results/ventus_v3_3_full/raw_logs/attempt_01/bulk_g2s_4x16.stdout.log,data/ventus/V3.3/single_instruction/cycle_capacity/all_directions/legacy--ventus_v3_3_full/raw_logs/attempt_01/bulk_g2s_4x16.stdout.log,38492,caf7cb597a977de7b9935747d8d42d4be9c0ec3e1cff19014ee1a460e4d4e831
ventus_v3_3_full,results/ventus_v3_3_full/raw_logs/attempt_01/bulk_g2s_4x4.stderr.log,data/ventus/V3.3/single_instruction/cycle_capacity/all_directions/legacy--ventus_v3_3_full/raw_logs/attempt_01/bulk_g2s_4x4.stderr.log,33825,43e0c5765a53874f387d910d81e7efe525ba6d398e735c768f806bedf5ed6441
ventus_v3_3_full,results/ventus_v3_3_full/raw_logs/attempt_01/bulk_g2s_4x4.stdout.log,data/ventus/V3.3/single_instruction/cycle_capacity/all_directions/legacy--ventus_v3_3_full/raw_logs/attempt_01/bulk_g2s_4x4.stdout.log,37095,a3fcfc590237f4c10b049e09869647b44a0956e1a2ad946ddcef544eab51525a
ventus_v3_3_full,results/ventus_v3_3_full/raw_logs/attempt_01/bulk_s2g_16x16.stderr.log,data/ventus/V3.3/single_instruction/cycle_capacity/all_directions/legacy--ventus_v3_3_full/raw_logs/attempt_01/bulk_s2g_16x16.stderr.log,56632,20d7f3988f1b9b632518048d8711423c6f8e6c63db6ef14d111c4253ce953dc0
ventus_v3_3_full,results/ventus_v3_3_full/raw_logs/attempt_01/bulk_s2g_16x16.stdout.log,data/ventus/V3.3/single_instruction/cycle_capacity/all_directions/legacy--ventus_v3_3_full/raw_logs/attempt_01/bulk_s2g_16x16.stdout.log,47203,c69080e869f40109a959c69070d1b8a792486f867a0b07652a8e0d9a1667adea
ventus_v3_3_full,results/ventus_v3_3_full/raw_logs/attempt_01/bulk_s2g_1x4.stderr.log,data/ventus/V3.3/single_instruction/cycle_capacity/all_directions/legacy--ventus_v3_3_full/raw_logs/attempt_01/bulk_s2g_1x4.stderr.log,33625,5706ea8227caf8551b1fcce6134266b4865f96e8b6a0ea6839dd612ebd34fea8
ventus_v3_3_full,results/ventus_v3_3_full/raw_logs/attempt_01/bulk_s2g_1x4.stdout.log,data/ventus/V3.3/single_instruction/cycle_capacity/all_directions/legacy--ventus_v3_3_full/raw_logs/attempt_01/bulk_s2g_1x4.stdout.log,34510,d27c66dac80e732f6e53da52718eb75ed7897d597956b3fdc0a0f4d2104ba052
ventus_v3_3_full,results/ventus_v3_3_full/raw_logs/attempt_01/bulk_s2g_32x32.stderr.log,data/ventus/V3.3/single_instruction/cycle_capacity/all_directions/legacy--ventus_v3_3_full/raw_logs/attempt_01/bulk_s2g_32x32.stderr.log,136858,8c6ab4a76a6e9f04cbdd1fba26358540e77c1e7cec99c75f127d1a6ff8839bcc
ventus_v3_3_full,results/ventus_v3_3_full/raw_logs/attempt_01/bulk_s2g_32x32.stdout.log,data/ventus/V3.3/single_instruction/cycle_capacity/all_directions/legacy--ventus_v3_3_full/raw_logs/attempt_01/bulk_s2g_32x32.stdout.log,93112,263eb0fbf13041fde4394c48f0b7503bd67589ecc463534dba871b74bf723716
ventus_v3_3_full,results/ventus_v3_3_full/raw_logs/attempt_01/bulk_s2g_4x16.stderr.log,data/ventus/V3.3/single_instruction/cycle_capacity/all_directions/legacy--ventus_v3_3_full/raw_logs/attempt_01/bulk_s2g_4x16.stderr.log,36624,f2144de79aff00689be44408aeb7069406375222415fdd6e72ee3822a18697c3
ventus_v3_3_full,results/ventus_v3_3_full/raw_logs/attempt_01/bulk_s2g_4x16.stdout.log,data/ventus/V3.3/single_instruction/cycle_capacity/all_directions/legacy--ventus_v3_3_full/raw_logs/attempt_01/bulk_s2g_4x16.stdout.log,35712,f065dbb0466a9517413236f0508df468c4d209feb5f3e5821fcd91bba401e05f
ventus_v3_3_full,results/ventus_v3_3_full/raw_logs/attempt_01/bulk_s2g_4x4.stderr.log,data/ventus/V3.3/single_instruction/cycle_capacity/all_directions/legacy--ventus_v3_3_full/raw_logs/attempt_01/bulk_s2g_4x4.stderr.log,33637,c037e4c07d6e8db3f58b4ca9857e17fa9eeeda94cb34425f7615be0729059a29
ventus_v3_3_full,results/ventus_v3_3_full/raw_logs/attempt_01/bulk_s2g_4x4.stdout.log,data/ventus/V3.3/single_instruction/cycle_capacity/all_directions/legacy--ventus_v3_3_full/raw_logs/attempt_01/bulk_s2g_4x4.stdout.log,34315,652db4321db285ade241fe33fe88c6914ca740fa57de01fe1d912c11e73b6d27
ventus_v3_3_full,results/ventus_v3_3_full/raw_logs/attempt_01/tensor_g2s_16x16.stderr.log,data/ventus/V3.3/single_instruction/cycle_capacity/all_directions/legacy--ventus_v3_3_full/raw_logs/attempt_01/tensor_g2s_16x16.stderr.log,81902,f7436f311179df44e2288c1633c1cba76ac037b8395545ff258a9d33757eac5f
ventus_v3_3_full,results/ventus_v3_3_full/raw_logs/attempt_01/tensor_g2s_16x16.stdout.log,data/ventus/V3.3/single_instruction/cycle_capacity/all_directions/legacy--ventus_v3_3_full/raw_logs/attempt_01/tensor_g2s_16x16.stdout.log,70776,7579157b5cd064fdb20ded9adabafc2f07ce6d173f6546b38b7c5d9ad52682a5
ventus_v3_3_full,results/ventus_v3_3_full/raw_logs/attempt_01/tensor_g2s_1x4.stderr.log,data/ventus/V3.3/single_instruction/cycle_capacity/all_directions/legacy--ventus_v3_3_full/raw_logs/attempt_01/tensor_g2s_1x4.stderr.log,58853,bcb328b3f1f520ad9d77742ade43262bb0be2971bb243c3be715ad21287092e0
ventus_v3_3_full,results/ventus_v3_3_full/raw_logs/attempt_01/tensor_g2s_1x4.stdout.log,data/ventus/V3.3/single_instruction/cycle_capacity/all_directions/legacy--ventus_v3_3_full/raw_logs/attempt_01/tensor_g2s_1x4.stdout.log,58091,71ee1e2d9eeff0fe6d54acecd0deb6dda2ab9bb7d52395a0ec50b71aab7d1d9c
ventus_v3_3_full,results/ventus_v3_3_full/raw_logs/attempt_01/tensor_g2s_32x32.stderr.log,data/ventus/V3.3/single_instruction/cycle_capacity/all_directions/legacy--ventus_v3_3_full/raw_logs/attempt_01/tensor_g2s_32x32.stderr.log,162128,1b829f2515ef3328d10e59a206fa749918e71a3e8d06c77e248f70752e7b61e0
ventus_v3_3_full,results/ventus_v3_3_full/raw_logs/attempt_01/tensor_g2s_32x32.stdout.log,data/ventus/V3.3/single_instruction/cycle_capacity/all_directions/legacy--ventus_v3_3_full/raw_logs/attempt_01/tensor_g2s_32x32.stdout.log,116684,99088da81e8140886c81d3e4dde8a8774cd1c01f562eab6af54ee9a3fddd5f6e
ventus_v3_3_full,results/ventus_v3_3_full/raw_logs/attempt_01/tensor_g2s_4x16.stderr.log,data/ventus/V3.3/single_instruction/cycle_capacity/all_directions/legacy--ventus_v3_3_full/raw_logs/attempt_01/tensor_g2s_4x16.stderr.log,61894,740a1dbd6f2bcb8a5835bf4baed3f9efa558f0ae8538f11c8a819e5995114918
ventus_v3_3_full,results/ventus_v3_3_full/raw_logs/attempt_01/tensor_g2s_4x16.stdout.log,data/ventus/V3.3/single_instruction/cycle_capacity/all_directions/legacy--ventus_v3_3_full/raw_logs/attempt_01/tensor_g2s_4x16.stdout.log,59303,aac2c6d59e3a1c29e11c00305dab4e0ee716051df1f18004201f5705d52a699f
ventus_v3_3_full,results/ventus_v3_3_full/raw_logs/attempt_01/tensor_g2s_4x4.stderr.log,data/ventus/V3.3/single_instruction/cycle_capacity/all_directions/legacy--ventus_v3_3_full/raw_logs/attempt_01/tensor_g2s_4x4.stderr.log,58865,f90cb8a1d8f5cddd29705b359ea067165a52e1fc7c4ff46ae4e2bde471c47370
ventus_v3_3_full,results/ventus_v3_3_full/raw_logs/attempt_01/tensor_g2s_4x4.stdout.log,data/ventus/V3.3/single_instruction/cycle_capacity/all_directions/legacy--ventus_v3_3_full/raw_logs/attempt_01/tensor_g2s_4x4.stdout.log,57895,96b654ef29d71097b71be3fc5f9852af5e49659c5df4ffb5eca8e04242200fa2
ventus_v3_3_full,results/ventus_v3_3_full/raw_logs/attempt_01/tensor_s2g_16x16.stderr.log,data/ventus/V3.3/single_instruction/cycle_capacity/all_directions/legacy--ventus_v3_3_full/raw_logs/attempt_01/tensor_s2g_16x16.stderr.log,81714,816929febc03bee27c7c0aff1000a8df3bfc7ed7e9d4b19e1f7b0780341e14cf
ventus_v3_3_full,results/ventus_v3_3_full/raw_logs/attempt_01/tensor_s2g_16x16.stdout.log,data/ventus/V3.3/single_instruction/cycle_capacity/all_directions/legacy--ventus_v3_3_full/raw_logs/attempt_01/tensor_s2g_16x16.stdout.log,67927,2ade7256f5ec45fa9b96fabffcbc90bad7df560bfbff8571a9135b1977e95e59
ventus_v3_3_full,results/ventus_v3_3_full/raw_logs/attempt_01/tensor_s2g_1x4.stderr.log,data/ventus/V3.3/single_instruction/cycle_capacity/all_directions/legacy--ventus_v3_3_full/raw_logs/attempt_01/tensor_s2g_1x4.stderr.log,58833,9d18944e297710313f8b04e3bb0ef5dfd2ca74ceff32ac2e2b9eb2f1f0192734
ventus_v3_3_full,results/ventus_v3_3_full/raw_logs/attempt_01/tensor_s2g_1x4.stdout.log,data/ventus/V3.3/single_instruction/cycle_capacity/all_directions/legacy--ventus_v3_3_full/raw_logs/attempt_01/tensor_s2g_1x4.stdout.log,55219,e497ae383f9906103c2ac7d35dbfd36ffb54396ba44efd3bcc91bb1d498e8117
ventus_v3_3_full,results/ventus_v3_3_full/raw_logs/attempt_01/tensor_s2g_32x32.stderr.log,data/ventus/V3.3/single_instruction/cycle_capacity/all_directions/legacy--ventus_v3_3_full/raw_logs/attempt_01/tensor_s2g_32x32.stderr.log,161856,4257d20b6338fd1a7ffc2e25bfebdedcd742fb749cd415eedaada738c47e2303
ventus_v3_3_full,results/ventus_v3_3_full/raw_logs/attempt_01/tensor_s2g_32x32.stdout.log,data/ventus/V3.3/single_instruction/cycle_capacity/all_directions/legacy--ventus_v3_3_full/raw_logs/attempt_01/tensor_s2g_32x32.stdout.log,113813,f2a1bf45955da0146c2b16c1f9d6c185134969dfc0b5849f84626952909d70bc
ventus_v3_3_full,results/ventus_v3_3_full/raw_logs/attempt_01/tensor_s2g_4x16.stderr.log,data/ventus/V3.3/single_instruction/cycle_capacity/all_directions/legacy--ventus_v3_3_full/raw_logs/attempt_01/tensor_s2g_4x16.stderr.log,61706,71e0c96517bec26bc7531fb9139c68af4623278d8a81a8417df097473151d353
ventus_v3_3_full,results/ventus_v3_3_full/raw_logs/attempt_01/tensor_s2g_4x16.stdout.log,data/ventus/V3.3/single_instruction/cycle_capacity/all_directions/legacy--ventus_v3_3_full/raw_logs/attempt_01/tensor_s2g_4x16.stdout.log,56431,304f4a0e14b089f76f77a0898278369fb010e830f7c148c85287120bf3649ad2
ventus_v3_3_full,results/ventus_v3_3_full/raw_logs/attempt_01/tensor_s2g_4x4.stderr.log,data/ventus/V3.3/single_instruction/cycle_capacity/all_directions/legacy--ventus_v3_3_full/raw_logs/attempt_01/tensor_s2g_4x4.stderr.log,58719,9cf8c7f0fc8cf8b3c80b20fdc131363a05b6702e0def0e07aca574b7c47af7be
ventus_v3_3_full,results/ventus_v3_3_full/raw_logs/attempt_01/tensor_s2g_4x4.stdout.log,data/ventus/V3.3/single_instruction/cycle_capacity/all_directions/legacy--ventus_v3_3_full/raw_logs/attempt_01/tensor_s2g_4x4.stdout.log,55024,83662336cfebb2868104459f154ecf4d3e3551a78856c5beef1bd5a6eb7ab264
ventus_v3_3_full_pre_metadata_compression,results/ventus_v3_3_full_pre_metadata_compression/attempt_01.csv,archive/results/ventus/V3.3/cycle_capacity/ventus_v3_3_full_pre_metadata_compression/attempt_01.csv,1323,69dfda93b144fc492d1a413cc3b7f793023955461a6fdad635ff88c776ce0277
ventus_v3_3_full_pre_metadata_compression,results/ventus_v3_3_full_pre_metadata_compression/manifest.json,archive/results/ventus/V3.3/cycle_capacity/ventus_v3_3_full_pre_metadata_compression/manifest.json,4119,d87813f6adfc20d372a0f74561d8f00d2a90d29db31053ff7a0cacdb7486affb
ventus_v3_3_full_pre_metadata_compression,results/ventus_v3_3_full_pre_metadata_compression/raw_logs/attempt_01/bulk_g2s_16x16.stderr.log,archive/results/ventus/V3.3/cycle_capacity/ventus_v3_3_full_pre_metadata_compression/raw_logs/attempt_01/bulk_g2s_16x16.stderr.log,56820,e175c4e1fe53a90e81d59a4e19de65faaa096c3d08c9122355a04671958b45fd
ventus_v3_3_full_pre_metadata_compression,results/ventus_v3_3_full_pre_metadata_compression/raw_logs/attempt_01/bulk_g2s_16x16.stdout.log,archive/results/ventus/V3.3/cycle_capacity/ventus_v3_3_full_pre_metadata_compression/raw_logs/attempt_01/bulk_g2s_16x16.stdout.log,49968,5fe9ef1abd1ab008de6c87d6a8862c58900870436abfc9a1662fc33372c929b1
ventus_v3_3_full_pre_metadata_compression,results/ventus_v3_3_full_pre_metadata_compression/raw_logs/attempt_01/bulk_g2s_1x4.stderr.log,archive/results/ventus/V3.3/cycle_capacity/ventus_v3_3_full_pre_metadata_compression/raw_logs/attempt_01/bulk_g2s_1x4.stderr.log,33897,bdfd485c5de35287997029ebc673e1db5b5d919540255aa7909feea164cd8e12
ventus_v3_3_full_pre_metadata_compression,results/ventus_v3_3_full_pre_metadata_compression/raw_logs/attempt_01/bulk_g2s_1x4.stdout.log,archive/results/ventus/V3.3/cycle_capacity/ventus_v3_3_full_pre_metadata_compression/raw_logs/attempt_01/bulk_g2s_1x4.stdout.log,37291,557e63aad3aa666c2462ec830addeb1503551a69ab5e8ddfce590ba88fdd1285
ventus_v3_3_full_pre_metadata_compression,results/ventus_v3_3_full_pre_metadata_compression/raw_logs/attempt_01/bulk_g2s_32x32.stderr.log,archive/results/ventus/V3.3/cycle_capacity/ventus_v3_3_full_pre_metadata_compression/raw_logs/attempt_01/bulk_g2s_32x32.stderr.log,137046,e83d5c9b91aecca63c2270429749d9c08dbf814fd44e8e50976acf1b2a7b9bc2
ventus_v3_3_full_pre_metadata_compression,results/ventus_v3_3_full_pre_metadata_compression/raw_logs/attempt_01/bulk_g2s_32x32.stdout.log,archive/results/ventus/V3.3/cycle_capacity/ventus_v3_3_full_pre_metadata_compression/raw_logs/attempt_01/bulk_g2s_32x32.stdout.log,95880,4dfb01ba4d305bc4ae1c9924a6ba8b1e05f9c642fe550d6f1fc0e918c90a7d1f
ventus_v3_3_full_pre_metadata_compression,results/ventus_v3_3_full_pre_metadata_compression/raw_logs/attempt_01/bulk_g2s_4x16.stderr.log,archive/results/ventus/V3.3/cycle_capacity/ventus_v3_3_full_pre_metadata_compression/raw_logs/attempt_01/bulk_g2s_4x16.stderr.log,36812,61d6f303c7943b1039c191b28858cb2844eccb413009bc9d3a6dd28f8c590417
ventus_v3_3_full_pre_metadata_compression,results/ventus_v3_3_full_pre_metadata_compression/raw_logs/attempt_01/bulk_g2s_4x16.stdout.log,archive/results/ventus/V3.3/cycle_capacity/ventus_v3_3_full_pre_metadata_compression/raw_logs/attempt_01/bulk_g2s_4x16.stdout.log,38492,e8b667ae2b99ffa7d6ace538925a5e34b90cacb677b3153fbfb1806ad3db5efb
ventus_v3_3_full_pre_metadata_compression,results/ventus_v3_3_full_pre_metadata_compression/raw_logs/attempt_01/bulk_g2s_4x4.stderr.log,archive/results/ventus/V3.3/cycle_capacity/ventus_v3_3_full_pre_metadata_compression/raw_logs/attempt_01/bulk_g2s_4x4.stderr.log,33825,7400acbcaf47d2fc7ec22d153812a02fd00b9d6ce0cf7a2e5d1319a9aa511c2e
ventus_v3_3_full_pre_metadata_compression,results/ventus_v3_3_full_pre_metadata_compression/raw_logs/attempt_01/bulk_g2s_4x4.stdout.log,archive/results/ventus/V3.3/cycle_capacity/ventus_v3_3_full_pre_metadata_compression/raw_logs/attempt_01/bulk_g2s_4x4.stdout.log,37095,4beefefb26532f9e02ef1ecb35aff5aebb593e7fe5165c5660d248e031a13c68
ventus_v3_3_full_pre_metadata_compression,results/ventus_v3_3_full_pre_metadata_compression/raw_logs/attempt_01/bulk_s2g_16x16.stderr.log,archive/results/ventus/V3.3/cycle_capacity/ventus_v3_3_full_pre_metadata_compression/raw_logs/attempt_01/bulk_s2g_16x16.stderr.log,56800,5cb8af91a52118982ad04372da4e37c0c66e7050f367eafe841da73541182cc0
ventus_v3_3_full_pre_metadata_compression,results/ventus_v3_3_full_pre_metadata_compression/raw_logs/attempt_01/bulk_s2g_16x16.stdout.log,archive/results/ventus/V3.3/cycle_capacity/ventus_v3_3_full_pre_metadata_compression/raw_logs/attempt_01/bulk_s2g_16x16.stdout.log,47203,b18d2eb6ffc8ff30501ccfc22b47dc84cc0395f704b369ed12834715ec612b2b
ventus_v3_3_full_pre_metadata_compression,results/ventus_v3_3_full_pre_metadata_compression/raw_logs/attempt_01/bulk_s2g_1x4.stderr.log,archive/results/ventus/V3.3/cycle_capacity/ventus_v3_3_full_pre_metadata_compression/raw_logs/attempt_01/bulk_s2g_1x4.stderr.log,33625,b2e3e61bace2477cf3b983bb4cb6b7ca3987d8aafc5504ed9b0a14b3ce81b718
ventus_v3_3_full_pre_metadata_compression,results/ventus_v3_3_full_pre_metadata_compression/raw_logs/attempt_01/bulk_s2g_1x4.stdout.log,archive/results/ventus/V3.3/cycle_capacity/ventus_v3_3_full_pre_metadata_compression/raw_logs/attempt_01/bulk_s2g_1x4.stdout.log,34510,2e3196a213e4292a106c3029a6a44d13fa5b842561667fe5855b6aa10a3e72b1
ventus_v3_3_full_pre_metadata_compression,results/ventus_v3_3_full_pre_metadata_compression/raw_logs/attempt_01/bulk_s2g_32x32.stderr.log,archive/results/ventus/V3.3/cycle_capacity/ventus_v3_3_full_pre_metadata_compression/raw_logs/attempt_01/bulk_s2g_32x32.stderr.log,136858,05d441d733f42de9122b04d06e4c2900b44c2a1e4ab8c07a55f4423adf84ee93
ventus_v3_3_full_pre_metadata_compression,results/ventus_v3_3_full_pre_metadata_compression/raw_logs/attempt_01/bulk_s2g_32x32.stdout.log,archive/results/ventus/V3.3/cycle_capacity/ventus_v3_3_full_pre_metadata_compression/raw_logs/attempt_01/bulk_s2g_32x32.stdout.log,93112,535c3b65682f5d0a88e0d92ad59613252fb3b0c830a98dfc4894f2821cc7984e
ventus_v3_3_full_pre_metadata_compression,results/ventus_v3_3_full_pre_metadata_compression/raw_logs/attempt_01/bulk_s2g_4x16.stderr.log,archive/results/ventus/V3.3/cycle_capacity/ventus_v3_3_full_pre_metadata_compression/raw_logs/attempt_01/bulk_s2g_4x16.stderr.log,36708,32e508446d65a9585e42737cd6d8f1bc644c1dce614926d1b41a30b2741aadce
ventus_v3_3_full_pre_metadata_compression,results/ventus_v3_3_full_pre_metadata_compression/raw_logs/attempt_01/bulk_s2g_4x16.stdout.log,archive/results/ventus/V3.3/cycle_capacity/ventus_v3_3_full_pre_metadata_compression/raw_logs/attempt_01/bulk_s2g_4x16.stdout.log,35712,92057f9c4d43bd5e9593e76a3a3ac2a33694a2c37cb211ec4dc62c87f81a4d29
ventus_v3_3_full_pre_metadata_compression,results/ventus_v3_3_full_pre_metadata_compression/raw_logs/attempt_01/bulk_s2g_4x4.stderr.log,archive/results/ventus/V3.3/cycle_capacity/ventus_v3_3_full_pre_metadata_compression/raw_logs/attempt_01/bulk_s2g_4x4.stderr.log,33805,6e7912c87ca81f7ce251e76e2915b8b473cac1762e111168eb70c0c2421822e6
ventus_v3_3_full_pre_metadata_compression,results/ventus_v3_3_full_pre_metadata_compression/raw_logs/attempt_01/bulk_s2g_4x4.stdout.log,archive/results/ventus/V3.3/cycle_capacity/ventus_v3_3_full_pre_metadata_compression/raw_logs/attempt_01/bulk_s2g_4x4.stdout.log,34315,82211d5cdc2d84a4c561b8e972e20b6b9bc4e198790113b4b33252bf11d2cb09
ventus_v3_3_full_pre_metadata_compression,results/ventus_v3_3_full_pre_metadata_compression/raw_logs/attempt_01/tensor_g2s_16x16.stderr.log,archive/results/ventus/V3.3/cycle_capacity/ventus_v3_3_full_pre_metadata_compression/raw_logs/attempt_01/tensor_g2s_16x16.stderr.log,82070,5ad4050b4af61ef85fc30044664c9e3dcf15cd1c30ec9ea664a1f11b0958d966
ventus_v3_3_full_pre_metadata_compression,results/ventus_v3_3_full_pre_metadata_compression/raw_logs/attempt_01/tensor_g2s_16x16.stdout.log,archive/results/ventus/V3.3/cycle_capacity/ventus_v3_3_full_pre_metadata_compression/raw_logs/attempt_01/tensor_g2s_16x16.stdout.log,70776,b806632294eff24afb93e8db53db11bec8bdbab198b8a5360aeeba2226d4f089
ventus_v3_3_full_pre_metadata_compression,results/ventus_v3_3_full_pre_metadata_compression/raw_logs/attempt_01/tensor_g2s_1x4.stderr.log,archive/results/ventus/V3.3/cycle_capacity/ventus_v3_3_full_pre_metadata_compression/raw_logs/attempt_01/tensor_g2s_1x4.stderr.log,58853,de0e99dd1fb75b08432122a099b3a2ac846f9ea48bc909a894f66f1c494e7170
ventus_v3_3_full_pre_metadata_compression,results/ventus_v3_3_full_pre_metadata_compression/raw_logs/attempt_01/tensor_g2s_1x4.stdout.log,archive/results/ventus/V3.3/cycle_capacity/ventus_v3_3_full_pre_metadata_compression/raw_logs/attempt_01/tensor_g2s_1x4.stdout.log,58091,576f2ea99cb9bcc6d299b17ed2e2a540c67df5f6ae655abd79ff6159a6e5841b
ventus_v3_3_full_pre_metadata_compression,results/ventus_v3_3_full_pre_metadata_compression/raw_logs/attempt_01/tensor_g2s_32x32.stderr.log,archive/results/ventus/V3.3/cycle_capacity/ventus_v3_3_full_pre_metadata_compression/raw_logs/attempt_01/tensor_g2s_32x32.stderr.log,162044,0808876e69f6fcb5fcbe88e465661761859bff628bcc04d67fb97e153c78519a
ventus_v3_3_full_pre_metadata_compression,results/ventus_v3_3_full_pre_metadata_compression/raw_logs/attempt_01/tensor_g2s_32x32.stdout.log,archive/results/ventus/V3.3/cycle_capacity/ventus_v3_3_full_pre_metadata_compression/raw_logs/attempt_01/tensor_g2s_32x32.stdout.log,116684,ed716acc08316697e3e1e77b775294d376114f48fe5781606c327d1b29a43ecd
ventus_v3_3_full_pre_metadata_compression,results/ventus_v3_3_full_pre_metadata_compression/raw_logs/attempt_01/tensor_g2s_4x16.stderr.log,archive/results/ventus/V3.3/cycle_capacity/ventus_v3_3_full_pre_metadata_compression/raw_logs/attempt_01/tensor_g2s_4x16.stderr.log,62146,d5f156d62f074c39d9e9773dacabb850d7b62113ea0eb2a606a308809358cb9e
ventus_v3_3_full_pre_metadata_compression,results/ventus_v3_3_full_pre_metadata_compression/raw_logs/attempt_01/tensor_g2s_4x16.stdout.log,archive/results/ventus/V3.3/cycle_capacity/ventus_v3_3_full_pre_metadata_compression/raw_logs/attempt_01/tensor_g2s_4x16.stdout.log,59303,3a2b0e83ea2df659e7ebeb7109b85aaf7f063a9547a9a90affbad3722f0aae6c
ventus_v3_3_full_pre_metadata_compression,results/ventus_v3_3_full_pre_metadata_compression/raw_logs/attempt_01/tensor_g2s_4x4.stderr.log,archive/results/ventus/V3.3/cycle_capacity/ventus_v3_3_full_pre_metadata_compression/raw_logs/attempt_01/tensor_g2s_4x4.stderr.log,59075,355f30f6220d55bce2ecd32c23ea7f875eb273908ae67c682ef5bf508847a3d6
ventus_v3_3_full_pre_metadata_compression,results/ventus_v3_3_full_pre_metadata_compression/raw_logs/attempt_01/tensor_g2s_4x4.stdout.log,archive/results/ventus/V3.3/cycle_capacity/ventus_v3_3_full_pre_metadata_compression/raw_logs/attempt_01/tensor_g2s_4x4.stdout.log,57895,4d6fe37d7e51954c3ced5b499f026b7cd183dca18e3d84d56f23ec45ca617a31
ventus_v3_3_full_pre_metadata_compression,results/ventus_v3_3_full_pre_metadata_compression/raw_logs/attempt_01/tensor_s2g_16x16.stderr.log,archive/results/ventus/V3.3/cycle_capacity/ventus_v3_3_full_pre_metadata_compression/raw_logs/attempt_01/tensor_s2g_16x16.stderr.log,81756,7cb2c15c153897e265a66dd4930b85c9abe57fadfe1287f2434cf87d994a89df
ventus_v3_3_full_pre_metadata_compression,results/ventus_v3_3_full_pre_metadata_compression/raw_logs/attempt_01/tensor_s2g_16x16.stdout.log,archive/results/ventus/V3.3/cycle_capacity/ventus_v3_3_full_pre_metadata_compression/raw_logs/attempt_01/tensor_s2g_16x16.stdout.log,67927,57ce2d12e10788711d1e97885d4dda8449f911eec48f32fb23cc1d8eaee156ef
ventus_v3_3_full_pre_metadata_compression,results/ventus_v3_3_full_pre_metadata_compression/raw_logs/attempt_01/tensor_s2g_1x4.stderr.log,archive/results/ventus/V3.3/cycle_capacity/ventus_v3_3_full_pre_metadata_compression/raw_logs/attempt_01/tensor_s2g_1x4.stderr.log,58665,ddfe72bf7f2a0178b55d39fe4073a1c5a2d4b44761336771e6c14fb07190588f
ventus_v3_3_full_pre_metadata_compression,results/ventus_v3_3_full_pre_metadata_compression/raw_logs/attempt_01/tensor_s2g_1x4.stdout.log,archive/results/ventus/V3.3/cycle_capacity/ventus_v3_3_full_pre_metadata_compression/raw_logs/attempt_01/tensor_s2g_1x4.stdout.log,55219,ddf6b8774e9f579af0c0eee63cf1d8c38f8b7a79b7fde44ccd80c91d4b3a1d91
ventus_v3_3_full_pre_metadata_compression,results/ventus_v3_3_full_pre_metadata_compression/raw_logs/attempt_01/tensor_s2g_32x32.stderr.log,archive/results/ventus/V3.3/cycle_capacity/ventus_v3_3_full_pre_metadata_compression/raw_logs/attempt_01/tensor_s2g_32x32.stderr.log,161856,872724e8010620e3596aeea4b6d34220f2b8af5ea4990c8cccc2a2982b581e2c
ventus_v3_3_full_pre_metadata_compression,results/ventus_v3_3_full_pre_metadata_compression/raw_logs/attempt_01/tensor_s2g_32x32.stdout.log,archive/results/ventus/V3.3/cycle_capacity/ventus_v3_3_full_pre_metadata_compression/raw_logs/attempt_01/tensor_s2g_32x32.stdout.log,113813,fa65fd7708d5113a8048cdb2be6c3dd4bd18a63df8f69a407037d222743b4723
ventus_v3_3_full_pre_metadata_compression,results/ventus_v3_3_full_pre_metadata_compression/raw_logs/attempt_01/tensor_s2g_4x16.stderr.log,archive/results/ventus/V3.3/cycle_capacity/ventus_v3_3_full_pre_metadata_compression/raw_logs/attempt_01/tensor_s2g_4x16.stderr.log,61706,10dff7f32fbdda8bd1de4d6e52b8ff6d053a7dae718d43d43b039696a8e179d4
ventus_v3_3_full_pre_metadata_compression,results/ventus_v3_3_full_pre_metadata_compression/raw_logs/attempt_01/tensor_s2g_4x16.stdout.log,archive/results/ventus/V3.3/cycle_capacity/ventus_v3_3_full_pre_metadata_compression/raw_logs/attempt_01/tensor_s2g_4x16.stdout.log,56431,983c391d2c71ae46f055265da55ef5ef953a8614274e6a0d9443c05bc7285bbd
ventus_v3_3_full_pre_metadata_compression,results/ventus_v3_3_full_pre_metadata_compression/raw_logs/attempt_01/tensor_s2g_4x4.stderr.log,archive/results/ventus/V3.3/cycle_capacity/ventus_v3_3_full_pre_metadata_compression/raw_logs/attempt_01/tensor_s2g_4x4.stderr.log,58719,c1215e01d70f26ce73b8b3d289328e186ac5858b353ef8f1680f5466e70f75f8
ventus_v3_3_full_pre_metadata_compression,results/ventus_v3_3_full_pre_metadata_compression/raw_logs/attempt_01/tensor_s2g_4x4.stdout.log,archive/results/ventus/V3.3/cycle_capacity/ventus_v3_3_full_pre_metadata_compression/raw_logs/attempt_01/tensor_s2g_4x4.stdout.log,55024,3e7692e8215801d6577049480fbe3015e8e226219c6017a7dfba68e376cd9638
ventus_v3_4_full,results/ventus_v3_4_full/attempt_01.csv,data/ventus/V3.4/single_instruction/cycle_capacity/all_directions/legacy--ventus_v3_4_full/attempt_01.csv,1323,93e59bd051354b4876649f4fa71e7c61fc68fd68ed2151c89da7f2f78cc79ae0
ventus_v3_4_full,results/ventus_v3_4_full/manifest.json,data/ventus/V3.4/single_instruction/cycle_capacity/all_directions/legacy--ventus_v3_4_full/manifest.json,4124,34a0df459aa4eb98475213e83be693ec8a0102e860bf75565933748a99af2cb5
ventus_v3_4_full,results/ventus_v3_4_full/raw_logs/attempt_01/bulk_g2s_16x16.stderr.log,data/ventus/V3.4/single_instruction/cycle_capacity/all_directions/legacy--ventus_v3_4_full/raw_logs/attempt_01/bulk_g2s_16x16.stderr.log,56862,9e4ae2948c01905e9c40a57f657a6fc3e2497273ec0eb3f8e7180ca1bdc24da3
ventus_v3_4_full,results/ventus_v3_4_full/raw_logs/attempt_01/bulk_g2s_16x16.stdout.log,data/ventus/V3.4/single_instruction/cycle_capacity/all_directions/legacy--ventus_v3_4_full/raw_logs/attempt_01/bulk_g2s_16x16.stdout.log,49968,afdbaaf769d295a8c77c97d98d46f3cb737a7ac0851717017f71122ad45b8de2
ventus_v3_4_full,results/ventus_v3_4_full/raw_logs/attempt_01/bulk_g2s_1x4.stderr.log,data/ventus/V3.4/single_instruction/cycle_capacity/all_directions/legacy--ventus_v3_4_full/raw_logs/attempt_01/bulk_g2s_1x4.stderr.log,33897,db0210415a582dc4bcabda4bcc66d87239f232288b858901f4937dc710feae0a
ventus_v3_4_full,results/ventus_v3_4_full/raw_logs/attempt_01/bulk_g2s_1x4.stdout.log,data/ventus/V3.4/single_instruction/cycle_capacity/all_directions/legacy--ventus_v3_4_full/raw_logs/attempt_01/bulk_g2s_1x4.stdout.log,37291,5b9ff4b943bea90c05db28032908773e29f9c89c5720452fec853ba1332b1cbd
ventus_v3_4_full,results/ventus_v3_4_full/raw_logs/attempt_01/bulk_g2s_32x32.stderr.log,data/ventus/V3.4/single_instruction/cycle_capacity/all_directions/legacy--ventus_v3_4_full/raw_logs/attempt_01/bulk_g2s_32x32.stderr.log,137046,8239517003c5693bb92277c6182fe7cda427c1df69955ea2d15ad2483d44a377
ventus_v3_4_full,results/ventus_v3_4_full/raw_logs/attempt_01/bulk_g2s_32x32.stdout.log,data/ventus/V3.4/single_instruction/cycle_capacity/all_directions/legacy--ventus_v3_4_full/raw_logs/attempt_01/bulk_g2s_32x32.stdout.log,95879,a03907d1b9366e964e4f0b78d8d1296eb227ab307db93e56bd5d5f2d0110cc05
ventus_v3_4_full,results/ventus_v3_4_full/raw_logs/attempt_01/bulk_g2s_4x16.stderr.log,data/ventus/V3.4/single_instruction/cycle_capacity/all_directions/legacy--ventus_v3_4_full/raw_logs/attempt_01/bulk_g2s_4x16.stderr.log,36770,633c1f28dd000069709a0d76c80cf339d407d9e329353a3e82a518776c9557d7
ventus_v3_4_full,results/ventus_v3_4_full/raw_logs/attempt_01/bulk_g2s_4x16.stdout.log,data/ventus/V3.4/single_instruction/cycle_capacity/all_directions/legacy--ventus_v3_4_full/raw_logs/attempt_01/bulk_g2s_4x16.stdout.log,38492,e4a5fd9f60bedfb11bfcaaeff100af0fa49790f66bc453b68d811f9d6be6f2d1
ventus_v3_4_full,results/ventus_v3_4_full/raw_logs/attempt_01/bulk_g2s_4x4.stderr.log,data/ventus/V3.4/single_instruction/cycle_capacity/all_directions/legacy--ventus_v3_4_full/raw_logs/attempt_01/bulk_g2s_4x4.stderr.log,33867,94796521b771af59cf65fa27ac1139220b0e3c76248632f604a4f663833de334
ventus_v3_4_full,results/ventus_v3_4_full/raw_logs/attempt_01/bulk_g2s_4x4.stdout.log,data/ventus/V3.4/single_instruction/cycle_capacity/all_directions/legacy--ventus_v3_4_full/raw_logs/attempt_01/bulk_g2s_4x4.stdout.log,37095,b6daa5e5fca5232e130a7998ba41b87c89c8efcff4bc9c8b6dedc4da5e06edcc
ventus_v3_4_full,results/ventus_v3_4_full/raw_logs/attempt_01/bulk_s2g_16x16.stderr.log,data/ventus/V3.4/single_instruction/cycle_capacity/all_directions/legacy--ventus_v3_4_full/raw_logs/attempt_01/bulk_s2g_16x16.stderr.log,56674,780e38499648f256addb0a5d506e8c123870fb2bb2fcd29a1ea1e262b52de2cf
ventus_v3_4_full,results/ventus_v3_4_full/raw_logs/attempt_01/bulk_s2g_16x16.stdout.log,data/ventus/V3.4/single_instruction/cycle_capacity/all_directions/legacy--ventus_v3_4_full/raw_logs/attempt_01/bulk_s2g_16x16.stdout.log,47203,57802ee75079360d7eb4c4d517ca9589d1e42e628e9a66fd76f24986e25d57cb
ventus_v3_4_full,results/ventus_v3_4_full/raw_logs/attempt_01/bulk_s2g_1x4.stderr.log,data/ventus/V3.4/single_instruction/cycle_capacity/all_directions/legacy--ventus_v3_4_full/raw_logs/attempt_01/bulk_s2g_1x4.stderr.log,33541,133ea053b0dbe49425f82560eb553f76dea1b1ffb6b53f0b356b2eff417e4504
ventus_v3_4_full,results/ventus_v3_4_full/raw_logs/attempt_01/bulk_s2g_1x4.stdout.log,data/ventus/V3.4/single_instruction/cycle_capacity/all_directions/legacy--ventus_v3_4_full/raw_logs/attempt_01/bulk_s2g_1x4.stdout.log,34510,9be48ad8c582f40810e3964f6664ded9c8aa0c925d37c17af6bf45b3de04739f
ventus_v3_4_full,results/ventus_v3_4_full/raw_logs/attempt_01/bulk_s2g_32x32.stderr.log,data/ventus/V3.4/single_instruction/cycle_capacity/all_directions/legacy--ventus_v3_4_full/raw_logs/attempt_01/bulk_s2g_32x32.stderr.log,136858,83c6d656280658d4f940009a7defe0caee04ba59d8e389dd12909adcee28268a
ventus_v3_4_full,results/ventus_v3_4_full/raw_logs/attempt_01/bulk_s2g_32x32.stdout.log,data/ventus/V3.4/single_instruction/cycle_capacity/all_directions/legacy--ventus_v3_4_full/raw_logs/attempt_01/bulk_s2g_32x32.stdout.log,93112,97347c20041e520ab10effe4ae0f44931689faab79e585171ef0849567d89db1
ventus_v3_4_full,results/ventus_v3_4_full/raw_logs/attempt_01/bulk_s2g_4x16.stderr.log,data/ventus/V3.4/single_instruction/cycle_capacity/all_directions/legacy--ventus_v3_4_full/raw_logs/attempt_01/bulk_s2g_4x16.stderr.log,36582,e6cc97b0ab8362b9d6e79cfe707d0ba19556f8be591ffdbc286d8933e6215523
ventus_v3_4_full,results/ventus_v3_4_full/raw_logs/attempt_01/bulk_s2g_4x16.stdout.log,data/ventus/V3.4/single_instruction/cycle_capacity/all_directions/legacy--ventus_v3_4_full/raw_logs/attempt_01/bulk_s2g_4x16.stdout.log,35712,124e5d56542b07edf14c9422790fc5a4b5a2bd4a927cf4533e0457ff2eccde96
ventus_v3_4_full,results/ventus_v3_4_full/raw_logs/attempt_01/bulk_s2g_4x4.stderr.log,data/ventus/V3.4/single_instruction/cycle_capacity/all_directions/legacy--ventus_v3_4_full/raw_logs/attempt_01/bulk_s2g_4x4.stderr.log,33679,b84a3e6089de8bf83b8f6d99c6de74e4e5a2182b0e774aa4365f6fdb30670d01
ventus_v3_4_full,results/ventus_v3_4_full/raw_logs/attempt_01/bulk_s2g_4x4.stdout.log,data/ventus/V3.4/single_instruction/cycle_capacity/all_directions/legacy--ventus_v3_4_full/raw_logs/attempt_01/bulk_s2g_4x4.stdout.log,34315,fa872557f72bd55433b11a7b14a09d7ef6788f7ec4d9431f5fa2199e389bf704
ventus_v3_4_full,results/ventus_v3_4_full/raw_logs/attempt_01/tensor_g2s_16x16.stderr.log,data/ventus/V3.4/single_instruction/cycle_capacity/all_directions/legacy--ventus_v3_4_full/raw_logs/attempt_01/tensor_g2s_16x16.stderr.log,81902,ade2ca17e7cdb5eba4f5a6fdd42cd67361f1c369351df10809af73a6d4496fd6
ventus_v3_4_full,results/ventus_v3_4_full/raw_logs/attempt_01/tensor_g2s_16x16.stdout.log,data/ventus/V3.4/single_instruction/cycle_capacity/all_directions/legacy--ventus_v3_4_full/raw_logs/attempt_01/tensor_g2s_16x16.stdout.log,70776,54eb08d38b25a37f7e714981ea9a7c326cd4ffa9dfa0dd4ec3fe5e8ae545ebc0
ventus_v3_4_full,results/ventus_v3_4_full/raw_logs/attempt_01/tensor_g2s_1x4.stderr.log,data/ventus/V3.4/single_instruction/cycle_capacity/all_directions/legacy--ventus_v3_4_full/raw_logs/attempt_01/tensor_g2s_1x4.stderr.log,58937,535e11901c41737395e8d8f2f18fc1615ab089f93aa192678610cb317f6e3071
ventus_v3_4_full,results/ventus_v3_4_full/raw_logs/attempt_01/tensor_g2s_1x4.stdout.log,data/ventus/V3.4/single_instruction/cycle_capacity/all_directions/legacy--ventus_v3_4_full/raw_logs/attempt_01/tensor_g2s_1x4.stdout.log,58091,6b20f938f634c1b86905e85fed9f99d30060e9c91657cbc36551c0c02ef12fae
ventus_v3_4_full,results/ventus_v3_4_full/raw_logs/attempt_01/tensor_g2s_32x32.stderr.log,data/ventus/V3.4/single_instruction/cycle_capacity/all_directions/legacy--ventus_v3_4_full/raw_logs/attempt_01/tensor_g2s_32x32.stderr.log,162086,ef11062de13ecea23c26a45835d14c4671af8a45d7bca3ee3b5010ffba9cb347
ventus_v3_4_full,results/ventus_v3_4_full/raw_logs/attempt_01/tensor_g2s_32x32.stdout.log,data/ventus/V3.4/single_instruction/cycle_capacity/all_directions/legacy--ventus_v3_4_full/raw_logs/attempt_01/tensor_g2s_32x32.stdout.log,116684,1b11553facbbe677cd07da31b245c45ab5c3cf306dcc2257539977813b120726
ventus_v3_4_full,results/ventus_v3_4_full/raw_logs/attempt_01/tensor_g2s_4x16.stderr.log,data/ventus/V3.4/single_instruction/cycle_capacity/all_directions/legacy--ventus_v3_4_full/raw_logs/attempt_01/tensor_g2s_4x16.stderr.log,61852,4465402c2153dd94e0ede7eee024ea6a50b921560fa275bfe069709851d4d4e2
ventus_v3_4_full,results/ventus_v3_4_full/raw_logs/attempt_01/tensor_g2s_4x16.stdout.log,data/ventus/V3.4/single_instruction/cycle_capacity/all_directions/legacy--ventus_v3_4_full/raw_logs/attempt_01/tensor_g2s_4x16.stdout.log,59303,3aa7490306d45a88b76e15760b0e02aad32ddd70e51cfc80757e4d73090c0946
ventus_v3_4_full,results/ventus_v3_4_full/raw_logs/attempt_01/tensor_g2s_4x4.stderr.log,data/ventus/V3.4/single_instruction/cycle_capacity/all_directions/legacy--ventus_v3_4_full/raw_logs/attempt_01/tensor_g2s_4x4.stderr.log,58991,2768c4c5393d0b7cabb63741f927ce473751a99d4e83def00d10e44e2757855f
ventus_v3_4_full,results/ventus_v3_4_full/raw_logs/attempt_01/tensor_g2s_4x4.stdout.log,data/ventus/V3.4/single_instruction/cycle_capacity/all_directions/legacy--ventus_v3_4_full/raw_logs/attempt_01/tensor_g2s_4x4.stdout.log,57895,42ba6d990b6c7d57d48fca16082a62f94a96befb45894bd52ac756e108fc86a8
ventus_v3_4_full,results/ventus_v3_4_full/raw_logs/attempt_01/tensor_s2g_16x16.stderr.log,data/ventus/V3.4/single_instruction/cycle_capacity/all_directions/legacy--ventus_v3_4_full/raw_logs/attempt_01/tensor_s2g_16x16.stderr.log,81714,a2f3123dd001284a4e03867122dcae066df87f808f6c00b7a82b7b7bc2fdfb45
ventus_v3_4_full,results/ventus_v3_4_full/raw_logs/attempt_01/tensor_s2g_16x16.stdout.log,data/ventus/V3.4/single_instruction/cycle_capacity/all_directions/legacy--ventus_v3_4_full/raw_logs/attempt_01/tensor_s2g_16x16.stdout.log,67927,1006a9527c26ca225822a8a78ed4f0f9684dac839c14e2037d2155e284adf032
ventus_v3_4_full,results/ventus_v3_4_full/raw_logs/attempt_01/tensor_s2g_1x4.stderr.log,data/ventus/V3.4/single_instruction/cycle_capacity/all_directions/legacy--ventus_v3_4_full/raw_logs/attempt_01/tensor_s2g_1x4.stderr.log,58665,337d152594fa6b8ed6cc3d20bf2acda8c84cb562c22a04c6e51ce2dcbc6e38bb
ventus_v3_4_full,results/ventus_v3_4_full/raw_logs/attempt_01/tensor_s2g_1x4.stdout.log,data/ventus/V3.4/single_instruction/cycle_capacity/all_directions/legacy--ventus_v3_4_full/raw_logs/attempt_01/tensor_s2g_1x4.stdout.log,55219,1cd88500d3ed0493f97f217276e258fdc528adf166cf9ae023cdfaffcb6e7c90
ventus_v3_4_full,results/ventus_v3_4_full/raw_logs/attempt_01/tensor_s2g_32x32.stderr.log,data/ventus/V3.4/single_instruction/cycle_capacity/all_directions/legacy--ventus_v3_4_full/raw_logs/attempt_01/tensor_s2g_32x32.stderr.log,161898,9741ba6354025a56f928caff234e24b9b5e1bb7a90b7a1ee4869075336f5ca34
ventus_v3_4_full,results/ventus_v3_4_full/raw_logs/attempt_01/tensor_s2g_32x32.stdout.log,data/ventus/V3.4/single_instruction/cycle_capacity/all_directions/legacy--ventus_v3_4_full/raw_logs/attempt_01/tensor_s2g_32x32.stdout.log,113813,4d683eff7f4eb582e09a8b2a54acc85cb39b6aa6737cccd4a63b798b1db4d3ed
ventus_v3_4_full,results/ventus_v3_4_full/raw_logs/attempt_01/tensor_s2g_4x16.stderr.log,data/ventus/V3.4/single_instruction/cycle_capacity/all_directions/legacy--ventus_v3_4_full/raw_logs/attempt_01/tensor_s2g_4x16.stderr.log,61706,a89e9a72cef22f4c095ba92d8d2b17d9d29ab0e89ce3a180d6e9a58638f82c04
ventus_v3_4_full,results/ventus_v3_4_full/raw_logs/attempt_01/tensor_s2g_4x16.stdout.log,data/ventus/V3.4/single_instruction/cycle_capacity/all_directions/legacy--ventus_v3_4_full/raw_logs/attempt_01/tensor_s2g_4x16.stdout.log,56431,7b57ad11ee0ff9d7c8fb99809636c32101cafd3cfeffa7db3a0f0543afeeaccc
ventus_v3_4_full,results/ventus_v3_4_full/raw_logs/attempt_01/tensor_s2g_4x4.stderr.log,data/ventus/V3.4/single_instruction/cycle_capacity/all_directions/legacy--ventus_v3_4_full/raw_logs/attempt_01/tensor_s2g_4x4.stderr.log,58677,a01bd85e9995f56af34b62d96504d7a913246f0e3b01626685520e81e44d6bf7
ventus_v3_4_full,results/ventus_v3_4_full/raw_logs/attempt_01/tensor_s2g_4x4.stdout.log,data/ventus/V3.4/single_instruction/cycle_capacity/all_directions/legacy--ventus_v3_4_full/raw_logs/attempt_01/tensor_s2g_4x4.stdout.log,55024,a92dbc5fc70d24fb4a3b0cfeadac06f1d639a0ca588a56a0b794683bb52201b6
ventus_v3_5_full,results/ventus_v3_5_full/attempt_01.csv,data/ventus/V3.5/single_instruction/cycle_capacity/all_directions/legacy--ventus_v3_5_full/attempt_01.csv,1323,93e59bd051354b4876649f4fa71e7c61fc68fd68ed2151c89da7f2f78cc79ae0
ventus_v3_5_full,results/ventus_v3_5_full/manifest.json,data/ventus/V3.5/single_instruction/cycle_capacity/all_directions/legacy--ventus_v3_5_full/manifest.json,4120,998d58e631023488a1ad60c341b98f0aa3e05fd5bba5c0a71cf019ef81ae7490
ventus_v3_5_full,results/ventus_v3_5_full/raw_logs/attempt_01/bulk_g2s_16x16.stderr.log,data/ventus/V3.5/single_instruction/cycle_capacity/all_directions/legacy--ventus_v3_5_full/raw_logs/attempt_01/bulk_g2s_16x16.stderr.log,56988,84a6e662b13cabf0463f9c95aa494fa2e56f368369c2e52e1ad9d8931f779537
ventus_v3_5_full,results/ventus_v3_5_full/raw_logs/attempt_01/bulk_g2s_16x16.stdout.log,data/ventus/V3.5/single_instruction/cycle_capacity/all_directions/legacy--ventus_v3_5_full/raw_logs/attempt_01/bulk_g2s_16x16.stdout.log,49968,79695cf75ce134c0317809c572b4f70a69e6a7603a542b3e6babf7a8b8d57eb0
ventus_v3_5_full,results/ventus_v3_5_full/raw_logs/attempt_01/bulk_g2s_1x4.stderr.log,data/ventus/V3.5/single_instruction/cycle_capacity/all_directions/legacy--ventus_v3_5_full/raw_logs/attempt_01/bulk_g2s_1x4.stderr.log,33813,c0d7b5737f33cbf8d7d258270b978970de879200d15eb3d1411ee11115718751
ventus_v3_5_full,results/ventus_v3_5_full/raw_logs/attempt_01/bulk_g2s_1x4.stdout.log,data/ventus/V3.5/single_instruction/cycle_capacity/all_directions/legacy--ventus_v3_5_full/raw_logs/attempt_01/bulk_g2s_1x4.stdout.log,37291,8b2f3ad38970e393d2820ffddc8e25e075669807c73093f4053c02697b28fabf
ventus_v3_5_full,results/ventus_v3_5_full/raw_logs/attempt_01/bulk_g2s_32x32.stderr.log,data/ventus/V3.5/single_instruction/cycle_capacity/all_directions/legacy--ventus_v3_5_full/raw_logs/attempt_01/bulk_g2s_32x32.stderr.log,137046,8dd5c588c724fcee89c6b40c60f32a73fc4f08277c3635e885a8a42e9ebbed07
ventus_v3_5_full,results/ventus_v3_5_full/raw_logs/attempt_01/bulk_g2s_32x32.stdout.log,data/ventus/V3.5/single_instruction/cycle_capacity/all_directions/legacy--ventus_v3_5_full/raw_logs/attempt_01/bulk_g2s_32x32.stdout.log,95879,4c7d1e201a35a011fa16c69525de8a15322bf17ba34bc9300bcfa87b40f7623c
ventus_v3_5_full,results/ventus_v3_5_full/raw_logs/attempt_01/bulk_g2s_4x16.stderr.log,data/ventus/V3.5/single_instruction/cycle_capacity/all_directions/legacy--ventus_v3_5_full/raw_logs/attempt_01/bulk_g2s_4x16.stderr.log,36770,ae664f704497f903ab39189a7cb5d18718310e5debc370d13924b90baf82940b
ventus_v3_5_full,results/ventus_v3_5_full/raw_logs/attempt_01/bulk_g2s_4x16.stdout.log,data/ventus/V3.5/single_instruction/cycle_capacity/all_directions/legacy--ventus_v3_5_full/raw_logs/attempt_01/bulk_g2s_4x16.stdout.log,38492,6e6559032eb73c4d4efe304cfdd68f2209406745d8c231559292268d1aa671c2
ventus_v3_5_full,results/ventus_v3_5_full/raw_logs/attempt_01/bulk_g2s_4x4.stderr.log,data/ventus/V3.5/single_instruction/cycle_capacity/all_directions/legacy--ventus_v3_5_full/raw_logs/attempt_01/bulk_g2s_4x4.stderr.log,33867,0351fe6e50163fc1085c242017ec3239230ee53ecb8325f7935bf1dd17c9bbdb
ventus_v3_5_full,results/ventus_v3_5_full/raw_logs/attempt_01/bulk_g2s_4x4.stdout.log,data/ventus/V3.5/single_instruction/cycle_capacity/all_directions/legacy--ventus_v3_5_full/raw_logs/attempt_01/bulk_g2s_4x4.stdout.log,37095,1437b1a29ba7ada31aef4f9ef7e657cf917b2f1db4c9f7206355366cbac13418
ventus_v3_5_full,results/ventus_v3_5_full/raw_logs/attempt_01/bulk_s2g_16x16.stderr.log,data/ventus/V3.5/single_instruction/cycle_capacity/all_directions/legacy--ventus_v3_5_full/raw_logs/attempt_01/bulk_s2g_16x16.stderr.log,56674,8914e06c39917532015cf550838cc6d47b20785cc65d9b261576287b7623c8da
ventus_v3_5_full,results/ventus_v3_5_full/raw_logs/attempt_01/bulk_s2g_16x16.stdout.log,data/ventus/V3.5/single_instruction/cycle_capacity/all_directions/legacy--ventus_v3_5_full/raw_logs/attempt_01/bulk_s2g_16x16.stdout.log,47203,ac266d39e0636f5c559dcf42472c4956328446612ea493299e3dab771eae9cb0
ventus_v3_5_full,results/ventus_v3_5_full/raw_logs/attempt_01/bulk_s2g_1x4.stderr.log,data/ventus/V3.5/single_instruction/cycle_capacity/all_directions/legacy--ventus_v3_5_full/raw_logs/attempt_01/bulk_s2g_1x4.stderr.log,33583,c28cae8940ac973092513e9c6d41dd2b64d65a125b1b5148c9ee475ceb7456ec
ventus_v3_5_full,results/ventus_v3_5_full/raw_logs/attempt_01/bulk_s2g_1x4.stdout.log,data/ventus/V3.5/single_instruction/cycle_capacity/all_directions/legacy--ventus_v3_5_full/raw_logs/attempt_01/bulk_s2g_1x4.stdout.log,34510,c778a9901290b4e44fb8863078ba6aae686ed1ff17a53d512ec4b231eea2f418
ventus_v3_5_full,results/ventus_v3_5_full/raw_logs/attempt_01/bulk_s2g_32x32.stderr.log,data/ventus/V3.5/single_instruction/cycle_capacity/all_directions/legacy--ventus_v3_5_full/raw_logs/attempt_01/bulk_s2g_32x32.stderr.log,136942,eb92ae042793719c39be4012481c753d85267d4485d94ee41f2b62d23f302c66
ventus_v3_5_full,results/ventus_v3_5_full/raw_logs/attempt_01/bulk_s2g_32x32.stdout.log,data/ventus/V3.5/single_instruction/cycle_capacity/all_directions/legacy--ventus_v3_5_full/raw_logs/attempt_01/bulk_s2g_32x32.stdout.log,93112,f26cc89bd9c18f00fb2b98009a48048c869895309a8ad76497ee338217aa4190
ventus_v3_5_full,results/ventus_v3_5_full/raw_logs/attempt_01/bulk_s2g_4x16.stderr.log,data/ventus/V3.5/single_instruction/cycle_capacity/all_directions/legacy--ventus_v3_5_full/raw_logs/attempt_01/bulk_s2g_4x16.stderr.log,36582,7f4e37fe30e4d79b7a0684f1aa2ccc6ee40d97bcecce1ffa7ec0a3de7c5eeb1e
ventus_v3_5_full,results/ventus_v3_5_full/raw_logs/attempt_01/bulk_s2g_4x16.stdout.log,data/ventus/V3.5/single_instruction/cycle_capacity/all_directions/legacy--ventus_v3_5_full/raw_logs/attempt_01/bulk_s2g_4x16.stdout.log,35712,978b7ac8a131c157ae0056dd2b2550eea67f892f59a2a6df9e20f806a6d9359b
ventus_v3_5_full,results/ventus_v3_5_full/raw_logs/attempt_01/bulk_s2g_4x4.stderr.log,data/ventus/V3.5/single_instruction/cycle_capacity/all_directions/legacy--ventus_v3_5_full/raw_logs/attempt_01/bulk_s2g_4x4.stderr.log,33763,f3e439dfff63341cc08e3cc1a8e9b4d9c527fdc630b6f1e6c94ddde7ae169eca
ventus_v3_5_full,results/ventus_v3_5_full/raw_logs/attempt_01/bulk_s2g_4x4.stdout.log,data/ventus/V3.5/single_instruction/cycle_capacity/all_directions/legacy--ventus_v3_5_full/raw_logs/attempt_01/bulk_s2g_4x4.stdout.log,34315,b4a00e5160f4f5aec4f927b5b6b3a6f66ae20f7c67619f043a96413a67be3da3
ventus_v3_5_full,results/ventus_v3_5_full/raw_logs/attempt_01/tensor_g2s_16x16.stderr.log,data/ventus/V3.5/single_instruction/cycle_capacity/all_directions/legacy--ventus_v3_5_full/raw_logs/attempt_01/tensor_g2s_16x16.stderr.log,82028,59617bd751febca1e61b5d6dd3d26fdea7c94b8105e42f5c89e4753bcf639d72
ventus_v3_5_full,results/ventus_v3_5_full/raw_logs/attempt_01/tensor_g2s_16x16.stdout.log,data/ventus/V3.5/single_instruction/cycle_capacity/all_directions/legacy--ventus_v3_5_full/raw_logs/attempt_01/tensor_g2s_16x16.stdout.log,70776,7255639618e54d6f5fd24e2119622c5af27c83a3dd9d4c2df2ce07fd2b3f469a
ventus_v3_5_full,results/ventus_v3_5_full/raw_logs/attempt_01/tensor_g2s_1x4.stderr.log,data/ventus/V3.5/single_instruction/cycle_capacity/all_directions/legacy--ventus_v3_5_full/raw_logs/attempt_01/tensor_g2s_1x4.stderr.log,58853,9ccf980d8656f1169c58ed9583d1df648298faece80a3e28225692b2d75e7736
ventus_v3_5_full,results/ventus_v3_5_full/raw_logs/attempt_01/tensor_g2s_1x4.stdout.log,data/ventus/V3.5/single_instruction/cycle_capacity/all_directions/legacy--ventus_v3_5_full/raw_logs/attempt_01/tensor_g2s_1x4.stdout.log,58091,ce2f5c201c43be39c4cc1c21d770d5ad395fec5cd634ec3157afd3dbe9c49102
ventus_v3_5_full,results/ventus_v3_5_full/raw_logs/attempt_01/tensor_g2s_32x32.stderr.log,data/ventus/V3.5/single_instruction/cycle_capacity/all_directions/legacy--ventus_v3_5_full/raw_logs/attempt_01/tensor_g2s_32x32.stderr.log,162044,fc666d6d528972de198eb9942c8afd6ebc8f3b319ce88fdede5da130a3ce2f6e
ventus_v3_5_full,results/ventus_v3_5_full/raw_logs/attempt_01/tensor_g2s_32x32.stdout.log,data/ventus/V3.5/single_instruction/cycle_capacity/all_directions/legacy--ventus_v3_5_full/raw_logs/attempt_01/tensor_g2s_32x32.stdout.log,116684,31ee57a2ce9b9b573e27d5464aff32699be64dd2e89f3bd6084c9f74f3186421
ventus_v3_5_full,results/ventus_v3_5_full/raw_logs/attempt_01/tensor_g2s_4x16.stderr.log,data/ventus/V3.5/single_instruction/cycle_capacity/all_directions/legacy--ventus_v3_5_full/raw_logs/attempt_01/tensor_g2s_4x16.stderr.log,61978,d6b7ea7b23daa20625db1a2bcf4f16ac6cb5759ab516a1d30f0964775901e5f5
ventus_v3_5_full,results/ventus_v3_5_full/raw_logs/attempt_01/tensor_g2s_4x16.stdout.log,data/ventus/V3.5/single_instruction/cycle_capacity/all_directions/legacy--ventus_v3_5_full/raw_logs/attempt_01/tensor_g2s_4x16.stdout.log,59303,b7f9d0f00571aa12457d76c602ebf0469bfb61380b0c5520d24d3dd7e5363723
ventus_v3_5_full,results/ventus_v3_5_full/raw_logs/attempt_01/tensor_g2s_4x4.stderr.log,data/ventus/V3.5/single_instruction/cycle_capacity/all_directions/legacy--ventus_v3_5_full/raw_logs/attempt_01/tensor_g2s_4x4.stderr.log,58991,faf1f21c500481f3a69a5a4b19fd50f339ab53eb7ec72e8d2e9078f943b6eff4
ventus_v3_5_full,results/ventus_v3_5_full/raw_logs/attempt_01/tensor_g2s_4x4.stdout.log,data/ventus/V3.5/single_instruction/cycle_capacity/all_directions/legacy--ventus_v3_5_full/raw_logs/attempt_01/tensor_g2s_4x4.stdout.log,57895,72b324556b2dccb58292699e064372e749a0f57edc81e9b1d1c50e056168bdc5
ventus_v3_5_full,results/ventus_v3_5_full/raw_logs/attempt_01/tensor_s2g_16x16.stderr.log,data/ventus/V3.5/single_instruction/cycle_capacity/all_directions/legacy--ventus_v3_5_full/raw_logs/attempt_01/tensor_s2g_16x16.stderr.log,81630,af6f0a095a0cd94ce1eb758a1c291a21e902147a93051904813685d677c2d0ab
ventus_v3_5_full,results/ventus_v3_5_full/raw_logs/attempt_01/tensor_s2g_16x16.stdout.log,data/ventus/V3.5/single_instruction/cycle_capacity/all_directions/legacy--ventus_v3_5_full/raw_logs/attempt_01/tensor_s2g_16x16.stdout.log,67927,602c7d1ef89d4cb83521cabeee6271f4371021a94530bdba7e4d7042a5060455
ventus_v3_5_full,results/ventus_v3_5_full/raw_logs/attempt_01/tensor_s2g_1x4.stderr.log,data/ventus/V3.5/single_instruction/cycle_capacity/all_directions/legacy--ventus_v3_5_full/raw_logs/attempt_01/tensor_s2g_1x4.stderr.log,58665,e8ed1b8de95d570fccb644a7afb5d6463dc26e53c253f5a5ad0be442d5cb331e
ventus_v3_5_full,results/ventus_v3_5_full/raw_logs/attempt_01/tensor_s2g_1x4.stdout.log,data/ventus/V3.5/single_instruction/cycle_capacity/all_directions/legacy--ventus_v3_5_full/raw_logs/attempt_01/tensor_s2g_1x4.stdout.log,55219,dd436307c7447a0f4882c2ebd988a364bc49f8bf0f732f64a10052e19044d8a3
ventus_v3_5_full,results/ventus_v3_5_full/raw_logs/attempt_01/tensor_s2g_32x32.stderr.log,data/ventus/V3.5/single_instruction/cycle_capacity/all_directions/legacy--ventus_v3_5_full/raw_logs/attempt_01/tensor_s2g_32x32.stderr.log,161982,903737e43f437ce850444d0f099a52bb899223832f761042499b7a917e3cad78
ventus_v3_5_full,results/ventus_v3_5_full/raw_logs/attempt_01/tensor_s2g_32x32.stdout.log,data/ventus/V3.5/single_instruction/cycle_capacity/all_directions/legacy--ventus_v3_5_full/raw_logs/attempt_01/tensor_s2g_32x32.stdout.log,113813,0ff180c3e57a1ecbad01d7d526bd4d9cf605d484b982dce3cac085bb0e579b66
ventus_v3_5_full,results/ventus_v3_5_full/raw_logs/attempt_01/tensor_s2g_4x16.stderr.log,data/ventus/V3.5/single_instruction/cycle_capacity/all_directions/legacy--ventus_v3_5_full/raw_logs/attempt_01/tensor_s2g_4x16.stderr.log,61664,589448a9544beb006376202791c53d133f0d27f9578091b4564f65101916683f
ventus_v3_5_full,results/ventus_v3_5_full/raw_logs/attempt_01/tensor_s2g_4x16.stdout.log,data/ventus/V3.5/single_instruction/cycle_capacity/all_directions/legacy--ventus_v3_5_full/raw_logs/attempt_01/tensor_s2g_4x16.stdout.log,56431,9cbc06ba61842694a08a9d23b711f91caf9b38536bdc405977f1305bd0887324
ventus_v3_5_full,results/ventus_v3_5_full/raw_logs/attempt_01/tensor_s2g_4x4.stderr.log,data/ventus/V3.5/single_instruction/cycle_capacity/all_directions/legacy--ventus_v3_5_full/raw_logs/attempt_01/tensor_s2g_4x4.stderr.log,58719,7057bbc71d47907ce260de6031577304a911bd4893aab3eb448bad80631a1c51
ventus_v3_5_full,results/ventus_v3_5_full/raw_logs/attempt_01/tensor_s2g_4x4.stdout.log,data/ventus/V3.5/single_instruction/cycle_capacity/all_directions/legacy--ventus_v3_5_full/raw_logs/attempt_01/tensor_s2g_4x4.stdout.log,55024,d93352baab2bfa67e4f64d82f5ce0fa76705564c8524d8ed7323cdc402b26e89
ventus_v3_5_full_release,results/ventus_v3_5_full_release/attempt_01.csv,data/ventus/V3.5/single_instruction/cycle_capacity/all_directions/legacy--ventus_v3_5_full_release/attempt_01.csv,1323,93e59bd051354b4876649f4fa71e7c61fc68fd68ed2151c89da7f2f78cc79ae0
ventus_v3_5_full_release,results/ventus_v3_5_full_release/manifest.json,data/ventus/V3.5/single_instruction/cycle_capacity/all_directions/legacy--ventus_v3_5_full_release/manifest.json,4120,96f89a7bb120ad2e1223e8846f9609fee6c61c0affff362bcfb5f368e5ecd4a5
ventus_v3_5_full_release,results/ventus_v3_5_full_release/raw_logs/attempt_01/bulk_g2s_16x16.stderr.log,data/ventus/V3.5/single_instruction/cycle_capacity/all_directions/legacy--ventus_v3_5_full_release/raw_logs/attempt_01/bulk_g2s_16x16.stderr.log,56946,04db0db7162be1720f0a766eba83a35b1b73e2b9d2630f4fa875159fb2abec9c
ventus_v3_5_full_release,results/ventus_v3_5_full_release/raw_logs/attempt_01/bulk_g2s_16x16.stdout.log,data/ventus/V3.5/single_instruction/cycle_capacity/all_directions/legacy--ventus_v3_5_full_release/raw_logs/attempt_01/bulk_g2s_16x16.stdout.log,49966,4ae26a663b195d8e7d2147ecc507b97cd239138e14bc38d188d2ae8557a3283c
ventus_v3_5_full_release,results/ventus_v3_5_full_release/raw_logs/attempt_01/bulk_g2s_1x4.stderr.log,data/ventus/V3.5/single_instruction/cycle_capacity/all_directions/legacy--ventus_v3_5_full_release/raw_logs/attempt_01/bulk_g2s_1x4.stderr.log,33771,b8c67892b35e68fa583115cbb2fe732b2063fe9d3e4cd7200cb6af2477b85178
ventus_v3_5_full_release,results/ventus_v3_5_full_release/raw_logs/attempt_01/bulk_g2s_1x4.stdout.log,data/ventus/V3.5/single_instruction/cycle_capacity/all_directions/legacy--ventus_v3_5_full_release/raw_logs/attempt_01/bulk_g2s_1x4.stdout.log,37291,6d046647c1bcc82814e7ca00274b667a7f0525153e338409ea3ebb55b4e353c4
ventus_v3_5_full_release,results/ventus_v3_5_full_release/raw_logs/attempt_01/bulk_g2s_32x32.stderr.log,data/ventus/V3.5/single_instruction/cycle_capacity/all_directions/legacy--ventus_v3_5_full_release/raw_logs/attempt_01/bulk_g2s_32x32.stderr.log,137130,1cd63ba0e3038fbfeb32ec0a2185b01a770108aa07739a72e0d1c52bc213301e
ventus_v3_5_full_release,results/ventus_v3_5_full_release/raw_logs/attempt_01/bulk_g2s_32x32.stdout.log,data/ventus/V3.5/single_instruction/cycle_capacity/all_directions/legacy--ventus_v3_5_full_release/raw_logs/attempt_01/bulk_g2s_32x32.stdout.log,95878,42e0e1be372305c42f7858074b175c8662940a45ceb9669b60962fc66e271300
ventus_v3_5_full_release,results/ventus_v3_5_full_release/raw_logs/attempt_01/bulk_g2s_4x16.stderr.log,data/ventus/V3.5/single_instruction/cycle_capacity/all_directions/legacy--ventus_v3_5_full_release/raw_logs/attempt_01/bulk_g2s_4x16.stderr.log,36770,578bd1a5d02e3eefeae691f908cc4a7c95efae569f2301590c0fc6586eeb3c9c
ventus_v3_5_full_release,results/ventus_v3_5_full_release/raw_logs/attempt_01/bulk_g2s_4x16.stdout.log,data/ventus/V3.5/single_instruction/cycle_capacity/all_directions/legacy--ventus_v3_5_full_release/raw_logs/attempt_01/bulk_g2s_4x16.stdout.log,38492,951007a9249b29beb3956d8cac18be78b336cc96ebaf371a0582d512ccceef43
ventus_v3_5_full_release,results/ventus_v3_5_full_release/raw_logs/attempt_01/bulk_g2s_4x4.stderr.log,data/ventus/V3.5/single_instruction/cycle_capacity/all_directions/legacy--ventus_v3_5_full_release/raw_logs/attempt_01/bulk_g2s_4x4.stderr.log,33993,0e75bf5a9d6a1eda44a36f23bf33ad3479df1d90d9658fbe82ec5cb74d4c86c7
ventus_v3_5_full_release,results/ventus_v3_5_full_release/raw_logs/attempt_01/bulk_g2s_4x4.stdout.log,data/ventus/V3.5/single_instruction/cycle_capacity/all_directions/legacy--ventus_v3_5_full_release/raw_logs/attempt_01/bulk_g2s_4x4.stdout.log,37095,3e77a5d14d740cd3a60649fb6b9d186f174c5f516f3340deb6290e9e92c51e83
ventus_v3_5_full_release,results/ventus_v3_5_full_release/raw_logs/attempt_01/bulk_s2g_16x16.stderr.log,data/ventus/V3.5/single_instruction/cycle_capacity/all_directions/legacy--ventus_v3_5_full_release/raw_logs/attempt_01/bulk_s2g_16x16.stderr.log,56800,77f434ab2e2a64a32f91260f7ab86288ef397fcfadf22e85bd03e960b4368246
ventus_v3_5_full_release,results/ventus_v3_5_full_release/raw_logs/attempt_01/bulk_s2g_16x16.stdout.log,data/ventus/V3.5/single_instruction/cycle_capacity/all_directions/legacy--ventus_v3_5_full_release/raw_logs/attempt_01/bulk_s2g_16x16.stdout.log,47203,4874f38c19fa2923cc4e1a6acb8d6adafac8c571dfafa63b44019717feb6740a
ventus_v3_5_full_release,results/ventus_v3_5_full_release/raw_logs/attempt_01/bulk_s2g_1x4.stderr.log,data/ventus/V3.5/single_instruction/cycle_capacity/all_directions/legacy--ventus_v3_5_full_release/raw_logs/attempt_01/bulk_s2g_1x4.stderr.log,33583,a52f7e7d2fb5983c3f3e3078cee370402b527291a9a04bc3327d599d18d0347e
ventus_v3_5_full_release,results/ventus_v3_5_full_release/raw_logs/attempt_01/bulk_s2g_1x4.stdout.log,data/ventus/V3.5/single_instruction/cycle_capacity/all_directions/legacy--ventus_v3_5_full_release/raw_logs/attempt_01/bulk_s2g_1x4.stdout.log,34510,c735825b412a05d92dabe99dc7bdc65e2e9b30d95b8dec9a163461668dff4eef
ventus_v3_5_full_release,results/ventus_v3_5_full_release/raw_logs/attempt_01/bulk_s2g_32x32.stderr.log,data/ventus/V3.5/single_instruction/cycle_capacity/all_directions/legacy--ventus_v3_5_full_release/raw_logs/attempt_01/bulk_s2g_32x32.stderr.log,136858,e3f029f7edb07f737fe969a46d4a8772bb03109814f9f406785e9ca42b5a9465
ventus_v3_5_full_release,results/ventus_v3_5_full_release/raw_logs/attempt_01/bulk_s2g_32x32.stdout.log,data/ventus/V3.5/single_instruction/cycle_capacity/all_directions/legacy--ventus_v3_5_full_release/raw_logs/attempt_01/bulk_s2g_32x32.stdout.log,93112,b559395e898b80113dbd58f945bb74f535be3881dd6b073717c21cfcc261c061
ventus_v3_5_full_release,results/ventus_v3_5_full_release/raw_logs/attempt_01/bulk_s2g_4x16.stderr.log,data/ventus/V3.5/single_instruction/cycle_capacity/all_directions/legacy--ventus_v3_5_full_release/raw_logs/attempt_01/bulk_s2g_4x16.stderr.log,36582,a6e81cd222d226986688025c77f9851f7b34be5d1981a9e2014b0bfcfe35b1b3
ventus_v3_5_full_release,results/ventus_v3_5_full_release/raw_logs/attempt_01/bulk_s2g_4x16.stdout.log,data/ventus/V3.5/single_instruction/cycle_capacity/all_directions/legacy--ventus_v3_5_full_release/raw_logs/attempt_01/bulk_s2g_4x16.stdout.log,35712,6bfb88a5256e59ecc77ae64f408eb4045b3f1b1c0ed52f822f64e70a8fa58305
ventus_v3_5_full_release,results/ventus_v3_5_full_release/raw_logs/attempt_01/bulk_s2g_4x4.stderr.log,data/ventus/V3.5/single_instruction/cycle_capacity/all_directions/legacy--ventus_v3_5_full_release/raw_logs/attempt_01/bulk_s2g_4x4.stderr.log,33805,c7bc55da649d7131b86f0b2bcd094b9b124616b517be79026b146ffd04000af1
ventus_v3_5_full_release,results/ventus_v3_5_full_release/raw_logs/attempt_01/bulk_s2g_4x4.stdout.log,data/ventus/V3.5/single_instruction/cycle_capacity/all_directions/legacy--ventus_v3_5_full_release/raw_logs/attempt_01/bulk_s2g_4x4.stdout.log,34315,13d5a216b7b20eb965257b1a023f0c21cdafbbc79cb055475cabd021dcfcc35b
ventus_v3_5_full_release,results/ventus_v3_5_full_release/raw_logs/attempt_01/tensor_g2s_16x16.stderr.log,data/ventus/V3.5/single_instruction/cycle_capacity/all_directions/legacy--ventus_v3_5_full_release/raw_logs/attempt_01/tensor_g2s_16x16.stderr.log,82028,7603d876085d2610f8a767a9a5a338b4e73bcc3a830f09fe6c09dd1a7795ec68
ventus_v3_5_full_release,results/ventus_v3_5_full_release/raw_logs/attempt_01/tensor_g2s_16x16.stdout.log,data/ventus/V3.5/single_instruction/cycle_capacity/all_directions/legacy--ventus_v3_5_full_release/raw_logs/attempt_01/tensor_g2s_16x16.stdout.log,70776,99b850e6b1b8993f9bfc6b02e76c3bdd694a7d41623530f9fe4c2ea9868ef994
ventus_v3_5_full_release,results/ventus_v3_5_full_release/raw_logs/attempt_01/tensor_g2s_1x4.stderr.log,data/ventus/V3.5/single_instruction/cycle_capacity/all_directions/legacy--ventus_v3_5_full_release/raw_logs/attempt_01/tensor_g2s_1x4.stderr.log,58937,482452180ea67b71dcabd8745a67b202096d7d38b6d75e91b082f92ce79a3ba6
ventus_v3_5_full_release,results/ventus_v3_5_full_release/raw_logs/attempt_01/tensor_g2s_1x4.stdout.log,data/ventus/V3.5/single_instruction/cycle_capacity/all_directions/legacy--ventus_v3_5_full_release/raw_logs/attempt_01/tensor_g2s_1x4.stdout.log,58091,64de4148a82b207ab7d4c440d40eaf0b086d4fa3055ce931e8e1dbd2a3ce1b6f
ventus_v3_5_full_release,results/ventus_v3_5_full_release/raw_logs/attempt_01/tensor_g2s_32x32.stderr.log,data/ventus/V3.5/single_instruction/cycle_capacity/all_directions/legacy--ventus_v3_5_full_release/raw_logs/attempt_01/tensor_g2s_32x32.stderr.log,162086,63857ec352c9fa1a1296a90fbf8df74c4be58cf13249aa81d71338006e3502f6
ventus_v3_5_full_release,results/ventus_v3_5_full_release/raw_logs/attempt_01/tensor_g2s_32x32.stdout.log,data/ventus/V3.5/single_instruction/cycle_capacity/all_directions/legacy--ventus_v3_5_full_release/raw_logs/attempt_01/tensor_g2s_32x32.stdout.log,116684,72c3e5763d71ef2959af3edc05f613a9947b9931d979670dde1277c33aeba080
ventus_v3_5_full_release,results/ventus_v3_5_full_release/raw_logs/attempt_01/tensor_g2s_4x16.stderr.log,data/ventus/V3.5/single_instruction/cycle_capacity/all_directions/legacy--ventus_v3_5_full_release/raw_logs/attempt_01/tensor_g2s_4x16.stderr.log,61852,a0a481641a1c3a9138e5cfb0296fbd8381ecade1a7c58c6df6f8fe2f925520af
ventus_v3_5_full_release,results/ventus_v3_5_full_release/raw_logs/attempt_01/tensor_g2s_4x16.stdout.log,data/ventus/V3.5/single_instruction/cycle_capacity/all_directions/legacy--ventus_v3_5_full_release/raw_logs/attempt_01/tensor_g2s_4x16.stdout.log,59303,c8fa1dabf486542c648b5416bda1279d2d6c43d52bae4c72171fcdd43725bf9c
ventus_v3_5_full_release,results/ventus_v3_5_full_release/raw_logs/attempt_01/tensor_g2s_4x4.stderr.log,data/ventus/V3.5/single_instruction/cycle_capacity/all_directions/legacy--ventus_v3_5_full_release/raw_logs/attempt_01/tensor_g2s_4x4.stderr.log,59033,19f3c8bc5432583f2ad0e6fa30e9a6ce64dfea748bb276b5cd82190811fc1706
ventus_v3_5_full_release,results/ventus_v3_5_full_release/raw_logs/attempt_01/tensor_g2s_4x4.stdout.log,data/ventus/V3.5/single_instruction/cycle_capacity/all_directions/legacy--ventus_v3_5_full_release/raw_logs/attempt_01/tensor_g2s_4x4.stdout.log,57895,629c739c2fd524a9882cc5c6d55eeb180881adc84b70cb31be37a0b64751ba4c
ventus_v3_5_full_release,results/ventus_v3_5_full_release/raw_logs/attempt_01/tensor_s2g_16x16.stderr.log,data/ventus/V3.5/single_instruction/cycle_capacity/all_directions/legacy--ventus_v3_5_full_release/raw_logs/attempt_01/tensor_s2g_16x16.stderr.log,81672,1c28e5aac2506f930612b93a1f9108404faedb762b783a8d1755050712709fbb
ventus_v3_5_full_release,results/ventus_v3_5_full_release/raw_logs/attempt_01/tensor_s2g_16x16.stdout.log,data/ventus/V3.5/single_instruction/cycle_capacity/all_directions/legacy--ventus_v3_5_full_release/raw_logs/attempt_01/tensor_s2g_16x16.stdout.log,67927,716a054dbbd456917aaa0066f525ef44c393a794c907eda79bb2ba920342a0cc
ventus_v3_5_full_release,results/ventus_v3_5_full_release/raw_logs/attempt_01/tensor_s2g_1x4.stderr.log,data/ventus/V3.5/single_instruction/cycle_capacity/all_directions/legacy--ventus_v3_5_full_release/raw_logs/attempt_01/tensor_s2g_1x4.stderr.log,58791,40593da0c6ef9197d672093c840c42dbca34bc572f6bb55df6eaf20e56be4bb0
ventus_v3_5_full_release,results/ventus_v3_5_full_release/raw_logs/attempt_01/tensor_s2g_1x4.stdout.log,data/ventus/V3.5/single_instruction/cycle_capacity/all_directions/legacy--ventus_v3_5_full_release/raw_logs/attempt_01/tensor_s2g_1x4.stdout.log,55219,2b6f72f6c9393499353bafe97813d98b5b6a8873194542b0fb7917c92de5739a
ventus_v3_5_full_release,results/ventus_v3_5_full_release/raw_logs/attempt_01/tensor_s2g_32x32.stderr.log,data/ventus/V3.5/single_instruction/cycle_capacity/all_directions/legacy--ventus_v3_5_full_release/raw_logs/attempt_01/tensor_s2g_32x32.stderr.log,161856,6b9e173aa67cc9e1c9a562a7ceda275afc2d91282b9a477f948484eddd63f408
ventus_v3_5_full_release,results/ventus_v3_5_full_release/raw_logs/attempt_01/tensor_s2g_32x32.stdout.log,data/ventus/V3.5/single_instruction/cycle_capacity/all_directions/legacy--ventus_v3_5_full_release/raw_logs/attempt_01/tensor_s2g_32x32.stdout.log,113813,352d0a19bb9cf53b482619d78c3862c74d48f572afc51de8ef651b8342df6711
ventus_v3_5_full_release,results/ventus_v3_5_full_release/raw_logs/attempt_01/tensor_s2g_4x16.stderr.log,data/ventus/V3.5/single_instruction/cycle_capacity/all_directions/legacy--ventus_v3_5_full_release/raw_logs/attempt_01/tensor_s2g_4x16.stderr.log,61790,bcf61950a59e3e73559862bb051a805a7645c9786bd18e1887b42194b178c37a
ventus_v3_5_full_release,results/ventus_v3_5_full_release/raw_logs/attempt_01/tensor_s2g_4x16.stdout.log,data/ventus/V3.5/single_instruction/cycle_capacity/all_directions/legacy--ventus_v3_5_full_release/raw_logs/attempt_01/tensor_s2g_4x16.stdout.log,56431,8f10f6c4e97fca8aa4e8a7cc664821b59a243c034e8edde769f8daed86c5340b
ventus_v3_5_full_release,results/ventus_v3_5_full_release/raw_logs/attempt_01/tensor_s2g_4x4.stderr.log,data/ventus/V3.5/single_instruction/cycle_capacity/all_directions/legacy--ventus_v3_5_full_release/raw_logs/attempt_01/tensor_s2g_4x4.stderr.log,58803,e3eaf005fff01ec89fea0596e80e46835477e29f82174877028991abe8fc7ce8
ventus_v3_5_full_release,results/ventus_v3_5_full_release/raw_logs/attempt_01/tensor_s2g_4x4.stdout.log,data/ventus/V3.5/single_instruction/cycle_capacity/all_directions/legacy--ventus_v3_5_full_release/raw_logs/attempt_01/tensor_s2g_4x4.stdout.log,55024,4c88e7b4e77e96617f070b8fde7794ae0a30a0561f6652ef1ffeea9b0aa69947
ventus_v3_6_timing_full,results/ventus_v3_6_timing_full/attempt_01.csv,data/ventus/V3.6/single_instruction/cycle_capacity/all_directions/legacy--ventus_v3_6_timing_full/attempt_01.csv,1327,3383133b2dfbf0564073a46ccc80a286512519dcf6b90d4cab06caa8aeadc14c
ventus_v3_6_timing_full,results/ventus_v3_6_timing_full/manifest.json,data/ventus/V3.6/single_instruction/cycle_capacity/all_directions/legacy--ventus_v3_6_timing_full/manifest.json,4119,b0dac44c28b7497e968e920f0d809c553233b287655217504a2e3afb617742fd
ventus_v3_6_timing_full,results/ventus_v3_6_timing_full/raw_logs/attempt_01/bulk_g2s_16x16.stderr.log,data/ventus/V3.6/single_instruction/cycle_capacity/all_directions/legacy--ventus_v3_6_timing_full/raw_logs/attempt_01/bulk_g2s_16x16.stderr.log,56820,78f7f15d20f1ceaf47a72476a52b1d9373773f41c69d1305001de0f024fef204
ventus_v3_6_timing_full,results/ventus_v3_6_timing_full/raw_logs/attempt_01/bulk_g2s_16x16.stdout.log,data/ventus/V3.6/single_instruction/cycle_capacity/all_directions/legacy--ventus_v3_6_timing_full/raw_logs/attempt_01/bulk_g2s_16x16.stdout.log,49969,7029f9a53b948b1eb948b9e51cfd891d64d76b925264cc4fd5f94382c02df3de
ventus_v3_6_timing_full,results/ventus_v3_6_timing_full/raw_logs/attempt_01/bulk_g2s_1x4.stderr.log,data/ventus/V3.6/single_instruction/cycle_capacity/all_directions/legacy--ventus_v3_6_timing_full/raw_logs/attempt_01/bulk_g2s_1x4.stderr.log,33771,fdf5386974a8c7d23bf8fe41fd4f2a98d5d9527c3779ebd1e53691b5e733e450
ventus_v3_6_timing_full,results/ventus_v3_6_timing_full/raw_logs/attempt_01/bulk_g2s_1x4.stdout.log,data/ventus/V3.6/single_instruction/cycle_capacity/all_directions/legacy--ventus_v3_6_timing_full/raw_logs/attempt_01/bulk_g2s_1x4.stdout.log,37291,a6d33f472b4a9090ad93ea940727c4f3b9686f4112a7c41e5953aa177af7cd96
ventus_v3_6_timing_full,results/ventus_v3_6_timing_full/raw_logs/attempt_01/bulk_g2s_32x32.stderr.log,data/ventus/V3.6/single_instruction/cycle_capacity/all_directions/legacy--ventus_v3_6_timing_full/raw_logs/attempt_01/bulk_g2s_32x32.stderr.log,137172,05814fe52c801579fe19c5803c26447b0ea31d622130dc564cc07423f069df1d
ventus_v3_6_timing_full,results/ventus_v3_6_timing_full/raw_logs/attempt_01/bulk_g2s_32x32.stdout.log,data/ventus/V3.6/single_instruction/cycle_capacity/all_directions/legacy--ventus_v3_6_timing_full/raw_logs/attempt_01/bulk_g2s_32x32.stdout.log,95881,aca9718c5e9771325c2458ff5759b101b94d556e35779b90b4a73595759b59b3
ventus_v3_6_timing_full,results/ventus_v3_6_timing_full/raw_logs/attempt_01/bulk_g2s_4x16.stderr.log,data/ventus/V3.6/single_instruction/cycle_capacity/all_directions/legacy--ventus_v3_6_timing_full/raw_logs/attempt_01/bulk_g2s_4x16.stderr.log,36728,5bb8bab0622fa4164d756ab377ec8e1d0ffab06009dcd970e7cbe19bc3d511e1
ventus_v3_6_timing_full,results/ventus_v3_6_timing_full/raw_logs/attempt_01/bulk_g2s_4x16.stdout.log,data/ventus/V3.6/single_instruction/cycle_capacity/all_directions/legacy--ventus_v3_6_timing_full/raw_logs/attempt_01/bulk_g2s_4x16.stdout.log,38492,f679fea394d79a821c0df2d68247bd3a57b07c6c987a53fd04e558ae223ef799
ventus_v3_6_timing_full,results/ventus_v3_6_timing_full/raw_logs/attempt_01/bulk_g2s_4x4.stderr.log,data/ventus/V3.6/single_instruction/cycle_capacity/all_directions/legacy--ventus_v3_6_timing_full/raw_logs/attempt_01/bulk_g2s_4x4.stderr.log,33825,3950d346383903c9fbd476d80a65f8feb55db8ec7ae4bb10f04ea1d3cc37cfa3
ventus_v3_6_timing_full,results/ventus_v3_6_timing_full/raw_logs/attempt_01/bulk_g2s_4x4.stdout.log,data/ventus/V3.6/single_instruction/cycle_capacity/all_directions/legacy--ventus_v3_6_timing_full/raw_logs/attempt_01/bulk_g2s_4x4.stdout.log,37095,e0e3c8cb6c5125506b2a614756d80a51008e65e35905e944cb02a1f37b741ad8
ventus_v3_6_timing_full,results/ventus_v3_6_timing_full/raw_logs/attempt_01/bulk_s2g_16x16.stderr.log,data/ventus/V3.6/single_instruction/cycle_capacity/all_directions/legacy--ventus_v3_6_timing_full/raw_logs/attempt_01/bulk_s2g_16x16.stderr.log,56758,e8502f7cb06391b24b9d4ed15f0f9ff111978eac97a9e6a3c01f84752701c2df
ventus_v3_6_timing_full,results/ventus_v3_6_timing_full/raw_logs/attempt_01/bulk_s2g_16x16.stdout.log,data/ventus/V3.6/single_instruction/cycle_capacity/all_directions/legacy--ventus_v3_6_timing_full/raw_logs/attempt_01/bulk_s2g_16x16.stdout.log,47203,011fda56547559281d58c8f6cf6a38893be80641be51ff2117d9d0020e765f38
ventus_v3_6_timing_full,results/ventus_v3_6_timing_full/raw_logs/attempt_01/bulk_s2g_1x4.stderr.log,data/ventus/V3.6/single_instruction/cycle_capacity/all_directions/legacy--ventus_v3_6_timing_full/raw_logs/attempt_01/bulk_s2g_1x4.stderr.log,33583,86ca36e71f5b3ac3c98353bdf3528fdac89d14753b13c2026d4aad7d7a2209a2
ventus_v3_6_timing_full,results/ventus_v3_6_timing_full/raw_logs/attempt_01/bulk_s2g_1x4.stdout.log,data/ventus/V3.6/single_instruction/cycle_capacity/all_directions/legacy--ventus_v3_6_timing_full/raw_logs/attempt_01/bulk_s2g_1x4.stdout.log,34510,be9fc77dfb36a83ead827b74fb1ecad9bc9f014a4fb38221a85a043c99f46437
ventus_v3_6_timing_full,results/ventus_v3_6_timing_full/raw_logs/attempt_01/bulk_s2g_32x32.stderr.log,data/ventus/V3.6/single_instruction/cycle_capacity/all_directions/legacy--ventus_v3_6_timing_full/raw_logs/attempt_01/bulk_s2g_32x32.stderr.log,136942,9cfe9f61180728f604002ae4ff701dc61f8280bf86cd6572e8f539fd8a72f411
ventus_v3_6_timing_full,results/ventus_v3_6_timing_full/raw_logs/attempt_01/bulk_s2g_32x32.stdout.log,data/ventus/V3.6/single_instruction/cycle_capacity/all_directions/legacy--ventus_v3_6_timing_full/raw_logs/attempt_01/bulk_s2g_32x32.stdout.log,93112,4a901e75aedb26da571958ea62b423f82077ce4cc2146f2dea2717891abfcfd3
ventus_v3_6_timing_full,results/ventus_v3_6_timing_full/raw_logs/attempt_01/bulk_s2g_4x16.stderr.log,data/ventus/V3.6/single_instruction/cycle_capacity/all_directions/legacy--ventus_v3_6_timing_full/raw_logs/attempt_01/bulk_s2g_4x16.stderr.log,36582,ddfaf4096147e844bfd460f48ac30dd4e0f5d89a60e47c92a3863afc6408f4bd
ventus_v3_6_timing_full,results/ventus_v3_6_timing_full/raw_logs/attempt_01/bulk_s2g_4x16.stdout.log,data/ventus/V3.6/single_instruction/cycle_capacity/all_directions/legacy--ventus_v3_6_timing_full/raw_logs/attempt_01/bulk_s2g_4x16.stdout.log,35712,b92718f1f2a7cab4a74932e06fe972270f2ae6a46b90041fc0e2d87ccb864260
ventus_v3_6_timing_full,results/ventus_v3_6_timing_full/raw_logs/attempt_01/bulk_s2g_4x4.stderr.log,data/ventus/V3.6/single_instruction/cycle_capacity/all_directions/legacy--ventus_v3_6_timing_full/raw_logs/attempt_01/bulk_s2g_4x4.stderr.log,33679,e3270544a300286cae99c250349bcc6fd98cd0a39928f201149f29aba0316cf7
ventus_v3_6_timing_full,results/ventus_v3_6_timing_full/raw_logs/attempt_01/bulk_s2g_4x4.stdout.log,data/ventus/V3.6/single_instruction/cycle_capacity/all_directions/legacy--ventus_v3_6_timing_full/raw_logs/attempt_01/bulk_s2g_4x4.stdout.log,34315,8b19cd1b5d1a2231a981dcf37114325f17b95477ad6f025cb0fc236c2898e70e
ventus_v3_6_timing_full,results/ventus_v3_6_timing_full/raw_logs/attempt_01/tensor_g2s_16x16.stderr.log,data/ventus/V3.6/single_instruction/cycle_capacity/all_directions/legacy--ventus_v3_6_timing_full/raw_logs/attempt_01/tensor_g2s_16x16.stderr.log,82028,ed2214fec54b6d11b0dce5e4e6aef93f0cac9587e8d0c295cb123658f496e2dd
ventus_v3_6_timing_full,results/ventus_v3_6_timing_full/raw_logs/attempt_01/tensor_g2s_16x16.stdout.log,data/ventus/V3.6/single_instruction/cycle_capacity/all_directions/legacy--ventus_v3_6_timing_full/raw_logs/attempt_01/tensor_g2s_16x16.stdout.log,70776,58550e13f6f76c0c85f342c56b1c70d8085eb6272228dec0b702e9f9052d10ff
ventus_v3_6_timing_full,results/ventus_v3_6_timing_full/raw_logs/attempt_01/tensor_g2s_1x4.stderr.log,data/ventus/V3.6/single_instruction/cycle_capacity/all_directions/legacy--ventus_v3_6_timing_full/raw_logs/attempt_01/tensor_g2s_1x4.stderr.log,58979,971e93ee314e2e19735cc8ba0ed9ccf5a9b6356b768fd375d0fea4d2d1534baa
ventus_v3_6_timing_full,results/ventus_v3_6_timing_full/raw_logs/attempt_01/tensor_g2s_1x4.stdout.log,data/ventus/V3.6/single_instruction/cycle_capacity/all_directions/legacy--ventus_v3_6_timing_full/raw_logs/attempt_01/tensor_g2s_1x4.stdout.log,58091,ed202a54c7253f61bdd6c3b87a4d1c88197d789b375f6b67233eb0c906980d30
ventus_v3_6_timing_full,results/ventus_v3_6_timing_full/raw_logs/attempt_01/tensor_g2s_32x32.stderr.log,data/ventus/V3.6/single_instruction/cycle_capacity/all_directions/legacy--ventus_v3_6_timing_full/raw_logs/attempt_01/tensor_g2s_32x32.stderr.log,162002,d221c10590bff903b5c1e1ccd44e2c1eb9780bc76821f96d090f7b02f268d021
ventus_v3_6_timing_full,results/ventus_v3_6_timing_full/raw_logs/attempt_01/tensor_g2s_32x32.stdout.log,data/ventus/V3.6/single_instruction/cycle_capacity/all_directions/legacy--ventus_v3_6_timing_full/raw_logs/attempt_01/tensor_g2s_32x32.stdout.log,116684,1a9b3bb6492c383649dabcd12e13af78fcdfae7c8dd35628529241668dc85a50
ventus_v3_6_timing_full,results/ventus_v3_6_timing_full/raw_logs/attempt_01/tensor_g2s_4x16.stderr.log,data/ventus/V3.6/single_instruction/cycle_capacity/all_directions/legacy--ventus_v3_6_timing_full/raw_logs/attempt_01/tensor_g2s_4x16.stderr.log,61810,7bfc28c4991180c4c1c60e509020a135899732bfa7abf13d7c3b2d5551349815
ventus_v3_6_timing_full,results/ventus_v3_6_timing_full/raw_logs/attempt_01/tensor_g2s_4x16.stdout.log,data/ventus/V3.6/single_instruction/cycle_capacity/all_directions/legacy--ventus_v3_6_timing_full/raw_logs/attempt_01/tensor_g2s_4x16.stdout.log,59303,27a78aff3efcf57402d0347000932530bf9171c5f00a3b0b0b59b0f4a5d93e48
ventus_v3_6_timing_full,results/ventus_v3_6_timing_full/raw_logs/attempt_01/tensor_g2s_4x4.stderr.log,data/ventus/V3.6/single_instruction/cycle_capacity/all_directions/legacy--ventus_v3_6_timing_full/raw_logs/attempt_01/tensor_g2s_4x4.stderr.log,58907,2e9e8347c9ca112c33b6cbcca1ae67452f9a5a0b5347bd1bfa3dae2cc5da70cb
ventus_v3_6_timing_full,results/ventus_v3_6_timing_full/raw_logs/attempt_01/tensor_g2s_4x4.stdout.log,data/ventus/V3.6/single_instruction/cycle_capacity/all_directions/legacy--ventus_v3_6_timing_full/raw_logs/attempt_01/tensor_g2s_4x4.stdout.log,57895,df2737b8226b3f5e6e7dd55fc273eef948fa6a12ad56fbab57d8b33c1c15e059
ventus_v3_6_timing_full,results/ventus_v3_6_timing_full/raw_logs/attempt_01/tensor_s2g_16x16.stderr.log,data/ventus/V3.6/single_instruction/cycle_capacity/all_directions/legacy--ventus_v3_6_timing_full/raw_logs/attempt_01/tensor_s2g_16x16.stderr.log,81798,f6a7138b890b20ec94c4961f79e556d75a74afd0596d87bcca9e5c6ef33a3e41
ventus_v3_6_timing_full,results/ventus_v3_6_timing_full/raw_logs/attempt_01/tensor_s2g_16x16.stdout.log,data/ventus/V3.6/single_instruction/cycle_capacity/all_directions/legacy--ventus_v3_6_timing_full/raw_logs/attempt_01/tensor_s2g_16x16.stdout.log,67927,b25e5cc56d50ca0c2b47da748cf3cc99659274c8ca2d69594f6190481a4a5bfb
ventus_v3_6_timing_full,results/ventus_v3_6_timing_full/raw_logs/attempt_01/tensor_s2g_1x4.stderr.log,data/ventus/V3.6/single_instruction/cycle_capacity/all_directions/legacy--ventus_v3_6_timing_full/raw_logs/attempt_01/tensor_s2g_1x4.stderr.log,58791,f7a062dc81afeb6b728dbd50061564994c3f90de787132ec1768c8b0ab507c04
ventus_v3_6_timing_full,results/ventus_v3_6_timing_full/raw_logs/attempt_01/tensor_s2g_1x4.stdout.log,data/ventus/V3.6/single_instruction/cycle_capacity/all_directions/legacy--ventus_v3_6_timing_full/raw_logs/attempt_01/tensor_s2g_1x4.stdout.log,55220,51b012c247b5271d7222613a1d730df706aafe29f9d4daa49c8b2fd4faf33f46
ventus_v3_6_timing_full,results/ventus_v3_6_timing_full/raw_logs/attempt_01/tensor_s2g_32x32.stderr.log,data/ventus/V3.6/single_instruction/cycle_capacity/all_directions/legacy--ventus_v3_6_timing_full/raw_logs/attempt_01/tensor_s2g_32x32.stderr.log,161898,60e6b194996e77442ff4e9ac9277333a0ed8365c3cce68cb7362c80fedbd9ed4
ventus_v3_6_timing_full,results/ventus_v3_6_timing_full/raw_logs/attempt_01/tensor_s2g_32x32.stdout.log,data/ventus/V3.6/single_instruction/cycle_capacity/all_directions/legacy--ventus_v3_6_timing_full/raw_logs/attempt_01/tensor_s2g_32x32.stdout.log,113813,dc5b0f19848062b6c3df069c666d4e6b306554e2bb714b793f963aca2aae4209
ventus_v3_6_timing_full,results/ventus_v3_6_timing_full/raw_logs/attempt_01/tensor_s2g_4x16.stderr.log,data/ventus/V3.6/single_instruction/cycle_capacity/all_directions/legacy--ventus_v3_6_timing_full/raw_logs/attempt_01/tensor_s2g_4x16.stderr.log,61622,93928fed4f8ac26146621b21114470ee539da4023c2d29afa1d0dd4d8dc9429f
ventus_v3_6_timing_full,results/ventus_v3_6_timing_full/raw_logs/attempt_01/tensor_s2g_4x16.stdout.log,data/ventus/V3.6/single_instruction/cycle_capacity/all_directions/legacy--ventus_v3_6_timing_full/raw_logs/attempt_01/tensor_s2g_4x16.stdout.log,56432,d76244982669475284c4ddbb315a98ba4a76d97c7ce8f5b162a78295ac1f2ff7
ventus_v3_6_timing_full,results/ventus_v3_6_timing_full/raw_logs/attempt_01/tensor_s2g_4x4.stderr.log,data/ventus/V3.6/single_instruction/cycle_capacity/all_directions/legacy--ventus_v3_6_timing_full/raw_logs/attempt_01/tensor_s2g_4x4.stderr.log,58845,152ae5b56ea75e210419618706fd6629f36c20b2aee25e3dde5b34c6b2f5087b
ventus_v3_6_timing_full,results/ventus_v3_6_timing_full/raw_logs/attempt_01/tensor_s2g_4x4.stdout.log,data/ventus/V3.6/single_instruction/cycle_capacity/all_directions/legacy--ventus_v3_6_timing_full/raw_logs/attempt_01/tensor_s2g_4x4.stdout.log,55025,0b109b26a6a96bba4cecc8388beb5a62294810c932703435d80c8aa8706a9733
__loose_files__,results/v3_7_v3_8_cursor_pipeline_capacity.csv,reports/legacy/tensor_capacity/v3_7_v3_8_cursor_pipeline_capacity.csv,619,c448073125775f6b32cd37cc481a5f49747ae44861f959c0319f1c2e346ed79d
