gpu,cc,l2_bytes,shard,family,case_id,path,direction,dtype,dtype_bits,rank,logical_bytes,global_span,global_offset,alignment_class,stride_class,interleave,swizzle,oob_fill,reduce_op,descriptor_mode,risk,repeat,cycles,event_ns,errors,status,descriptor_state,payload_state,source_descriptor_va,destination_descriptor_va,source_descriptor_fingerprint64,destination_descriptor_fingerprint64,prior_tma_use,descriptor_l2_warm_method,tma_prefetch_before_issue,pair_role
NVIDIA B200,10.0,132644864,tensor_2d_length,tensor_2d_length_u8_row32,tensor_2d_length_g2s_u8_row32_b32,tensor,g2s,u8,8,2,32,32,0,aligned128,contiguous,none,none,zero,none,direct,low,0,792,8544.000,0,ok,tmau_cold_first_use_l2_hot,l2_hot,0x00002b10ed000000,0x0000000000000000,0x0850c3fedc0c4966,0x0000000000000000,0,ld.global.cg,0,cold
NVIDIA B200,10.0,132644864,tensor_2d_length,tensor_2d_length_u8_row32,tensor_2d_length_g2s_u8_row32_b32,tensor,g2s,u8,8,2,32,32,0,aligned128,contiguous,none,none,zero,none,direct,low,1,431,8544.000,0,ok,tmau_hot_reuse,l2_hot,0x00002b10ed000000,0x0000000000000000,0x0850c3fedc0c4966,0x0000000000000000,1,ld.global.cg,0,hot
NVIDIA B200,10.0,132644864,tensor_2d_length,tensor_2d_length_u8_row32,tensor_2d_length_g2s_u8_row32_b64,tensor,g2s,u8,8,2,64,64,0,aligned128,contiguous,none,none,zero,none,direct,low,0,689,3728.000,0,ok,tmau_cold_first_use_l2_hot,l2_hot,0x00002b10ed001000,0x0000000000000000,0x9fe382a7b7fab636,0x0000000000000000,0,ld.global.cg,0,cold
NVIDIA B200,10.0,132644864,tensor_2d_length,tensor_2d_length_u8_row32,tensor_2d_length_g2s_u8_row32_b64,tensor,g2s,u8,8,2,64,64,0,aligned128,contiguous,none,none,zero,none,direct,low,1,431,3728.000,0,ok,tmau_hot_reuse,l2_hot,0x00002b10ed001000,0x0000000000000000,0x9fe382a7b7fab636,0x0000000000000000,1,ld.global.cg,0,hot
NVIDIA B200,10.0,132644864,tensor_2d_length,tensor_2d_length_u8_row32,tensor_2d_length_g2s_u8_row32_b96,tensor,g2s,u8,8,2,96,96,0,aligned128,contiguous,none,none,zero,none,direct,low,0,693,3072.000,0,ok,tmau_cold_first_use_l2_hot,l2_hot,0x00002b10ed002000,0x0000000000000000,0xf1b02afcd7b61561,0x0000000000000000,0,ld.global.cg,0,cold
NVIDIA B200,10.0,132644864,tensor_2d_length,tensor_2d_length_u8_row32,tensor_2d_length_g2s_u8_row32_b96,tensor,g2s,u8,8,2,96,96,0,aligned128,contiguous,none,none,zero,none,direct,low,1,431,3072.000,0,ok,tmau_hot_reuse,l2_hot,0x00002b10ed002000,0x0000000000000000,0xf1b02afcd7b61561,0x0000000000000000,1,ld.global.cg,0,hot
NVIDIA B200,10.0,132644864,tensor_2d_length,tensor_2d_length_u8_row32,tensor_2d_length_g2s_u8_row32_b128,tensor,g2s,u8,8,2,128,128,0,aligned128,contiguous,none,none,zero,none,direct,low,0,689,3184.000,0,ok,tmau_cold_first_use_l2_hot,l2_hot,0x00002b10ed003000,0x0000000000000000,0x1c9905ba2ca16951,0x0000000000000000,0,ld.global.cg,0,cold
NVIDIA B200,10.0,132644864,tensor_2d_length,tensor_2d_length_u8_row32,tensor_2d_length_g2s_u8_row32_b128,tensor,g2s,u8,8,2,128,128,0,aligned128,contiguous,none,none,zero,none,direct,low,1,431,3184.000,0,ok,tmau_hot_reuse,l2_hot,0x00002b10ed003000,0x0000000000000000,0x1c9905ba2ca16951,0x0000000000000000,1,ld.global.cg,0,hot
NVIDIA B200,10.0,132644864,tensor_2d_length,tensor_2d_length_u8_row32,tensor_2d_length_g2s_u8_row32_b160,tensor,g2s,u8,8,2,160,160,0,aligned128,contiguous,none,none,zero,none,direct,low,0,676,3168.000,0,ok,tmau_cold_first_use_l2_hot,l2_hot,0x00002b10ed004000,0x0000000000000000,0x0528cb3163b98730,0x0000000000000000,0,ld.global.cg,0,cold
NVIDIA B200,10.0,132644864,tensor_2d_length,tensor_2d_length_u8_row32,tensor_2d_length_g2s_u8_row32_b160,tensor,g2s,u8,8,2,160,160,0,aligned128,contiguous,none,none,zero,none,direct,low,1,431,3168.000,0,ok,tmau_hot_reuse,l2_hot,0x00002b10ed004000,0x0000000000000000,0x0528cb3163b98730,0x0000000000000000,1,ld.global.cg,0,hot
NVIDIA B200,10.0,132644864,tensor_2d_length,tensor_2d_length_u8_row32,tensor_2d_length_g2s_u8_row32_b192,tensor,g2s,u8,8,2,192,192,0,aligned128,contiguous,none,none,zero,none,direct,low,0,689,3216.000,0,ok,tmau_cold_first_use_l2_hot,l2_hot,0x00002b10ed005000,0x0000000000000000,0x4b5f351eaf45d5c7,0x0000000000000000,0,ld.global.cg,0,cold
NVIDIA B200,10.0,132644864,tensor_2d_length,tensor_2d_length_u8_row32,tensor_2d_length_g2s_u8_row32_b192,tensor,g2s,u8,8,2,192,192,0,aligned128,contiguous,none,none,zero,none,direct,low,1,431,3216.000,0,ok,tmau_hot_reuse,l2_hot,0x00002b10ed005000,0x0000000000000000,0x4b5f351eaf45d5c7,0x0000000000000000,1,ld.global.cg,0,hot
NVIDIA B200,10.0,132644864,tensor_2d_length,tensor_2d_length_u8_row32,tensor_2d_length_g2s_u8_row32_b224,tensor,g2s,u8,8,2,224,224,0,aligned128,contiguous,none,none,zero,none,direct,low,0,689,3664.000,0,ok,tmau_cold_first_use_l2_hot,l2_hot,0x00002b10ed006000,0x0000000000000000,0xa11c611bbe854aee,0x0000000000000000,0,ld.global.cg,0,cold
NVIDIA B200,10.0,132644864,tensor_2d_length,tensor_2d_length_u8_row32,tensor_2d_length_g2s_u8_row32_b224,tensor,g2s,u8,8,2,224,224,0,aligned128,contiguous,none,none,zero,none,direct,low,1,431,3664.000,0,ok,tmau_hot_reuse,l2_hot,0x00002b10ed006000,0x0000000000000000,0xa11c611bbe854aee,0x0000000000000000,1,ld.global.cg,0,hot
NVIDIA B200,10.0,132644864,tensor_2d_length,tensor_2d_length_u8_row32,tensor_2d_length_g2s_u8_row32_b256,tensor,g2s,u8,8,2,256,256,0,aligned128,contiguous,none,none,zero,none,direct,low,0,676,3296.000,0,ok,tmau_cold_first_use_l2_hot,l2_hot,0x00002b10ed007000,0x0000000000000000,0xc1d1691edb78c242,0x0000000000000000,0,ld.global.cg,0,cold
NVIDIA B200,10.0,132644864,tensor_2d_length,tensor_2d_length_u8_row32,tensor_2d_length_g2s_u8_row32_b256,tensor,g2s,u8,8,2,256,256,0,aligned128,contiguous,none,none,zero,none,direct,low,1,431,3296.000,0,ok,tmau_hot_reuse,l2_hot,0x00002b10ed007000,0x0000000000000000,0xc1d1691edb78c242,0x0000000000000000,1,ld.global.cg,0,hot
NVIDIA B200,10.0,132644864,tensor_2d_length,tensor_2d_length_u8_row32,tensor_2d_length_g2s_u8_row32_b288,tensor,g2s,u8,8,2,288,288,0,aligned128,contiguous,none,none,zero,none,direct,low,0,689,3072.000,0,ok,tmau_cold_first_use_l2_hot,l2_hot,0x00002b10ed008000,0x0000000000000000,0xb8d28f426f3a9e5f,0x0000000000000000,0,ld.global.cg,0,cold
NVIDIA B200,10.0,132644864,tensor_2d_length,tensor_2d_length_u8_row32,tensor_2d_length_g2s_u8_row32_b288,tensor,g2s,u8,8,2,288,288,0,aligned128,contiguous,none,none,zero,none,direct,low,1,431,3072.000,0,ok,tmau_hot_reuse,l2_hot,0x00002b10ed008000,0x0000000000000000,0xb8d28f426f3a9e5f,0x0000000000000000,1,ld.global.cg,0,hot
NVIDIA B200,10.0,132644864,tensor_2d_length,tensor_2d_length_u8_row32,tensor_2d_length_g2s_u8_row32_b320,tensor,g2s,u8,8,2,320,320,0,aligned128,contiguous,none,none,zero,none,direct,low,0,689,3664.000,0,ok,tmau_cold_first_use_l2_hot,l2_hot,0x00002b10ed009000,0x0000000000000000,0x98c2429ee9325668,0x0000000000000000,0,ld.global.cg,0,cold
NVIDIA B200,10.0,132644864,tensor_2d_length,tensor_2d_length_u8_row32,tensor_2d_length_g2s_u8_row32_b320,tensor,g2s,u8,8,2,320,320,0,aligned128,contiguous,none,none,zero,none,direct,low,1,431,3664.000,0,ok,tmau_hot_reuse,l2_hot,0x00002b10ed009000,0x0000000000000000,0x98c2429ee9325668,0x0000000000000000,1,ld.global.cg,0,hot
NVIDIA B200,10.0,132644864,tensor_2d_length,tensor_2d_length_u8_row32,tensor_2d_length_g2s_u8_row32_b352,tensor,g2s,u8,8,2,352,352,0,aligned128,contiguous,none,none,zero,none,direct,low,0,837,3568.000,0,ok,tmau_cold_first_use_l2_hot,l2_hot,0x00002b10ed00a000,0x0000000000000000,0xab8e597707a740fe,0x0000000000000000,0,ld.global.cg,0,cold
NVIDIA B200,10.0,132644864,tensor_2d_length,tensor_2d_length_u8_row32,tensor_2d_length_g2s_u8_row32_b352,tensor,g2s,u8,8,2,352,352,0,aligned128,contiguous,none,none,zero,none,direct,low,1,431,3568.000,0,ok,tmau_hot_reuse,l2_hot,0x00002b10ed00a000,0x0000000000000000,0xab8e597707a740fe,0x0000000000000000,1,ld.global.cg,0,hot
NVIDIA B200,10.0,132644864,tensor_2d_length,tensor_2d_length_u8_row32,tensor_2d_length_g2s_u8_row32_b384,tensor,g2s,u8,8,2,384,384,0,aligned128,contiguous,none,none,zero,none,direct,low,0,689,3344.000,0,ok,tmau_cold_first_use_l2_hot,l2_hot,0x00002b10ed00b000,0x0000000000000000,0xad2096d00413b0df,0x0000000000000000,0,ld.global.cg,0,cold
NVIDIA B200,10.0,132644864,tensor_2d_length,tensor_2d_length_u8_row32,tensor_2d_length_g2s_u8_row32_b384,tensor,g2s,u8,8,2,384,384,0,aligned128,contiguous,none,none,zero,none,direct,low,1,431,3344.000,0,ok,tmau_hot_reuse,l2_hot,0x00002b10ed00b000,0x0000000000000000,0xad2096d00413b0df,0x0000000000000000,1,ld.global.cg,0,hot
NVIDIA B200,10.0,132644864,tensor_2d_length,tensor_2d_length_u8_row32,tensor_2d_length_g2s_u8_row32_b416,tensor,g2s,u8,8,2,416,416,0,aligned128,contiguous,none,none,zero,none,direct,low,0,837,3424.000,0,ok,tmau_cold_first_use_l2_hot,l2_hot,0x00002b10ed00c000,0x0000000000000000,0x87a74ef433f033e5,0x0000000000000000,0,ld.global.cg,0,cold
NVIDIA B200,10.0,132644864,tensor_2d_length,tensor_2d_length_u8_row32,tensor_2d_length_g2s_u8_row32_b416,tensor,g2s,u8,8,2,416,416,0,aligned128,contiguous,none,none,zero,none,direct,low,1,431,3424.000,0,ok,tmau_hot_reuse,l2_hot,0x00002b10ed00c000,0x0000000000000000,0x87a74ef433f033e5,0x0000000000000000,1,ld.global.cg,0,hot
NVIDIA B200,10.0,132644864,tensor_2d_length,tensor_2d_length_u8_row32,tensor_2d_length_g2s_u8_row32_b448,tensor,g2s,u8,8,2,448,448,0,aligned128,contiguous,none,none,zero,none,direct,low,0,690,3232.000,0,ok,tmau_cold_first_use_l2_hot,l2_hot,0x00002b10ed00d000,0x0000000000000000,0xb58d90ccabe3fec7,0x0000000000000000,0,ld.global.cg,0,cold
NVIDIA B200,10.0,132644864,tensor_2d_length,tensor_2d_length_u8_row32,tensor_2d_length_g2s_u8_row32_b448,tensor,g2s,u8,8,2,448,448,0,aligned128,contiguous,none,none,zero,none,direct,low,1,431,3232.000,0,ok,tmau_hot_reuse,l2_hot,0x00002b10ed00d000,0x0000000000000000,0xb58d90ccabe3fec7,0x0000000000000000,1,ld.global.cg,0,hot
NVIDIA B200,10.0,132644864,tensor_2d_length,tensor_2d_length_u8_row32,tensor_2d_length_g2s_u8_row32_b480,tensor,g2s,u8,8,2,480,480,0,aligned128,contiguous,none,none,zero,none,direct,low,0,689,3344.000,0,ok,tmau_cold_first_use_l2_hot,l2_hot,0x00002b10ed00e000,0x0000000000000000,0x76b93d83a1a0eff5,0x0000000000000000,0,ld.global.cg,0,cold
NVIDIA B200,10.0,132644864,tensor_2d_length,tensor_2d_length_u8_row32,tensor_2d_length_g2s_u8_row32_b480,tensor,g2s,u8,8,2,480,480,0,aligned128,contiguous,none,none,zero,none,direct,low,1,431,3344.000,0,ok,tmau_hot_reuse,l2_hot,0x00002b10ed00e000,0x0000000000000000,0x76b93d83a1a0eff5,0x0000000000000000,1,ld.global.cg,0,hot
NVIDIA B200,10.0,132644864,tensor_2d_length,tensor_2d_length_u8_row32,tensor_2d_length_g2s_u8_row32_b512,tensor,g2s,u8,8,2,512,512,0,aligned128,contiguous,none,none,zero,none,direct,low,0,689,3552.000,0,ok,tmau_cold_first_use_l2_hot,l2_hot,0x00002b10ed00f000,0x0000000000000000,0x3f2d87769f74e36a,0x0000000000000000,0,ld.global.cg,0,cold
NVIDIA B200,10.0,132644864,tensor_2d_length,tensor_2d_length_u8_row32,tensor_2d_length_g2s_u8_row32_b512,tensor,g2s,u8,8,2,512,512,0,aligned128,contiguous,none,none,zero,none,direct,low,1,431,3552.000,0,ok,tmau_hot_reuse,l2_hot,0x00002b10ed00f000,0x0000000000000000,0x3f2d87769f74e36a,0x0000000000000000,1,ld.global.cg,0,hot
NVIDIA B200,10.0,132644864,tensor_2d_length,tensor_2d_length_u8_row32,tensor_2d_length_g2s_u8_row32_b640,tensor,g2s,u8,8,2,640,640,0,aligned128,contiguous,none,none,zero,none,direct,low,0,689,3456.000,0,ok,tmau_cold_first_use_l2_hot,l2_hot,0x00002b10ed010000,0x0000000000000000,0x997c228c0ce5d1b8,0x0000000000000000,0,ld.global.cg,0,cold
NVIDIA B200,10.0,132644864,tensor_2d_length,tensor_2d_length_u8_row32,tensor_2d_length_g2s_u8_row32_b640,tensor,g2s,u8,8,2,640,640,0,aligned128,contiguous,none,none,zero,none,direct,low,1,431,3456.000,0,ok,tmau_hot_reuse,l2_hot,0x00002b10ed010000,0x0000000000000000,0x997c228c0ce5d1b8,0x0000000000000000,1,ld.global.cg,0,hot
NVIDIA B200,10.0,132644864,tensor_2d_length,tensor_2d_length_u8_row32,tensor_2d_length_g2s_u8_row32_b768,tensor,g2s,u8,8,2,768,768,0,aligned128,contiguous,none,none,zero,none,direct,low,0,689,3344.000,0,ok,tmau_cold_first_use_l2_hot,l2_hot,0x00002b10ed011000,0x0000000000000000,0xa15c593d5781f509,0x0000000000000000,0,ld.global.cg,0,cold
NVIDIA B200,10.0,132644864,tensor_2d_length,tensor_2d_length_u8_row32,tensor_2d_length_g2s_u8_row32_b768,tensor,g2s,u8,8,2,768,768,0,aligned128,contiguous,none,none,zero,none,direct,low,1,431,3344.000,0,ok,tmau_hot_reuse,l2_hot,0x00002b10ed011000,0x0000000000000000,0xa15c593d5781f509,0x0000000000000000,1,ld.global.cg,0,hot
NVIDIA B200,10.0,132644864,tensor_2d_length,tensor_2d_length_u8_row32,tensor_2d_length_g2s_u8_row32_b896,tensor,g2s,u8,8,2,896,896,0,aligned128,contiguous,none,none,zero,none,direct,low,0,689,3744.000,0,ok,tmau_cold_first_use_l2_hot,l2_hot,0x00002b10ed012000,0x0000000000000000,0x51f6d1009df80a88,0x0000000000000000,0,ld.global.cg,0,cold
NVIDIA B200,10.0,132644864,tensor_2d_length,tensor_2d_length_u8_row32,tensor_2d_length_g2s_u8_row32_b896,tensor,g2s,u8,8,2,896,896,0,aligned128,contiguous,none,none,zero,none,direct,low,1,431,3744.000,0,ok,tmau_hot_reuse,l2_hot,0x00002b10ed012000,0x0000000000000000,0x51f6d1009df80a88,0x0000000000000000,1,ld.global.cg,0,hot
NVIDIA B200,10.0,132644864,tensor_2d_length,tensor_2d_length_u8_row32,tensor_2d_length_g2s_u8_row32_b992,tensor,g2s,u8,8,2,992,992,0,aligned128,contiguous,none,none,zero,none,direct,low,0,689,3456.000,0,ok,tmau_cold_first_use_l2_hot,l2_hot,0x00002b10ed013000,0x0000000000000000,0xf5ce279517148204,0x0000000000000000,0,ld.global.cg,0,cold
NVIDIA B200,10.0,132644864,tensor_2d_length,tensor_2d_length_u8_row32,tensor_2d_length_g2s_u8_row32_b992,tensor,g2s,u8,8,2,992,992,0,aligned128,contiguous,none,none,zero,none,direct,low,1,431,3456.000,0,ok,tmau_hot_reuse,l2_hot,0x00002b10ed013000,0x0000000000000000,0xf5ce279517148204,0x0000000000000000,1,ld.global.cg,0,hot
NVIDIA B200,10.0,132644864,tensor_2d_length,tensor_2d_length_u8_row32,tensor_2d_length_g2s_u8_row32_b1024,tensor,g2s,u8,8,2,1024,1024,0,aligned128,contiguous,none,none,zero,none,direct,low,0,689,3552.000,0,ok,tmau_cold_first_use_l2_hot,l2_hot,0x00002b10ed014000,0x0000000000000000,0x95d9e81f9e8b0905,0x0000000000000000,0,ld.global.cg,0,cold
NVIDIA B200,10.0,132644864,tensor_2d_length,tensor_2d_length_u8_row32,tensor_2d_length_g2s_u8_row32_b1024,tensor,g2s,u8,8,2,1024,1024,0,aligned128,contiguous,none,none,zero,none,direct,low,1,431,3552.000,0,ok,tmau_hot_reuse,l2_hot,0x00002b10ed014000,0x0000000000000000,0x95d9e81f9e8b0905,0x0000000000000000,1,ld.global.cg,0,hot
NVIDIA B200,10.0,132644864,tensor_2d_length,tensor_2d_length_u8_row32,tensor_2d_length_g2s_u8_row32_b1056,tensor,g2s,u8,8,2,1056,1056,0,aligned128,contiguous,none,none,zero,none,direct,low,0,837,3376.000,0,ok,tmau_cold_first_use_l2_hot,l2_hot,0x00002b10ed015000,0x0000000000000000,0xf3fd3dc622a72235,0x0000000000000000,0,ld.global.cg,0,cold
NVIDIA B200,10.0,132644864,tensor_2d_length,tensor_2d_length_u8_row32,tensor_2d_length_g2s_u8_row32_b1056,tensor,g2s,u8,8,2,1056,1056,0,aligned128,contiguous,none,none,zero,none,direct,low,1,579,3376.000,0,ok,tmau_hot_reuse,l2_hot,0x00002b10ed015000,0x0000000000000000,0xf3fd3dc622a72235,0x0000000000000000,1,ld.global.cg,0,hot
NVIDIA B200,10.0,132644864,tensor_2d_length,tensor_2d_length_u8_row32,tensor_2d_length_g2s_u8_row32_b1152,tensor,g2s,u8,8,2,1152,1152,0,aligned128,contiguous,none,none,zero,none,direct,low,0,689,3424.000,0,ok,tmau_cold_first_use_l2_hot,l2_hot,0x00002b10ed016000,0x0000000000000000,0xb216b7d371d8d515,0x0000000000000000,0,ld.global.cg,0,cold
NVIDIA B200,10.0,132644864,tensor_2d_length,tensor_2d_length_u8_row32,tensor_2d_length_g2s_u8_row32_b1152,tensor,g2s,u8,8,2,1152,1152,0,aligned128,contiguous,none,none,zero,none,direct,low,1,579,3424.000,0,ok,tmau_hot_reuse,l2_hot,0x00002b10ed016000,0x0000000000000000,0xb216b7d371d8d515,0x0000000000000000,1,ld.global.cg,0,hot
NVIDIA B200,10.0,132644864,tensor_2d_length,tensor_2d_length_u8_row32,tensor_2d_length_g2s_u8_row32_b1280,tensor,g2s,u8,8,2,1280,1280,0,aligned128,contiguous,none,none,zero,none,direct,low,0,841,3280.000,0,ok,tmau_cold_first_use_l2_hot,l2_hot,0x00002b10ed017000,0x0000000000000000,0x38f3de61bb2b2d67,0x0000000000000000,0,ld.global.cg,0,cold
NVIDIA B200,10.0,132644864,tensor_2d_length,tensor_2d_length_u8_row32,tensor_2d_length_g2s_u8_row32_b1280,tensor,g2s,u8,8,2,1280,1280,0,aligned128,contiguous,none,none,zero,none,direct,low,1,579,3280.000,0,ok,tmau_hot_reuse,l2_hot,0x00002b10ed017000,0x0000000000000000,0x38f3de61bb2b2d67,0x0000000000000000,1,ld.global.cg,0,hot
NVIDIA B200,10.0,132644864,tensor_2d_length,tensor_2d_length_u8_row32,tensor_2d_length_g2s_u8_row32_b1408,tensor,g2s,u8,8,2,1408,1408,0,aligned128,contiguous,none,none,zero,none,direct,low,0,837,3472.000,0,ok,tmau_cold_first_use_l2_hot,l2_hot,0x00002b10ed018000,0x0000000000000000,0x991d369d3d560dc4,0x0000000000000000,0,ld.global.cg,0,cold
NVIDIA B200,10.0,132644864,tensor_2d_length,tensor_2d_length_u8_row32,tensor_2d_length_g2s_u8_row32_b1408,tensor,g2s,u8,8,2,1408,1408,0,aligned128,contiguous,none,none,zero,none,direct,low,1,579,3472.000,0,ok,tmau_hot_reuse,l2_hot,0x00002b10ed018000,0x0000000000000000,0x991d369d3d560dc4,0x0000000000000000,1,ld.global.cg,0,hot
NVIDIA B200,10.0,132644864,tensor_2d_length,tensor_2d_length_u8_row32,tensor_2d_length_g2s_u8_row32_b1536,tensor,g2s,u8,8,2,1536,1536,0,aligned128,contiguous,none,none,zero,none,direct,low,0,837,3456.000,0,ok,tmau_cold_first_use_l2_hot,l2_hot,0x00002b10ed019000,0x0000000000000000,0x958fe44fb78a86a0,0x0000000000000000,0,ld.global.cg,0,cold
NVIDIA B200,10.0,132644864,tensor_2d_length,tensor_2d_length_u8_row32,tensor_2d_length_g2s_u8_row32_b1536,tensor,g2s,u8,8,2,1536,1536,0,aligned128,contiguous,none,none,zero,none,direct,low,1,431,3456.000,0,ok,tmau_hot_reuse,l2_hot,0x00002b10ed019000,0x0000000000000000,0x958fe44fb78a86a0,0x0000000000000000,1,ld.global.cg,0,hot
NVIDIA B200,10.0,132644864,tensor_2d_length,tensor_2d_length_u8_row32,tensor_2d_length_g2s_u8_row32_b1664,tensor,g2s,u8,8,2,1664,1664,0,aligned128,contiguous,none,none,zero,none,direct,low,0,689,3632.000,0,ok,tmau_cold_first_use_l2_hot,l2_hot,0x00002b10ed01a000,0x0000000000000000,0x2e4f43603d305cba,0x0000000000000000,0,ld.global.cg,0,cold
NVIDIA B200,10.0,132644864,tensor_2d_length,tensor_2d_length_u8_row32,tensor_2d_length_g2s_u8_row32_b1664,tensor,g2s,u8,8,2,1664,1664,0,aligned128,contiguous,none,none,zero,none,direct,low,1,431,3632.000,0,ok,tmau_hot_reuse,l2_hot,0x00002b10ed01a000,0x0000000000000000,0x2e4f43603d305cba,0x0000000000000000,1,ld.global.cg,0,hot
NVIDIA B200,10.0,132644864,tensor_2d_length,tensor_2d_length_u8_row32,tensor_2d_length_g2s_u8_row32_b1792,tensor,g2s,u8,8,2,1792,1792,0,aligned128,contiguous,none,none,zero,none,direct,low,0,837,3696.000,0,ok,tmau_cold_first_use_l2_hot,l2_hot,0x00002b10ed01b000,0x0000000000000000,0xf8ecc4c2d063f520,0x0000000000000000,0,ld.global.cg,0,cold
NVIDIA B200,10.0,132644864,tensor_2d_length,tensor_2d_length_u8_row32,tensor_2d_length_g2s_u8_row32_b1792,tensor,g2s,u8,8,2,1792,1792,0,aligned128,contiguous,none,none,zero,none,direct,low,1,579,3696.000,0,ok,tmau_hot_reuse,l2_hot,0x00002b10ed01b000,0x0000000000000000,0xf8ecc4c2d063f520,0x0000000000000000,1,ld.global.cg,0,hot
NVIDIA B200,10.0,132644864,tensor_2d_length,tensor_2d_length_u8_row32,tensor_2d_length_g2s_u8_row32_b1920,tensor,g2s,u8,8,2,1920,1920,0,aligned128,contiguous,none,none,zero,none,direct,low,0,837,6832.000,0,ok,tmau_cold_first_use_l2_hot,l2_hot,0x00002b10ed01c000,0x0000000000000000,0xa42a8d5a1f7d9d87,0x0000000000000000,0,ld.global.cg,0,cold
NVIDIA B200,10.0,132644864,tensor_2d_length,tensor_2d_length_u8_row32,tensor_2d_length_g2s_u8_row32_b1920,tensor,g2s,u8,8,2,1920,1920,0,aligned128,contiguous,none,none,zero,none,direct,low,1,579,6832.000,0,ok,tmau_hot_reuse,l2_hot,0x00002b10ed01c000,0x0000000000000000,0xa42a8d5a1f7d9d87,0x0000000000000000,1,ld.global.cg,0,hot
NVIDIA B200,10.0,132644864,tensor_2d_length,tensor_2d_length_u8_row32,tensor_2d_length_g2s_u8_row32_b2016,tensor,g2s,u8,8,2,2016,2016,0,aligned128,contiguous,none,none,zero,none,direct,low,0,837,3808.000,0,ok,tmau_cold_first_use_l2_hot,l2_hot,0x00002b10ed01d000,0x0000000000000000,0x57c81d1522e5a72a,0x0000000000000000,0,ld.global.cg,0,cold
NVIDIA B200,10.0,132644864,tensor_2d_length,tensor_2d_length_u8_row32,tensor_2d_length_g2s_u8_row32_b2016,tensor,g2s,u8,8,2,2016,2016,0,aligned128,contiguous,none,none,zero,none,direct,low,1,579,3808.000,0,ok,tmau_hot_reuse,l2_hot,0x00002b10ed01d000,0x0000000000000000,0x57c81d1522e5a72a,0x0000000000000000,1,ld.global.cg,0,hot
NVIDIA B200,10.0,132644864,tensor_2d_length,tensor_2d_length_u8_row32,tensor_2d_length_g2s_u8_row32_b2048,tensor,g2s,u8,8,2,2048,2048,0,aligned128,contiguous,none,none,zero,none,direct,low,0,690,3520.000,0,ok,tmau_cold_first_use_l2_hot,l2_hot,0x00002b10ed01e000,0x0000000000000000,0xe2711979af52e4e3,0x0000000000000000,0,ld.global.cg,0,cold
NVIDIA B200,10.0,132644864,tensor_2d_length,tensor_2d_length_u8_row32,tensor_2d_length_g2s_u8_row32_b2048,tensor,g2s,u8,8,2,2048,2048,0,aligned128,contiguous,none,none,zero,none,direct,low,1,431,3520.000,0,ok,tmau_hot_reuse,l2_hot,0x00002b10ed01e000,0x0000000000000000,0xe2711979af52e4e3,0x0000000000000000,1,ld.global.cg,0,hot
NVIDIA B200,10.0,132644864,tensor_2d_length,tensor_2d_length_u8_row32,tensor_2d_length_g2s_u8_row32_b2080,tensor,g2s,u8,8,2,2080,2080,0,aligned128,contiguous,none,none,zero,none,direct,low,0,837,3408.000,0,ok,tmau_cold_first_use_l2_hot,l2_hot,0x00002b10ed01f000,0x0000000000000000,0xf6791b0f47f62d57,0x0000000000000000,0,ld.global.cg,0,cold
NVIDIA B200,10.0,132644864,tensor_2d_length,tensor_2d_length_u8_row32,tensor_2d_length_g2s_u8_row32_b2080,tensor,g2s,u8,8,2,2080,2080,0,aligned128,contiguous,none,none,zero,none,direct,low,1,579,3408.000,0,ok,tmau_hot_reuse,l2_hot,0x00002b10ed01f000,0x0000000000000000,0xf6791b0f47f62d57,0x0000000000000000,1,ld.global.cg,0,hot
NVIDIA B200,10.0,132644864,tensor_2d_length,tensor_2d_length_u8_row32,tensor_2d_length_g2s_u8_row32_b2560,tensor,g2s,u8,8,2,2560,2560,0,aligned128,contiguous,none,none,zero,none,direct,low,0,837,3408.000,0,ok,tmau_cold_first_use_l2_hot,l2_hot,0x00002b10ed020000,0x0000000000000000,0xcfa306ccbd953ad8,0x0000000000000000,0,ld.global.cg,0,cold
NVIDIA B200,10.0,132644864,tensor_2d_length,tensor_2d_length_u8_row32,tensor_2d_length_g2s_u8_row32_b2560,tensor,g2s,u8,8,2,2560,2560,0,aligned128,contiguous,none,none,zero,none,direct,low,1,579,3408.000,0,ok,tmau_hot_reuse,l2_hot,0x00002b10ed020000,0x0000000000000000,0xcfa306ccbd953ad8,0x0000000000000000,1,ld.global.cg,0,hot
NVIDIA B200,10.0,132644864,tensor_2d_length,tensor_2d_length_u8_row32,tensor_2d_length_g2s_u8_row32_b3072,tensor,g2s,u8,8,2,3072,3072,0,aligned128,contiguous,none,none,zero,none,direct,low,0,837,4560.000,0,ok,tmau_cold_first_use_l2_hot,l2_hot,0x00002b10ed021000,0x0000000000000000,0x6e5b4ca82dc3651c,0x0000000000000000,0,ld.global.cg,0,cold
NVIDIA B200,10.0,132644864,tensor_2d_length,tensor_2d_length_u8_row32,tensor_2d_length_g2s_u8_row32_b3072,tensor,g2s,u8,8,2,3072,3072,0,aligned128,contiguous,none,none,zero,none,direct,low,1,579,4560.000,0,ok,tmau_hot_reuse,l2_hot,0x00002b10ed021000,0x0000000000000000,0x6e5b4ca82dc3651c,0x0000000000000000,1,ld.global.cg,0,hot
NVIDIA B200,10.0,132644864,tensor_2d_length,tensor_2d_length_u8_row32,tensor_2d_length_g2s_u8_row32_b3584,tensor,g2s,u8,8,2,3584,3584,0,aligned128,contiguous,none,none,zero,none,direct,low,0,837,4560.000,0,ok,tmau_cold_first_use_l2_hot,l2_hot,0x00002b10ed022000,0x0000000000000000,0xedeaee5e0b1c0776,0x0000000000000000,0,ld.global.cg,0,cold
NVIDIA B200,10.0,132644864,tensor_2d_length,tensor_2d_length_u8_row32,tensor_2d_length_g2s_u8_row32_b3584,tensor,g2s,u8,8,2,3584,3584,0,aligned128,contiguous,none,none,zero,none,direct,low,1,579,4560.000,0,ok,tmau_hot_reuse,l2_hot,0x00002b10ed022000,0x0000000000000000,0xedeaee5e0b1c0776,0x0000000000000000,1,ld.global.cg,0,hot
NVIDIA B200,10.0,132644864,tensor_2d_length,tensor_2d_length_u8_row32,tensor_2d_length_g2s_u8_row32_b4064,tensor,g2s,u8,8,2,4064,4064,0,aligned128,contiguous,none,none,zero,none,direct,low,0,837,3904.000,0,ok,tmau_cold_first_use_l2_hot,l2_hot,0x00002b10ed023000,0x0000000000000000,0xa72cf22767dae700,0x0000000000000000,0,ld.global.cg,0,cold
NVIDIA B200,10.0,132644864,tensor_2d_length,tensor_2d_length_u8_row32,tensor_2d_length_g2s_u8_row32_b4064,tensor,g2s,u8,8,2,4064,4064,0,aligned128,contiguous,none,none,zero,none,direct,low,1,579,3904.000,0,ok,tmau_hot_reuse,l2_hot,0x00002b10ed023000,0x0000000000000000,0xa72cf22767dae700,0x0000000000000000,1,ld.global.cg,0,hot
NVIDIA B200,10.0,132644864,tensor_2d_length,tensor_2d_length_u8_row32,tensor_2d_length_g2s_u8_row32_b4096,tensor,g2s,u8,8,2,4096,4096,0,aligned128,contiguous,none,none,zero,none,direct,low,0,837,4256.000,0,ok,tmau_cold_first_use_l2_hot,l2_hot,0x00002b10ed024000,0x0000000000000000,0x685bf235a067eb45,0x0000000000000000,0,ld.global.cg,0,cold
NVIDIA B200,10.0,132644864,tensor_2d_length,tensor_2d_length_u8_row32,tensor_2d_length_g2s_u8_row32_b4096,tensor,g2s,u8,8,2,4096,4096,0,aligned128,contiguous,none,none,zero,none,direct,low,1,579,4256.000,0,ok,tmau_hot_reuse,l2_hot,0x00002b10ed024000,0x0000000000000000,0x685bf235a067eb45,0x0000000000000000,1,ld.global.cg,0,hot
NVIDIA B200,10.0,132644864,tensor_2d_length,tensor_2d_length_u8_row32,tensor_2d_length_g2s_u8_row32_b4128,tensor,g2s,u8,8,2,4128,4128,0,aligned128,contiguous,none,none,zero,none,direct,low,0,837,4496.000,0,ok,tmau_cold_first_use_l2_hot,l2_hot,0x00002b10ed025000,0x0000000000000000,0xb91599dce8037721,0x0000000000000000,0,ld.global.cg,0,cold
NVIDIA B200,10.0,132644864,tensor_2d_length,tensor_2d_length_u8_row32,tensor_2d_length_g2s_u8_row32_b4128,tensor,g2s,u8,8,2,4128,4128,0,aligned128,contiguous,none,none,zero,none,direct,low,1,579,4496.000,0,ok,tmau_hot_reuse,l2_hot,0x00002b10ed025000,0x0000000000000000,0xb91599dce8037721,0x0000000000000000,1,ld.global.cg,0,hot
NVIDIA B200,10.0,132644864,tensor_2d_length,tensor_2d_length_u8_row32,tensor_2d_length_g2s_u8_row32_b4608,tensor,g2s,u8,8,2,4608,4608,0,aligned128,contiguous,none,none,zero,none,direct,low,0,837,4704.000,0,ok,tmau_cold_first_use_l2_hot,l2_hot,0x00002b10ed026000,0x0000000000000000,0xdc032091dac973af,0x0000000000000000,0,ld.global.cg,0,cold
NVIDIA B200,10.0,132644864,tensor_2d_length,tensor_2d_length_u8_row32,tensor_2d_length_g2s_u8_row32_b4608,tensor,g2s,u8,8,2,4608,4608,0,aligned128,contiguous,none,none,zero,none,direct,low,1,579,4704.000,0,ok,tmau_hot_reuse,l2_hot,0x00002b10ed026000,0x0000000000000000,0xdc032091dac973af,0x0000000000000000,1,ld.global.cg,0,hot
NVIDIA B200,10.0,132644864,tensor_2d_length,tensor_2d_length_u8_row32,tensor_2d_length_g2s_u8_row32_b5120,tensor,g2s,u8,8,2,5120,5120,0,aligned128,contiguous,none,none,zero,none,direct,low,0,837,4272.000,0,ok,tmau_cold_first_use_l2_hot,l2_hot,0x00002b10ed027000,0x0000000000000000,0xef76f9d70790eab7,0x0000000000000000,0,ld.global.cg,0,cold
NVIDIA B200,10.0,132644864,tensor_2d_length,tensor_2d_length_u8_row32,tensor_2d_length_g2s_u8_row32_b5120,tensor,g2s,u8,8,2,5120,5120,0,aligned128,contiguous,none,none,zero,none,direct,low,1,579,4272.000,0,ok,tmau_hot_reuse,l2_hot,0x00002b10ed027000,0x0000000000000000,0xef76f9d70790eab7,0x0000000000000000,1,ld.global.cg,0,hot
NVIDIA B200,10.0,132644864,tensor_2d_length,tensor_2d_length_u8_row32,tensor_2d_length_g2s_u8_row32_b5632,tensor,g2s,u8,8,2,5632,5632,0,aligned128,contiguous,none,none,zero,none,direct,low,0,837,4560.000,0,ok,tmau_cold_first_use_l2_hot,l2_hot,0x00002b10ed028000,0x0000000000000000,0x405758466b8dfcf1,0x0000000000000000,0,ld.global.cg,0,cold
NVIDIA B200,10.0,132644864,tensor_2d_length,tensor_2d_length_u8_row32,tensor_2d_length_g2s_u8_row32_b5632,tensor,g2s,u8,8,2,5632,5632,0,aligned128,contiguous,none,none,zero,none,direct,low,1,579,4560.000,0,ok,tmau_hot_reuse,l2_hot,0x00002b10ed028000,0x0000000000000000,0x405758466b8dfcf1,0x0000000000000000,1,ld.global.cg,0,hot
NVIDIA B200,10.0,132644864,tensor_2d_length,tensor_2d_length_u8_row32,tensor_2d_length_g2s_u8_row32_b6144,tensor,g2s,u8,8,2,6144,6144,0,aligned128,contiguous,none,none,zero,none,direct,low,0,985,4720.000,0,ok,tmau_cold_first_use_l2_hot,l2_hot,0x00002b10ed029000,0x0000000000000000,0xd4cec6f0cff15941,0x0000000000000000,0,ld.global.cg,0,cold
NVIDIA B200,10.0,132644864,tensor_2d_length,tensor_2d_length_u8_row32,tensor_2d_length_g2s_u8_row32_b6144,tensor,g2s,u8,8,2,6144,6144,0,aligned128,contiguous,none,none,zero,none,direct,low,1,727,4720.000,0,ok,tmau_hot_reuse,l2_hot,0x00002b10ed029000,0x0000000000000000,0xd4cec6f0cff15941,0x0000000000000000,1,ld.global.cg,0,hot
NVIDIA B200,10.0,132644864,tensor_2d_length,tensor_2d_length_u8_row32,tensor_2d_length_g2s_u8_row32_b6656,tensor,g2s,u8,8,2,6656,6656,0,aligned128,contiguous,none,none,zero,none,direct,low,0,985,4672.000,0,ok,tmau_cold_first_use_l2_hot,l2_hot,0x00002b10ed02a000,0x0000000000000000,0x73f59042c5f018e3,0x0000000000000000,0,ld.global.cg,0,cold
NVIDIA B200,10.0,132644864,tensor_2d_length,tensor_2d_length_u8_row32,tensor_2d_length_g2s_u8_row32_b6656,tensor,g2s,u8,8,2,6656,6656,0,aligned128,contiguous,none,none,zero,none,direct,low,1,727,4672.000,0,ok,tmau_hot_reuse,l2_hot,0x00002b10ed02a000,0x0000000000000000,0x73f59042c5f018e3,0x0000000000000000,1,ld.global.cg,0,hot
NVIDIA B200,10.0,132644864,tensor_2d_length,tensor_2d_length_u8_row32,tensor_2d_length_g2s_u8_row32_b7168,tensor,g2s,u8,8,2,7168,7168,0,aligned128,contiguous,none,none,zero,none,direct,low,0,985,4416.000,0,ok,tmau_cold_first_use_l2_hot,l2_hot,0x00002b10ed02b000,0x0000000000000000,0x68f17fa1260d36db,0x0000000000000000,0,ld.global.cg,0,cold
NVIDIA B200,10.0,132644864,tensor_2d_length,tensor_2d_length_u8_row32,tensor_2d_length_g2s_u8_row32_b7168,tensor,g2s,u8,8,2,7168,7168,0,aligned128,contiguous,none,none,zero,none,direct,low,1,727,4416.000,0,ok,tmau_hot_reuse,l2_hot,0x00002b10ed02b000,0x0000000000000000,0x68f17fa1260d36db,0x0000000000000000,1,ld.global.cg,0,hot
NVIDIA B200,10.0,132644864,tensor_2d_length,tensor_2d_length_u8_row32,tensor_2d_length_g2s_u8_row32_b7680,tensor,g2s,u8,8,2,7680,7680,0,aligned128,contiguous,none,none,zero,none,direct,low,0,985,5168.000,0,ok,tmau_cold_first_use_l2_hot,l2_hot,0x00002b10ed02c000,0x0000000000000000,0x5f23372401f24a9d,0x0000000000000000,0,ld.global.cg,0,cold
NVIDIA B200,10.0,132644864,tensor_2d_length,tensor_2d_length_u8_row32,tensor_2d_length_g2s_u8_row32_b7680,tensor,g2s,u8,8,2,7680,7680,0,aligned128,contiguous,none,none,zero,none,direct,low,1,727,5168.000,0,ok,tmau_hot_reuse,l2_hot,0x00002b10ed02c000,0x0000000000000000,0x5f23372401f24a9d,0x0000000000000000,1,ld.global.cg,0,hot
NVIDIA B200,10.0,132644864,tensor_2d_length,tensor_2d_length_u8_row32,tensor_2d_length_g2s_u8_row32_b8160,tensor,g2s,u8,8,2,8160,8160,0,aligned128,contiguous,none,none,zero,none,direct,low,0,985,4528.000,0,ok,tmau_cold_first_use_l2_hot,l2_hot,0x00002b10ed02d000,0x0000000000000000,0xbc4903ffff929408,0x0000000000000000,0,ld.global.cg,0,cold
NVIDIA B200,10.0,132644864,tensor_2d_length,tensor_2d_length_u8_row32,tensor_2d_length_g2s_u8_row32_b8160,tensor,g2s,u8,8,2,8160,8160,0,aligned128,contiguous,none,none,zero,none,direct,low,1,727,4528.000,0,ok,tmau_hot_reuse,l2_hot,0x00002b10ed02d000,0x0000000000000000,0xbc4903ffff929408,0x0000000000000000,1,ld.global.cg,0,hot
NVIDIA B200,10.0,132644864,tensor_2d_length,tensor_2d_length_u8_row32,tensor_2d_length_g2s_u8_row32_b8192,tensor,g2s,u8,8,2,8192,8192,0,aligned128,contiguous,none,none,zero,none,direct,low,0,985,4784.000,0,ok,tmau_cold_first_use_l2_hot,l2_hot,0x00002b10ed02e000,0x0000000000000000,0x35725bbb54f9f6ad,0x0000000000000000,0,ld.global.cg,0,cold
NVIDIA B200,10.0,132644864,tensor_2d_length,tensor_2d_length_u8_row32,tensor_2d_length_g2s_u8_row32_b8192,tensor,g2s,u8,8,2,8192,8192,0,aligned128,contiguous,none,none,zero,none,direct,low,1,728,4784.000,0,ok,tmau_hot_reuse,l2_hot,0x00002b10ed02e000,0x0000000000000000,0x35725bbb54f9f6ad,0x0000000000000000,1,ld.global.cg,0,hot
NVIDIA B200,10.0,132644864,tensor_2d_length,tensor_2d_length_u8_row64,tensor_2d_length_g2s_u8_row64_b8128,tensor,g2s,u8,8,2,8128,8128,0,aligned128,contiguous,none,none,zero,none,direct,low,0,837,5008.000,0,ok,tmau_cold_first_use_l2_hot,l2_hot,0x00002b10ed02f000,0x0000000000000000,0xb4da3a78beec46fb,0x0000000000000000,0,ld.global.cg,0,cold
NVIDIA B200,10.0,132644864,tensor_2d_length,tensor_2d_length_u8_row64,tensor_2d_length_g2s_u8_row64_b8128,tensor,g2s,u8,8,2,8128,8128,0,aligned128,contiguous,none,none,zero,none,direct,low,1,579,5008.000,0,ok,tmau_hot_reuse,l2_hot,0x00002b10ed02f000,0x0000000000000000,0xb4da3a78beec46fb,0x0000000000000000,1,ld.global.cg,0,hot
NVIDIA B200,10.0,132644864,tensor_2d_length,tensor_2d_length_u8_row64,tensor_2d_length_g2s_u8_row64_b8192,tensor,g2s,u8,8,2,8192,8192,0,aligned128,contiguous,none,none,zero,none,direct,low,0,837,5328.000,0,ok,tmau_cold_first_use_l2_hot,l2_hot,0x00002b10ed030000,0x0000000000000000,0x88b9d8b4a514b7fa,0x0000000000000000,0,ld.global.cg,0,cold
NVIDIA B200,10.0,132644864,tensor_2d_length,tensor_2d_length_u8_row64,tensor_2d_length_g2s_u8_row64_b8192,tensor,g2s,u8,8,2,8192,8192,0,aligned128,contiguous,none,none,zero,none,direct,low,1,579,5328.000,0,ok,tmau_hot_reuse,l2_hot,0x00002b10ed030000,0x0000000000000000,0x88b9d8b4a514b7fa,0x0000000000000000,1,ld.global.cg,0,hot
NVIDIA B200,10.0,132644864,tensor_2d_length,tensor_2d_length_u8_row64,tensor_2d_length_g2s_u8_row64_b8256,tensor,g2s,u8,8,2,8256,8256,0,aligned128,contiguous,none,none,zero,none,direct,low,0,837,6256.000,0,ok,tmau_cold_first_use_l2_hot,l2_hot,0x00002b10ed031000,0x0000000000000000,0xaace309bae6c8ee6,0x0000000000000000,0,ld.global.cg,0,cold
NVIDIA B200,10.0,132644864,tensor_2d_length,tensor_2d_length_u8_row64,tensor_2d_length_g2s_u8_row64_b8256,tensor,g2s,u8,8,2,8256,8256,0,aligned128,contiguous,none,none,zero,none,direct,low,1,579,6256.000,0,ok,tmau_hot_reuse,l2_hot,0x00002b10ed031000,0x0000000000000000,0xaace309bae6c8ee6,0x0000000000000000,1,ld.global.cg,0,hot
NVIDIA B200,10.0,132644864,tensor_2d_length,tensor_2d_length_u8_row64,tensor_2d_length_g2s_u8_row64_b8704,tensor,g2s,u8,8,2,8704,8704,0,aligned128,contiguous,none,none,zero,none,direct,low,0,837,4736.000,0,ok,tmau_cold_first_use_l2_hot,l2_hot,0x00002b10ed032000,0x0000000000000000,0xb612d9cbec10f93b,0x0000000000000000,0,ld.global.cg,0,cold
NVIDIA B200,10.0,132644864,tensor_2d_length,tensor_2d_length_u8_row64,tensor_2d_length_g2s_u8_row64_b8704,tensor,g2s,u8,8,2,8704,8704,0,aligned128,contiguous,none,none,zero,none,direct,low,1,579,4736.000,0,ok,tmau_hot_reuse,l2_hot,0x00002b10ed032000,0x0000000000000000,0xb612d9cbec10f93b,0x0000000000000000,1,ld.global.cg,0,hot
NVIDIA B200,10.0,132644864,tensor_2d_length,tensor_2d_length_u8_row64,tensor_2d_length_g2s_u8_row64_b9216,tensor,g2s,u8,8,2,9216,9216,0,aligned128,contiguous,none,none,zero,none,direct,low,0,837,5472.000,0,ok,tmau_cold_first_use_l2_hot,l2_hot,0x00002b10ed033000,0x0000000000000000,0x1d9f445a31444ab7,0x0000000000000000,0,ld.global.cg,0,cold
NVIDIA B200,10.0,132644864,tensor_2d_length,tensor_2d_length_u8_row64,tensor_2d_length_g2s_u8_row64_b9216,tensor,g2s,u8,8,2,9216,9216,0,aligned128,contiguous,none,none,zero,none,direct,low,1,579,5472.000,0,ok,tmau_hot_reuse,l2_hot,0x00002b10ed033000,0x0000000000000000,0x1d9f445a31444ab7,0x0000000000000000,1,ld.global.cg,0,hot
NVIDIA B200,10.0,132644864,tensor_2d_length,tensor_2d_length_u8_row64,tensor_2d_length_g2s_u8_row64_b9728,tensor,g2s,u8,8,2,9728,9728,0,aligned128,contiguous,none,none,zero,none,direct,low,0,837,5392.000,0,ok,tmau_cold_first_use_l2_hot,l2_hot,0x00002b10ed034000,0x0000000000000000,0x966d4b2b17689cf9,0x0000000000000000,0,ld.global.cg,0,cold
NVIDIA B200,10.0,132644864,tensor_2d_length,tensor_2d_length_u8_row64,tensor_2d_length_g2s_u8_row64_b9728,tensor,g2s,u8,8,2,9728,9728,0,aligned128,contiguous,none,none,zero,none,direct,low,1,579,5392.000,0,ok,tmau_hot_reuse,l2_hot,0x00002b10ed034000,0x0000000000000000,0x966d4b2b17689cf9,0x0000000000000000,1,ld.global.cg,0,hot
NVIDIA B200,10.0,132644864,tensor_2d_length,tensor_2d_length_u8_row64,tensor_2d_length_g2s_u8_row64_b10240,tensor,g2s,u8,8,2,10240,10240,0,aligned128,contiguous,none,none,zero,none,direct,low,0,837,5344.000,0,ok,tmau_cold_first_use_l2_hot,l2_hot,0x00002b10ed035000,0x0000000000000000,0xd5936402db888455,0x0000000000000000,0,ld.global.cg,0,cold
NVIDIA B200,10.0,132644864,tensor_2d_length,tensor_2d_length_u8_row64,tensor_2d_length_g2s_u8_row64_b10240,tensor,g2s,u8,8,2,10240,10240,0,aligned128,contiguous,none,none,zero,none,direct,low,1,579,5344.000,0,ok,tmau_hot_reuse,l2_hot,0x00002b10ed035000,0x0000000000000000,0xd5936402db888455,0x0000000000000000,1,ld.global.cg,0,hot
NVIDIA B200,10.0,132644864,tensor_2d_length,tensor_2d_length_u8_row64,tensor_2d_length_g2s_u8_row64_b10752,tensor,g2s,u8,8,2,10752,10752,0,aligned128,contiguous,none,none,zero,none,direct,low,0,837,5504.000,0,ok,tmau_cold_first_use_l2_hot,l2_hot,0x00002b10ed036000,0x0000000000000000,0x562466bcd64b53b0,0x0000000000000000,0,ld.global.cg,0,cold
NVIDIA B200,10.0,132644864,tensor_2d_length,tensor_2d_length_u8_row64,tensor_2d_length_g2s_u8_row64_b10752,tensor,g2s,u8,8,2,10752,10752,0,aligned128,contiguous,none,none,zero,none,direct,low,1,579,5504.000,0,ok,tmau_hot_reuse,l2_hot,0x00002b10ed036000,0x0000000000000000,0x562466bcd64b53b0,0x0000000000000000,1,ld.global.cg,0,hot
NVIDIA B200,10.0,132644864,tensor_2d_length,tensor_2d_length_u8_row64,tensor_2d_length_g2s_u8_row64_b11264,tensor,g2s,u8,8,2,11264,11264,0,aligned128,contiguous,none,none,zero,none,direct,low,0,985,5728.000,0,ok,tmau_cold_first_use_l2_hot,l2_hot,0x00002b10ed037000,0x0000000000000000,0x57501544be11a2c0,0x0000000000000000,0,ld.global.cg,0,cold
NVIDIA B200,10.0,132644864,tensor_2d_length,tensor_2d_length_u8_row64,tensor_2d_length_g2s_u8_row64_b11264,tensor,g2s,u8,8,2,11264,11264,0,aligned128,contiguous,none,none,zero,none,direct,low,1,579,5728.000,0,ok,tmau_hot_reuse,l2_hot,0x00002b10ed037000,0x0000000000000000,0x57501544be11a2c0,0x0000000000000000,1,ld.global.cg,0,hot
NVIDIA B200,10.0,132644864,tensor_2d_length,tensor_2d_length_u8_row64,tensor_2d_length_g2s_u8_row64_b11776,tensor,g2s,u8,8,2,11776,11776,0,aligned128,contiguous,none,none,zero,none,direct,low,0,837,5344.000,0,ok,tmau_cold_first_use_l2_hot,l2_hot,0x00002b10ed038000,0x0000000000000000,0x64b91b2c77e058ea,0x0000000000000000,0,ld.global.cg,0,cold
NVIDIA B200,10.0,132644864,tensor_2d_length,tensor_2d_length_u8_row64,tensor_2d_length_g2s_u8_row64_b11776,tensor,g2s,u8,8,2,11776,11776,0,aligned128,contiguous,none,none,zero,none,direct,low,1,579,5344.000,0,ok,tmau_hot_reuse,l2_hot,0x00002b10ed038000,0x0000000000000000,0x64b91b2c77e058ea,0x0000000000000000,1,ld.global.cg,0,hot
NVIDIA B200,10.0,132644864,tensor_2d_length,tensor_2d_length_u8_row64,tensor_2d_length_g2s_u8_row64_b12288,tensor,g2s,u8,8,2,12288,12288,0,aligned128,contiguous,none,none,zero,none,direct,low,0,985,5520.000,0,ok,tmau_cold_first_use_l2_hot,l2_hot,0x00002b10ed039000,0x0000000000000000,0xe0e0ae0d1609c162,0x0000000000000000,0,ld.global.cg,0,cold
NVIDIA B200,10.0,132644864,tensor_2d_length,tensor_2d_length_u8_row64,tensor_2d_length_g2s_u8_row64_b12288,tensor,g2s,u8,8,2,12288,12288,0,aligned128,contiguous,none,none,zero,none,direct,low,1,727,5520.000,0,ok,tmau_hot_reuse,l2_hot,0x00002b10ed039000,0x0000000000000000,0xe0e0ae0d1609c162,0x0000000000000000,1,ld.global.cg,0,hot
NVIDIA B200,10.0,132644864,tensor_2d_length,tensor_2d_length_u8_row64,tensor_2d_length_g2s_u8_row64_b12800,tensor,g2s,u8,8,2,12800,12800,0,aligned128,contiguous,none,none,zero,none,direct,low,0,985,5424.000,0,ok,tmau_cold_first_use_l2_hot,l2_hot,0x00002b10ed03a000,0x0000000000000000,0xde6ebf813d1fbebc,0x0000000000000000,0,ld.global.cg,0,cold
NVIDIA B200,10.0,132644864,tensor_2d_length,tensor_2d_length_u8_row64,tensor_2d_length_g2s_u8_row64_b12800,tensor,g2s,u8,8,2,12800,12800,0,aligned128,contiguous,none,none,zero,none,direct,low,1,727,5424.000,0,ok,tmau_hot_reuse,l2_hot,0x00002b10ed03a000,0x0000000000000000,0xde6ebf813d1fbebc,0x0000000000000000,1,ld.global.cg,0,hot
NVIDIA B200,10.0,132644864,tensor_2d_length,tensor_2d_length_u8_row64,tensor_2d_length_g2s_u8_row64_b13312,tensor,g2s,u8,8,2,13312,13312,0,aligned128,contiguous,none,none,zero,none,direct,low,0,985,6400.000,0,ok,tmau_cold_first_use_l2_hot,l2_hot,0x00002b10ed03b000,0x0000000000000000,0xb05e9f42bd90d6ac,0x0000000000000000,0,ld.global.cg,0,cold
NVIDIA B200,10.0,132644864,tensor_2d_length,tensor_2d_length_u8_row64,tensor_2d_length_g2s_u8_row64_b13312,tensor,g2s,u8,8,2,13312,13312,0,aligned128,contiguous,none,none,zero,none,direct,low,1,727,6400.000,0,ok,tmau_hot_reuse,l2_hot,0x00002b10ed03b000,0x0000000000000000,0xb05e9f42bd90d6ac,0x0000000000000000,1,ld.global.cg,0,hot
NVIDIA B200,10.0,132644864,tensor_2d_length,tensor_2d_length_u8_row64,tensor_2d_length_g2s_u8_row64_b13824,tensor,g2s,u8,8,2,13824,13824,0,aligned128,contiguous,none,none,zero,none,direct,low,0,985,6528.000,0,ok,tmau_cold_first_use_l2_hot,l2_hot,0x00002b10ed03c000,0x0000000000000000,0xa6c6fe50504f5d3f,0x0000000000000000,0,ld.global.cg,0,cold
NVIDIA B200,10.0,132644864,tensor_2d_length,tensor_2d_length_u8_row64,tensor_2d_length_g2s_u8_row64_b13824,tensor,g2s,u8,8,2,13824,13824,0,aligned128,contiguous,none,none,zero,none,direct,low,1,727,6528.000,0,ok,tmau_hot_reuse,l2_hot,0x00002b10ed03c000,0x0000000000000000,0xa6c6fe50504f5d3f,0x0000000000000000,1,ld.global.cg,0,hot
NVIDIA B200,10.0,132644864,tensor_2d_length,tensor_2d_length_u8_row64,tensor_2d_length_g2s_u8_row64_b14336,tensor,g2s,u8,8,2,14336,14336,0,aligned128,contiguous,none,none,zero,none,direct,low,0,985,5808.000,0,ok,tmau_cold_first_use_l2_hot,l2_hot,0x00002b10ed03d000,0x0000000000000000,0xd5c459ee2e17cffb,0x0000000000000000,0,ld.global.cg,0,cold
NVIDIA B200,10.0,132644864,tensor_2d_length,tensor_2d_length_u8_row64,tensor_2d_length_g2s_u8_row64_b14336,tensor,g2s,u8,8,2,14336,14336,0,aligned128,contiguous,none,none,zero,none,direct,low,1,727,5808.000,0,ok,tmau_hot_reuse,l2_hot,0x00002b10ed03d000,0x0000000000000000,0xd5c459ee2e17cffb,0x0000000000000000,1,ld.global.cg,0,hot
NVIDIA B200,10.0,132644864,tensor_2d_length,tensor_2d_length_u8_row64,tensor_2d_length_g2s_u8_row64_b14848,tensor,g2s,u8,8,2,14848,14848,0,aligned128,contiguous,none,none,zero,none,direct,low,0,985,6112.000,0,ok,tmau_cold_first_use_l2_hot,l2_hot,0x00002b10ed03e000,0x0000000000000000,0xb80734fee141dda9,0x0000000000000000,0,ld.global.cg,0,cold
NVIDIA B200,10.0,132644864,tensor_2d_length,tensor_2d_length_u8_row64,tensor_2d_length_g2s_u8_row64_b14848,tensor,g2s,u8,8,2,14848,14848,0,aligned128,contiguous,none,none,zero,none,direct,low,1,727,6112.000,0,ok,tmau_hot_reuse,l2_hot,0x00002b10ed03e000,0x0000000000000000,0xb80734fee141dda9,0x0000000000000000,1,ld.global.cg,0,hot
NVIDIA B200,10.0,132644864,tensor_2d_length,tensor_2d_length_u8_row64,tensor_2d_length_g2s_u8_row64_b15360,tensor,g2s,u8,8,2,15360,15360,0,aligned128,contiguous,none,none,zero,none,direct,low,0,985,6288.000,0,ok,tmau_cold_first_use_l2_hot,l2_hot,0x00002b10ed03f000,0x0000000000000000,0xa0a4be6689a8e555,0x0000000000000000,0,ld.global.cg,0,cold
NVIDIA B200,10.0,132644864,tensor_2d_length,tensor_2d_length_u8_row64,tensor_2d_length_g2s_u8_row64_b15360,tensor,g2s,u8,8,2,15360,15360,0,aligned128,contiguous,none,none,zero,none,direct,low,1,727,6288.000,0,ok,tmau_hot_reuse,l2_hot,0x00002b10ed03f000,0x0000000000000000,0xa0a4be6689a8e555,0x0000000000000000,1,ld.global.cg,0,hot
NVIDIA B200,10.0,132644864,tensor_2d_length,tensor_2d_length_u8_row64,tensor_2d_length_g2s_u8_row64_b15872,tensor,g2s,u8,8,2,15872,15872,0,aligned128,contiguous,none,none,zero,none,direct,low,0,987,6608.000,0,ok,tmau_cold_first_use_l2_hot,l2_hot,0x00002b10ed040000,0x0000000000000000,0xa6c4449bbdeebca8,0x0000000000000000,0,ld.global.cg,0,cold
NVIDIA B200,10.0,132644864,tensor_2d_length,tensor_2d_length_u8_row64,tensor_2d_length_g2s_u8_row64_b15872,tensor,g2s,u8,8,2,15872,15872,0,aligned128,contiguous,none,none,zero,none,direct,low,1,727,6608.000,0,ok,tmau_hot_reuse,l2_hot,0x00002b10ed040000,0x0000000000000000,0xa6c4449bbdeebca8,0x0000000000000000,1,ld.global.cg,0,hot
NVIDIA B200,10.0,132644864,tensor_2d_length,tensor_2d_length_u8_row64,tensor_2d_length_g2s_u8_row64_b16320,tensor,g2s,u8,8,2,16320,16320,0,aligned128,contiguous,none,none,zero,none,direct,low,0,985,6480.000,0,ok,tmau_cold_first_use_l2_hot,l2_hot,0x00002b10ed041000,0x0000000000000000,0x30e65332a348f0f5,0x0000000000000000,0,ld.global.cg,0,cold
NVIDIA B200,10.0,132644864,tensor_2d_length,tensor_2d_length_u8_row64,tensor_2d_length_g2s_u8_row64_b16320,tensor,g2s,u8,8,2,16320,16320,0,aligned128,contiguous,none,none,zero,none,direct,low,1,727,6480.000,0,ok,tmau_hot_reuse,l2_hot,0x00002b10ed041000,0x0000000000000000,0x30e65332a348f0f5,0x0000000000000000,1,ld.global.cg,0,hot
NVIDIA B200,10.0,132644864,tensor_2d_length,tensor_2d_length_u8_row64,tensor_2d_length_g2s_u8_row64_b16384,tensor,g2s,u8,8,2,16384,16384,0,aligned128,contiguous,none,none,zero,none,direct,low,0,985,7360.000,0,ok,tmau_cold_first_use_l2_hot,l2_hot,0x00002b10ed042000,0x0000000000000000,0x39532035103d52c0,0x0000000000000000,0,ld.global.cg,0,cold
NVIDIA B200,10.0,132644864,tensor_2d_length,tensor_2d_length_u8_row64,tensor_2d_length_g2s_u8_row64_b16384,tensor,g2s,u8,8,2,16384,16384,0,aligned128,contiguous,none,none,zero,none,direct,low,1,727,7360.000,0,ok,tmau_hot_reuse,l2_hot,0x00002b10ed042000,0x0000000000000000,0x39532035103d52c0,0x0000000000000000,1,ld.global.cg,0,hot
NVIDIA B200,10.0,132644864,tensor_2d_length,tensor_2d_length_u8_row128,tensor_2d_length_g2s_u8_row128_b128,tensor,g2s,u8,8,2,128,128,0,aligned128,contiguous,none,none,zero,none,direct,low,0,689,3568.000,0,ok,tmau_cold_first_use_l2_hot,l2_hot,0x00002b10ed043000,0x0000000000000000,0x4902cd65b9b3b760,0x0000000000000000,0,ld.global.cg,0,cold
NVIDIA B200,10.0,132644864,tensor_2d_length,tensor_2d_length_u8_row128,tensor_2d_length_g2s_u8_row128_b128,tensor,g2s,u8,8,2,128,128,0,aligned128,contiguous,none,none,zero,none,direct,low,1,431,3568.000,0,ok,tmau_hot_reuse,l2_hot,0x00002b10ed043000,0x0000000000000000,0x4902cd65b9b3b760,0x0000000000000000,1,ld.global.cg,0,hot
NVIDIA B200,10.0,132644864,tensor_2d_length,tensor_2d_length_u8_row128,tensor_2d_length_g2s_u8_row128_b256,tensor,g2s,u8,8,2,256,256,0,aligned128,contiguous,none,none,zero,none,direct,low,0,691,3472.000,0,ok,tmau_cold_first_use_l2_hot,l2_hot,0x00002b10ed044000,0x0000000000000000,0x6feac80fc7252fab,0x0000000000000000,0,ld.global.cg,0,cold
NVIDIA B200,10.0,132644864,tensor_2d_length,tensor_2d_length_u8_row128,tensor_2d_length_g2s_u8_row128_b256,tensor,g2s,u8,8,2,256,256,0,aligned128,contiguous,none,none,zero,none,direct,low,1,431,3472.000,0,ok,tmau_hot_reuse,l2_hot,0x00002b10ed044000,0x0000000000000000,0x6feac80fc7252fab,0x0000000000000000,1,ld.global.cg,0,hot
NVIDIA B200,10.0,132644864,tensor_2d_length,tensor_2d_length_u8_row128,tensor_2d_length_g2s_u8_row128_b512,tensor,g2s,u8,8,2,512,512,0,aligned128,contiguous,none,none,zero,none,direct,low,0,689,3232.000,0,ok,tmau_cold_first_use_l2_hot,l2_hot,0x00002b10ed045000,0x0000000000000000,0x968f5eb3195057fb,0x0000000000000000,0,ld.global.cg,0,cold
NVIDIA B200,10.0,132644864,tensor_2d_length,tensor_2d_length_u8_row128,tensor_2d_length_g2s_u8_row128_b512,tensor,g2s,u8,8,2,512,512,0,aligned128,contiguous,none,none,zero,none,direct,low,1,431,3232.000,0,ok,tmau_hot_reuse,l2_hot,0x00002b10ed045000,0x0000000000000000,0x968f5eb3195057fb,0x0000000000000000,1,ld.global.cg,0,hot
NVIDIA B200,10.0,132644864,tensor_2d_length,tensor_2d_length_u8_row128,tensor_2d_length_g2s_u8_row128_b1024,tensor,g2s,u8,8,2,1024,1024,0,aligned128,contiguous,none,none,zero,none,direct,low,0,689,3600.000,0,ok,tmau_cold_first_use_l2_hot,l2_hot,0x00002b10ed046000,0x0000000000000000,0x5c3a88eda1bd36ef,0x0000000000000000,0,ld.global.cg,0,cold
NVIDIA B200,10.0,132644864,tensor_2d_length,tensor_2d_length_u8_row128,tensor_2d_length_g2s_u8_row128_b1024,tensor,g2s,u8,8,2,1024,1024,0,aligned128,contiguous,none,none,zero,none,direct,low,1,431,3600.000,0,ok,tmau_hot_reuse,l2_hot,0x00002b10ed046000,0x0000000000000000,0x5c3a88eda1bd36ef,0x0000000000000000,1,ld.global.cg,0,hot
NVIDIA B200,10.0,132644864,tensor_2d_length,tensor_2d_length_u8_row128,tensor_2d_length_g2s_u8_row128_b2048,tensor,g2s,u8,8,2,2048,2048,0,aligned128,contiguous,none,none,zero,none,direct,low,0,837,3760.000,0,ok,tmau_cold_first_use_l2_hot,l2_hot,0x00002b10ed047000,0x0000000000000000,0x4cabd3b41b511fcf,0x0000000000000000,0,ld.global.cg,0,cold
NVIDIA B200,10.0,132644864,tensor_2d_length,tensor_2d_length_u8_row128,tensor_2d_length_g2s_u8_row128_b2048,tensor,g2s,u8,8,2,2048,2048,0,aligned128,contiguous,none,none,zero,none,direct,low,1,579,3760.000,0,ok,tmau_hot_reuse,l2_hot,0x00002b10ed047000,0x0000000000000000,0x4cabd3b41b511fcf,0x0000000000000000,1,ld.global.cg,0,hot
NVIDIA B200,10.0,132644864,tensor_2d_length,tensor_2d_length_u8_row128,tensor_2d_length_g2s_u8_row128_b4096,tensor,g2s,u8,8,2,4096,4096,0,aligned128,contiguous,none,none,zero,none,direct,low,0,837,3696.000,0,ok,tmau_cold_first_use_l2_hot,l2_hot,0x00002b10ed048000,0x0000000000000000,0x09065e28aef876df,0x0000000000000000,0,ld.global.cg,0,cold
NVIDIA B200,10.0,132644864,tensor_2d_length,tensor_2d_length_u8_row128,tensor_2d_length_g2s_u8_row128_b4096,tensor,g2s,u8,8,2,4096,4096,0,aligned128,contiguous,none,none,zero,none,direct,low,1,431,3696.000,0,ok,tmau_hot_reuse,l2_hot,0x00002b10ed048000,0x0000000000000000,0x09065e28aef876df,0x0000000000000000,1,ld.global.cg,0,hot
NVIDIA B200,10.0,132644864,tensor_2d_length,tensor_2d_length_u8_row128,tensor_2d_length_g2s_u8_row128_b8192,tensor,g2s,u8,8,2,8192,8192,0,aligned128,contiguous,none,none,zero,none,direct,low,0,837,5232.000,0,ok,tmau_cold_first_use_l2_hot,l2_hot,0x00002b10ed049000,0x0000000000000000,0xe188d2c2a050fa7f,0x0000000000000000,0,ld.global.cg,0,cold
NVIDIA B200,10.0,132644864,tensor_2d_length,tensor_2d_length_u8_row128,tensor_2d_length_g2s_u8_row128_b8192,tensor,g2s,u8,8,2,8192,8192,0,aligned128,contiguous,none,none,zero,none,direct,low,1,583,5232.000,0,ok,tmau_hot_reuse,l2_hot,0x00002b10ed049000,0x0000000000000000,0xe188d2c2a050fa7f,0x0000000000000000,1,ld.global.cg,0,hot
NVIDIA B200,10.0,132644864,tensor_2d_length,tensor_2d_length_u8_row128,tensor_2d_length_g2s_u8_row128_b16256,tensor,g2s,u8,8,2,16256,16256,0,aligned128,contiguous,none,none,zero,none,direct,low,0,837,6448.000,0,ok,tmau_cold_first_use_l2_hot,l2_hot,0x00002b10ed04a000,0x0000000000000000,0x58150d39747b3403,0x0000000000000000,0,ld.global.cg,0,cold
NVIDIA B200,10.0,132644864,tensor_2d_length,tensor_2d_length_u8_row128,tensor_2d_length_g2s_u8_row128_b16256,tensor,g2s,u8,8,2,16256,16256,0,aligned128,contiguous,none,none,zero,none,direct,low,1,579,6448.000,0,ok,tmau_hot_reuse,l2_hot,0x00002b10ed04a000,0x0000000000000000,0x58150d39747b3403,0x0000000000000000,1,ld.global.cg,0,hot
NVIDIA B200,10.0,132644864,tensor_2d_length,tensor_2d_length_u8_row128,tensor_2d_length_g2s_u8_row128_b16384,tensor,g2s,u8,8,2,16384,16384,0,aligned128,contiguous,none,none,zero,none,direct,low,0,837,6640.000,0,ok,tmau_cold_first_use_l2_hot,l2_hot,0x00002b10ed04b000,0x0000000000000000,0xa4e4ce19d8760872,0x0000000000000000,0,ld.global.cg,0,cold
NVIDIA B200,10.0,132644864,tensor_2d_length,tensor_2d_length_u8_row128,tensor_2d_length_g2s_u8_row128_b16384,tensor,g2s,u8,8,2,16384,16384,0,aligned128,contiguous,none,none,zero,none,direct,low,1,579,6640.000,0,ok,tmau_hot_reuse,l2_hot,0x00002b10ed04b000,0x0000000000000000,0xa4e4ce19d8760872,0x0000000000000000,1,ld.global.cg,0,hot
NVIDIA B200,10.0,132644864,tensor_2d_length,tensor_2d_length_u8_row128,tensor_2d_length_g2s_u8_row128_b16512,tensor,g2s,u8,8,2,16512,16512,0,aligned128,contiguous,none,none,zero,none,direct,low,0,837,7296.000,0,ok,tmau_cold_first_use_l2_hot,l2_hot,0x00002b10ed04c000,0x0000000000000000,0xdf684ef39b45259e,0x0000000000000000,0,ld.global.cg,0,cold
NVIDIA B200,10.0,132644864,tensor_2d_length,tensor_2d_length_u8_row128,tensor_2d_length_g2s_u8_row128_b16512,tensor,g2s,u8,8,2,16512,16512,0,aligned128,contiguous,none,none,zero,none,direct,low,1,579,7296.000,0,ok,tmau_hot_reuse,l2_hot,0x00002b10ed04c000,0x0000000000000000,0xdf684ef39b45259e,0x0000000000000000,1,ld.global.cg,0,hot
NVIDIA B200,10.0,132644864,tensor_2d_length,tensor_2d_length_u8_row128,tensor_2d_length_g2s_u8_row128_b17408,tensor,g2s,u8,8,2,17408,17408,0,aligned128,contiguous,none,none,zero,none,direct,low,0,985,6992.000,0,ok,tmau_cold_first_use_l2_hot,l2_hot,0x00002b10ed04d000,0x0000000000000000,0x98c37701d98f6906,0x0000000000000000,0,ld.global.cg,0,cold
NVIDIA B200,10.0,132644864,tensor_2d_length,tensor_2d_length_u8_row128,tensor_2d_length_g2s_u8_row128_b17408,tensor,g2s,u8,8,2,17408,17408,0,aligned128,contiguous,none,none,zero,none,direct,low,1,579,6992.000,0,ok,tmau_hot_reuse,l2_hot,0x00002b10ed04d000,0x0000000000000000,0x98c37701d98f6906,0x0000000000000000,1,ld.global.cg,0,hot
NVIDIA B200,10.0,132644864,tensor_2d_length,tensor_2d_length_u8_row128,tensor_2d_length_g2s_u8_row128_b18432,tensor,g2s,u8,8,2,18432,18432,0,aligned128,contiguous,none,none,zero,none,direct,low,0,837,6528.000,0,ok,tmau_cold_first_use_l2_hot,l2_hot,0x00002b10ed04e000,0x0000000000000000,0xa6962f7eb29615ed,0x0000000000000000,0,ld.global.cg,0,cold
NVIDIA B200,10.0,132644864,tensor_2d_length,tensor_2d_length_u8_row128,tensor_2d_length_g2s_u8_row128_b18432,tensor,g2s,u8,8,2,18432,18432,0,aligned128,contiguous,none,none,zero,none,direct,low,1,579,6528.000,0,ok,tmau_hot_reuse,l2_hot,0x00002b10ed04e000,0x0000000000000000,0xa6962f7eb29615ed,0x0000000000000000,1,ld.global.cg,0,hot
NVIDIA B200,10.0,132644864,tensor_2d_length,tensor_2d_length_u8_row128,tensor_2d_length_g2s_u8_row128_b20480,tensor,g2s,u8,8,2,20480,20480,0,aligned128,contiguous,none,none,zero,none,direct,low,0,985,7728.000,0,ok,tmau_cold_first_use_l2_hot,l2_hot,0x00002b10ed04f000,0x0000000000000000,0xb1f9d238f21705cd,0x0000000000000000,0,ld.global.cg,0,cold
NVIDIA B200,10.0,132644864,tensor_2d_length,tensor_2d_length_u8_row128,tensor_2d_length_g2s_u8_row128_b20480,tensor,g2s,u8,8,2,20480,20480,0,aligned128,contiguous,none,none,zero,none,direct,low,1,727,7728.000,0,ok,tmau_hot_reuse,l2_hot,0x00002b10ed04f000,0x0000000000000000,0xb1f9d238f21705cd,0x0000000000000000,1,ld.global.cg,0,hot
NVIDIA B200,10.0,132644864,tensor_2d_length,tensor_2d_length_u8_row128,tensor_2d_length_g2s_u8_row128_b22528,tensor,g2s,u8,8,2,22528,22528,0,aligned128,contiguous,none,none,zero,none,direct,low,0,985,7392.000,0,ok,tmau_cold_first_use_l2_hot,l2_hot,0x00002b10ed050000,0x0000000000000000,0x7d0878821cb02ed5,0x0000000000000000,0,ld.global.cg,0,cold
NVIDIA B200,10.0,132644864,tensor_2d_length,tensor_2d_length_u8_row128,tensor_2d_length_g2s_u8_row128_b22528,tensor,g2s,u8,8,2,22528,22528,0,aligned128,contiguous,none,none,zero,none,direct,low,1,727,7392.000,0,ok,tmau_hot_reuse,l2_hot,0x00002b10ed050000,0x0000000000000000,0x7d0878821cb02ed5,0x0000000000000000,1,ld.global.cg,0,hot
NVIDIA B200,10.0,132644864,tensor_2d_length,tensor_2d_length_u8_row128,tensor_2d_length_g2s_u8_row128_b24576,tensor,g2s,u8,8,2,24576,24576,0,aligned128,contiguous,none,none,zero,none,direct,low,0,985,8608.000,0,ok,tmau_cold_first_use_l2_hot,l2_hot,0x00002b10ed051000,0x0000000000000000,0x535eb6bf0f417395,0x0000000000000000,0,ld.global.cg,0,cold
NVIDIA B200,10.0,132644864,tensor_2d_length,tensor_2d_length_u8_row128,tensor_2d_length_g2s_u8_row128_b24576,tensor,g2s,u8,8,2,24576,24576,0,aligned128,contiguous,none,none,zero,none,direct,low,1,727,8608.000,0,ok,tmau_hot_reuse,l2_hot,0x00002b10ed051000,0x0000000000000000,0x535eb6bf0f417395,0x0000000000000000,1,ld.global.cg,0,hot
NVIDIA B200,10.0,132644864,tensor_2d_length,tensor_2d_length_u8_row128,tensor_2d_length_g2s_u8_row128_b28672,tensor,g2s,u8,8,2,28672,28672,0,aligned128,contiguous,none,none,zero,none,direct,low,0,985,9344.000,0,ok,tmau_cold_first_use_l2_hot,l2_hot,0x00002b10ed052000,0x0000000000000000,0x054761cc75cce4f8,0x0000000000000000,0,ld.global.cg,0,cold
NVIDIA B200,10.0,132644864,tensor_2d_length,tensor_2d_length_u8_row128,tensor_2d_length_g2s_u8_row128_b28672,tensor,g2s,u8,8,2,28672,28672,0,aligned128,contiguous,none,none,zero,none,direct,low,1,727,9344.000,0,ok,tmau_hot_reuse,l2_hot,0x00002b10ed052000,0x0000000000000000,0x054761cc75cce4f8,0x0000000000000000,1,ld.global.cg,0,hot
NVIDIA B200,10.0,132644864,tensor_2d_length,tensor_2d_length_u8_row128,tensor_2d_length_g2s_u8_row128_b32768,tensor,g2s,u8,8,2,32768,32768,0,aligned128,contiguous,none,none,zero,none,direct,low,0,1133,11168.000,0,ok,tmau_cold_first_use_l2_hot,l2_hot,0x00002b10ed053000,0x0000000000000000,0xf96de07f1a9724f8,0x0000000000000000,0,ld.global.cg,0,cold
NVIDIA B200,10.0,132644864,tensor_2d_length,tensor_2d_length_u8_row128,tensor_2d_length_g2s_u8_row128_b32768,tensor,g2s,u8,8,2,32768,32768,0,aligned128,contiguous,none,none,zero,none,direct,low,1,727,11168.000,0,ok,tmau_hot_reuse,l2_hot,0x00002b10ed053000,0x0000000000000000,0xf96de07f1a9724f8,0x0000000000000000,1,ld.global.cg,0,hot
NVIDIA B200,10.0,132644864,tensor_2d_length,tensor_2d_length_u16_row32,tensor_2d_length_g2s_u16_row32_b128,tensor,g2s,u16,16,2,128,128,0,aligned128,contiguous,none,none,zero,none,direct,low,0,837,3328.000,0,ok,tmau_cold_first_use_l2_hot,l2_hot,0x00002b10ed054000,0x0000000000000000,0xa3f41e549769b5b9,0x0000000000000000,0,ld.global.cg,0,cold
NVIDIA B200,10.0,132644864,tensor_2d_length,tensor_2d_length_u16_row32,tensor_2d_length_g2s_u16_row32_b128,tensor,g2s,u16,16,2,128,128,0,aligned128,contiguous,none,none,zero,none,direct,low,1,431,3328.000,0,ok,tmau_hot_reuse,l2_hot,0x00002b10ed054000,0x0000000000000000,0xa3f41e549769b5b9,0x0000000000000000,1,ld.global.cg,0,hot
NVIDIA B200,10.0,132644864,tensor_2d_length,tensor_2d_length_u16_row32,tensor_2d_length_g2s_u16_row32_b256,tensor,g2s,u16,16,2,256,256,0,aligned128,contiguous,none,none,zero,none,direct,low,0,837,2992.000,0,ok,tmau_cold_first_use_l2_hot,l2_hot,0x00002b10ed055000,0x0000000000000000,0x4914846a84e3ad9d,0x0000000000000000,0,ld.global.cg,0,cold
NVIDIA B200,10.0,132644864,tensor_2d_length,tensor_2d_length_u16_row32,tensor_2d_length_g2s_u16_row32_b256,tensor,g2s,u16,16,2,256,256,0,aligned128,contiguous,none,none,zero,none,direct,low,1,431,2992.000,0,ok,tmau_hot_reuse,l2_hot,0x00002b10ed055000,0x0000000000000000,0x4914846a84e3ad9d,0x0000000000000000,1,ld.global.cg,0,hot
NVIDIA B200,10.0,132644864,tensor_2d_length,tensor_2d_length_u16_row32,tensor_2d_length_g2s_u16_row32_b1024,tensor,g2s,u16,16,2,1024,1024,0,aligned128,contiguous,none,none,zero,none,direct,low,0,837,3760.000,0,ok,tmau_cold_first_use_l2_hot,l2_hot,0x00002b10ed056000,0x0000000000000000,0x710859db3b565d5b,0x0000000000000000,0,ld.global.cg,0,cold
NVIDIA B200,10.0,132644864,tensor_2d_length,tensor_2d_length_u16_row32,tensor_2d_length_g2s_u16_row32_b1024,tensor,g2s,u16,16,2,1024,1024,0,aligned128,contiguous,none,none,zero,none,direct,low,1,579,3760.000,0,ok,tmau_hot_reuse,l2_hot,0x00002b10ed056000,0x0000000000000000,0x710859db3b565d5b,0x0000000000000000,1,ld.global.cg,0,hot
NVIDIA B200,10.0,132644864,tensor_2d_length,tensor_2d_length_u16_row32,tensor_2d_length_g2s_u16_row32_b4096,tensor,g2s,u16,16,2,4096,4096,0,aligned128,contiguous,none,none,zero,none,direct,low,0,837,4416.000,0,ok,tmau_cold_first_use_l2_hot,l2_hot,0x00002b10ed057000,0x0000000000000000,0x3763f6f20459c223,0x0000000000000000,0,ld.global.cg,0,cold
NVIDIA B200,10.0,132644864,tensor_2d_length,tensor_2d_length_u16_row32,tensor_2d_length_g2s_u16_row32_b4096,tensor,g2s,u16,16,2,4096,4096,0,aligned128,contiguous,none,none,zero,none,direct,low,1,579,4416.000,0,ok,tmau_hot_reuse,l2_hot,0x00002b10ed057000,0x0000000000000000,0x3763f6f20459c223,0x0000000000000000,1,ld.global.cg,0,hot
NVIDIA B200,10.0,132644864,tensor_2d_length,tensor_2d_length_u16_row32,tensor_2d_length_g2s_u16_row32_b8192,tensor,g2s,u16,16,2,8192,8192,0,aligned128,contiguous,none,none,zero,none,direct,low,0,985,5568.000,0,ok,tmau_cold_first_use_l2_hot,l2_hot,0x00002b10ed058000,0x0000000000000000,0xd2f76330807058e3,0x0000000000000000,0,ld.global.cg,0,cold
NVIDIA B200,10.0,132644864,tensor_2d_length,tensor_2d_length_u16_row32,tensor_2d_length_g2s_u16_row32_b8192,tensor,g2s,u16,16,2,8192,8192,0,aligned128,contiguous,none,none,zero,none,direct,low,1,727,5568.000,0,ok,tmau_hot_reuse,l2_hot,0x00002b10ed058000,0x0000000000000000,0xd2f76330807058e3,0x0000000000000000,1,ld.global.cg,0,hot
NVIDIA B200,10.0,132644864,tensor_2d_length,tensor_2d_length_u16_row128,tensor_2d_length_g2s_u16_row128_b16384,tensor,g2s,u16,16,2,16384,16384,0,aligned128,contiguous,none,none,zero,none,direct,low,0,837,7040.000,0,ok,tmau_cold_first_use_l2_hot,l2_hot,0x00002b10ed059000,0x0000000000000000,0x15d1cc031b3037ed,0x0000000000000000,0,ld.global.cg,0,cold
NVIDIA B200,10.0,132644864,tensor_2d_length,tensor_2d_length_u16_row128,tensor_2d_length_g2s_u16_row128_b16384,tensor,g2s,u16,16,2,16384,16384,0,aligned128,contiguous,none,none,zero,none,direct,low,1,579,7040.000,0,ok,tmau_hot_reuse,l2_hot,0x00002b10ed059000,0x0000000000000000,0x15d1cc031b3037ed,0x0000000000000000,1,ld.global.cg,0,hot
NVIDIA B200,10.0,132644864,tensor_2d_length,tensor_2d_length_u16_row128,tensor_2d_length_g2s_u16_row128_b32768,tensor,g2s,u16,16,2,32768,32768,0,aligned128,contiguous,none,none,zero,none,direct,low,0,1133,9808.000,0,ok,tmau_cold_first_use_l2_hot,l2_hot,0x00002b10ed05a000,0x0000000000000000,0x8feee0e91be954ed,0x0000000000000000,0,ld.global.cg,0,cold
NVIDIA B200,10.0,132644864,tensor_2d_length,tensor_2d_length_u16_row128,tensor_2d_length_g2s_u16_row128_b32768,tensor,g2s,u16,16,2,32768,32768,0,aligned128,contiguous,none,none,zero,none,direct,low,1,727,9808.000,0,ok,tmau_hot_reuse,l2_hot,0x00002b10ed05a000,0x0000000000000000,0x8feee0e91be954ed,0x0000000000000000,1,ld.global.cg,0,hot
NVIDIA B200,10.0,132644864,tensor_2d_length,tensor_2d_length_u8_row32,tensor_2d_length_s2g_u8_row32_b32,tensor,s2g,u8,8,2,32,32,0,aligned128,contiguous,none,none,zero,none,direct,low,0,431,13920.000,0,ok,tmau_cold_first_use_l2_hot,l2_hot,0x0000000000000000,0x00002b10ed05b000,0x0000000000000000,0x89001cf7bfb7e5c2,0,ld.global.cg,0,cold
NVIDIA B200,10.0,132644864,tensor_2d_length,tensor_2d_length_u8_row32,tensor_2d_length_s2g_u8_row32_b32,tensor,s2g,u8,8,2,32,32,0,aligned128,contiguous,none,none,zero,none,direct,low,1,45,13920.000,0,ok,tmau_hot_reuse,l2_hot,0x0000000000000000,0x00002b10ed05b000,0x0000000000000000,0x89001cf7bfb7e5c2,1,ld.global.cg,0,hot
NVIDIA B200,10.0,132644864,tensor_2d_length,tensor_2d_length_u8_row32,tensor_2d_length_s2g_u8_row32_b64,tensor,s2g,u8,8,2,64,64,0,aligned128,contiguous,none,none,zero,none,direct,low,0,301,3344.000,0,ok,tmau_cold_first_use_l2_hot,l2_hot,0x0000000000000000,0x00002b10ed05c000,0x0000000000000000,0x0f037aca5e130d52,0,ld.global.cg,0,cold
NVIDIA B200,10.0,132644864,tensor_2d_length,tensor_2d_length_u8_row32,tensor_2d_length_s2g_u8_row32_b64,tensor,s2g,u8,8,2,64,64,0,aligned128,contiguous,none,none,zero,none,direct,low,1,46,3344.000,0,ok,tmau_hot_reuse,l2_hot,0x0000000000000000,0x00002b10ed05c000,0x0000000000000000,0x0f037aca5e130d52,1,ld.global.cg,0,hot
NVIDIA B200,10.0,132644864,tensor_2d_length,tensor_2d_length_u8_row32,tensor_2d_length_s2g_u8_row32_b96,tensor,s2g,u8,8,2,96,96,0,aligned128,contiguous,none,none,zero,none,direct,low,0,317,3440.000,0,ok,tmau_cold_first_use_l2_hot,l2_hot,0x0000000000000000,0x00002b10ed05d000,0x0000000000000000,0xf979e98266097469,0,ld.global.cg,0,cold
NVIDIA B200,10.0,132644864,tensor_2d_length,tensor_2d_length_u8_row32,tensor_2d_length_s2g_u8_row32_b96,tensor,s2g,u8,8,2,96,96,0,aligned128,contiguous,none,none,zero,none,direct,low,1,47,3440.000,0,ok,tmau_hot_reuse,l2_hot,0x0000000000000000,0x00002b10ed05d000,0x0000000000000000,0xf979e98266097469,1,ld.global.cg,0,hot
NVIDIA B200,10.0,132644864,tensor_2d_length,tensor_2d_length_u8_row32,tensor_2d_length_s2g_u8_row32_b128,tensor,s2g,u8,8,2,128,128,0,aligned128,contiguous,none,none,zero,none,direct,low,0,335,2656.000,0,ok,tmau_cold_first_use_l2_hot,l2_hot,0x0000000000000000,0x00002b10ed05e000,0x0000000000000000,0x1782fa66afbf7e99,0,ld.global.cg,0,cold
NVIDIA B200,10.0,132644864,tensor_2d_length,tensor_2d_length_u8_row32,tensor_2d_length_s2g_u8_row32_b128,tensor,s2g,u8,8,2,128,128,0,aligned128,contiguous,none,none,zero,none,direct,low,1,48,2656.000,0,ok,tmau_hot_reuse,l2_hot,0x0000000000000000,0x00002b10ed05e000,0x0000000000000000,0x1782fa66afbf7e99,1,ld.global.cg,0,hot
NVIDIA B200,10.0,132644864,tensor_2d_length,tensor_2d_length_u8_row32,tensor_2d_length_s2g_u8_row32_b160,tensor,s2g,u8,8,2,160,160,0,aligned128,contiguous,none,none,zero,none,direct,low,0,294,2864.000,0,ok,tmau_cold_first_use_l2_hot,l2_hot,0x0000000000000000,0x00002b10ed05f000,0x0000000000000000,0x0d4f86c777ece328,0,ld.global.cg,0,cold
NVIDIA B200,10.0,132644864,tensor_2d_length,tensor_2d_length_u8_row32,tensor_2d_length_s2g_u8_row32_b160,tensor,s2g,u8,8,2,160,160,0,aligned128,contiguous,none,none,zero,none,direct,low,1,49,2864.000,0,ok,tmau_hot_reuse,l2_hot,0x0000000000000000,0x00002b10ed05f000,0x0000000000000000,0x0d4f86c777ece328,1,ld.global.cg,0,hot
NVIDIA B200,10.0,132644864,tensor_2d_length,tensor_2d_length_u8_row32,tensor_2d_length_s2g_u8_row32_b192,tensor,s2g,u8,8,2,192,192,0,aligned128,contiguous,none,none,zero,none,direct,low,0,325,2624.000,0,ok,tmau_cold_first_use_l2_hot,l2_hot,0x0000000000000000,0x00002b10ed060000,0x0000000000000000,0x28ace21b230f7f1b,0,ld.global.cg,0,cold
NVIDIA B200,10.0,132644864,tensor_2d_length,tensor_2d_length_u8_row32,tensor_2d_length_s2g_u8_row32_b192,tensor,s2g,u8,8,2,192,192,0,aligned128,contiguous,none,none,zero,none,direct,low,1,50,2624.000,0,ok,tmau_hot_reuse,l2_hot,0x0000000000000000,0x00002b10ed060000,0x0000000000000000,0x28ace21b230f7f1b,1,ld.global.cg,0,hot
NVIDIA B200,10.0,132644864,tensor_2d_length,tensor_2d_length_u8_row32,tensor_2d_length_s2g_u8_row32_b224,tensor,s2g,u8,8,2,224,224,0,aligned128,contiguous,none,none,zero,none,direct,low,0,315,3360.000,0,ok,tmau_cold_first_use_l2_hot,l2_hot,0x0000000000000000,0x00002b10ed061000,0x0000000000000000,0x22c14b22b9206d42,0,ld.global.cg,0,cold
NVIDIA B200,10.0,132644864,tensor_2d_length,tensor_2d_length_u8_row32,tensor_2d_length_s2g_u8_row32_b224,tensor,s2g,u8,8,2,224,224,0,aligned128,contiguous,none,none,zero,none,direct,low,1,51,3360.000,0,ok,tmau_hot_reuse,l2_hot,0x0000000000000000,0x00002b10ed061000,0x0000000000000000,0x22c14b22b9206d42,1,ld.global.cg,0,hot
NVIDIA B200,10.0,132644864,tensor_2d_length,tensor_2d_length_u8_row32,tensor_2d_length_s2g_u8_row32_b256,tensor,s2g,u8,8,2,256,256,0,aligned128,contiguous,none,none,zero,none,direct,low,0,293,2784.000,0,ok,tmau_cold_first_use_l2_hot,l2_hot,0x0000000000000000,0x00002b10ed062000,0x0000000000000000,0x6d767cd50b039de2,0,ld.global.cg,0,cold
NVIDIA B200,10.0,132644864,tensor_2d_length,tensor_2d_length_u8_row32,tensor_2d_length_s2g_u8_row32_b256,tensor,s2g,u8,8,2,256,256,0,aligned128,contiguous,none,none,zero,none,direct,low,1,52,2784.000,0,ok,tmau_hot_reuse,l2_hot,0x0000000000000000,0x00002b10ed062000,0x0000000000000000,0x6d767cd50b039de2,1,ld.global.cg,0,hot
NVIDIA B200,10.0,132644864,tensor_2d_length,tensor_2d_length_u8_row32,tensor_2d_length_s2g_u8_row32_b288,tensor,s2g,u8,8,2,288,288,0,aligned128,contiguous,none,none,zero,none,direct,low,0,333,3040.000,0,ok,tmau_cold_first_use_l2_hot,l2_hot,0x0000000000000000,0x00002b10ed063000,0x0000000000000000,0xd637bc0db01a173f,0,ld.global.cg,0,cold
NVIDIA B200,10.0,132644864,tensor_2d_length,tensor_2d_length_u8_row32,tensor_2d_length_s2g_u8_row32_b288,tensor,s2g,u8,8,2,288,288,0,aligned128,contiguous,none,none,zero,none,direct,low,1,53,3040.000,0,ok,tmau_hot_reuse,l2_hot,0x0000000000000000,0x00002b10ed063000,0x0000000000000000,0xd637bc0db01a173f,1,ld.global.cg,0,hot
NVIDIA B200,10.0,132644864,tensor_2d_length,tensor_2d_length_u8_row32,tensor_2d_length_s2g_u8_row32_b320,tensor,s2g,u8,8,2,320,320,0,aligned128,contiguous,none,none,zero,none,direct,low,0,298,2560.000,0,ok,tmau_cold_first_use_l2_hot,l2_hot,0x0000000000000000,0x00002b10ed064000,0x0000000000000000,0x61e5375d3a72b664,0,ld.global.cg,0,cold
NVIDIA B200,10.0,132644864,tensor_2d_length,tensor_2d_length_u8_row32,tensor_2d_length_s2g_u8_row32_b320,tensor,s2g,u8,8,2,320,320,0,aligned128,contiguous,none,none,zero,none,direct,low,1,54,2560.000,0,ok,tmau_hot_reuse,l2_hot,0x0000000000000000,0x00002b10ed064000,0x0000000000000000,0x61e5375d3a72b664,1,ld.global.cg,0,hot
NVIDIA B200,10.0,132644864,tensor_2d_length,tensor_2d_length_u8_row32,tensor_2d_length_s2g_u8_row32_b352,tensor,s2g,u8,8,2,352,352,0,aligned128,contiguous,none,none,zero,none,direct,low,0,340,2496.000,0,ok,tmau_cold_first_use_l2_hot,l2_hot,0x0000000000000000,0x00002b10ed065000,0x0000000000000000,0xba1ebfa4b8a4ded6,0,ld.global.cg,0,cold
NVIDIA B200,10.0,132644864,tensor_2d_length,tensor_2d_length_u8_row32,tensor_2d_length_s2g_u8_row32_b352,tensor,s2g,u8,8,2,352,352,0,aligned128,contiguous,none,none,zero,none,direct,low,1,55,2496.000,0,ok,tmau_hot_reuse,l2_hot,0x0000000000000000,0x00002b10ed065000,0x0000000000000000,0xba1ebfa4b8a4ded6,1,ld.global.cg,0,hot
NVIDIA B200,10.0,132644864,tensor_2d_length,tensor_2d_length_u8_row32,tensor_2d_length_s2g_u8_row32_b384,tensor,s2g,u8,8,2,384,384,0,aligned128,contiguous,none,none,zero,none,direct,low,0,323,3344.000,0,ok,tmau_cold_first_use_l2_hot,l2_hot,0x0000000000000000,0x00002b10ed066000,0x0000000000000000,0x8478df934e8bd307,0,ld.global.cg,0,cold
NVIDIA B200,10.0,132644864,tensor_2d_length,tensor_2d_length_u8_row32,tensor_2d_length_s2g_u8_row32_b384,tensor,s2g,u8,8,2,384,384,0,aligned128,contiguous,none,none,zero,none,direct,low,1,56,3344.000,0,ok,tmau_hot_reuse,l2_hot,0x0000000000000000,0x00002b10ed066000,0x0000000000000000,0x8478df934e8bd307,1,ld.global.cg,0,hot
NVIDIA B200,10.0,132644864,tensor_2d_length,tensor_2d_length_u8_row32,tensor_2d_length_s2g_u8_row32_b416,tensor,s2g,u8,8,2,416,416,0,aligned128,contiguous,none,none,zero,none,direct,low,0,308,2944.000,0,ok,tmau_cold_first_use_l2_hot,l2_hot,0x0000000000000000,0x00002b10ed067000,0x0000000000000000,0xb94fe10b5dbfb209,0,ld.global.cg,0,cold
NVIDIA B200,10.0,132644864,tensor_2d_length,tensor_2d_length_u8_row32,tensor_2d_length_s2g_u8_row32_b416,tensor,s2g,u8,8,2,416,416,0,aligned128,contiguous,none,none,zero,none,direct,low,1,57,2944.000,0,ok,tmau_hot_reuse,l2_hot,0x0000000000000000,0x00002b10ed067000,0x0000000000000000,0xb94fe10b5dbfb209,1,ld.global.cg,0,hot
NVIDIA B200,10.0,132644864,tensor_2d_length,tensor_2d_length_u8_row32,tensor_2d_length_s2g_u8_row32_b448,tensor,s2g,u8,8,2,448,448,0,aligned128,contiguous,none,none,zero,none,direct,low,0,314,2656.000,0,ok,tmau_cold_first_use_l2_hot,l2_hot,0x0000000000000000,0x00002b10ed068000,0x0000000000000000,0x59a18084f8b398f7,0,ld.global.cg,0,cold
NVIDIA B200,10.0,132644864,tensor_2d_length,tensor_2d_length_u8_row32,tensor_2d_length_s2g_u8_row32_b448,tensor,s2g,u8,8,2,448,448,0,aligned128,contiguous,none,none,zero,none,direct,low,1,58,2656.000,0,ok,tmau_hot_reuse,l2_hot,0x0000000000000000,0x00002b10ed068000,0x0000000000000000,0x59a18084f8b398f7,1,ld.global.cg,0,hot
NVIDIA B200,10.0,132644864,tensor_2d_length,tensor_2d_length_u8_row32,tensor_2d_length_s2g_u8_row32_b480,tensor,s2g,u8,8,2,480,480,0,aligned128,contiguous,none,none,zero,none,direct,low,0,310,3520.000,0,ok,tmau_cold_first_use_l2_hot,l2_hot,0x0000000000000000,0x00002b10ed069000,0x0000000000000000,0x26bd928665467f31,0,ld.global.cg,0,cold
NVIDIA B200,10.0,132644864,tensor_2d_length,tensor_2d_length_u8_row32,tensor_2d_length_s2g_u8_row32_b480,tensor,s2g,u8,8,2,480,480,0,aligned128,contiguous,none,none,zero,none,direct,low,1,59,3520.000,0,ok,tmau_hot_reuse,l2_hot,0x0000000000000000,0x00002b10ed069000,0x0000000000000000,0x26bd928665467f31,1,ld.global.cg,0,hot
NVIDIA B200,10.0,132644864,tensor_2d_length,tensor_2d_length_u8_row32,tensor_2d_length_s2g_u8_row32_b512,tensor,s2g,u8,8,2,512,512,0,aligned128,contiguous,none,none,zero,none,direct,low,0,313,2560.000,0,ok,tmau_cold_first_use_l2_hot,l2_hot,0x0000000000000000,0x00002b10ed06a000,0x0000000000000000,0x5b5ab2ea209f8ee2,0,ld.global.cg,0,cold
NVIDIA B200,10.0,132644864,tensor_2d_length,tensor_2d_length_u8_row32,tensor_2d_length_s2g_u8_row32_b512,tensor,s2g,u8,8,2,512,512,0,aligned128,contiguous,none,none,zero,none,direct,low,1,60,2560.000,0,ok,tmau_hot_reuse,l2_hot,0x0000000000000000,0x00002b10ed06a000,0x0000000000000000,0x5b5ab2ea209f8ee2,1,ld.global.cg,0,hot
NVIDIA B200,10.0,132644864,tensor_2d_length,tensor_2d_length_u8_row32,tensor_2d_length_s2g_u8_row32_b640,tensor,s2g,u8,8,2,640,640,0,aligned128,contiguous,none,none,zero,none,direct,low,0,336,2608.000,0,ok,tmau_cold_first_use_l2_hot,l2_hot,0x0000000000000000,0x00002b10ed06b000,0x0000000000000000,0x71b201f63c13788c,0,ld.global.cg,0,cold
NVIDIA B200,10.0,132644864,tensor_2d_length,tensor_2d_length_u8_row32,tensor_2d_length_s2g_u8_row32_b640,tensor,s2g,u8,8,2,640,640,0,aligned128,contiguous,none,none,zero,none,direct,low,1,64,2608.000,0,ok,tmau_hot_reuse,l2_hot,0x0000000000000000,0x00002b10ed06b000,0x0000000000000000,0x71b201f63c13788c,1,ld.global.cg,0,hot
NVIDIA B200,10.0,132644864,tensor_2d_length,tensor_2d_length_u8_row32,tensor_2d_length_s2g_u8_row32_b768,tensor,s2g,u8,8,2,768,768,0,aligned128,contiguous,none,none,zero,none,direct,low,0,314,2752.000,0,ok,tmau_cold_first_use_l2_hot,l2_hot,0x0000000000000000,0x00002b10ed06c000,0x0000000000000000,0xf6293017d3a21cc9,0,ld.global.cg,0,cold
NVIDIA B200,10.0,132644864,tensor_2d_length,tensor_2d_length_u8_row32,tensor_2d_length_s2g_u8_row32_b768,tensor,s2g,u8,8,2,768,768,0,aligned128,contiguous,none,none,zero,none,direct,low,1,68,2752.000,0,ok,tmau_hot_reuse,l2_hot,0x0000000000000000,0x00002b10ed06c000,0x0000000000000000,0xf6293017d3a21cc9,1,ld.global.cg,0,hot
NVIDIA B200,10.0,132644864,tensor_2d_length,tensor_2d_length_u8_row32,tensor_2d_length_s2g_u8_row32_b896,tensor,s2g,u8,8,2,896,896,0,aligned128,contiguous,none,none,zero,none,direct,low,0,335,3264.000,0,ok,tmau_cold_first_use_l2_hot,l2_hot,0x0000000000000000,0x00002b10ed06d000,0x0000000000000000,0x8a046e05cd9383c0,0,ld.global.cg,0,cold
NVIDIA B200,10.0,132644864,tensor_2d_length,tensor_2d_length_u8_row32,tensor_2d_length_s2g_u8_row32_b896,tensor,s2g,u8,8,2,896,896,0,aligned128,contiguous,none,none,zero,none,direct,low,1,72,3264.000,0,ok,tmau_hot_reuse,l2_hot,0x0000000000000000,0x00002b10ed06d000,0x0000000000000000,0x8a046e05cd9383c0,1,ld.global.cg,0,hot
NVIDIA B200,10.0,132644864,tensor_2d_length,tensor_2d_length_u8_row32,tensor_2d_length_s2g_u8_row32_b992,tensor,s2g,u8,8,2,992,992,0,aligned128,contiguous,none,none,zero,none,direct,low,0,327,3344.000,0,ok,tmau_cold_first_use_l2_hot,l2_hot,0x0000000000000000,0x00002b10ed06e000,0x0000000000000000,0xc22ccd752dd410d4,0,ld.global.cg,0,cold
NVIDIA B200,10.0,132644864,tensor_2d_length,tensor_2d_length_u8_row32,tensor_2d_length_s2g_u8_row32_b992,tensor,s2g,u8,8,2,992,992,0,aligned128,contiguous,none,none,zero,none,direct,low,1,75,3344.000,0,ok,tmau_hot_reuse,l2_hot,0x0000000000000000,0x00002b10ed06e000,0x0000000000000000,0xc22ccd752dd410d4,1,ld.global.cg,0,hot
NVIDIA B200,10.0,132644864,tensor_2d_length,tensor_2d_length_u8_row32,tensor_2d_length_s2g_u8_row32_b1024,tensor,s2g,u8,8,2,1024,1024,0,aligned128,contiguous,none,none,zero,none,direct,low,0,355,2704.000,0,ok,tmau_cold_first_use_l2_hot,l2_hot,0x0000000000000000,0x00002b10ed06f000,0x0000000000000000,0x8c803c51c09cf74d,0,ld.global.cg,0,cold
NVIDIA B200,10.0,132644864,tensor_2d_length,tensor_2d_length_u8_row32,tensor_2d_length_s2g_u8_row32_b1024,tensor,s2g,u8,8,2,1024,1024,0,aligned128,contiguous,none,none,zero,none,direct,low,1,76,2704.000,0,ok,tmau_hot_reuse,l2_hot,0x0000000000000000,0x00002b10ed06f000,0x0000000000000000,0x8c803c51c09cf74d,1,ld.global.cg,0,hot
NVIDIA B200,10.0,132644864,tensor_2d_length,tensor_2d_length_u8_row32,tensor_2d_length_s2g_u8_row32_b1056,tensor,s2g,u8,8,2,1056,1056,0,aligned128,contiguous,none,none,zero,none,direct,low,0,360,2752.000,0,ok,tmau_cold_first_use_l2_hot,l2_hot,0x0000000000000000,0x00002b10ed070000,0x0000000000000000,0x84fac224922f4715,0,ld.global.cg,0,cold
NVIDIA B200,10.0,132644864,tensor_2d_length,tensor_2d_length_u8_row32,tensor_2d_length_s2g_u8_row32_b1056,tensor,s2g,u8,8,2,1056,1056,0,aligned128,contiguous,none,none,zero,none,direct,low,1,77,2752.000,0,ok,tmau_hot_reuse,l2_hot,0x0000000000000000,0x00002b10ed070000,0x0000000000000000,0x84fac224922f4715,1,ld.global.cg,0,hot
NVIDIA B200,10.0,132644864,tensor_2d_length,tensor_2d_length_u8_row32,tensor_2d_length_s2g_u8_row32_b1152,tensor,s2g,u8,8,2,1152,1152,0,aligned128,contiguous,none,none,zero,none,direct,low,0,324,3344.000,0,ok,tmau_cold_first_use_l2_hot,l2_hot,0x0000000000000000,0x00002b10ed071000,0x0000000000000000,0x616e6f6f46357b4d,0,ld.global.cg,0,cold
NVIDIA B200,10.0,132644864,tensor_2d_length,tensor_2d_length_u8_row32,tensor_2d_length_s2g_u8_row32_b1152,tensor,s2g,u8,8,2,1152,1152,0,aligned128,contiguous,none,none,zero,none,direct,low,1,80,3344.000,0,ok,tmau_hot_reuse,l2_hot,0x0000000000000000,0x00002b10ed071000,0x0000000000000000,0x616e6f6f46357b4d,1,ld.global.cg,0,hot
NVIDIA B200,10.0,132644864,tensor_2d_length,tensor_2d_length_u8_row32,tensor_2d_length_s2g_u8_row32_b1280,tensor,s2g,u8,8,2,1280,1280,0,aligned128,contiguous,none,none,zero,none,direct,low,0,348,2816.000,0,ok,tmau_cold_first_use_l2_hot,l2_hot,0x0000000000000000,0x00002b10ed072000,0x0000000000000000,0x2caa888684910ad7,0,ld.global.cg,0,cold
NVIDIA B200,10.0,132644864,tensor_2d_length,tensor_2d_length_u8_row32,tensor_2d_length_s2g_u8_row32_b1280,tensor,s2g,u8,8,2,1280,1280,0,aligned128,contiguous,none,none,zero,none,direct,low,1,84,2816.000,0,ok,tmau_hot_reuse,l2_hot,0x0000000000000000,0x00002b10ed072000,0x0000000000000000,0x2caa888684910ad7,1,ld.global.cg,0,hot
NVIDIA B200,10.0,132644864,tensor_2d_length,tensor_2d_length_u8_row32,tensor_2d_length_s2g_u8_row32_b1408,tensor,s2g,u8,8,2,1408,1408,0,aligned128,contiguous,none,none,zero,none,direct,low,0,364,3232.000,0,ok,tmau_cold_first_use_l2_hot,l2_hot,0x0000000000000000,0x00002b10ed073000,0x0000000000000000,0x0ebf5eb87eacb570,0,ld.global.cg,0,cold
NVIDIA B200,10.0,132644864,tensor_2d_length,tensor_2d_length_u8_row32,tensor_2d_length_s2g_u8_row32_b1408,tensor,s2g,u8,8,2,1408,1408,0,aligned128,contiguous,none,none,zero,none,direct,low,1,88,3232.000,0,ok,tmau_hot_reuse,l2_hot,0x0000000000000000,0x00002b10ed073000,0x0000000000000000,0x0ebf5eb87eacb570,1,ld.global.cg,0,hot
NVIDIA B200,10.0,132644864,tensor_2d_length,tensor_2d_length_u8_row32,tensor_2d_length_s2g_u8_row32_b1536,tensor,s2g,u8,8,2,1536,1536,0,aligned128,contiguous,none,none,zero,none,direct,low,0,353,2736.000,0,ok,tmau_cold_first_use_l2_hot,l2_hot,0x0000000000000000,0x00002b10ed074000,0x0000000000000000,0x99a89545135947c4,0,ld.global.cg,0,cold
NVIDIA B200,10.0,132644864,tensor_2d_length,tensor_2d_length_u8_row32,tensor_2d_length_s2g_u8_row32_b1536,tensor,s2g,u8,8,2,1536,1536,0,aligned128,contiguous,none,none,zero,none,direct,low,1,92,2736.000,0,ok,tmau_hot_reuse,l2_hot,0x0000000000000000,0x00002b10ed074000,0x0000000000000000,0x99a89545135947c4,1,ld.global.cg,0,hot
NVIDIA B200,10.0,132644864,tensor_2d_length,tensor_2d_length_u8_row32,tensor_2d_length_s2g_u8_row32_b1664,tensor,s2g,u8,8,2,1664,1664,0,aligned128,contiguous,none,none,zero,none,direct,low,0,357,2896.000,0,ok,tmau_cold_first_use_l2_hot,l2_hot,0x0000000000000000,0x00002b10ed075000,0x0000000000000000,0x18f49e4e0cef3aca,0,ld.global.cg,0,cold
NVIDIA B200,10.0,132644864,tensor_2d_length,tensor_2d_length_u8_row32,tensor_2d_length_s2g_u8_row32_b1664,tensor,s2g,u8,8,2,1664,1664,0,aligned128,contiguous,none,none,zero,none,direct,low,1,96,2896.000,0,ok,tmau_hot_reuse,l2_hot,0x0000000000000000,0x00002b10ed075000,0x0000000000000000,0x18f49e4e0cef3aca,1,ld.global.cg,0,hot
NVIDIA B200,10.0,132644864,tensor_2d_length,tensor_2d_length_u8_row32,tensor_2d_length_s2g_u8_row32_b1792,tensor,s2g,u8,8,2,1792,1792,0,aligned128,contiguous,none,none,zero,none,direct,low,0,388,3120.000,0,ok,tmau_cold_first_use_l2_hot,l2_hot,0x0000000000000000,0x00002b10ed076000,0x0000000000000000,0xd8fc5dd0eb9c9240,0,ld.global.cg,0,cold
NVIDIA B200,10.0,132644864,tensor_2d_length,tensor_2d_length_u8_row32,tensor_2d_length_s2g_u8_row32_b1792,tensor,s2g,u8,8,2,1792,1792,0,aligned128,contiguous,none,none,zero,none,direct,low,1,100,3120.000,0,ok,tmau_hot_reuse,l2_hot,0x0000000000000000,0x00002b10ed076000,0x0000000000000000,0xd8fc5dd0eb9c9240,1,ld.global.cg,0,hot
NVIDIA B200,10.0,132644864,tensor_2d_length,tensor_2d_length_u8_row32,tensor_2d_length_s2g_u8_row32_b1920,tensor,s2g,u8,8,2,1920,1920,0,aligned128,contiguous,none,none,zero,none,direct,low,0,345,3040.000,0,ok,tmau_cold_first_use_l2_hot,l2_hot,0x0000000000000000,0x00002b10ed077000,0x0000000000000000,0xd2154938e80940f3,0,ld.global.cg,0,cold
NVIDIA B200,10.0,132644864,tensor_2d_length,tensor_2d_length_u8_row32,tensor_2d_length_s2g_u8_row32_b1920,tensor,s2g,u8,8,2,1920,1920,0,aligned128,contiguous,none,none,zero,none,direct,low,1,104,3040.000,0,ok,tmau_hot_reuse,l2_hot,0x0000000000000000,0x00002b10ed077000,0x0000000000000000,0xd2154938e80940f3,1,ld.global.cg,0,hot
NVIDIA B200,10.0,132644864,tensor_2d_length,tensor_2d_length_u8_row32,tensor_2d_length_s2g_u8_row32_b2016,tensor,s2g,u8,8,2,2016,2016,0,aligned128,contiguous,none,none,zero,none,direct,low,0,378,2992.000,0,ok,tmau_cold_first_use_l2_hot,l2_hot,0x0000000000000000,0x00002b10ed078000,0x0000000000000000,0x5f9a321ceef8e3d6,0,ld.global.cg,0,cold
NVIDIA B200,10.0,132644864,tensor_2d_length,tensor_2d_length_u8_row32,tensor_2d_length_s2g_u8_row32_b2016,tensor,s2g,u8,8,2,2016,2016,0,aligned128,contiguous,none,none,zero,none,direct,low,1,107,2992.000,0,ok,tmau_hot_reuse,l2_hot,0x0000000000000000,0x00002b10ed078000,0x0000000000000000,0x5f9a321ceef8e3d6,1,ld.global.cg,0,hot
NVIDIA B200,10.0,132644864,tensor_2d_length,tensor_2d_length_u8_row32,tensor_2d_length_s2g_u8_row32_b2048,tensor,s2g,u8,8,2,2048,2048,0,aligned128,contiguous,none,none,zero,none,direct,low,0,357,2912.000,0,ok,tmau_cold_first_use_l2_hot,l2_hot,0x0000000000000000,0x00002b10ed079000,0x0000000000000000,0x794981d0d22bd967,0,ld.global.cg,0,cold
NVIDIA B200,10.0,132644864,tensor_2d_length,tensor_2d_length_u8_row32,tensor_2d_length_s2g_u8_row32_b2048,tensor,s2g,u8,8,2,2048,2048,0,aligned128,contiguous,none,none,zero,none,direct,low,1,108,2912.000,0,ok,tmau_hot_reuse,l2_hot,0x0000000000000000,0x00002b10ed079000,0x0000000000000000,0x794981d0d22bd967,1,ld.global.cg,0,hot
NVIDIA B200,10.0,132644864,tensor_2d_length,tensor_2d_length_u8_row32,tensor_2d_length_s2g_u8_row32_b2080,tensor,s2g,u8,8,2,2080,2080,0,aligned128,contiguous,none,none,zero,none,direct,low,0,386,2816.000,0,ok,tmau_cold_first_use_l2_hot,l2_hot,0x0000000000000000,0x00002b10ed07a000,0x0000000000000000,0x624e63db57a5949b,0,ld.global.cg,0,cold
NVIDIA B200,10.0,132644864,tensor_2d_length,tensor_2d_length_u8_row32,tensor_2d_length_s2g_u8_row32_b2080,tensor,s2g,u8,8,2,2080,2080,0,aligned128,contiguous,none,none,zero,none,direct,low,1,109,2816.000,0,ok,tmau_hot_reuse,l2_hot,0x0000000000000000,0x00002b10ed07a000,0x0000000000000000,0x624e63db57a5949b,1,ld.global.cg,0,hot
NVIDIA B200,10.0,132644864,tensor_2d_length,tensor_2d_length_u8_row32,tensor_2d_length_s2g_u8_row32_b2560,tensor,s2g,u8,8,2,2560,2560,0,aligned128,contiguous,none,none,zero,none,direct,low,0,376,3120.000,0,ok,tmau_cold_first_use_l2_hot,l2_hot,0x0000000000000000,0x00002b10ed07b000,0x0000000000000000,0x51c94fdfd54df66c,0,ld.global.cg,0,cold
NVIDIA B200,10.0,132644864,tensor_2d_length,tensor_2d_length_u8_row32,tensor_2d_length_s2g_u8_row32_b2560,tensor,s2g,u8,8,2,2560,2560,0,aligned128,contiguous,none,none,zero,none,direct,low,1,124,3120.000,0,ok,tmau_hot_reuse,l2_hot,0x0000000000000000,0x00002b10ed07b000,0x0000000000000000,0x51c94fdfd54df66c,1,ld.global.cg,0,hot
NVIDIA B200,10.0,132644864,tensor_2d_length,tensor_2d_length_u8_row32,tensor_2d_length_s2g_u8_row32_b3072,tensor,s2g,u8,8,2,3072,3072,0,aligned128,contiguous,none,none,zero,none,direct,low,0,421,3456.000,0,ok,tmau_cold_first_use_l2_hot,l2_hot,0x0000000000000000,0x00002b10ed07c000,0x0000000000000000,0x1f0af593c2f703dc,0,ld.global.cg,0,cold
NVIDIA B200,10.0,132644864,tensor_2d_length,tensor_2d_length_u8_row32,tensor_2d_length_s2g_u8_row32_b3072,tensor,s2g,u8,8,2,3072,3072,0,aligned128,contiguous,none,none,zero,none,direct,low,1,140,3456.000,0,ok,tmau_hot_reuse,l2_hot,0x0000000000000000,0x00002b10ed07c000,0x0000000000000000,0x1f0af593c2f703dc,1,ld.global.cg,0,hot
NVIDIA B200,10.0,132644864,tensor_2d_length,tensor_2d_length_u8_row32,tensor_2d_length_s2g_u8_row32_b3584,tensor,s2g,u8,8,2,3584,3584,0,aligned128,contiguous,none,none,zero,none,direct,low,0,413,3200.000,0,ok,tmau_cold_first_use_l2_hot,l2_hot,0x0000000000000000,0x00002b10ed07d000,0x0000000000000000,0x3a5b2d24529af83e,0,ld.global.cg,0,cold
NVIDIA B200,10.0,132644864,tensor_2d_length,tensor_2d_length_u8_row32,tensor_2d_length_s2g_u8_row32_b3584,tensor,s2g,u8,8,2,3584,3584,0,aligned128,contiguous,none,none,zero,none,direct,low,1,156,3200.000,0,ok,tmau_hot_reuse,l2_hot,0x0000000000000000,0x00002b10ed07d000,0x0000000000000000,0x3a5b2d24529af83e,1,ld.global.cg,0,hot
NVIDIA B200,10.0,132644864,tensor_2d_length,tensor_2d_length_u8_row32,tensor_2d_length_s2g_u8_row32_b4064,tensor,s2g,u8,8,2,4064,4064,0,aligned128,contiguous,none,none,zero,none,direct,low,0,437,3888.000,0,ok,tmau_cold_first_use_l2_hot,l2_hot,0x0000000000000000,0x00002b10ed07e000,0x0000000000000000,0x6b25bf03a2743dff,0,ld.global.cg,0,cold
NVIDIA B200,10.0,132644864,tensor_2d_length,tensor_2d_length_u8_row32,tensor_2d_length_s2g_u8_row32_b4064,tensor,s2g,u8,8,2,4064,4064,0,aligned128,contiguous,none,none,zero,none,direct,low,1,171,3888.000,0,ok,tmau_hot_reuse,l2_hot,0x0000000000000000,0x00002b10ed07e000,0x0000000000000000,0x6b25bf03a2743dff,1,ld.global.cg,0,hot
NVIDIA B200,10.0,132644864,tensor_2d_length,tensor_2d_length_u8_row32,tensor_2d_length_s2g_u8_row32_b4096,tensor,s2g,u8,8,2,4096,4096,0,aligned128,contiguous,none,none,zero,none,direct,low,0,422,3520.000,0,ok,tmau_cold_first_use_l2_hot,l2_hot,0x0000000000000000,0x00002b10ed07f000,0x0000000000000000,0x2ab4e9a2bf866ea6,0,ld.global.cg,0,cold
NVIDIA B200,10.0,132644864,tensor_2d_length,tensor_2d_length_u8_row32,tensor_2d_length_s2g_u8_row32_b4096,tensor,s2g,u8,8,2,4096,4096,0,aligned128,contiguous,none,none,zero,none,direct,low,1,172,3520.000,0,ok,tmau_hot_reuse,l2_hot,0x0000000000000000,0x00002b10ed07f000,0x0000000000000000,0x2ab4e9a2bf866ea6,1,ld.global.cg,0,hot
NVIDIA B200,10.0,132644864,tensor_2d_length,tensor_2d_length_u8_row32,tensor_2d_length_s2g_u8_row32_b4128,tensor,s2g,u8,8,2,4128,4128,0,aligned128,contiguous,none,none,zero,none,direct,low,0,413,3632.000,0,ok,tmau_cold_first_use_l2_hot,l2_hot,0x0000000000000000,0x00002b10ed080000,0x0000000000000000,0x170cec0ebf85ef82,0,ld.global.cg,0,cold
NVIDIA B200,10.0,132644864,tensor_2d_length,tensor_2d_length_u8_row32,tensor_2d_length_s2g_u8_row32_b4128,tensor,s2g,u8,8,2,4128,4128,0,aligned128,contiguous,none,none,zero,none,direct,low,1,173,3632.000,0,ok,tmau_hot_reuse,l2_hot,0x0000000000000000,0x00002b10ed080000,0x0000000000000000,0x170cec0ebf85ef82,1,ld.global.cg,0,hot
NVIDIA B200,10.0,132644864,tensor_2d_length,tensor_2d_length_u8_row32,tensor_2d_length_s2g_u8_row32_b4608,tensor,s2g,u8,8,2,4608,4608,0,aligned128,contiguous,none,none,zero,none,direct,low,0,475,3232.000,0,ok,tmau_cold_first_use_l2_hot,l2_hot,0x0000000000000000,0x00002b10ed081000,0x0000000000000000,0xd593152a70181dff,0,ld.global.cg,0,cold
NVIDIA B200,10.0,132644864,tensor_2d_length,tensor_2d_length_u8_row32,tensor_2d_length_s2g_u8_row32_b4608,tensor,s2g,u8,8,2,4608,4608,0,aligned128,contiguous,none,none,zero,none,direct,low,1,188,3232.000,0,ok,tmau_hot_reuse,l2_hot,0x0000000000000000,0x00002b10ed081000,0x0000000000000000,0xd593152a70181dff,1,ld.global.cg,0,hot
NVIDIA B200,10.0,132644864,tensor_2d_length,tensor_2d_length_u8_row32,tensor_2d_length_s2g_u8_row32_b5120,tensor,s2g,u8,8,2,5120,5120,0,aligned128,contiguous,none,none,zero,none,direct,low,0,472,3360.000,0,ok,tmau_cold_first_use_l2_hot,l2_hot,0x0000000000000000,0x00002b10ed082000,0x0000000000000000,0xa13bbaf0e4021e8b,0,ld.global.cg,0,cold
NVIDIA B200,10.0,132644864,tensor_2d_length,tensor_2d_length_u8_row32,tensor_2d_length_s2g_u8_row32_b5120,tensor,s2g,u8,8,2,5120,5120,0,aligned128,contiguous,none,none,zero,none,direct,low,1,204,3360.000,0,ok,tmau_hot_reuse,l2_hot,0x0000000000000000,0x00002b10ed082000,0x0000000000000000,0xa13bbaf0e4021e8b,1,ld.global.cg,0,hot
NVIDIA B200,10.0,132644864,tensor_2d_length,tensor_2d_length_u8_row32,tensor_2d_length_s2g_u8_row32_b5632,tensor,s2g,u8,8,2,5632,5632,0,aligned128,contiguous,none,none,zero,none,direct,low,0,476,4192.000,0,ok,tmau_cold_first_use_l2_hot,l2_hot,0x0000000000000000,0x00002b10ed083000,0x0000000000000000,0xab421e26502f6fd5,0,ld.global.cg,0,cold
NVIDIA B200,10.0,132644864,tensor_2d_length,tensor_2d_length_u8_row32,tensor_2d_length_s2g_u8_row32_b5632,tensor,s2g,u8,8,2,5632,5632,0,aligned128,contiguous,none,none,zero,none,direct,low,1,220,4192.000,0,ok,tmau_hot_reuse,l2_hot,0x0000000000000000,0x00002b10ed083000,0x0000000000000000,0xab421e26502f6fd5,1,ld.global.cg,0,hot
NVIDIA B200,10.0,132644864,tensor_2d_length,tensor_2d_length_u8_row32,tensor_2d_length_s2g_u8_row32_b6144,tensor,s2g,u8,8,2,6144,6144,0,aligned128,contiguous,none,none,zero,none,direct,low,0,505,4112.000,0,ok,tmau_cold_first_use_l2_hot,l2_hot,0x0000000000000000,0x00002b10ed084000,0x0000000000000000,0xb2216529b4631511,0,ld.global.cg,0,cold
NVIDIA B200,10.0,132644864,tensor_2d_length,tensor_2d_length_u8_row32,tensor_2d_length_s2g_u8_row32_b6144,tensor,s2g,u8,8,2,6144,6144,0,aligned128,contiguous,none,none,zero,none,direct,low,1,236,4112.000,0,ok,tmau_hot_reuse,l2_hot,0x0000000000000000,0x00002b10ed084000,0x0000000000000000,0xb2216529b4631511,1,ld.global.cg,0,hot
NVIDIA B200,10.0,132644864,tensor_2d_length,tensor_2d_length_u8_row32,tensor_2d_length_s2g_u8_row32_b6656,tensor,s2g,u8,8,2,6656,6656,0,aligned128,contiguous,none,none,zero,none,direct,low,0,523,3440.000,0,ok,tmau_cold_first_use_l2_hot,l2_hot,0x0000000000000000,0x00002b10ed085000,0x0000000000000000,0xc0fa609a68924f43,0,ld.global.cg,0,cold
NVIDIA B200,10.0,132644864,tensor_2d_length,tensor_2d_length_u8_row32,tensor_2d_length_s2g_u8_row32_b6656,tensor,s2g,u8,8,2,6656,6656,0,aligned128,contiguous,none,none,zero,none,direct,low,1,252,3440.000,0,ok,tmau_hot_reuse,l2_hot,0x0000000000000000,0x00002b10ed085000,0x0000000000000000,0xc0fa609a68924f43,1,ld.global.cg,0,hot
NVIDIA B200,10.0,132644864,tensor_2d_length,tensor_2d_length_u8_row32,tensor_2d_length_s2g_u8_row32_b7168,tensor,s2g,u8,8,2,7168,7168,0,aligned128,contiguous,none,none,zero,none,direct,low,0,527,3680.000,0,ok,tmau_cold_first_use_l2_hot,l2_hot,0x0000000000000000,0x00002b10ed086000,0x0000000000000000,0x1dd8b81bdbdb4a3f,0,ld.global.cg,0,cold
NVIDIA B200,10.0,132644864,tensor_2d_length,tensor_2d_length_u8_row32,tensor_2d_length_s2g_u8_row32_b7168,tensor,s2g,u8,8,2,7168,7168,0,aligned128,contiguous,none,none,zero,none,direct,low,1,268,3680.000,0,ok,tmau_hot_reuse,l2_hot,0x0000000000000000,0x00002b10ed086000,0x0000000000000000,0x1dd8b81bdbdb4a3f,1,ld.global.cg,0,hot
NVIDIA B200,10.0,132644864,tensor_2d_length,tensor_2d_length_u8_row32,tensor_2d_length_s2g_u8_row32_b7680,tensor,s2g,u8,8,2,7680,7680,0,aligned128,contiguous,none,none,zero,none,direct,low,0,572,4672.000,0,ok,tmau_cold_first_use_l2_hot,l2_hot,0x0000000000000000,0x00002b10ed087000,0x0000000000000000,0x28d9447160dcb061,0,ld.global.cg,0,cold
NVIDIA B200,10.0,132644864,tensor_2d_length,tensor_2d_length_u8_row32,tensor_2d_length_s2g_u8_row32_b7680,tensor,s2g,u8,8,2,7680,7680,0,aligned128,contiguous,none,none,zero,none,direct,low,1,284,4672.000,0,ok,tmau_hot_reuse,l2_hot,0x0000000000000000,0x00002b10ed087000,0x0000000000000000,0x28d9447160dcb061,1,ld.global.cg,0,hot
NVIDIA B200,10.0,132644864,tensor_2d_length,tensor_2d_length_u8_row32,tensor_2d_length_s2g_u8_row32_b8160,tensor,s2g,u8,8,2,8160,8160,0,aligned128,contiguous,none,none,zero,none,direct,low,0,572,4528.000,0,ok,tmau_cold_first_use_l2_hot,l2_hot,0x0000000000000000,0x00002b10ed088000,0x0000000000000000,0x38acbc902d902e48,0,ld.global.cg,0,cold
NVIDIA B200,10.0,132644864,tensor_2d_length,tensor_2d_length_u8_row32,tensor_2d_length_s2g_u8_row32_b8160,tensor,s2g,u8,8,2,8160,8160,0,aligned128,contiguous,none,none,zero,none,direct,low,1,299,4528.000,0,ok,tmau_hot_reuse,l2_hot,0x0000000000000000,0x00002b10ed088000,0x0000000000000000,0x38acbc902d902e48,1,ld.global.cg,0,hot
NVIDIA B200,10.0,132644864,tensor_2d_length,tensor_2d_length_u8_row32,tensor_2d_length_s2g_u8_row32_b8192,tensor,s2g,u8,8,2,8192,8192,0,aligned128,contiguous,none,none,zero,none,direct,low,0,563,4544.000,0,ok,tmau_cold_first_use_l2_hot,l2_hot,0x0000000000000000,0x00002b10ed089000,0x0000000000000000,0x30d9baae7040ce6d,0,ld.global.cg,0,cold
NVIDIA B200,10.0,132644864,tensor_2d_length,tensor_2d_length_u8_row32,tensor_2d_length_s2g_u8_row32_b8192,tensor,s2g,u8,8,2,8192,8192,0,aligned128,contiguous,none,none,zero,none,direct,low,1,300,4544.000,0,ok,tmau_hot_reuse,l2_hot,0x0000000000000000,0x00002b10ed089000,0x0000000000000000,0x30d9baae7040ce6d,1,ld.global.cg,0,hot
NVIDIA B200,10.0,132644864,tensor_2d_length,tensor_2d_length_u8_row64,tensor_2d_length_s2g_u8_row64_b8128,tensor,s2g,u8,8,2,8128,8128,0,aligned128,contiguous,none,none,zero,none,direct,low,0,576,4128.000,0,ok,tmau_cold_first_use_l2_hot,l2_hot,0x0000000000000000,0x00002b10ed08a000,0x0000000000000000,0x086ce05470a4cc46,0,ld.global.cg,0,cold
NVIDIA B200,10.0,132644864,tensor_2d_length,tensor_2d_length_u8_row64,tensor_2d_length_s2g_u8_row64_b8128,tensor,s2g,u8,8,2,8128,8128,0,aligned128,contiguous,none,none,zero,none,direct,low,1,299,4128.000,0,ok,tmau_hot_reuse,l2_hot,0x0000000000000000,0x00002b10ed08a000,0x0000000000000000,0x086ce05470a4cc46,1,ld.global.cg,0,hot
NVIDIA B200,10.0,132644864,tensor_2d_length,tensor_2d_length_u8_row64,tensor_2d_length_s2g_u8_row64_b8192,tensor,s2g,u8,8,2,8192,8192,0,aligned128,contiguous,none,none,zero,none,direct,low,0,565,4368.000,0,ok,tmau_cold_first_use_l2_hot,l2_hot,0x0000000000000000,0x00002b10ed08b000,0x0000000000000000,0x9da6d0a33e86b0ba,0,ld.global.cg,0,cold
NVIDIA B200,10.0,132644864,tensor_2d_length,tensor_2d_length_u8_row64,tensor_2d_length_s2g_u8_row64_b8192,tensor,s2g,u8,8,2,8192,8192,0,aligned128,contiguous,none,none,zero,none,direct,low,1,301,4368.000,0,ok,tmau_hot_reuse,l2_hot,0x0000000000000000,0x00002b10ed08b000,0x0000000000000000,0x9da6d0a33e86b0ba,1,ld.global.cg,0,hot
NVIDIA B200,10.0,132644864,tensor_2d_length,tensor_2d_length_u8_row64,tensor_2d_length_s2g_u8_row64_b8256,tensor,s2g,u8,8,2,8256,8256,0,aligned128,contiguous,none,none,zero,none,direct,low,0,574,4272.000,0,ok,tmau_cold_first_use_l2_hot,l2_hot,0x0000000000000000,0x00002b10ed08c000,0x0000000000000000,0xf5e879883b1b6926,0,ld.global.cg,0,cold
NVIDIA B200,10.0,132644864,tensor_2d_length,tensor_2d_length_u8_row64,tensor_2d_length_s2g_u8_row64_b8256,tensor,s2g,u8,8,2,8256,8256,0,aligned128,contiguous,none,none,zero,none,direct,low,1,303,4272.000,0,ok,tmau_hot_reuse,l2_hot,0x0000000000000000,0x00002b10ed08c000,0x0000000000000000,0xf5e879883b1b6926,1,ld.global.cg,0,hot
NVIDIA B200,10.0,132644864,tensor_2d_length,tensor_2d_length_u8_row64,tensor_2d_length_s2g_u8_row64_b8704,tensor,s2g,u8,8,2,8704,8704,0,aligned128,contiguous,none,none,zero,none,direct,low,0,575,4480.000,0,ok,tmau_cold_first_use_l2_hot,l2_hot,0x0000000000000000,0x00002b10ed08d000,0x0000000000000000,0x422264ab665f25af,0,ld.global.cg,0,cold
NVIDIA B200,10.0,132644864,tensor_2d_length,tensor_2d_length_u8_row64,tensor_2d_length_s2g_u8_row64_b8704,tensor,s2g,u8,8,2,8704,8704,0,aligned128,contiguous,none,none,zero,none,direct,low,1,317,4480.000,0,ok,tmau_hot_reuse,l2_hot,0x0000000000000000,0x00002b10ed08d000,0x0000000000000000,0x422264ab665f25af,1,ld.global.cg,0,hot
NVIDIA B200,10.0,132644864,tensor_2d_length,tensor_2d_length_u8_row64,tensor_2d_length_s2g_u8_row64_b9216,tensor,s2g,u8,8,2,9216,9216,0,aligned128,contiguous,none,none,zero,none,direct,low,0,587,4640.000,0,ok,tmau_cold_first_use_l2_hot,l2_hot,0x0000000000000000,0x00002b10ed08e000,0x0000000000000000,0x0af6de0408350017,0,ld.global.cg,0,cold
NVIDIA B200,10.0,132644864,tensor_2d_length,tensor_2d_length_u8_row64,tensor_2d_length_s2g_u8_row64_b9216,tensor,s2g,u8,8,2,9216,9216,0,aligned128,contiguous,none,none,zero,none,direct,low,1,333,4640.000,0,ok,tmau_hot_reuse,l2_hot,0x0000000000000000,0x00002b10ed08e000,0x0000000000000000,0x0af6de0408350017,1,ld.global.cg,0,hot
NVIDIA B200,10.0,132644864,tensor_2d_length,tensor_2d_length_u8_row64,tensor_2d_length_s2g_u8_row64_b9728,tensor,s2g,u8,8,2,9728,9728,0,aligned128,contiguous,none,none,zero,none,direct,low,0,619,4704.000,0,ok,tmau_cold_first_use_l2_hot,l2_hot,0x0000000000000000,0x00002b10ed08f000,0x0000000000000000,0x26d6c250403a3109,0,ld.global.cg,0,cold
NVIDIA B200,10.0,132644864,tensor_2d_length,tensor_2d_length_u8_row64,tensor_2d_length_s2g_u8_row64_b9728,tensor,s2g,u8,8,2,9728,9728,0,aligned128,contiguous,none,none,zero,none,direct,low,1,349,4704.000,0,ok,tmau_hot_reuse,l2_hot,0x0000000000000000,0x00002b10ed08f000,0x0000000000000000,0x26d6c250403a3109,1,ld.global.cg,0,hot
NVIDIA B200,10.0,132644864,tensor_2d_length,tensor_2d_length_u8_row64,tensor_2d_length_s2g_u8_row64_b10240,tensor,s2g,u8,8,2,10240,10240,0,aligned128,contiguous,none,none,zero,none,direct,low,0,626,4464.000,0,ok,tmau_cold_first_use_l2_hot,l2_hot,0x0000000000000000,0x00002b10ed090000,0x0000000000000000,0x07497f1265d3eec9,0,ld.global.cg,0,cold
NVIDIA B200,10.0,132644864,tensor_2d_length,tensor_2d_length_u8_row64,tensor_2d_length_s2g_u8_row64_b10240,tensor,s2g,u8,8,2,10240,10240,0,aligned128,contiguous,none,none,zero,none,direct,low,1,365,4464.000,0,ok,tmau_hot_reuse,l2_hot,0x0000000000000000,0x00002b10ed090000,0x0000000000000000,0x07497f1265d3eec9,1,ld.global.cg,0,hot
NVIDIA B200,10.0,132644864,tensor_2d_length,tensor_2d_length_u8_row64,tensor_2d_length_s2g_u8_row64_b10752,tensor,s2g,u8,8,2,10752,10752,0,aligned128,contiguous,none,none,zero,none,direct,low,0,637,4624.000,0,ok,tmau_cold_first_use_l2_hot,l2_hot,0x0000000000000000,0x00002b10ed091000,0x0000000000000000,0x13bfae6ac449d97b,0,ld.global.cg,0,cold
NVIDIA B200,10.0,132644864,tensor_2d_length,tensor_2d_length_u8_row64,tensor_2d_length_s2g_u8_row64_b10752,tensor,s2g,u8,8,2,10752,10752,0,aligned128,contiguous,none,none,zero,none,direct,low,1,381,4624.000,0,ok,tmau_hot_reuse,l2_hot,0x0000000000000000,0x00002b10ed091000,0x0000000000000000,0x13bfae6ac449d97b,1,ld.global.cg,0,hot
NVIDIA B200,10.0,132644864,tensor_2d_length,tensor_2d_length_u8_row64,tensor_2d_length_s2g_u8_row64_b11264,tensor,s2g,u8,8,2,11264,11264,0,aligned128,contiguous,none,none,zero,none,direct,low,0,686,4496.000,0,ok,tmau_cold_first_use_l2_hot,l2_hot,0x0000000000000000,0x00002b10ed092000,0x0000000000000000,0x3731749e1f2a4e9c,0,ld.global.cg,0,cold
NVIDIA B200,10.0,132644864,tensor_2d_length,tensor_2d_length_u8_row64,tensor_2d_length_s2g_u8_row64_b11264,tensor,s2g,u8,8,2,11264,11264,0,aligned128,contiguous,none,none,zero,none,direct,low,1,397,4496.000,0,ok,tmau_hot_reuse,l2_hot,0x0000000000000000,0x00002b10ed092000,0x0000000000000000,0x3731749e1f2a4e9c,1,ld.global.cg,0,hot
NVIDIA B200,10.0,132644864,tensor_2d_length,tensor_2d_length_u8_row64,tensor_2d_length_s2g_u8_row64_b11776,tensor,s2g,u8,8,2,11776,11776,0,aligned128,contiguous,none,none,zero,none,direct,low,0,657,4368.000,0,ok,tmau_cold_first_use_l2_hot,l2_hot,0x0000000000000000,0x00002b10ed093000,0x0000000000000000,0x51352ac6fce2169e,0,ld.global.cg,0,cold
NVIDIA B200,10.0,132644864,tensor_2d_length,tensor_2d_length_u8_row64,tensor_2d_length_s2g_u8_row64_b11776,tensor,s2g,u8,8,2,11776,11776,0,aligned128,contiguous,none,none,zero,none,direct,low,1,413,4368.000,0,ok,tmau_hot_reuse,l2_hot,0x0000000000000000,0x00002b10ed093000,0x0000000000000000,0x51352ac6fce2169e,1,ld.global.cg,0,hot
NVIDIA B200,10.0,132644864,tensor_2d_length,tensor_2d_length_u8_row64,tensor_2d_length_s2g_u8_row64_b12288,tensor,s2g,u8,8,2,12288,12288,0,aligned128,contiguous,none,none,zero,none,direct,low,0,711,4240.000,0,ok,tmau_cold_first_use_l2_hot,l2_hot,0x0000000000000000,0x00002b10ed094000,0x0000000000000000,0xf4776535e3c5cd22,0,ld.global.cg,0,cold
NVIDIA B200,10.0,132644864,tensor_2d_length,tensor_2d_length_u8_row64,tensor_2d_length_s2g_u8_row64_b12288,tensor,s2g,u8,8,2,12288,12288,0,aligned128,contiguous,none,none,zero,none,direct,low,1,429,4240.000,0,ok,tmau_hot_reuse,l2_hot,0x0000000000000000,0x00002b10ed094000,0x0000000000000000,0xf4776535e3c5cd22,1,ld.global.cg,0,hot
NVIDIA B200,10.0,132644864,tensor_2d_length,tensor_2d_length_u8_row64,tensor_2d_length_s2g_u8_row64_b12800,tensor,s2g,u8,8,2,12800,12800,0,aligned128,contiguous,none,none,zero,none,direct,low,0,686,4480.000,0,ok,tmau_cold_first_use_l2_hot,l2_hot,0x0000000000000000,0x00002b10ed095000,0x0000000000000000,0x4e650cad84bd57dc,0,ld.global.cg,0,cold
NVIDIA B200,10.0,132644864,tensor_2d_length,tensor_2d_length_u8_row64,tensor_2d_length_s2g_u8_row64_b12800,tensor,s2g,u8,8,2,12800,12800,0,aligned128,contiguous,none,none,zero,none,direct,low,1,445,4480.000,0,ok,tmau_hot_reuse,l2_hot,0x0000000000000000,0x00002b10ed095000,0x0000000000000000,0x4e650cad84bd57dc,1,ld.global.cg,0,hot
NVIDIA B200,10.0,132644864,tensor_2d_length,tensor_2d_length_u8_row64,tensor_2d_length_s2g_u8_row64_b13312,tensor,s2g,u8,8,2,13312,13312,0,aligned128,contiguous,none,none,zero,none,direct,low,0,728,4512.000,0,ok,tmau_cold_first_use_l2_hot,l2_hot,0x0000000000000000,0x00002b10ed096000,0x0000000000000000,0x9d85a96557a06130,0,ld.global.cg,0,cold
NVIDIA B200,10.0,132644864,tensor_2d_length,tensor_2d_length_u8_row64,tensor_2d_length_s2g_u8_row64_b13312,tensor,s2g,u8,8,2,13312,13312,0,aligned128,contiguous,none,none,zero,none,direct,low,1,461,4512.000,0,ok,tmau_hot_reuse,l2_hot,0x0000000000000000,0x00002b10ed096000,0x0000000000000000,0x9d85a96557a06130,1,ld.global.cg,0,hot
NVIDIA B200,10.0,132644864,tensor_2d_length,tensor_2d_length_u8_row64,tensor_2d_length_s2g_u8_row64_b13824,tensor,s2g,u8,8,2,13824,13824,0,aligned128,contiguous,none,none,zero,none,direct,low,0,744,4608.000,0,ok,tmau_cold_first_use_l2_hot,l2_hot,0x0000000000000000,0x00002b10ed097000,0x0000000000000000,0x4b67d2251f72b29a,0,ld.global.cg,0,cold
NVIDIA B200,10.0,132644864,tensor_2d_length,tensor_2d_length_u8_row64,tensor_2d_length_s2g_u8_row64_b13824,tensor,s2g,u8,8,2,13824,13824,0,aligned128,contiguous,none,none,zero,none,direct,low,1,477,4608.000,0,ok,tmau_hot_reuse,l2_hot,0x0000000000000000,0x00002b10ed097000,0x0000000000000000,0x4b67d2251f72b29a,1,ld.global.cg,0,hot
NVIDIA B200,10.0,132644864,tensor_2d_length,tensor_2d_length_u8_row64,tensor_2d_length_s2g_u8_row64_b14336,tensor,s2g,u8,8,2,14336,14336,0,aligned128,contiguous,none,none,zero,none,direct,low,0,755,4704.000,0,ok,tmau_cold_first_use_l2_hot,l2_hot,0x0000000000000000,0x00002b10ed098000,0x0000000000000000,0x42b46608bd8bd1c3,0,ld.global.cg,0,cold
NVIDIA B200,10.0,132644864,tensor_2d_length,tensor_2d_length_u8_row64,tensor_2d_length_s2g_u8_row64_b14336,tensor,s2g,u8,8,2,14336,14336,0,aligned128,contiguous,none,none,zero,none,direct,low,1,493,4704.000,0,ok,tmau_hot_reuse,l2_hot,0x0000000000000000,0x00002b10ed098000,0x0000000000000000,0x42b46608bd8bd1c3,1,ld.global.cg,0,hot
NVIDIA B200,10.0,132644864,tensor_2d_length,tensor_2d_length_u8_row64,tensor_2d_length_s2g_u8_row64_b14848,tensor,s2g,u8,8,2,14848,14848,0,aligned128,contiguous,none,none,zero,none,direct,low,0,784,5296.000,0,ok,tmau_cold_first_use_l2_hot,l2_hot,0x0000000000000000,0x00002b10ed099000,0x0000000000000000,0x88106b8a37ff8af1,0,ld.global.cg,0,cold
NVIDIA B200,10.0,132644864,tensor_2d_length,tensor_2d_length_u8_row64,tensor_2d_length_s2g_u8_row64_b14848,tensor,s2g,u8,8,2,14848,14848,0,aligned128,contiguous,none,none,zero,none,direct,low,1,509,5296.000,0,ok,tmau_hot_reuse,l2_hot,0x0000000000000000,0x00002b10ed099000,0x0000000000000000,0x88106b8a37ff8af1,1,ld.global.cg,0,hot
NVIDIA B200,10.0,132644864,tensor_2d_length,tensor_2d_length_u8_row64,tensor_2d_length_s2g_u8_row64_b15360,tensor,s2g,u8,8,2,15360,15360,0,aligned128,contiguous,none,none,zero,none,direct,low,0,790,5136.000,0,ok,tmau_cold_first_use_l2_hot,l2_hot,0x0000000000000000,0x00002b10ed09a000,0x0000000000000000,0xd06bd57fa6352ea1,0,ld.global.cg,0,cold
NVIDIA B200,10.0,132644864,tensor_2d_length,tensor_2d_length_u8_row64,tensor_2d_length_s2g_u8_row64_b15360,tensor,s2g,u8,8,2,15360,15360,0,aligned128,contiguous,none,none,zero,none,direct,low,1,525,5136.000,0,ok,tmau_hot_reuse,l2_hot,0x0000000000000000,0x00002b10ed09a000,0x0000000000000000,0xd06bd57fa6352ea1,1,ld.global.cg,0,hot
NVIDIA B200,10.0,132644864,tensor_2d_length,tensor_2d_length_u8_row64,tensor_2d_length_s2g_u8_row64_b15872,tensor,s2g,u8,8,2,15872,15872,0,aligned128,contiguous,none,none,zero,none,direct,low,0,792,5568.000,0,ok,tmau_cold_first_use_l2_hot,l2_hot,0x0000000000000000,0x00002b10ed09b000,0x0000000000000000,0x18a47b8375235587,0,ld.global.cg,0,cold
NVIDIA B200,10.0,132644864,tensor_2d_length,tensor_2d_length_u8_row64,tensor_2d_length_s2g_u8_row64_b15872,tensor,s2g,u8,8,2,15872,15872,0,aligned128,contiguous,none,none,zero,none,direct,low,1,541,5568.000,0,ok,tmau_hot_reuse,l2_hot,0x0000000000000000,0x00002b10ed09b000,0x0000000000000000,0x18a47b8375235587,1,ld.global.cg,0,hot
NVIDIA B200,10.0,132644864,tensor_2d_length,tensor_2d_length_u8_row64,tensor_2d_length_s2g_u8_row64_b16320,tensor,s2g,u8,8,2,16320,16320,0,aligned128,contiguous,none,none,zero,none,direct,low,0,826,5248.000,0,ok,tmau_cold_first_use_l2_hot,l2_hot,0x0000000000000000,0x00002b10ed09c000,0x0000000000000000,0x6d72833e5ff41399,0,ld.global.cg,0,cold
NVIDIA B200,10.0,132644864,tensor_2d_length,tensor_2d_length_u8_row64,tensor_2d_length_s2g_u8_row64_b16320,tensor,s2g,u8,8,2,16320,16320,0,aligned128,contiguous,none,none,zero,none,direct,low,1,555,5248.000,0,ok,tmau_hot_reuse,l2_hot,0x0000000000000000,0x00002b10ed09c000,0x0000000000000000,0x6d72833e5ff41399,1,ld.global.cg,0,hot
NVIDIA B200,10.0,132644864,tensor_2d_length,tensor_2d_length_u8_row64,tensor_2d_length_s2g_u8_row64_b16384,tensor,s2g,u8,8,2,16384,16384,0,aligned128,contiguous,none,none,zero,none,direct,low,0,812,5664.000,0,ok,tmau_cold_first_use_l2_hot,l2_hot,0x0000000000000000,0x00002b10ed09d000,0x0000000000000000,0xd67e9ef8f99e843c,0,ld.global.cg,0,cold
NVIDIA B200,10.0,132644864,tensor_2d_length,tensor_2d_length_u8_row64,tensor_2d_length_s2g_u8_row64_b16384,tensor,s2g,u8,8,2,16384,16384,0,aligned128,contiguous,none,none,zero,none,direct,low,1,557,5664.000,0,ok,tmau_hot_reuse,l2_hot,0x0000000000000000,0x00002b10ed09d000,0x0000000000000000,0xd67e9ef8f99e843c,1,ld.global.cg,0,hot
NVIDIA B200,10.0,132644864,tensor_2d_length,tensor_2d_length_u8_row128,tensor_2d_length_s2g_u8_row128_b128,tensor,s2g,u8,8,2,128,128,0,aligned128,contiguous,none,none,zero,none,direct,low,0,311,3312.000,0,ok,tmau_cold_first_use_l2_hot,l2_hot,0x0000000000000000,0x00002b10ed09e000,0x0000000000000000,0xe918d1dd20b0ad44,0,ld.global.cg,0,cold
NVIDIA B200,10.0,132644864,tensor_2d_length,tensor_2d_length_u8_row128,tensor_2d_length_s2g_u8_row128_b128,tensor,s2g,u8,8,2,128,128,0,aligned128,contiguous,none,none,zero,none,direct,low,1,51,3312.000,0,ok,tmau_hot_reuse,l2_hot,0x0000000000000000,0x00002b10ed09e000,0x0000000000000000,0xe918d1dd20b0ad44,1,ld.global.cg,0,hot
NVIDIA B200,10.0,132644864,tensor_2d_length,tensor_2d_length_u8_row128,tensor_2d_length_s2g_u8_row128_b256,tensor,s2g,u8,8,2,256,256,0,aligned128,contiguous,none,none,zero,none,direct,low,0,299,2880.000,0,ok,tmau_cold_first_use_l2_hot,l2_hot,0x0000000000000000,0x00002b10ed09f000,0x0000000000000000,0x1000cc872e22258f,0,ld.global.cg,0,cold
NVIDIA B200,10.0,132644864,tensor_2d_length,tensor_2d_length_u8_row128,tensor_2d_length_s2g_u8_row128_b256,tensor,s2g,u8,8,2,256,256,0,aligned128,contiguous,none,none,zero,none,direct,low,1,55,2880.000,0,ok,tmau_hot_reuse,l2_hot,0x0000000000000000,0x00002b10ed09f000,0x0000000000000000,0x1000cc872e22258f,1,ld.global.cg,0,hot
NVIDIA B200,10.0,132644864,tensor_2d_length,tensor_2d_length_u8_row128,tensor_2d_length_s2g_u8_row128_b512,tensor,s2g,u8,8,2,512,512,0,aligned128,contiguous,none,none,zero,none,direct,low,0,310,3424.000,0,ok,tmau_cold_first_use_l2_hot,l2_hot,0x0000000000000000,0x00002b10ed0a0000,0x0000000000000000,0x966f6143af8ed83f,0,ld.global.cg,0,cold
NVIDIA B200,10.0,132644864,tensor_2d_length,tensor_2d_length_u8_row128,tensor_2d_length_s2g_u8_row128_b512,tensor,s2g,u8,8,2,512,512,0,aligned128,contiguous,none,none,zero,none,direct,low,1,63,3424.000,0,ok,tmau_hot_reuse,l2_hot,0x0000000000000000,0x00002b10ed0a0000,0x0000000000000000,0x966f6143af8ed83f,1,ld.global.cg,0,hot
NVIDIA B200,10.0,132644864,tensor_2d_length,tensor_2d_length_u8_row128,tensor_2d_length_s2g_u8_row128_b1024,tensor,s2g,u8,8,2,1024,1024,0,aligned128,contiguous,none,none,zero,none,direct,low,0,344,2640.000,0,ok,tmau_cold_first_use_l2_hot,l2_hot,0x0000000000000000,0x00002b10ed0a1000,0x0000000000000000,0xa5df28a665a4c36f,0,ld.global.cg,0,cold
NVIDIA B200,10.0,132644864,tensor_2d_length,tensor_2d_length_u8_row128,tensor_2d_length_s2g_u8_row128_b1024,tensor,s2g,u8,8,2,1024,1024,0,aligned128,contiguous,none,none,zero,none,direct,low,1,79,2640.000,0,ok,tmau_hot_reuse,l2_hot,0x0000000000000000,0x00002b10ed0a1000,0x0000000000000000,0xa5df28a665a4c36f,1,ld.global.cg,0,hot
NVIDIA B200,10.0,132644864,tensor_2d_length,tensor_2d_length_u8_row128,tensor_2d_length_s2g_u8_row128_b2048,tensor,s2g,u8,8,2,2048,2048,0,aligned128,contiguous,none,none,zero,none,direct,low,0,366,3424.000,0,ok,tmau_cold_first_use_l2_hot,l2_hot,0x0000000000000000,0x00002b10ed0a2000,0x0000000000000000,0x5dd012099dba588f,0,ld.global.cg,0,cold
NVIDIA B200,10.0,132644864,tensor_2d_length,tensor_2d_length_u8_row128,tensor_2d_length_s2g_u8_row128_b2048,tensor,s2g,u8,8,2,2048,2048,0,aligned128,contiguous,none,none,zero,none,direct,low,1,111,3424.000,0,ok,tmau_hot_reuse,l2_hot,0x0000000000000000,0x00002b10ed0a2000,0x0000000000000000,0x5dd012099dba588f,1,ld.global.cg,0,hot
NVIDIA B200,10.0,132644864,tensor_2d_length,tensor_2d_length_u8_row128,tensor_2d_length_s2g_u8_row128_b4096,tensor,s2g,u8,8,2,4096,4096,0,aligned128,contiguous,none,none,zero,none,direct,low,0,457,3200.000,0,ok,tmau_cold_first_use_l2_hot,l2_hot,0x0000000000000000,0x00002b10ed0a3000,0x0000000000000000,0x27055ae84227032f,0,ld.global.cg,0,cold
NVIDIA B200,10.0,132644864,tensor_2d_length,tensor_2d_length_u8_row128,tensor_2d_length_s2g_u8_row128_b4096,tensor,s2g,u8,8,2,4096,4096,0,aligned128,contiguous,none,none,zero,none,direct,low,1,175,3200.000,0,ok,tmau_hot_reuse,l2_hot,0x0000000000000000,0x00002b10ed0a3000,0x0000000000000000,0x27055ae84227032f,1,ld.global.cg,0,hot
NVIDIA B200,10.0,132644864,tensor_2d_length,tensor_2d_length_u8_row128,tensor_2d_length_s2g_u8_row128_b8192,tensor,s2g,u8,8,2,8192,8192,0,aligned128,contiguous,none,none,zero,none,direct,low,0,589,4224.000,0,ok,tmau_cold_first_use_l2_hot,l2_hot,0x0000000000000000,0x00002b10ed0a4000,0x0000000000000000,0xffbccf0daddc5caf,0,ld.global.cg,0,cold
NVIDIA B200,10.0,132644864,tensor_2d_length,tensor_2d_length_u8_row128,tensor_2d_length_s2g_u8_row128_b8192,tensor,s2g,u8,8,2,8192,8192,0,aligned128,contiguous,none,none,zero,none,direct,low,1,303,4224.000,0,ok,tmau_hot_reuse,l2_hot,0x0000000000000000,0x00002b10ed0a4000,0x0000000000000000,0xffbccf0daddc5caf,1,ld.global.cg,0,hot
NVIDIA B200,10.0,132644864,tensor_2d_length,tensor_2d_length_u8_row128,tensor_2d_length_s2g_u8_row128_b16256,tensor,s2g,u8,8,2,16256,16256,0,aligned128,contiguous,none,none,zero,none,direct,low,0,833,5664.000,0,ok,tmau_cold_first_use_l2_hot,l2_hot,0x0000000000000000,0x00002b10ed0a5000,0x0000000000000000,0xbceb264b32f50386,0,ld.global.cg,0,cold
NVIDIA B200,10.0,132644864,tensor_2d_length,tensor_2d_length_u8_row128,tensor_2d_length_s2g_u8_row128_b16256,tensor,s2g,u8,8,2,16256,16256,0,aligned128,contiguous,none,none,zero,none,direct,low,1,555,5664.000,0,ok,tmau_hot_reuse,l2_hot,0x0000000000000000,0x00002b10ed0a5000,0x0000000000000000,0xbceb264b32f50386,1,ld.global.cg,0,hot
NVIDIA B200,10.0,132644864,tensor_2d_length,tensor_2d_length_u8_row128,tensor_2d_length_s2g_u8_row128_b16384,tensor,s2g,u8,8,2,16384,16384,0,aligned128,contiguous,none,none,zero,none,direct,low,0,810,5760.000,0,ok,tmau_cold_first_use_l2_hot,l2_hot,0x0000000000000000,0x00002b10ed0a6000,0x0000000000000000,0x3d8230679600dda2,0,ld.global.cg,0,cold
NVIDIA B200,10.0,132644864,tensor_2d_length,tensor_2d_length_u8_row128,tensor_2d_length_s2g_u8_row128_b16384,tensor,s2g,u8,8,2,16384,16384,0,aligned128,contiguous,none,none,zero,none,direct,low,1,559,5760.000,0,ok,tmau_hot_reuse,l2_hot,0x0000000000000000,0x00002b10ed0a6000,0x0000000000000000,0x3d8230679600dda2,1,ld.global.cg,0,hot
NVIDIA B200,10.0,132644864,tensor_2d_length,tensor_2d_length_u8_row128,tensor_2d_length_s2g_u8_row128_b16512,tensor,s2g,u8,8,2,16512,16512,0,aligned128,contiguous,none,none,zero,none,direct,low,0,830,5472.000,0,ok,tmau_cold_first_use_l2_hot,l2_hot,0x0000000000000000,0x00002b10ed0a7000,0x0000000000000000,0x4973a4f0c3407cce,0,ld.global.cg,0,cold
NVIDIA B200,10.0,132644864,tensor_2d_length,tensor_2d_length_u8_row128,tensor_2d_length_s2g_u8_row128_b16512,tensor,s2g,u8,8,2,16512,16512,0,aligned128,contiguous,none,none,zero,none,direct,low,1,563,5472.000,0,ok,tmau_hot_reuse,l2_hot,0x0000000000000000,0x00002b10ed0a7000,0x0000000000000000,0x4973a4f0c3407cce,1,ld.global.cg,0,hot
NVIDIA B200,10.0,132644864,tensor_2d_length,tensor_2d_length_u8_row128,tensor_2d_length_s2g_u8_row128_b17408,tensor,s2g,u8,8,2,17408,17408,0,aligned128,contiguous,none,none,zero,none,direct,low,0,835,5632.000,0,ok,tmau_cold_first_use_l2_hot,l2_hot,0x0000000000000000,0x00002b10ed0a8000,0x0000000000000000,0x85f9e8e48ed2fbf6,0,ld.global.cg,0,cold
NVIDIA B200,10.0,132644864,tensor_2d_length,tensor_2d_length_u8_row128,tensor_2d_length_s2g_u8_row128_b17408,tensor,s2g,u8,8,2,17408,17408,0,aligned128,contiguous,none,none,zero,none,direct,low,1,591,5632.000,0,ok,tmau_hot_reuse,l2_hot,0x0000000000000000,0x00002b10ed0a8000,0x0000000000000000,0x85f9e8e48ed2fbf6,1,ld.global.cg,0,hot
NVIDIA B200,10.0,132644864,tensor_2d_length,tensor_2d_length_u8_row128,tensor_2d_length_s2g_u8_row128_b18432,tensor,s2g,u8,8,2,18432,18432,0,aligned128,contiguous,none,none,zero,none,direct,low,0,917,5280.000,0,ok,tmau_cold_first_use_l2_hot,l2_hot,0x0000000000000000,0x00002b10ed0a9000,0x0000000000000000,0x5917165dc0cc884e,0,ld.global.cg,0,cold
NVIDIA B200,10.0,132644864,tensor_2d_length,tensor_2d_length_u8_row128,tensor_2d_length_s2g_u8_row128_b18432,tensor,s2g,u8,8,2,18432,18432,0,aligned128,contiguous,none,none,zero,none,direct,low,1,623,5280.000,0,ok,tmau_hot_reuse,l2_hot,0x0000000000000000,0x00002b10ed0a9000,0x0000000000000000,0x5917165dc0cc884e,1,ld.global.cg,0,hot
NVIDIA B200,10.0,132644864,tensor_2d_length,tensor_2d_length_u8_row128,tensor_2d_length_s2g_u8_row128_b20480,tensor,s2g,u8,8,2,20480,20480,0,aligned128,contiguous,none,none,zero,none,direct,low,0,959,5728.000,0,ok,tmau_cold_first_use_l2_hot,l2_hot,0x0000000000000000,0x00002b10ed0aa000,0x0000000000000000,0x108419aec4717ef1,0,ld.global.cg,0,cold
NVIDIA B200,10.0,132644864,tensor_2d_length,tensor_2d_length_u8_row128,tensor_2d_length_s2g_u8_row128_b20480,tensor,s2g,u8,8,2,20480,20480,0,aligned128,contiguous,none,none,zero,none,direct,low,1,687,5728.000,0,ok,tmau_hot_reuse,l2_hot,0x0000000000000000,0x00002b10ed0aa000,0x0000000000000000,0x108419aec4717ef1,1,ld.global.cg,0,hot
NVIDIA B200,10.0,132644864,tensor_2d_length,tensor_2d_length_u8_row128,tensor_2d_length_s2g_u8_row128_b22528,tensor,s2g,u8,8,2,22528,22528,0,aligned128,contiguous,none,none,zero,none,direct,low,0,1012,5760.000,0,ok,tmau_cold_first_use_l2_hot,l2_hot,0x0000000000000000,0x00002b10ed0ab000,0x0000000000000000,0xc641c1dbcb0b5939,0,ld.global.cg,0,cold
NVIDIA B200,10.0,132644864,tensor_2d_length,tensor_2d_length_u8_row128,tensor_2d_length_s2g_u8_row128_b22528,tensor,s2g,u8,8,2,22528,22528,0,aligned128,contiguous,none,none,zero,none,direct,low,1,751,5760.000,0,ok,tmau_hot_reuse,l2_hot,0x0000000000000000,0x00002b10ed0ab000,0x0000000000000000,0xc641c1dbcb0b5939,1,ld.global.cg,0,hot
NVIDIA B200,10.0,132644864,tensor_2d_length,tensor_2d_length_u8_row128,tensor_2d_length_s2g_u8_row128_b24576,tensor,s2g,u8,8,2,24576,24576,0,aligned128,contiguous,none,none,zero,none,direct,low,0,1084,6784.000,0,ok,tmau_cold_first_use_l2_hot,l2_hot,0x0000000000000000,0x00002b10ed0ac000,0x0000000000000000,0x1c0b395b86e62929,0,ld.global.cg,0,cold
NVIDIA B200,10.0,132644864,tensor_2d_length,tensor_2d_length_u8_row128,tensor_2d_length_s2g_u8_row128_b24576,tensor,s2g,u8,8,2,24576,24576,0,aligned128,contiguous,none,none,zero,none,direct,low,1,815,6784.000,0,ok,tmau_hot_reuse,l2_hot,0x0000000000000000,0x00002b10ed0ac000,0x0000000000000000,0x1c0b395b86e62929,1,ld.global.cg,0,hot
NVIDIA B200,10.0,132644864,tensor_2d_length,tensor_2d_length_u8_row128,tensor_2d_length_s2g_u8_row128_b28672,tensor,s2g,u8,8,2,28672,28672,0,aligned128,contiguous,none,none,zero,none,direct,low,0,1206,7488.000,0,ok,tmau_cold_first_use_l2_hot,l2_hot,0x0000000000000000,0x00002b10ed0ad000,0x0000000000000000,0x743434bed7ff133c,0,ld.global.cg,0,cold
NVIDIA B200,10.0,132644864,tensor_2d_length,tensor_2d_length_u8_row128,tensor_2d_length_s2g_u8_row128_b28672,tensor,s2g,u8,8,2,28672,28672,0,aligned128,contiguous,none,none,zero,none,direct,low,1,943,7488.000,0,ok,tmau_hot_reuse,l2_hot,0x0000000000000000,0x00002b10ed0ad000,0x0000000000000000,0x743434bed7ff133c,1,ld.global.cg,0,hot
NVIDIA B200,10.0,132644864,tensor_2d_length,tensor_2d_length_u8_row128,tensor_2d_length_s2g_u8_row128_b32768,tensor,s2g,u8,8,2,32768,32768,0,aligned128,contiguous,none,none,zero,none,direct,low,0,1316,7728.000,0,ok,tmau_cold_first_use_l2_hot,l2_hot,0x0000000000000000,0x00002b10ed0ae000,0x0000000000000000,0x75fb0e6a7a6096dc,0,ld.global.cg,0,cold
NVIDIA B200,10.0,132644864,tensor_2d_length,tensor_2d_length_u8_row128,tensor_2d_length_s2g_u8_row128_b32768,tensor,s2g,u8,8,2,32768,32768,0,aligned128,contiguous,none,none,zero,none,direct,low,1,1071,7728.000,0,ok,tmau_hot_reuse,l2_hot,0x0000000000000000,0x00002b10ed0ae000,0x0000000000000000,0x75fb0e6a7a6096dc,1,ld.global.cg,0,hot
NVIDIA B200,10.0,132644864,tensor_2d_length,tensor_2d_length_u16_row32,tensor_2d_length_s2g_u16_row32_b128,tensor,s2g,u16,16,2,128,128,0,aligned128,contiguous,none,none,zero,none,direct,low,0,331,2448.000,0,ok,tmau_cold_first_use_l2_hot,l2_hot,0x0000000000000000,0x00002b10ed0af000,0x0000000000000000,0x23e201e58b8c2239,0,ld.global.cg,0,cold
NVIDIA B200,10.0,132644864,tensor_2d_length,tensor_2d_length_u16_row32,tensor_2d_length_s2g_u16_row32_b128,tensor,s2g,u16,16,2,128,128,0,aligned128,contiguous,none,none,zero,none,direct,low,1,48,2448.000,0,ok,tmau_hot_reuse,l2_hot,0x0000000000000000,0x00002b10ed0af000,0x0000000000000000,0x23e201e58b8c2239,1,ld.global.cg,0,hot
NVIDIA B200,10.0,132644864,tensor_2d_length,tensor_2d_length_u16_row32,tensor_2d_length_s2g_u16_row32_b256,tensor,s2g,u16,16,2,256,256,0,aligned128,contiguous,none,none,zero,none,direct,low,0,331,3232.000,0,ok,tmau_cold_first_use_l2_hot,l2_hot,0x0000000000000000,0x00002b10ed0b0000,0x0000000000000000,0xc4cee1bc22c191c9,0,ld.global.cg,0,cold
NVIDIA B200,10.0,132644864,tensor_2d_length,tensor_2d_length_u16_row32,tensor_2d_length_s2g_u16_row32_b256,tensor,s2g,u16,16,2,256,256,0,aligned128,contiguous,none,none,zero,none,direct,low,1,52,3232.000,0,ok,tmau_hot_reuse,l2_hot,0x0000000000000000,0x00002b10ed0b0000,0x0000000000000000,0xc4cee1bc22c191c9,1,ld.global.cg,0,hot
NVIDIA B200,10.0,132644864,tensor_2d_length,tensor_2d_length_u16_row32,tensor_2d_length_s2g_u16_row32_b1024,tensor,s2g,u16,16,2,1024,1024,0,aligned128,contiguous,none,none,zero,none,direct,low,0,330,2576.000,0,ok,tmau_cold_first_use_l2_hot,l2_hot,0x0000000000000000,0x00002b10ed0b1000,0x0000000000000000,0x475ef74502c6fe7f,0,ld.global.cg,0,cold
NVIDIA B200,10.0,132644864,tensor_2d_length,tensor_2d_length_u16_row32,tensor_2d_length_s2g_u16_row32_b1024,tensor,s2g,u16,16,2,1024,1024,0,aligned128,contiguous,none,none,zero,none,direct,low,1,76,2576.000,0,ok,tmau_hot_reuse,l2_hot,0x0000000000000000,0x00002b10ed0b1000,0x0000000000000000,0x475ef74502c6fe7f,1,ld.global.cg,0,hot
NVIDIA B200,10.0,132644864,tensor_2d_length,tensor_2d_length_u16_row32,tensor_2d_length_s2g_u16_row32_b4096,tensor,s2g,u16,16,2,4096,4096,0,aligned128,contiguous,none,none,zero,none,direct,low,0,439,3424.000,0,ok,tmau_cold_first_use_l2_hot,l2_hot,0x0000000000000000,0x00002b10ed0b2000,0x0000000000000000,0x23c8c73c3f3b628f,0,ld.global.cg,0,cold
NVIDIA B200,10.0,132644864,tensor_2d_length,tensor_2d_length_u16_row32,tensor_2d_length_s2g_u16_row32_b4096,tensor,s2g,u16,16,2,4096,4096,0,aligned128,contiguous,none,none,zero,none,direct,low,1,172,3424.000,0,ok,tmau_hot_reuse,l2_hot,0x0000000000000000,0x00002b10ed0b2000,0x0000000000000000,0x23c8c73c3f3b628f,1,ld.global.cg,0,hot
NVIDIA B200,10.0,132644864,tensor_2d_length,tensor_2d_length_u16_row32,tensor_2d_length_s2g_u16_row32_b8192,tensor,s2g,u16,16,2,8192,8192,0,aligned128,contiguous,none,none,zero,none,direct,low,0,572,4368.000,0,ok,tmau_cold_first_use_l2_hot,l2_hot,0x0000000000000000,0x00002b10ed0b3000,0x0000000000000000,0x8b2da3f428716e0f,0,ld.global.cg,0,cold
NVIDIA B200,10.0,132644864,tensor_2d_length,tensor_2d_length_u16_row32,tensor_2d_length_s2g_u16_row32_b8192,tensor,s2g,u16,16,2,8192,8192,0,aligned128,contiguous,none,none,zero,none,direct,low,1,300,4368.000,0,ok,tmau_hot_reuse,l2_hot,0x0000000000000000,0x00002b10ed0b3000,0x0000000000000000,0x8b2da3f428716e0f,1,ld.global.cg,0,hot
NVIDIA B200,10.0,132644864,tensor_2d_length,tensor_2d_length_u16_row128,tensor_2d_length_s2g_u16_row128_b16384,tensor,s2g,u16,16,2,16384,16384,0,aligned128,contiguous,none,none,zero,none,direct,low,0,828,5424.000,0,ok,tmau_cold_first_use_l2_hot,l2_hot,0x0000000000000000,0x00002b10ed0b4000,0x0000000000000000,0xe80ff9fdb4360209,0,ld.global.cg,0,cold
NVIDIA B200,10.0,132644864,tensor_2d_length,tensor_2d_length_u16_row128,tensor_2d_length_s2g_u16_row128_b16384,tensor,s2g,u16,16,2,16384,16384,0,aligned128,contiguous,none,none,zero,none,direct,low,1,559,5424.000,0,ok,tmau_hot_reuse,l2_hot,0x0000000000000000,0x00002b10ed0b4000,0x0000000000000000,0xe80ff9fdb4360209,1,ld.global.cg,0,hot
NVIDIA B200,10.0,132644864,tensor_2d_length,tensor_2d_length_u16_row128,tensor_2d_length_s2g_u16_row128_b32768,tensor,s2g,u16,16,2,32768,32768,0,aligned128,contiguous,none,none,zero,none,direct,low,0,1325,7488.000,0,ok,tmau_cold_first_use_l2_hot,l2_hot,0x0000000000000000,0x00002b10ed0b5000,0x0000000000000000,0xbfd069eecd680809,0,ld.global.cg,0,cold
NVIDIA B200,10.0,132644864,tensor_2d_length,tensor_2d_length_u16_row128,tensor_2d_length_s2g_u16_row128_b32768,tensor,s2g,u16,16,2,32768,32768,0,aligned128,contiguous,none,none,zero,none,direct,low,1,1071,7488.000,0,ok,tmau_hot_reuse,l2_hot,0x0000000000000000,0x00002b10ed0b5000,0x0000000000000000,0xbfd069eecd680809,1,ld.global.cg,0,hot
