direction,project,family,base_case_id,path,logical_bytes,descriptor_state,dtype,rank,wait_method,measurement_semantics,h100_suite_version,h100_run_id,h100_raw_file,h100_repeat0_probe_instruction_cycles_median,h100_repeat0_probe_begin_step_median,h100_repeat0_last_false_probe_begin,h100_repeat0_first_true_probe_end,h100_repeat0_cycles,h100_repeat0_uncertainty,h100_repeat0_crossed_samples,h100_repeat1_probe_instruction_cycles_median,h100_repeat1_probe_begin_step_median,h100_repeat1_last_false_probe_begin,h100_repeat1_first_true_probe_end,h100_repeat1_cycles,h100_repeat1_uncertainty,h100_repeat1_crossed_samples,h100_completion_cycles,h100_uncertainty_cycles,b200_suite_version,b200_run_id,b200_raw_file,b200_repeat0_probe_instruction_cycles_median,b200_repeat0_probe_begin_step_median,b200_repeat0_last_false_probe_begin,b200_repeat0_first_true_probe_end,b200_repeat0_cycles,b200_repeat0_uncertainty,b200_repeat0_crossed_samples,b200_repeat1_probe_instruction_cycles_median,b200_repeat1_probe_begin_step_median,b200_repeat1_last_false_probe_begin,b200_repeat1_first_true_probe_end,b200_repeat1_cycles,b200_repeat1_uncertainty,b200_repeat1_crossed_samples,b200_completion_cycles,b200_uncertainty_cycles
g2s,common,base_alignment,bulk_base_g2s_mod128_0,bulk,4096,not_applicable,u8,2,single_test_wait_cold_then_hot_v12,separate_midpoint_values_for_same_map_cold_then_hot_pair,v12,20260804T170423Z__v12__098f05f72cb2,data/h100/cuda-13.3-sm90/single_instruction/completion_latency/bulk-tensor__g2s__fresh-map-common/20260804T170423Z__v12__098f05f72cb2/attempt_shard_02.csv.gz,8.0,4,300,312,306,6,1,8.0,4,300,312,306,6,1,306,6,v12,20260804T171022Z__v12__800d55d8c780,data/b200/cuda-13.3-sm100/single_instruction/completion_latency/bulk-tensor__g2s__fresh-map-common/20260804T171022Z__v12__800d55d8c780/attempt_shard_02.csv.gz,21.0,3,367,390,379,12,3,21.0,3,358,382,370,12,1,375,12
g2s,common,base_alignment,bulk_base_g2s_mod128_112,bulk,4096,not_applicable,u8,2,single_test_wait_cold_then_hot_v12,separate_midpoint_values_for_same_map_cold_then_hot_pair,v12,20260804T170423Z__v12__098f05f72cb2,data/h100/cuda-13.3-sm90/single_instruction/completion_latency/bulk-tensor__g2s__fresh-map-common/20260804T170423Z__v12__098f05f72cb2/attempt_shard_06.csv.gz,8.0,4,371,380,376,5,2,8.0,4,362,375,369,7,2,373,7,v12,20260804T171022Z__v12__800d55d8c780,data/b200/cuda-13.3-sm100/single_instruction/completion_latency/bulk-tensor__g2s__fresh-map-common/20260804T171022Z__v12__800d55d8c780/attempt_shard_06.csv.gz,21.0,3,382,406,394,12,1,21.0,3,382,411,397,15,3,396,15
g2s,common,base_alignment,bulk_base_g2s_mod128_16,bulk,4096,not_applicable,u8,2,single_test_wait_cold_then_hot_v12,separate_midpoint_values_for_same_map_cold_then_hot_pair,v12,20260804T170423Z__v12__098f05f72cb2,data/h100/cuda-13.3-sm90/single_instruction/completion_latency/bulk-tensor__g2s__fresh-map-common/20260804T170423Z__v12__098f05f72cb2/attempt_shard_03.csv.gz,8.0,4,779,788,784,5,35,8.0,4,362,375,369,7,0,577,7,v12,20260804T171022Z__v12__800d55d8c780,data/b200/cuda-13.3-sm100/single_instruction/completion_latency/bulk-tensor__g2s__fresh-map-common/20260804T171022Z__v12__800d55d8c780/attempt_shard_03.csv.gz,21.0,3,969,991,980,11,52,21.0,3,367,390,379,12,4,680,12
g2s,common,base_alignment,bulk_base_g2s_mod128_32,bulk,4096,not_applicable,u8,2,single_test_wait_cold_then_hot_v12,separate_midpoint_values_for_same_map_cold_then_hot_pair,v12,20260804T170423Z__v12__098f05f72cb2,data/h100/cuda-13.3-sm90/single_instruction/completion_latency/bulk-tensor__g2s__fresh-map-common/20260804T170423Z__v12__098f05f72cb2/attempt_shard_04.csv.gz,8.0,4,329,341,335,6,0,8.0,4,329,341,335,6,1,335,6,v12,20260804T171022Z__v12__800d55d8c780,data/b200/cuda-13.3-sm100/single_instruction/completion_latency/bulk-tensor__g2s__fresh-map-common/20260804T171022Z__v12__800d55d8c780/attempt_shard_04.csv.gz,21.0,3,376,400,388,12,4,21.0,3,367,390,379,12,3,384,12
g2s,common,base_alignment,bulk_base_g2s_mod128_64,bulk,4096,not_applicable,u8,2,single_test_wait_cold_then_hot_v12,separate_midpoint_values_for_same_map_cold_then_hot_pair,v12,20260804T170423Z__v12__098f05f72cb2,data/h100/cuda-13.3-sm90/single_instruction/completion_latency/bulk-tensor__g2s__fresh-map-common/20260804T170423Z__v12__098f05f72cb2/attempt_shard_05.csv.gz,8.0,4,319,331,325,6,2,8.0,4,321,331,326,5,2,326,6,v12,20260804T171022Z__v12__800d55d8c780,data/b200/cuda-13.3-sm100/single_instruction/completion_latency/bulk-tensor__g2s__fresh-map-common/20260804T171022Z__v12__800d55d8c780/attempt_shard_05.csv.gz,21.0,3,367,390,379,12,1,21.0,3,361,386,374,13,2,377,13
g2s,common,base_alignment,tensor_base_g2s_mod128_0,tensor,4096,tmau_first_use_l2_hot,u8,2,single_test_wait_cold_then_hot_v12,separate_midpoint_values_for_same_map_cold_then_hot_pair,v12,20260804T170423Z__v12__098f05f72cb2,data/h100/cuda-13.3-sm90/single_instruction/completion_latency/bulk-tensor__g2s__fresh-map-common/20260804T170423Z__v12__098f05f72cb2/attempt_shard_07.csv.gz,8.0,4,756,769,763,7,3,8.0,3,434,444,439,5,0,601,7,v12,20260804T171022Z__v12__800d55d8c780,data/b200/cuda-13.3-sm100/single_instruction/completion_latency/bulk-tensor__g2s__fresh-map-common/20260804T171022Z__v12__800d55d8c780/attempt_shard_07.csv.gz,21.0,4,851,875,863,12,4,21.0,3,492,515,504,12,2,684,12
g2s,common,base_alignment,tensor_base_g2s_mod128_112,tensor,4096,tmau_first_use_l2_hot,u8,2,single_test_wait_cold_then_hot_v12,separate_midpoint_values_for_same_map_cold_then_hot_pair,v12,20260804T170423Z__v12__098f05f72cb2,data/h100/cuda-13.3-sm90/single_instruction/completion_latency/bulk-tensor__g2s__fresh-map-common/20260804T170423Z__v12__098f05f72cb2/attempt_shard_07.csv.gz,8.0,3,823,836,830,7,2,8.0,3,496,511,504,8,1,667,8,v12,20260804T171022Z__v12__800d55d8c780,data/b200/cuda-13.3-sm100/single_instruction/completion_latency/bulk-tensor__g2s__fresh-map-common/20260804T171022Z__v12__800d55d8c780/attempt_shard_07.csv.gz,21.0,4,907,936,922,15,3,21.0,3,543,567,555,12,3,739,15
g2s,common,base_alignment,tensor_base_g2s_mod128_16,tensor,4096,tmau_first_use_l2_hot,u8,2,single_test_wait_cold_then_hot_v12,separate_midpoint_values_for_same_map_cold_then_hot_pair,v12,20260804T170423Z__v12__098f05f72cb2,data/h100/cuda-13.3-sm90/single_instruction/completion_latency/bulk-tensor__g2s__fresh-map-common/20260804T170423Z__v12__098f05f72cb2/attempt_shard_01.csv.gz,8.0,4,1227,1236,1232,5,35,8.0,3,491,504,498,7,2,865,7,v12,20260804T171022Z__v12__800d55d8c780,data/b200/cuda-13.3-sm100/single_instruction/completion_latency/bulk-tensor__g2s__fresh-map-common/20260804T171022Z__v12__800d55d8c780/attempt_shard_01.csv.gz,21.0,4,1499,1523,1511,12,58,21.0,3,551,580,566,15,4,1039,15
g2s,common,base_alignment,tensor_base_g2s_mod128_32,tensor,4096,tmau_first_use_l2_hot,u8,2,single_test_wait_cold_then_hot_v12,separate_midpoint_values_for_same_map_cold_then_hot_pair,v12,20260804T170423Z__v12__098f05f72cb2,data/h100/cuda-13.3-sm90/single_instruction/completion_latency/bulk-tensor__g2s__fresh-map-common/20260804T170423Z__v12__098f05f72cb2/attempt_shard_03.csv.gz,8.0,4,761,771,766,5,4,8.0,3,458,468,463,5,3,615,5,v12,20260804T171022Z__v12__800d55d8c780,data/b200/cuda-13.3-sm100/single_instruction/completion_latency/bulk-tensor__g2s__fresh-map-common/20260804T171022Z__v12__800d55d8c780/attempt_shard_03.csv.gz,21.0,4,875,899,887,12,1,21.0,3,511,533,522,11,2,705,12
g2s,common,base_alignment,tensor_base_g2s_mod128_64,tensor,4096,tmau_first_use_l2_hot,u8,2,single_test_wait_cold_then_hot_v12,separate_midpoint_values_for_same_map_cold_then_hot_pair,v12,20260804T170423Z__v12__098f05f72cb2,data/h100/cuda-13.3-sm90/single_instruction/completion_latency/bulk-tensor__g2s__fresh-map-common/20260804T170423Z__v12__098f05f72cb2/attempt_shard_05.csv.gz,8.0,4,775,788,782,7,7,8.0,3,443,456,450,7,3,616,7,v12,20260804T171022Z__v12__800d55d8c780,data/b200/cuda-13.3-sm100/single_instruction/completion_latency/bulk-tensor__g2s__fresh-map-common/20260804T171022Z__v12__800d55d8c780/attempt_shard_05.csv.gz,21.0,4,892,919,906,14,3,21.0,3,518,540,529,11,5,718,14
g2s,common,base_alignment,tensor_base_g2s_mod128_0,tensor,4096,tmau_prefetched_l2_hot,u8,2,single_test_wait_cold_then_hot_v12,separate_midpoint_values_for_same_map_cold_then_hot_pair,v12,20260804T170423Z__v12__098f05f72cb2,data/h100/cuda-13.3-sm90/single_instruction/completion_latency/bulk-tensor__g2s__fresh-map-common/20260804T170423Z__v12__098f05f72cb2/attempt_shard_00.csv.gz,8.0,4,505,514,510,5,1,8.0,3,440,452,446,6,1,478,6,v12,20260804T171022Z__v12__800d55d8c780,data/b200/cuda-13.3-sm100/single_instruction/completion_latency/bulk-tensor__g2s__fresh-map-common/20260804T171022Z__v12__800d55d8c780/attempt_shard_00.csv.gz,21.0,5,572,597,585,13,3,21.0,4,494,515,505,11,1,545,13
g2s,common,base_alignment,tensor_base_g2s_mod128_112,tensor,4096,tmau_prefetched_l2_hot,u8,2,single_test_wait_cold_then_hot_v12,separate_midpoint_values_for_same_map_cold_then_hot_pair,v12,20260804T170423Z__v12__098f05f72cb2,data/h100/cuda-13.3-sm90/single_instruction/completion_latency/bulk-tensor__g2s__fresh-map-common/20260804T170423Z__v12__098f05f72cb2/attempt_shard_00.csv.gz,8.0,4,564,577,571,7,2,8.0,3,485,495,490,5,0,531,7,v12,20260804T171022Z__v12__800d55d8c780,data/b200/cuda-13.3-sm100/single_instruction/completion_latency/bulk-tensor__g2s__fresh-map-common/20260804T171022Z__v12__800d55d8c780/attempt_shard_00.csv.gz,21.0,4,634,655,645,11,4,21.0,4,542,563,553,11,3,599,11
g2s,common,base_alignment,tensor_base_g2s_mod128_16,tensor,4096,tmau_prefetched_l2_hot,u8,2,single_test_wait_cold_then_hot_v12,separate_midpoint_values_for_same_map_cold_then_hot_pair,v12,20260804T170423Z__v12__098f05f72cb2,data/h100/cuda-13.3-sm90/single_instruction/completion_latency/bulk-tensor__g2s__fresh-map-common/20260804T170423Z__v12__098f05f72cb2/attempt_shard_02.csv.gz,8.0,4,1005,1017,1011,6,28,8.0,3,498,511,505,7,1,758,7,v12,20260804T171022Z__v12__800d55d8c780,data/b200/cuda-13.3-sm100/single_instruction/completion_latency/bulk-tensor__g2s__fresh-map-common/20260804T171022Z__v12__800d55d8c780/attempt_shard_02.csv.gz,21.0,5,1138,1159,1149,11,58,21.0,4,532,559,546,14,3,848,14
g2s,common,base_alignment,tensor_base_g2s_mod128_32,tensor,4096,tmau_prefetched_l2_hot,u8,2,single_test_wait_cold_then_hot_v12,separate_midpoint_values_for_same_map_cold_then_hot_pair,v12,20260804T170423Z__v12__098f05f72cb2,data/h100/cuda-13.3-sm90/single_instruction/completion_latency/bulk-tensor__g2s__fresh-map-common/20260804T170423Z__v12__098f05f72cb2/attempt_shard_04.csv.gz,8.0,4,534,547,541,7,0,8.0,3,459,469,464,5,1,503,7,v12,20260804T171022Z__v12__800d55d8c780,data/b200/cuda-13.3-sm100/single_instruction/completion_latency/bulk-tensor__g2s__fresh-map-common/20260804T171022Z__v12__800d55d8c780/attempt_shard_04.csv.gz,21.0,5,618,640,629,11,4,21.0,4,518,539,529,11,3,579,11
g2s,common,base_alignment,tensor_base_g2s_mod128_64,tensor,4096,tmau_prefetched_l2_hot,u8,2,single_test_wait_cold_then_hot_v12,separate_midpoint_values_for_same_map_cold_then_hot_pair,v12,20260804T170423Z__v12__098f05f72cb2,data/h100/cuda-13.3-sm90/single_instruction/completion_latency/bulk-tensor__g2s__fresh-map-common/20260804T170423Z__v12__098f05f72cb2/attempt_shard_06.csv.gz,8.0,4,540,553,547,7,1,8.0,3,461,471,466,5,0,507,7,v12,20260804T171022Z__v12__800d55d8c780,data/b200/cuda-13.3-sm100/single_instruction/completion_latency/bulk-tensor__g2s__fresh-map-common/20260804T171022Z__v12__800d55d8c780/attempt_shard_06.csv.gz,21.0,5,606,631,619,13,5,21.0,4,518,541,530,12,3,575,13
g2s,common,bulk_capacity,bulk_capacity_g2s_b16,bulk,16,not_applicable,u8,2,single_test_wait_cold_then_hot_v12,separate_midpoint_values_for_same_map_cold_then_hot_pair,v12,20260804T170423Z__v12__098f05f72cb2,data/h100/cuda-13.3-sm90/single_instruction/completion_latency/bulk-tensor__g2s__fresh-map-common/20260804T170423Z__v12__098f05f72cb2/attempt_shard_00.csv.gz,8.0,4,256,265,261,5,1,8.0,4,271,281,276,5,2,269,5,v12,20260804T171022Z__v12__800d55d8c780,data/b200/cuda-13.3-sm100/single_instruction/completion_latency/bulk-tensor__g2s__fresh-map-common/20260804T171022Z__v12__800d55d8c780/attempt_shard_00.csv.gz,21.0,3,286,310,298,12,6,21.0,3,298,325,312,14,5,305,14
g2s,common,bulk_capacity,bulk_capacity_g2s_b32,bulk,32,not_applicable,u8,2,single_test_wait_cold_then_hot_v12,separate_midpoint_values_for_same_map_cold_then_hot_pair,v12,20260804T170423Z__v12__098f05f72cb2,data/h100/cuda-13.3-sm90/single_instruction/completion_latency/bulk-tensor__g2s__fresh-map-common/20260804T170423Z__v12__098f05f72cb2/attempt_shard_01.csv.gz,8.0,4,256,265,261,5,1,8.0,4,271,281,276,5,2,269,5,v12,20260804T171022Z__v12__800d55d8c780,data/b200/cuda-13.3-sm100/single_instruction/completion_latency/bulk-tensor__g2s__fresh-map-common/20260804T171022Z__v12__800d55d8c780/attempt_shard_01.csv.gz,21.0,3,286,310,298,12,5,21.0,3,286,310,298,12,5,298,12
g2s,common,bulk_capacity,bulk_capacity_g2s_b64,bulk,64,not_applicable,u8,2,single_test_wait_cold_then_hot_v12,separate_midpoint_values_for_same_map_cold_then_hot_pair,v12,20260804T170423Z__v12__098f05f72cb2,data/h100/cuda-13.3-sm90/single_instruction/completion_latency/bulk-tensor__g2s__fresh-map-common/20260804T170423Z__v12__098f05f72cb2/attempt_shard_02.csv.gz,8.0,4,271,281,276,5,3,8.0,4,271,281,276,5,3,276,5,v12,20260804T171022Z__v12__800d55d8c780,data/b200/cuda-13.3-sm100/single_instruction/completion_latency/bulk-tensor__g2s__fresh-map-common/20260804T171022Z__v12__800d55d8c780/attempt_shard_02.csv.gz,21.0,3,301,325,313,12,7,21.0,3,286,310,298,12,5,306,12
g2s,common,bulk_capacity,bulk_capacity_g2s_b128,bulk,128,not_applicable,u8,2,single_test_wait_cold_then_hot_v12,separate_midpoint_values_for_same_map_cold_then_hot_pair,v12,20260804T170423Z__v12__098f05f72cb2,data/h100/cuda-13.3-sm90/single_instruction/completion_latency/bulk-tensor__g2s__fresh-map-common/20260804T170423Z__v12__098f05f72cb2/attempt_shard_03.csv.gz,8.0,4,271,281,276,5,2,8.0,4,271,281,276,5,2,276,5,v12,20260804T171022Z__v12__800d55d8c780,data/b200/cuda-13.3-sm100/single_instruction/completion_latency/bulk-tensor__g2s__fresh-map-common/20260804T171022Z__v12__800d55d8c780/attempt_shard_03.csv.gz,21.0,3,301,325,313,12,7,21.0,3,298,325,312,14,5,313,14
g2s,common,bulk_capacity,bulk_capacity_g2s_b256,bulk,256,not_applicable,u8,2,single_test_wait_cold_then_hot_v12,separate_midpoint_values_for_same_map_cold_then_hot_pair,v12,20260804T170423Z__v12__098f05f72cb2,data/h100/cuda-13.3-sm90/single_instruction/completion_latency/bulk-tensor__g2s__fresh-map-common/20260804T170423Z__v12__098f05f72cb2/attempt_shard_04.csv.gz,8.0,4,257,269,263,6,4,8.0,4,257,269,263,6,4,263,6,v12,20260804T171022Z__v12__800d55d8c780,data/b200/cuda-13.3-sm100/single_instruction/completion_latency/bulk-tensor__g2s__fresh-map-common/20260804T171022Z__v12__800d55d8c780/attempt_shard_04.csv.gz,21.0,3,328,352,340,12,3,21.0,3,328,352,340,12,3,340,12
g2s,common,bulk_capacity,bulk_capacity_g2s_b512,bulk,512,not_applicable,u8,2,single_test_wait_cold_then_hot_v12,separate_midpoint_values_for_same_map_cold_then_hot_pair,v12,20260804T170423Z__v12__098f05f72cb2,data/h100/cuda-13.3-sm90/single_instruction/completion_latency/bulk-tensor__g2s__fresh-map-common/20260804T170423Z__v12__098f05f72cb2/attempt_shard_05.csv.gz,8.0,4,280,289,285,5,1,8.0,4,276,288,282,6,1,284,6,v12,20260804T171022Z__v12__800d55d8c780,data/b200/cuda-13.3-sm100/single_instruction/completion_latency/bulk-tensor__g2s__fresh-map-common/20260804T171022Z__v12__800d55d8c780/attempt_shard_05.csv.gz,21.0,3,343,366,355,12,6,21.0,3,343,367,355,12,5,355,12
g2s,common,bulk_capacity,bulk_capacity_g2s_b1024,bulk,1024,not_applicable,u8,2,single_test_wait_cold_then_hot_v12,separate_midpoint_values_for_same_map_cold_then_hot_pair,v12,20260804T170423Z__v12__098f05f72cb2,data/h100/cuda-13.3-sm90/single_instruction/completion_latency/bulk-tensor__g2s__fresh-map-common/20260804T170423Z__v12__098f05f72cb2/attempt_shard_06.csv.gz,8.0,4,276,288,282,6,0,8.0,4,276,288,282,6,0,282,6,v12,20260804T171022Z__v12__800d55d8c780,data/b200/cuda-13.3-sm100/single_instruction/completion_latency/bulk-tensor__g2s__fresh-map-common/20260804T171022Z__v12__800d55d8c780/attempt_shard_06.csv.gz,21.0,3,331,355,343,12,6,21.0,3,334,358,346,12,3,345,12
g2s,common,bulk_capacity,bulk_capacity_g2s_b2048,bulk,2048,not_applicable,u8,2,single_test_wait_cold_then_hot_v12,separate_midpoint_values_for_same_map_cold_then_hot_pair,v12,20260804T170423Z__v12__098f05f72cb2,data/h100/cuda-13.3-sm90/single_instruction/completion_latency/bulk-tensor__g2s__fresh-map-common/20260804T170423Z__v12__098f05f72cb2/attempt_shard_07.csv.gz,8.0,4,285,298,292,7,0,8.0,4,285,298,292,7,0,292,7,v12,20260804T171022Z__v12__800d55d8c780,data/b200/cuda-13.3-sm100/single_instruction/completion_latency/bulk-tensor__g2s__fresh-map-common/20260804T171022Z__v12__800d55d8c780/attempt_shard_07.csv.gz,21.0,3,341,364,353,12,2,21.0,3,346,373,360,14,3,357,14
g2s,common,bulk_capacity,bulk_capacity_g2s_b4096,bulk,4096,not_applicable,u8,2,single_test_wait_cold_then_hot_v12,separate_midpoint_values_for_same_map_cold_then_hot_pair,v12,20260804T170423Z__v12__098f05f72cb2,data/h100/cuda-13.3-sm90/single_instruction/completion_latency/bulk-tensor__g2s__fresh-map-common/20260804T170423Z__v12__098f05f72cb2/attempt_shard_00.csv.gz,8.0,4,305,317,311,6,0,8.0,4,304,313,309,5,0,310,6,v12,20260804T171022Z__v12__800d55d8c780,data/b200/cuda-13.3-sm100/single_instruction/completion_latency/bulk-tensor__g2s__fresh-map-common/20260804T171022Z__v12__800d55d8c780/attempt_shard_00.csv.gz,21.0,3,359,382,371,12,1,21.0,3,356,379,368,12,0,370,12
g2s,common,bulk_capacity,bulk_capacity_g2s_b8192,bulk,8192,not_applicable,u8,2,single_test_wait_cold_then_hot_v12,separate_midpoint_values_for_same_map_cold_then_hot_pair,v12,20260804T170423Z__v12__098f05f72cb2,data/h100/cuda-13.3-sm90/single_instruction/completion_latency/bulk-tensor__g2s__fresh-map-common/20260804T170423Z__v12__098f05f72cb2/attempt_shard_01.csv.gz,8.0,4,338,351,345,7,0,8.0,4,338,351,345,7,0,345,7,v12,20260804T171022Z__v12__800d55d8c780,data/b200/cuda-13.3-sm100/single_instruction/completion_latency/bulk-tensor__g2s__fresh-map-common/20260804T171022Z__v12__800d55d8c780/attempt_shard_01.csv.gz,21.0,3,394,421,408,14,2,21.0,3,394,424,409,15,2,409,15
g2s,common,bulk_capacity,bulk_capacity_g2s_b16384,bulk,16384,not_applicable,u8,2,single_test_wait_cold_then_hot_v12,separate_midpoint_values_for_same_map_cold_then_hot_pair,v12,20260804T170423Z__v12__098f05f72cb2,data/h100/cuda-13.3-sm90/single_instruction/completion_latency/bulk-tensor__g2s__fresh-map-common/20260804T170423Z__v12__098f05f72cb2/attempt_shard_02.csv.gz,8.0,4,415,427,421,6,0,8.0,4,417,427,422,5,0,422,6,v12,20260804T171022Z__v12__800d55d8c780,data/b200/cuda-13.3-sm100/single_instruction/completion_latency/bulk-tensor__g2s__fresh-map-common/20260804T171022Z__v12__800d55d8c780/attempt_shard_02.csv.gz,21.0,3,465,487,476,11,0,21.0,3,465,487,476,11,0,476,11
g2s,common,bulk_capacity,bulk_capacity_g2s_b32768,bulk,32768,not_applicable,u8,2,single_test_wait_cold_then_hot_v12,separate_midpoint_values_for_same_map_cold_then_hot_pair,v12,20260804T170423Z__v12__098f05f72cb2,data/h100/cuda-13.3-sm90/single_instruction/completion_latency/bulk-tensor__g2s__fresh-map-common/20260804T170423Z__v12__098f05f72cb2/attempt_shard_03.csv.gz,8.0,4,563,572,568,5,1,8.0,4,563,572,568,5,1,568,5,v12,20260804T171022Z__v12__800d55d8c780,data/b200/cuda-13.3-sm100/single_instruction/completion_latency/bulk-tensor__g2s__fresh-map-common/20260804T171022Z__v12__800d55d8c780/attempt_shard_03.csv.gz,21.0,3,598,622,610,12,0,21.0,3,586,613,600,14,2,605,14
g2s,common,dtype,dtype_g2s_bf16_b128,tensor,128,tmau_first_use_l2_hot,bf16,2,single_test_wait_cold_then_hot_v12,separate_midpoint_values_for_same_map_cold_then_hot_pair,v12,20260804T170423Z__v12__098f05f72cb2,data/h100/cuda-13.3-sm90/single_instruction/completion_latency/bulk-tensor__g2s__fresh-map-common/20260804T170423Z__v12__098f05f72cb2/attempt_shard_05.csv.gz,8.0,3,740,750,745,5,6,8.0,3,400,413,407,7,4,576,7,v12,20260804T171022Z__v12__800d55d8c780,data/b200/cuda-13.3-sm100/single_instruction/completion_latency/bulk-tensor__g2s__fresh-map-common/20260804T171022Z__v12__800d55d8c780/attempt_shard_05.csv.gz,21.0,4,796,823,810,14,1,21.0,3,436,461,449,13,3,630,14
g2s,common,dtype,dtype_g2s_f16_b128,tensor,128,tmau_first_use_l2_hot,f16,2,single_test_wait_cold_then_hot_v12,separate_midpoint_values_for_same_map_cold_then_hot_pair,v12,20260804T170423Z__v12__098f05f72cb2,data/h100/cuda-13.3-sm90/single_instruction/completion_latency/bulk-tensor__g2s__fresh-map-common/20260804T170423Z__v12__098f05f72cb2/attempt_shard_05.csv.gz,8.0,3,708,718,713,5,5,8.0,3,400,413,407,7,2,560,7,v12,20260804T171022Z__v12__800d55d8c780,data/b200/cuda-13.3-sm100/single_instruction/completion_latency/bulk-tensor__g2s__fresh-map-common/20260804T171022Z__v12__800d55d8c780/attempt_shard_05.csv.gz,21.0,4,835,864,850,15,7,21.0,3,464,488,476,12,3,663,15
g2s,common,dtype,dtype_g2s_f32_b128,tensor,128,tmau_first_use_l2_hot,f32,2,single_test_wait_cold_then_hot_v12,separate_midpoint_values_for_same_map_cold_then_hot_pair,v12,20260804T170423Z__v12__098f05f72cb2,data/h100/cuda-13.3-sm90/single_instruction/completion_latency/bulk-tensor__g2s__fresh-map-common/20260804T170423Z__v12__098f05f72cb2/attempt_shard_07.csv.gz,8.0,3,724,735,730,6,4,8.0,3,400,413,407,7,3,569,7,v12,20260804T171022Z__v12__800d55d8c780,data/b200/cuda-13.3-sm100/single_instruction/completion_latency/bulk-tensor__g2s__fresh-map-common/20260804T171022Z__v12__800d55d8c780/attempt_shard_07.csv.gz,21.0,4,778,800,789,11,8,21.0,3,428,452,440,12,4,615,12
g2s,common,dtype,dtype_g2s_f32_ftz_b128,tensor,128,tmau_first_use_l2_hot,f32_ftz,2,single_test_wait_cold_then_hot_v12,separate_midpoint_values_for_same_map_cold_then_hot_pair,v12,20260804T170423Z__v12__098f05f72cb2,data/h100/cuda-13.3-sm90/single_instruction/completion_latency/bulk-tensor__g2s__fresh-map-common/20260804T170423Z__v12__098f05f72cb2/attempt_shard_01.csv.gz,8.0,3,724,735,730,6,7,8.0,3,396,408,402,6,3,566,6,v12,20260804T171022Z__v12__800d55d8c780,data/b200/cuda-13.3-sm100/single_instruction/completion_latency/bulk-tensor__g2s__fresh-map-common/20260804T171022Z__v12__800d55d8c780/attempt_shard_01.csv.gz,21.0,3,778,800,789,11,6,21.0,3,436,461,449,13,3,619,13
g2s,common,dtype,dtype_g2s_f64_b128,tensor,128,tmau_first_use_l2_hot,f64,2,single_test_wait_cold_then_hot_v12,separate_midpoint_values_for_same_map_cold_then_hot_pair,v12,20260804T170423Z__v12__098f05f72cb2,data/h100/cuda-13.3-sm90/single_instruction/completion_latency/bulk-tensor__g2s__fresh-map-common/20260804T170423Z__v12__098f05f72cb2/attempt_shard_03.csv.gz,8.0,3,713,724,719,6,2,8.0,3,386,395,391,5,4,555,6,v12,20260804T171022Z__v12__800d55d8c780,data/b200/cuda-13.3-sm100/single_instruction/completion_latency/bulk-tensor__g2s__fresh-map-common/20260804T171022Z__v12__800d55d8c780/attempt_shard_03.csv.gz,21.0,4,787,816,802,15,3,21.0,3,446,471,459,13,6,631,15
g2s,common,dtype,dtype_g2s_s32_b128,tensor,128,tmau_first_use_l2_hot,s32,2,single_test_wait_cold_then_hot_v12,separate_midpoint_values_for_same_map_cold_then_hot_pair,v12,20260804T170423Z__v12__098f05f72cb2,data/h100/cuda-13.3-sm90/single_instruction/completion_latency/bulk-tensor__g2s__fresh-map-common/20260804T170423Z__v12__098f05f72cb2/attempt_shard_07.csv.gz,8.0,3,708,718,713,5,5,8.0,3,391,403,397,6,3,555,6,v12,20260804T171022Z__v12__800d55d8c780,data/b200/cuda-13.3-sm100/single_instruction/completion_latency/bulk-tensor__g2s__fresh-map-common/20260804T171022Z__v12__800d55d8c780/attempt_shard_07.csv.gz,21.0,4,795,817,806,11,6,21.0,3,455,481,468,13,5,637,13
g2s,common,dtype,dtype_g2s_s64_b128,tensor,128,tmau_first_use_l2_hot,s64,2,single_test_wait_cold_then_hot_v12,separate_midpoint_values_for_same_map_cold_then_hot_pair,v12,20260804T170423Z__v12__098f05f72cb2,data/h100/cuda-13.3-sm90/single_instruction/completion_latency/bulk-tensor__g2s__fresh-map-common/20260804T170423Z__v12__098f05f72cb2/attempt_shard_03.csv.gz,8.0,3,724,735,730,6,6,8.0,3,372,384,378,6,2,554,6,v12,20260804T171022Z__v12__800d55d8c780,data/b200/cuda-13.3-sm100/single_instruction/completion_latency/bulk-tensor__g2s__fresh-map-common/20260804T171022Z__v12__800d55d8c780/attempt_shard_03.csv.gz,21.0,4,811,840,826,15,4,21.0,3,464,488,476,12,4,651,15
g2s,common,dtype,dtype_g2s_tf32_b128,tensor,128,tmau_first_use_l2_hot,tf32,2,single_test_wait_cold_then_hot_v12,separate_midpoint_values_for_same_map_cold_then_hot_pair,v12,20260804T170423Z__v12__098f05f72cb2,data/h100/cuda-13.3-sm90/single_instruction/completion_latency/bulk-tensor__g2s__fresh-map-common/20260804T170423Z__v12__098f05f72cb2/attempt_shard_07.csv.gz,8.0,3,718,731,725,7,5,8.0,3,410,420,415,5,4,570,7,v12,20260804T171022Z__v12__800d55d8c780,data/b200/cuda-13.3-sm100/single_instruction/completion_latency/bulk-tensor__g2s__fresh-map-common/20260804T171022Z__v12__800d55d8c780/attempt_shard_07.csv.gz,21.0,4,811,840,826,15,7,21.0,3,455,481,468,13,3,647,15
g2s,common,dtype,dtype_g2s_tf32_ftz_b128,tensor,128,tmau_first_use_l2_hot,tf32_ftz,2,single_test_wait_cold_then_hot_v12,separate_midpoint_values_for_same_map_cold_then_hot_pair,v12,20260804T170423Z__v12__098f05f72cb2,data/h100/cuda-13.3-sm90/single_instruction/completion_latency/bulk-tensor__g2s__fresh-map-common/20260804T170423Z__v12__098f05f72cb2/attempt_shard_01.csv.gz,8.0,3,724,735,730,6,7,8.0,3,396,408,402,6,1,566,6,v12,20260804T171022Z__v12__800d55d8c780,data/b200/cuda-13.3-sm100/single_instruction/completion_latency/bulk-tensor__g2s__fresh-map-common/20260804T171022Z__v12__800d55d8c780/attempt_shard_01.csv.gz,21.0,4,835,864,850,15,4,21.0,3,467,489,478,11,5,664,15
g2s,common,dtype,dtype_g2s_u16_b128,tensor,128,tmau_first_use_l2_hot,u16,2,single_test_wait_cold_then_hot_v12,separate_midpoint_values_for_same_map_cold_then_hot_pair,v12,20260804T170423Z__v12__098f05f72cb2,data/h100/cuda-13.3-sm90/single_instruction/completion_latency/bulk-tensor__g2s__fresh-map-common/20260804T170423Z__v12__098f05f72cb2/attempt_shard_03.csv.gz,8.0,3,692,702,697,5,5,8.0,3,396,408,402,6,2,550,6,v12,20260804T171022Z__v12__800d55d8c780,data/b200/cuda-13.3-sm100/single_instruction/completion_latency/bulk-tensor__g2s__fresh-map-common/20260804T171022Z__v12__800d55d8c780/attempt_shard_03.csv.gz,21.0,4,802,824,813,11,6,21.0,3,452,476,464,12,3,639,12
g2s,common,dtype,dtype_g2s_u32_b128,tensor,128,tmau_first_use_l2_hot,u32,2,single_test_wait_cold_then_hot_v12,separate_midpoint_values_for_same_map_cold_then_hot_pair,v12,20260804T170423Z__v12__098f05f72cb2,data/h100/cuda-13.3-sm90/single_instruction/completion_latency/bulk-tensor__g2s__fresh-map-common/20260804T170423Z__v12__098f05f72cb2/attempt_shard_05.csv.gz,8.0,3,710,721,716,6,5,8.0,3,391,403,397,6,3,557,6,v12,20260804T171022Z__v12__800d55d8c780,data/b200/cuda-13.3-sm100/single_instruction/completion_latency/bulk-tensor__g2s__fresh-map-common/20260804T171022Z__v12__800d55d8c780/attempt_shard_05.csv.gz,21.0,4,787,816,802,15,4,21.0,3,428,452,440,12,6,621,15
g2s,common,dtype,dtype_g2s_u64_b128,tensor,128,tmau_first_use_l2_hot,u64,2,single_test_wait_cold_then_hot_v12,separate_midpoint_values_for_same_map_cold_then_hot_pair,v12,20260804T170423Z__v12__098f05f72cb2,data/h100/cuda-13.3-sm90/single_instruction/completion_latency/bulk-tensor__g2s__fresh-map-common/20260804T170423Z__v12__098f05f72cb2/attempt_shard_01.csv.gz,8.0,3,732,745,739,7,2,8.0,3,410,420,415,5,5,577,7,v12,20260804T171022Z__v12__800d55d8c780,data/b200/cuda-13.3-sm100/single_instruction/completion_latency/bulk-tensor__g2s__fresh-map-common/20260804T171022Z__v12__800d55d8c780/attempt_shard_01.csv.gz,21.0,4,820,847,834,14,6,21.0,3,450,473,462,12,2,648,14
g2s,common,dtype,dtype_g2s_u8_b128,tensor,128,tmau_first_use_l2_hot,u8,2,single_test_wait_cold_then_hot_v12,separate_midpoint_values_for_same_map_cold_then_hot_pair,v12,20260804T170423Z__v12__098f05f72cb2,data/h100/cuda-13.3-sm90/single_instruction/completion_latency/bulk-tensor__g2s__fresh-map-common/20260804T170423Z__v12__098f05f72cb2/attempt_shard_01.csv.gz,8.0,3,713,724,719,6,8,8.0,3,395,404,400,5,2,560,6,v12,20260804T171022Z__v12__800d55d8c780,data/b200/cuda-13.3-sm100/single_instruction/completion_latency/bulk-tensor__g2s__fresh-map-common/20260804T171022Z__v12__800d55d8c780/attempt_shard_01.csv.gz,21.0,4,802,824,813,11,4,21.0,3,431,457,444,13,5,629,13
g2s,common,dtype,dtype_g2s_bf16_b128,tensor,128,tmau_prefetched_l2_hot,bf16,2,single_test_wait_cold_then_hot_v12,separate_midpoint_values_for_same_map_cold_then_hot_pair,v12,20260804T170423Z__v12__098f05f72cb2,data/h100/cuda-13.3-sm90/single_instruction/completion_latency/bulk-tensor__g2s__fresh-map-common/20260804T170423Z__v12__098f05f72cb2/attempt_shard_06.csv.gz,8.0,4,469,485,477,8,1,8.0,3,392,404,398,6,4,438,8,v12,20260804T171022Z__v12__800d55d8c780,data/b200/cuda-13.3-sm100/single_instruction/completion_latency/bulk-tensor__g2s__fresh-map-common/20260804T171022Z__v12__800d55d8c780/attempt_shard_06.csv.gz,21.0,4,522,546,534,12,3,21.0,4,430,454,442,12,2,488,12
g2s,common,dtype,dtype_g2s_f16_b128,tensor,128,tmau_prefetched_l2_hot,f16,2,single_test_wait_cold_then_hot_v12,separate_midpoint_values_for_same_map_cold_then_hot_pair,v12,20260804T170423Z__v12__098f05f72cb2,data/h100/cuda-13.3-sm90/single_instruction/completion_latency/bulk-tensor__g2s__fresh-map-common/20260804T170423Z__v12__098f05f72cb2/attempt_shard_06.csv.gz,8.0,4,458,471,465,7,0,8.0,3,396,405,401,5,1,433,7,v12,20260804T171022Z__v12__800d55d8c780,data/b200/cuda-13.3-sm100/single_instruction/completion_latency/bulk-tensor__g2s__fresh-map-common/20260804T171022Z__v12__800d55d8c780/attempt_shard_06.csv.gz,21.0,4,553,578,566,13,1,21.0,4,448,472,460,12,4,513,13
g2s,common,dtype,dtype_g2s_f32_b128,tensor,128,tmau_prefetched_l2_hot,f32,2,single_test_wait_cold_then_hot_v12,separate_midpoint_values_for_same_map_cold_then_hot_pair,v12,20260804T170423Z__v12__098f05f72cb2,data/h100/cuda-13.3-sm90/single_instruction/completion_latency/bulk-tensor__g2s__fresh-map-common/20260804T170423Z__v12__098f05f72cb2/attempt_shard_00.csv.gz,8.0,4,458,471,465,7,1,8.0,3,378,392,385,7,4,425,7,v12,20260804T171022Z__v12__800d55d8c780,data/b200/cuda-13.3-sm100/single_instruction/completion_latency/bulk-tensor__g2s__fresh-map-common/20260804T171022Z__v12__800d55d8c780/attempt_shard_00.csv.gz,21.0,4,552,574,563,11,2,21.0,4,451,478,465,14,2,514,14
g2s,common,dtype,dtype_g2s_f32_ftz_b128,tensor,128,tmau_prefetched_l2_hot,f32_ftz,2,single_test_wait_cold_then_hot_v12,separate_midpoint_values_for_same_map_cold_then_hot_pair,v12,20260804T170423Z__v12__098f05f72cb2,data/h100/cuda-13.3-sm90/single_instruction/completion_latency/bulk-tensor__g2s__fresh-map-common/20260804T170423Z__v12__098f05f72cb2/attempt_shard_02.csv.gz,8.0,4,469,485,477,8,1,8.0,3,408,419,414,6,4,446,8,v12,20260804T171022Z__v12__800d55d8c780,data/b200/cuda-13.3-sm100/single_instruction/completion_latency/bulk-tensor__g2s__fresh-map-common/20260804T171022Z__v12__800d55d8c780/attempt_shard_02.csv.gz,21.0,4,515,543,529,14,3,21.0,4,423,445,434,11,5,482,14
g2s,common,dtype,dtype_g2s_f64_b128,tensor,128,tmau_prefetched_l2_hot,f64,2,single_test_wait_cold_then_hot_v12,separate_midpoint_values_for_same_map_cold_then_hot_pair,v12,20260804T170423Z__v12__098f05f72cb2,data/h100/cuda-13.3-sm90/single_instruction/completion_latency/bulk-tensor__g2s__fresh-map-common/20260804T170423Z__v12__098f05f72cb2/attempt_shard_04.csv.gz,8.0,4,448,466,457,9,2,8.0,3,392,404,398,6,3,428,9,v12,20260804T171022Z__v12__800d55d8c780,data/b200/cuda-13.3-sm100/single_instruction/completion_latency/bulk-tensor__g2s__fresh-map-common/20260804T171022Z__v12__800d55d8c780/attempt_shard_04.csv.gz,21.0,4,510,536,523,13,1,21.0,4,430,454,442,12,5,483,13
g2s,common,dtype,dtype_g2s_s32_b128,tensor,128,tmau_prefetched_l2_hot,s32,2,single_test_wait_cold_then_hot_v12,separate_midpoint_values_for_same_map_cold_then_hot_pair,v12,20260804T170423Z__v12__098f05f72cb2,data/h100/cuda-13.3-sm90/single_instruction/completion_latency/bulk-tensor__g2s__fresh-map-common/20260804T170423Z__v12__098f05f72cb2/attempt_shard_00.csv.gz,8.0,4,469,485,477,8,1,8.0,3,396,405,401,5,2,439,8,v12,20260804T171022Z__v12__800d55d8c780,data/b200/cuda-13.3-sm100/single_instruction/completion_latency/bulk-tensor__g2s__fresh-map-common/20260804T171022Z__v12__800d55d8c780/attempt_shard_00.csv.gz,21.0,4,515,543,529,14,2,21.0,4,433,458,446,13,4,488,14
g2s,common,dtype,dtype_g2s_s64_b128,tensor,128,tmau_prefetched_l2_hot,s64,2,single_test_wait_cold_then_hot_v12,separate_midpoint_values_for_same_map_cold_then_hot_pair,v12,20260804T170423Z__v12__098f05f72cb2,data/h100/cuda-13.3-sm90/single_instruction/completion_latency/bulk-tensor__g2s__fresh-map-common/20260804T170423Z__v12__098f05f72cb2/attempt_shard_04.csv.gz,8.0,4,469,485,477,8,1,8.0,3,402,416,409,7,4,443,8,v12,20260804T171022Z__v12__800d55d8c780,data/b200/cuda-13.3-sm100/single_instruction/completion_latency/bulk-tensor__g2s__fresh-map-common/20260804T171022Z__v12__800d55d8c780/attempt_shard_04.csv.gz,21.0,4,557,579,568,11,6,21.0,4,475,499,487,12,4,528,12
g2s,common,dtype,dtype_g2s_tf32_b128,tensor,128,tmau_prefetched_l2_hot,tf32,2,single_test_wait_cold_then_hot_v12,separate_midpoint_values_for_same_map_cold_then_hot_pair,v12,20260804T170423Z__v12__098f05f72cb2,data/h100/cuda-13.3-sm90/single_instruction/completion_latency/bulk-tensor__g2s__fresh-map-common/20260804T170423Z__v12__098f05f72cb2/attempt_shard_00.csv.gz,8.0,4,458,471,465,7,1,8.0,3,408,419,414,6,3,440,7,v12,20260804T171022Z__v12__800d55d8c780,data/b200/cuda-13.3-sm100/single_instruction/completion_latency/bulk-tensor__g2s__fresh-map-common/20260804T171022Z__v12__800d55d8c780/attempt_shard_00.csv.gz,21.0,4,552,574,563,11,2,21.0,4,445,467,456,11,5,510,11
g2s,common,dtype,dtype_g2s_tf32_ftz_b128,tensor,128,tmau_prefetched_l2_hot,tf32_ftz,2,single_test_wait_cold_then_hot_v12,separate_midpoint_values_for_same_map_cold_then_hot_pair,v12,20260804T170423Z__v12__098f05f72cb2,data/h100/cuda-13.3-sm90/single_instruction/completion_latency/bulk-tensor__g2s__fresh-map-common/20260804T170423Z__v12__098f05f72cb2/attempt_shard_02.csv.gz,8.0,4,477,490,484,7,1,8.0,3,408,419,414,6,5,449,7,v12,20260804T171022Z__v12__800d55d8c780,data/b200/cuda-13.3-sm100/single_instruction/completion_latency/bulk-tensor__g2s__fresh-map-common/20260804T171022Z__v12__800d55d8c780/attempt_shard_02.csv.gz,21.0,4,552,574,563,11,3,21.0,4,466,491,479,13,3,521,13
g2s,common,dtype,dtype_g2s_u16_b128,tensor,128,tmau_prefetched_l2_hot,u16,2,single_test_wait_cold_then_hot_v12,separate_midpoint_values_for_same_map_cold_then_hot_pair,v12,20260804T170423Z__v12__098f05f72cb2,data/h100/cuda-13.3-sm90/single_instruction/completion_latency/bulk-tensor__g2s__fresh-map-common/20260804T170423Z__v12__098f05f72cb2/attempt_shard_04.csv.gz,8.0,4,463,477,470,7,1,8.0,3,408,419,414,6,5,442,7,v12,20260804T171022Z__v12__800d55d8c780,data/b200/cuda-13.3-sm100/single_instruction/completion_latency/bulk-tensor__g2s__fresh-map-common/20260804T171022Z__v12__800d55d8c780/attempt_shard_04.csv.gz,21.0,4,552,574,563,11,5,21.0,4,445,467,456,11,5,510,11
g2s,common,dtype,dtype_g2s_u32_b128,tensor,128,tmau_prefetched_l2_hot,u32,2,single_test_wait_cold_then_hot_v12,separate_midpoint_values_for_same_map_cold_then_hot_pair,v12,20260804T170423Z__v12__098f05f72cb2,data/h100/cuda-13.3-sm90/single_instruction/completion_latency/bulk-tensor__g2s__fresh-map-common/20260804T170423Z__v12__098f05f72cb2/attempt_shard_06.csv.gz,8.0,4,482,495,489,7,0,8.0,3,415,424,420,5,3,455,7,v12,20260804T171022Z__v12__800d55d8c780,data/b200/cuda-13.3-sm100/single_instruction/completion_latency/bulk-tensor__g2s__fresh-map-common/20260804T171022Z__v12__800d55d8c780/attempt_shard_06.csv.gz,21.0,4,525,550,538,13,3,21.0,4,433,458,446,13,4,492,13
g2s,common,dtype,dtype_g2s_u64_b128,tensor,128,tmau_prefetched_l2_hot,u64,2,single_test_wait_cold_then_hot_v12,separate_midpoint_values_for_same_map_cold_then_hot_pair,v12,20260804T170423Z__v12__098f05f72cb2,data/h100/cuda-13.3-sm90/single_instruction/completion_latency/bulk-tensor__g2s__fresh-map-common/20260804T170423Z__v12__098f05f72cb2/attempt_shard_02.csv.gz,8.0,4,482,495,489,7,2,8.0,3,392,404,398,6,3,444,7,v12,20260804T171022Z__v12__800d55d8c780,data/b200/cuda-13.3-sm100/single_instruction/completion_latency/bulk-tensor__g2s__fresh-map-common/20260804T171022Z__v12__800d55d8c780/attempt_shard_02.csv.gz,21.0,4,522,546,534,12,2,21.0,4,430,454,442,12,2,488,12
g2s,common,dtype,dtype_g2s_u8_b128,tensor,128,tmau_prefetched_l2_hot,u8,2,single_test_wait_cold_then_hot_v12,separate_midpoint_values_for_same_map_cold_then_hot_pair,v12,20260804T170423Z__v12__098f05f72cb2,data/h100/cuda-13.3-sm90/single_instruction/completion_latency/bulk-tensor__g2s__fresh-map-common/20260804T170423Z__v12__098f05f72cb2/attempt_shard_02.csv.gz,8.0,4,469,485,477,8,0,8.0,3,402,416,409,7,2,443,8,v12,20260804T171022Z__v12__800d55d8c780,data/b200/cuda-13.3-sm100/single_instruction/completion_latency/bulk-tensor__g2s__fresh-map-common/20260804T171022Z__v12__800d55d8c780/attempt_shard_02.csv.gz,21.0,4,558,581,570,12,7,21.0,4,466,491,479,13,8,525,13
g2s,common,dtype,dtype_g2s_bf16_b4096,tensor,4096,tmau_first_use_l2_hot,bf16,2,single_test_wait_cold_then_hot_v12,separate_midpoint_values_for_same_map_cold_then_hot_pair,v12,20260804T170423Z__v12__098f05f72cb2,data/h100/cuda-13.3-sm90/single_instruction/completion_latency/bulk-tensor__g2s__fresh-map-common/20260804T170423Z__v12__098f05f72cb2/attempt_shard_07.csv.gz,8.0,3,751,764,758,7,2,8.0,3,434,444,439,5,1,599,7,v12,20260804T171022Z__v12__800d55d8c780,data/b200/cuda-13.3-sm100/single_instruction/completion_latency/bulk-tensor__g2s__fresh-map-common/20260804T171022Z__v12__800d55d8c780/attempt_shard_07.csv.gz,21.0,4,835,864,850,15,1,21.0,3,494,519,507,13,2,679,15
g2s,common,dtype,dtype_g2s_f16_b4096,tensor,4096,tmau_first_use_l2_hot,f16,2,single_test_wait_cold_then_hot_v12,separate_midpoint_values_for_same_map_cold_then_hot_pair,v12,20260804T170423Z__v12__098f05f72cb2,data/h100/cuda-13.3-sm90/single_instruction/completion_latency/bulk-tensor__g2s__fresh-map-common/20260804T170423Z__v12__098f05f72cb2/attempt_shard_07.csv.gz,8.0,3,748,759,754,6,3,8.0,3,440,451,446,6,1,600,6,v12,20260804T171022Z__v12__800d55d8c780,data/b200/cuda-13.3-sm100/single_instruction/completion_latency/bulk-tensor__g2s__fresh-map-common/20260804T171022Z__v12__800d55d8c780/attempt_shard_07.csv.gz,21.0,4,851,875,863,12,4,21.0,3,488,513,501,13,3,682,13
g2s,common,dtype,dtype_g2s_f32_b4096,tensor,4096,tmau_first_use_l2_hot,f32,2,single_test_wait_cold_then_hot_v12,separate_midpoint_values_for_same_map_cold_then_hot_pair,v12,20260804T170423Z__v12__098f05f72cb2,data/h100/cuda-13.3-sm90/single_instruction/completion_latency/bulk-tensor__g2s__fresh-map-common/20260804T170423Z__v12__098f05f72cb2/attempt_shard_01.csv.gz,8.0,3,748,759,754,6,3,8.0,3,443,456,450,7,2,602,7,v12,20260804T171022Z__v12__800d55d8c780,data/b200/cuda-13.3-sm100/single_instruction/completion_latency/bulk-tensor__g2s__fresh-map-common/20260804T171022Z__v12__800d55d8c780/attempt_shard_01.csv.gz,21.0,4,854,879,867,13,2,21.0,3,484,508,496,12,0,682,13
g2s,common,dtype,dtype_g2s_f32_ftz_b4096,tensor,4096,tmau_first_use_l2_hot,f32_ftz,2,single_test_wait_cold_then_hot_v12,separate_midpoint_values_for_same_map_cold_then_hot_pair,v12,20260804T170423Z__v12__098f05f72cb2,data/h100/cuda-13.3-sm90/single_instruction/completion_latency/bulk-tensor__g2s__fresh-map-common/20260804T170423Z__v12__098f05f72cb2/attempt_shard_03.csv.gz,8.0,3,761,770,766,5,2,8.0,3,436,447,442,6,0,604,6,v12,20260804T171022Z__v12__800d55d8c780,data/b200/cuda-13.3-sm100/single_instruction/completion_latency/bulk-tensor__g2s__fresh-map-common/20260804T171022Z__v12__800d55d8c780/attempt_shard_03.csv.gz,21.0,4,844,871,858,14,3,21.0,3,492,515,504,12,2,681,14
g2s,common,dtype,dtype_g2s_f64_b4096,tensor,4096,tmau_first_use_l2_hot,f64,2,single_test_wait_cold_then_hot_v12,separate_midpoint_values_for_same_map_cold_then_hot_pair,v12,20260804T170423Z__v12__098f05f72cb2,data/h100/cuda-13.3-sm90/single_instruction/completion_latency/bulk-tensor__g2s__fresh-map-common/20260804T170423Z__v12__098f05f72cb2/attempt_shard_05.csv.gz,8.0,3,742,755,749,7,1,8.0,3,434,444,439,5,2,594,7,v12,20260804T171022Z__v12__800d55d8c780,data/b200/cuda-13.3-sm100/single_instruction/completion_latency/bulk-tensor__g2s__fresh-map-common/20260804T171022Z__v12__800d55d8c780/attempt_shard_05.csv.gz,21.0,4,858,880,869,11,4,21.0,3,487,509,498,11,1,684,11
g2s,common,dtype,dtype_g2s_s32_b4096,tensor,4096,tmau_first_use_l2_hot,s32,2,single_test_wait_cold_then_hot_v12,separate_midpoint_values_for_same_map_cold_then_hot_pair,v12,20260804T170423Z__v12__098f05f72cb2,data/h100/cuda-13.3-sm90/single_instruction/completion_latency/bulk-tensor__g2s__fresh-map-common/20260804T170423Z__v12__098f05f72cb2/attempt_shard_01.csv.gz,8.0,3,742,755,749,7,4,8.0,3,439,448,444,5,0,597,7,v12,20260804T171022Z__v12__800d55d8c780,data/b200/cuda-13.3-sm100/single_instruction/completion_latency/bulk-tensor__g2s__fresh-map-common/20260804T171022Z__v12__800d55d8c780/attempt_shard_01.csv.gz,21.0,4,850,873,862,12,1,21.0,3,488,513,501,13,3,682,13
g2s,common,dtype,dtype_g2s_s64_b4096,tensor,4096,tmau_first_use_l2_hot,s64,2,single_test_wait_cold_then_hot_v12,separate_midpoint_values_for_same_map_cold_then_hot_pair,v12,20260804T170423Z__v12__098f05f72cb2,data/h100/cuda-13.3-sm90/single_instruction/completion_latency/bulk-tensor__g2s__fresh-map-common/20260804T170423Z__v12__098f05f72cb2/attempt_shard_05.csv.gz,8.0,3,761,770,766,5,1,8.0,3,436,447,442,6,1,604,6,v12,20260804T171022Z__v12__800d55d8c780,data/b200/cuda-13.3-sm100/single_instruction/completion_latency/bulk-tensor__g2s__fresh-map-common/20260804T171022Z__v12__800d55d8c780/attempt_shard_05.csv.gz,21.0,4,850,872,861,11,4,21.0,3,488,513,501,13,2,681,13
g2s,common,dtype,dtype_g2s_tf32_b4096,tensor,4096,tmau_first_use_l2_hot,tf32,2,single_test_wait_cold_then_hot_v12,separate_midpoint_values_for_same_map_cold_then_hot_pair,v12,20260804T170423Z__v12__098f05f72cb2,data/h100/cuda-13.3-sm90/single_instruction/completion_latency/bulk-tensor__g2s__fresh-map-common/20260804T170423Z__v12__098f05f72cb2/attempt_shard_01.csv.gz,8.0,3,762,772,767,5,2,8.0,3,434,444,439,5,2,603,5,v12,20260804T171022Z__v12__800d55d8c780,data/b200/cuda-13.3-sm100/single_instruction/completion_latency/bulk-tensor__g2s__fresh-map-common/20260804T171022Z__v12__800d55d8c780/attempt_shard_01.csv.gz,21.0,4,858,880,869,11,3,21.0,3,494,519,507,13,3,688,13
g2s,common,dtype,dtype_g2s_tf32_ftz_b4096,tensor,4096,tmau_first_use_l2_hot,tf32_ftz,2,single_test_wait_cold_then_hot_v12,separate_midpoint_values_for_same_map_cold_then_hot_pair,v12,20260804T170423Z__v12__098f05f72cb2,data/h100/cuda-13.3-sm90/single_instruction/completion_latency/bulk-tensor__g2s__fresh-map-common/20260804T170423Z__v12__098f05f72cb2/attempt_shard_03.csv.gz,8.0,3,751,764,758,7,3,8.0,3,439,448,444,5,1,601,7,v12,20260804T171022Z__v12__800d55d8c780,data/b200/cuda-13.3-sm100/single_instruction/completion_latency/bulk-tensor__g2s__fresh-map-common/20260804T171022Z__v12__800d55d8c780/attempt_shard_03.csv.gz,21.0,4,858,880,869,11,4,21.0,3,487,509,498,11,0,684,11
g2s,common,dtype,dtype_g2s_u16_b4096,tensor,4096,tmau_first_use_l2_hot,u16,2,single_test_wait_cold_then_hot_v12,separate_midpoint_values_for_same_map_cold_then_hot_pair,v12,20260804T170423Z__v12__098f05f72cb2,data/h100/cuda-13.3-sm90/single_instruction/completion_latency/bulk-tensor__g2s__fresh-map-common/20260804T170423Z__v12__098f05f72cb2/attempt_shard_05.csv.gz,8.0,3,761,770,766,5,3,8.0,3,434,444,439,5,1,603,5,v12,20260804T171022Z__v12__800d55d8c780,data/b200/cuda-13.3-sm100/single_instruction/completion_latency/bulk-tensor__g2s__fresh-map-common/20260804T171022Z__v12__800d55d8c780/attempt_shard_05.csv.gz,21.0,4,859,880,870,11,2,21.0,3,492,515,504,12,3,687,12
g2s,common,dtype,dtype_g2s_u32_b4096,tensor,4096,tmau_first_use_l2_hot,u32,2,single_test_wait_cold_then_hot_v12,separate_midpoint_values_for_same_map_cold_then_hot_pair,v12,20260804T170423Z__v12__098f05f72cb2,data/h100/cuda-13.3-sm90/single_instruction/completion_latency/bulk-tensor__g2s__fresh-map-common/20260804T170423Z__v12__098f05f72cb2/attempt_shard_07.csv.gz,8.0,3,764,774,769,5,3,8.0,3,434,444,439,5,2,604,5,v12,20260804T171022Z__v12__800d55d8c780,data/b200/cuda-13.3-sm100/single_instruction/completion_latency/bulk-tensor__g2s__fresh-map-common/20260804T171022Z__v12__800d55d8c780/attempt_shard_07.csv.gz,21.0,4,851,875,863,12,2,21.0,3,484,508,496,12,1,680,12
g2s,common,dtype,dtype_g2s_u64_b4096,tensor,4096,tmau_first_use_l2_hot,u64,2,single_test_wait_cold_then_hot_v12,separate_midpoint_values_for_same_map_cold_then_hot_pair,v12,20260804T170423Z__v12__098f05f72cb2,data/h100/cuda-13.3-sm90/single_instruction/completion_latency/bulk-tensor__g2s__fresh-map-common/20260804T170423Z__v12__098f05f72cb2/attempt_shard_03.csv.gz,8.0,3,748,759,754,6,2,8.0,3,440,451,446,6,1,600,6,v12,20260804T171022Z__v12__800d55d8c780,data/b200/cuda-13.3-sm100/single_instruction/completion_latency/bulk-tensor__g2s__fresh-map-common/20260804T171022Z__v12__800d55d8c780/attempt_shard_03.csv.gz,21.0,4,851,875,863,12,4,21.0,3,502,524,513,11,1,688,12
g2s,common,dtype,dtype_g2s_u8_b4096,tensor,4096,tmau_first_use_l2_hot,u8,2,single_test_wait_cold_then_hot_v12,separate_midpoint_values_for_same_map_cold_then_hot_pair,v12,20260804T170423Z__v12__098f05f72cb2,data/h100/cuda-13.3-sm90/single_instruction/completion_latency/bulk-tensor__g2s__fresh-map-common/20260804T170423Z__v12__098f05f72cb2/attempt_shard_03.csv.gz,8.0,3,756,769,763,7,5,8.0,3,436,447,442,6,0,603,7,v12,20260804T171022Z__v12__800d55d8c780,data/b200/cuda-13.3-sm100/single_instruction/completion_latency/bulk-tensor__g2s__fresh-map-common/20260804T171022Z__v12__800d55d8c780/attempt_shard_03.csv.gz,21.0,4,834,856,845,11,5,21.0,3,494,519,507,13,2,676,13
g2s,common,dtype,dtype_g2s_bf16_b4096,tensor,4096,tmau_prefetched_l2_hot,bf16,2,single_test_wait_cold_then_hot_v12,separate_midpoint_values_for_same_map_cold_then_hot_pair,v12,20260804T170423Z__v12__098f05f72cb2,data/h100/cuda-13.3-sm90/single_instruction/completion_latency/bulk-tensor__g2s__fresh-map-common/20260804T170423Z__v12__098f05f72cb2/attempt_shard_00.csv.gz,8.0,4,498,509,504,6,1,8.0,3,435,445,440,5,2,472,6,v12,20260804T171022Z__v12__800d55d8c780,data/b200/cuda-13.3-sm100/single_instruction/completion_latency/bulk-tensor__g2s__fresh-map-common/20260804T171022Z__v12__800d55d8c780/attempt_shard_00.csv.gz,21.0,4,576,598,587,11,2,21.0,4,490,515,503,13,2,545,13
g2s,common,dtype,dtype_g2s_f16_b4096,tensor,4096,tmau_prefetched_l2_hot,f16,2,single_test_wait_cold_then_hot_v12,separate_midpoint_values_for_same_map_cold_then_hot_pair,v12,20260804T170423Z__v12__098f05f72cb2,data/h100/cuda-13.3-sm90/single_instruction/completion_latency/bulk-tensor__g2s__fresh-map-common/20260804T170423Z__v12__098f05f72cb2/attempt_shard_00.csv.gz,8.0,4,506,524,515,9,1,8.0,3,440,452,446,6,2,481,9,v12,20260804T171022Z__v12__800d55d8c780,data/b200/cuda-13.3-sm100/single_instruction/completion_latency/bulk-tensor__g2s__fresh-map-common/20260804T171022Z__v12__800d55d8c780/attempt_shard_00.csv.gz,21.0,4,576,598,587,11,0,21.0,4,470,493,482,12,2,535,12
g2s,common,dtype,dtype_g2s_f32_b4096,tensor,4096,tmau_prefetched_l2_hot,f32,2,single_test_wait_cold_then_hot_v12,separate_midpoint_values_for_same_map_cold_then_hot_pair,v12,20260804T170423Z__v12__098f05f72cb2,data/h100/cuda-13.3-sm90/single_instruction/completion_latency/bulk-tensor__g2s__fresh-map-common/20260804T170423Z__v12__098f05f72cb2/attempt_shard_02.csv.gz,8.0,4,501,513,507,6,0,8.0,3,439,448,444,5,0,476,6,v12,20260804T171022Z__v12__800d55d8c780,data/b200/cuda-13.3-sm100/single_instruction/completion_latency/bulk-tensor__g2s__fresh-map-common/20260804T171022Z__v12__800d55d8c780/attempt_shard_02.csv.gz,21.0,4,576,599,588,12,1,21.0,4,490,515,503,13,2,546,13
g2s,common,dtype,dtype_g2s_f32_ftz_b4096,tensor,4096,tmau_prefetched_l2_hot,f32_ftz,2,single_test_wait_cold_then_hot_v12,separate_midpoint_values_for_same_map_cold_then_hot_pair,v12,20260804T170423Z__v12__098f05f72cb2,data/h100/cuda-13.3-sm90/single_instruction/completion_latency/bulk-tensor__g2s__fresh-map-common/20260804T170423Z__v12__098f05f72cb2/attempt_shard_04.csv.gz,8.0,4,505,514,510,5,0,8.0,3,437,447,442,5,1,476,5,v12,20260804T171022Z__v12__800d55d8c780,data/b200/cuda-13.3-sm100/single_instruction/completion_latency/bulk-tensor__g2s__fresh-map-common/20260804T171022Z__v12__800d55d8c780/attempt_shard_04.csv.gz,21.0,4,577,603,590,13,0,21.0,4,478,502,490,12,2,540,13
g2s,common,dtype,dtype_g2s_f64_b4096,tensor,4096,tmau_prefetched_l2_hot,f64,2,single_test_wait_cold_then_hot_v12,separate_midpoint_values_for_same_map_cold_then_hot_pair,v12,20260804T170423Z__v12__098f05f72cb2,data/h100/cuda-13.3-sm90/single_instruction/completion_latency/bulk-tensor__g2s__fresh-map-common/20260804T170423Z__v12__098f05f72cb2/attempt_shard_06.csv.gz,8.0,4,501,513,507,6,0,8.0,3,437,447,442,5,0,475,6,v12,20260804T171022Z__v12__800d55d8c780,data/b200/cuda-13.3-sm100/single_instruction/completion_latency/bulk-tensor__g2s__fresh-map-common/20260804T171022Z__v12__800d55d8c780/attempt_shard_06.csv.gz,21.0,4,586,615,601,15,2,21.0,4,502,526,514,12,2,558,15
g2s,common,dtype,dtype_g2s_s32_b4096,tensor,4096,tmau_prefetched_l2_hot,s32,2,single_test_wait_cold_then_hot_v12,separate_midpoint_values_for_same_map_cold_then_hot_pair,v12,20260804T170423Z__v12__098f05f72cb2,data/h100/cuda-13.3-sm90/single_instruction/completion_latency/bulk-tensor__g2s__fresh-map-common/20260804T170423Z__v12__098f05f72cb2/attempt_shard_02.csv.gz,8.0,4,505,514,510,5,0,8.0,3,440,452,446,6,2,478,6,v12,20260804T171022Z__v12__800d55d8c780,data/b200/cuda-13.3-sm100/single_instruction/completion_latency/bulk-tensor__g2s__fresh-map-common/20260804T171022Z__v12__800d55d8c780/attempt_shard_02.csv.gz,21.0,4,582,607,595,13,1,21.0,4,481,511,496,15,1,546,15
g2s,common,dtype,dtype_g2s_s64_b4096,tensor,4096,tmau_prefetched_l2_hot,s64,2,single_test_wait_cold_then_hot_v12,separate_midpoint_values_for_same_map_cold_then_hot_pair,v12,20260804T170423Z__v12__098f05f72cb2,data/h100/cuda-13.3-sm90/single_instruction/completion_latency/bulk-tensor__g2s__fresh-map-common/20260804T170423Z__v12__098f05f72cb2/attempt_shard_06.csv.gz,8.0,4,516,529,523,7,1,8.0,3,426,440,433,7,2,478,7,v12,20260804T171022Z__v12__800d55d8c780,data/b200/cuda-13.3-sm100/single_instruction/completion_latency/bulk-tensor__g2s__fresh-map-common/20260804T171022Z__v12__800d55d8c780/attempt_shard_06.csv.gz,21.0,4,586,615,601,15,2,21.0,4,481,511,496,15,2,549,15
g2s,common,dtype,dtype_g2s_tf32_b4096,tensor,4096,tmau_prefetched_l2_hot,tf32,2,single_test_wait_cold_then_hot_v12,separate_midpoint_values_for_same_map_cold_then_hot_pair,v12,20260804T170423Z__v12__098f05f72cb2,data/h100/cuda-13.3-sm90/single_instruction/completion_latency/bulk-tensor__g2s__fresh-map-common/20260804T170423Z__v12__098f05f72cb2/attempt_shard_02.csv.gz,8.0,4,506,524,515,9,0,8.0,3,432,443,438,6,1,477,9,v12,20260804T171022Z__v12__800d55d8c780,data/b200/cuda-13.3-sm100/single_instruction/completion_latency/bulk-tensor__g2s__fresh-map-common/20260804T171022Z__v12__800d55d8c780/attempt_shard_02.csv.gz,21.0,4,577,603,590,13,1,21.0,4,490,515,503,13,1,547,13
g2s,common,dtype,dtype_g2s_tf32_ftz_b4096,tensor,4096,tmau_prefetched_l2_hot,tf32_ftz,2,single_test_wait_cold_then_hot_v12,separate_midpoint_values_for_same_map_cold_then_hot_pair,v12,20260804T170423Z__v12__098f05f72cb2,data/h100/cuda-13.3-sm90/single_instruction/completion_latency/bulk-tensor__g2s__fresh-map-common/20260804T170423Z__v12__098f05f72cb2/attempt_shard_04.csv.gz,8.0,4,501,513,507,6,0,8.0,3,435,445,440,5,1,474,6,v12,20260804T171022Z__v12__800d55d8c780,data/b200/cuda-13.3-sm100/single_instruction/completion_latency/bulk-tensor__g2s__fresh-map-common/20260804T171022Z__v12__800d55d8c780/attempt_shard_04.csv.gz,21.0,4,576,598,587,11,0,21.0,4,494,515,505,11,1,546,11
g2s,common,dtype,dtype_g2s_u16_b4096,tensor,4096,tmau_prefetched_l2_hot,u16,2,single_test_wait_cold_then_hot_v12,separate_midpoint_values_for_same_map_cold_then_hot_pair,v12,20260804T170423Z__v12__098f05f72cb2,data/h100/cuda-13.3-sm90/single_instruction/completion_latency/bulk-tensor__g2s__fresh-map-common/20260804T170423Z__v12__098f05f72cb2/attempt_shard_06.csv.gz,8.0,4,505,514,510,5,1,8.0,3,426,440,433,7,1,472,7,v12,20260804T171022Z__v12__800d55d8c780,data/b200/cuda-13.3-sm100/single_instruction/completion_latency/bulk-tensor__g2s__fresh-map-common/20260804T171022Z__v12__800d55d8c780/attempt_shard_06.csv.gz,21.0,4,586,615,601,15,5,21.0,4,494,517,506,12,1,554,15
g2s,common,dtype,dtype_g2s_u32_b4096,tensor,4096,tmau_prefetched_l2_hot,u32,2,single_test_wait_cold_then_hot_v12,separate_midpoint_values_for_same_map_cold_then_hot_pair,v12,20260804T170423Z__v12__098f05f72cb2,data/h100/cuda-13.3-sm90/single_instruction/completion_latency/bulk-tensor__g2s__fresh-map-common/20260804T170423Z__v12__098f05f72cb2/attempt_shard_00.csv.gz,8.0,4,505,514,510,5,0,8.0,3,432,443,438,6,0,474,6,v12,20260804T171022Z__v12__800d55d8c780,data/b200/cuda-13.3-sm100/single_instruction/completion_latency/bulk-tensor__g2s__fresh-map-common/20260804T171022Z__v12__800d55d8c780/attempt_shard_00.csv.gz,21.0,4,594,616,605,11,2,21.0,4,481,511,496,15,1,551,15
g2s,common,dtype,dtype_g2s_u64_b4096,tensor,4096,tmau_prefetched_l2_hot,u64,2,single_test_wait_cold_then_hot_v12,separate_midpoint_values_for_same_map_cold_then_hot_pair,v12,20260804T170423Z__v12__098f05f72cb2,data/h100/cuda-13.3-sm90/single_instruction/completion_latency/bulk-tensor__g2s__fresh-map-common/20260804T170423Z__v12__098f05f72cb2/attempt_shard_04.csv.gz,8.0,4,506,524,515,9,1,8.0,3,435,445,440,5,3,478,9,v12,20260804T171022Z__v12__800d55d8c780,data/b200/cuda-13.3-sm100/single_instruction/completion_latency/bulk-tensor__g2s__fresh-map-common/20260804T171022Z__v12__800d55d8c780/attempt_shard_04.csv.gz,21.0,4,586,607,597,11,2,21.0,4,490,515,503,13,2,550,13
g2s,common,dtype,dtype_g2s_u8_b4096,tensor,4096,tmau_prefetched_l2_hot,u8,2,single_test_wait_cold_then_hot_v12,separate_midpoint_values_for_same_map_cold_then_hot_pair,v12,20260804T170423Z__v12__098f05f72cb2,data/h100/cuda-13.3-sm90/single_instruction/completion_latency/bulk-tensor__g2s__fresh-map-common/20260804T170423Z__v12__098f05f72cb2/attempt_shard_04.csv.gz,8.0,4,501,513,507,6,0,8.0,3,437,447,442,5,0,475,6,v12,20260804T171022Z__v12__800d55d8c780,data/b200/cuda-13.3-sm100/single_instruction/completion_latency/bulk-tensor__g2s__fresh-map-common/20260804T171022Z__v12__800d55d8c780/attempt_shard_04.csv.gz,21.0,4,586,615,601,15,2,21.0,4,494,517,506,12,2,554,15
g2s,common,interleave,interleave16_g2s_b1024_int,tensor,1024,tmau_first_use_l2_hot,u16,3,single_test_wait_cold_then_hot_v12,separate_midpoint_values_for_same_map_cold_then_hot_pair,v12,20260804T170423Z__v12__098f05f72cb2,data/h100/cuda-13.3-sm90/single_instruction/completion_latency/bulk-tensor__g2s__fresh-map-common/20260804T170423Z__v12__098f05f72cb2/attempt_shard_01.csv.gz,8.0,3,770,783,777,7,3,8.0,3,421,432,427,6,2,602,7,v12,20260804T171022Z__v12__800d55d8c780,data/b200/cuda-13.3-sm100/single_instruction/completion_latency/bulk-tensor__g2s__fresh-map-common/20260804T171022Z__v12__800d55d8c780/attempt_shard_01.csv.gz,21.0,4,836,858,847,11,7,21.0,3,460,490,475,15,4,661,15
g2s,common,interleave,interleave16_g2s_b1024_plain,tensor,1024,tmau_first_use_l2_hot,u16,3,single_test_wait_cold_then_hot_v12,separate_midpoint_values_for_same_map_cold_then_hot_pair,v12,20260804T170423Z__v12__098f05f72cb2,data/h100/cuda-13.3-sm90/single_instruction/completion_latency/bulk-tensor__g2s__fresh-map-common/20260804T170423Z__v12__098f05f72cb2/attempt_shard_07.csv.gz,8.0,3,778,788,783,5,3,8.0,3,472,482,477,5,3,630,5,v12,20260804T171022Z__v12__800d55d8c780,data/b200/cuda-13.3-sm100/single_instruction/completion_latency/bulk-tensor__g2s__fresh-map-common/20260804T171022Z__v12__800d55d8c780/attempt_shard_07.csv.gz,21.0,4,871,892,882,11,6,21.0,3,528,550,539,11,7,711,11
g2s,common,interleave,interleave16_g2s_b1024_int,tensor,1024,tmau_prefetched_l2_hot,u16,3,single_test_wait_cold_then_hot_v12,separate_midpoint_values_for_same_map_cold_then_hot_pair,v12,20260804T170423Z__v12__098f05f72cb2,data/h100/cuda-13.3-sm90/single_instruction/completion_latency/bulk-tensor__g2s__fresh-map-common/20260804T170423Z__v12__098f05f72cb2/attempt_shard_02.csv.gz,8.0,4,467,481,474,7,0,8.0,3,417,427,422,5,1,448,7,v12,20260804T171022Z__v12__800d55d8c780,data/b200/cuda-13.3-sm100/single_instruction/completion_latency/bulk-tensor__g2s__fresh-map-common/20260804T171022Z__v12__800d55d8c780/attempt_shard_02.csv.gz,21.0,4,564,589,577,13,4,21.0,4,456,481,469,13,2,523,13
g2s,common,interleave,interleave16_g2s_b1024_plain,tensor,1024,tmau_prefetched_l2_hot,u16,3,single_test_wait_cold_then_hot_v12,separate_midpoint_values_for_same_map_cold_then_hot_pair,v12,20260804T170423Z__v12__098f05f72cb2,data/h100/cuda-13.3-sm90/single_instruction/completion_latency/bulk-tensor__g2s__fresh-map-common/20260804T170423Z__v12__098f05f72cb2/attempt_shard_00.csv.gz,8.0,4,547,569,558,11,3,8.0,3,477,486,482,5,3,520,11,v12,20260804T171022Z__v12__800d55d8c780,data/b200/cuda-13.3-sm100/single_instruction/completion_latency/bulk-tensor__g2s__fresh-map-common/20260804T171022Z__v12__800d55d8c780/attempt_shard_00.csv.gz,21.0,4,624,646,635,11,8,21.0,4,520,545,533,13,6,584,13
g2s,common,interleave,interleave16_g2s_b4096_int,tensor,4096,tmau_first_use_l2_hot,u16,3,single_test_wait_cold_then_hot_v12,separate_midpoint_values_for_same_map_cold_then_hot_pair,v12,20260804T170423Z__v12__098f05f72cb2,data/h100/cuda-13.3-sm90/single_instruction/completion_latency/bulk-tensor__g2s__fresh-map-common/20260804T170423Z__v12__098f05f72cb2/attempt_shard_05.csv.gz,8.0,3,762,773,768,6,3,8.0,3,448,461,455,7,1,612,7,v12,20260804T171022Z__v12__800d55d8c780,data/b200/cuda-13.3-sm100/single_instruction/completion_latency/bulk-tensor__g2s__fresh-map-common/20260804T171022Z__v12__800d55d8c780/attempt_shard_05.csv.gz,21.0,4,885,912,899,14,3,21.0,3,505,533,519,14,1,709,14
g2s,common,interleave,interleave16_g2s_b4096_plain,tensor,4096,tmau_first_use_l2_hot,u16,3,single_test_wait_cold_then_hot_v12,separate_midpoint_values_for_same_map_cold_then_hot_pair,v12,20260804T170423Z__v12__098f05f72cb2,data/h100/cuda-13.3-sm90/single_instruction/completion_latency/bulk-tensor__g2s__fresh-map-common/20260804T170423Z__v12__098f05f72cb2/attempt_shard_03.csv.gz,8.0,3,981,994,988,7,1,8.0,3,648,659,654,6,1,821,7,v12,20260804T171022Z__v12__800d55d8c780,data/b200/cuda-13.3-sm100/single_instruction/completion_latency/bulk-tensor__g2s__fresh-map-common/20260804T171022Z__v12__800d55d8c780/attempt_shard_03.csv.gz,21.0,4,1068,1097,1083,15,4,21.0,3,711,733,722,11,4,903,15
g2s,common,interleave,interleave16_g2s_b4096_int,tensor,4096,tmau_prefetched_l2_hot,u16,3,single_test_wait_cold_then_hot_v12,separate_midpoint_values_for_same_map_cold_then_hot_pair,v12,20260804T170423Z__v12__098f05f72cb2,data/h100/cuda-13.3-sm90/single_instruction/completion_latency/bulk-tensor__g2s__fresh-map-common/20260804T170423Z__v12__098f05f72cb2/attempt_shard_06.csv.gz,8.0,4,519,528,524,5,2,8.0,3,443,456,450,7,2,487,7,v12,20260804T171022Z__v12__800d55d8c780,data/b200/cuda-13.3-sm100/single_instruction/completion_latency/bulk-tensor__g2s__fresh-map-common/20260804T171022Z__v12__800d55d8c780/attempt_shard_06.csv.gz,21.0,4,601,627,614,13,3,21.0,4,499,521,510,11,3,562,13
g2s,common,interleave,interleave16_g2s_b4096_plain,tensor,4096,tmau_prefetched_l2_hot,u16,3,single_test_wait_cold_then_hot_v12,separate_midpoint_values_for_same_map_cold_then_hot_pair,v12,20260804T170423Z__v12__098f05f72cb2,data/h100/cuda-13.3-sm90/single_instruction/completion_latency/bulk-tensor__g2s__fresh-map-common/20260804T170423Z__v12__098f05f72cb2/attempt_shard_04.csv.gz,8.0,4,735,744,740,5,2,8.0,3,670,681,676,6,3,708,6,v12,20260804T171022Z__v12__800d55d8c780,data/b200/cuda-13.3-sm100/single_instruction/completion_latency/bulk-tensor__g2s__fresh-map-common/20260804T171022Z__v12__800d55d8c780/attempt_shard_04.csv.gz,21.0,4,808,829,819,11,5,21.0,4,707,733,720,13,5,770,13
g2s,common,interleave,interleave16_g2s_b16384_int,tensor,16384,tmau_first_use_l2_hot,u16,3,single_test_wait_cold_then_hot_v12,separate_midpoint_values_for_same_map_cold_then_hot_pair,v12,20260804T170423Z__v12__098f05f72cb2,data/h100/cuda-13.3-sm90/single_instruction/completion_latency/bulk-tensor__g2s__fresh-map-common/20260804T170423Z__v12__098f05f72cb2/attempt_shard_01.csv.gz,8.0,3,895,906,901,6,3,8.0,3,560,573,567,7,1,734,7,v12,20260804T171022Z__v12__800d55d8c780,data/b200/cuda-13.3-sm100/single_instruction/completion_latency/bulk-tensor__g2s__fresh-map-common/20260804T171022Z__v12__800d55d8c780/attempt_shard_01.csv.gz,21.0,4,967,993,980,13,2,21.0,3,608,632,620,12,2,800,13
g2s,common,interleave,interleave16_g2s_b16384_plain,tensor,16384,tmau_first_use_l2_hot,u16,3,single_test_wait_cold_then_hot_v12,separate_midpoint_values_for_same_map_cold_then_hot_pair,v12,20260804T170423Z__v12__098f05f72cb2,data/h100/cuda-13.3-sm90/single_instruction/completion_latency/bulk-tensor__g2s__fresh-map-common/20260804T170423Z__v12__098f05f72cb2/attempt_shard_07.csv.gz,8.0,3,1764,1777,1771,7,6,8.0,3,1432,1442,1437,5,3,1604,7,v12,20260804T171022Z__v12__800d55d8c780,data/b200/cuda-13.3-sm100/single_instruction/completion_latency/bulk-tensor__g2s__fresh-map-common/20260804T171022Z__v12__800d55d8c780/attempt_shard_07.csv.gz,21.0,4,1835,1865,1850,15,4,21.0,3,1479,1501,1490,11,4,1670,15
g2s,common,interleave,interleave16_g2s_b16384_int,tensor,16384,tmau_prefetched_l2_hot,u16,3,single_test_wait_cold_then_hot_v12,separate_midpoint_values_for_same_map_cold_then_hot_pair,v12,20260804T170423Z__v12__098f05f72cb2,data/h100/cuda-13.3-sm90/single_instruction/completion_latency/bulk-tensor__g2s__fresh-map-common/20260804T170423Z__v12__098f05f72cb2/attempt_shard_02.csv.gz,8.0,4,643,655,649,6,0,8.0,3,574,585,580,6,1,615,6,v12,20260804T171022Z__v12__800d55d8c780,data/b200/cuda-13.3-sm100/single_instruction/completion_latency/bulk-tensor__g2s__fresh-map-common/20260804T171022Z__v12__800d55d8c780/attempt_shard_02.csv.gz,21.0,4,703,729,716,13,2,21.0,4,596,625,611,15,3,664,15
g2s,common,interleave,interleave16_g2s_b16384_plain,tensor,16384,tmau_prefetched_l2_hot,u16,3,single_test_wait_cold_then_hot_v12,separate_midpoint_values_for_same_map_cold_then_hot_pair,v12,20260804T170423Z__v12__098f05f72cb2,data/h100/cuda-13.3-sm90/single_instruction/completion_latency/bulk-tensor__g2s__fresh-map-common/20260804T170423Z__v12__098f05f72cb2/attempt_shard_00.csv.gz,8.0,4,1517,1529,1523,6,3,8.0,3,1443,1453,1448,5,2,1486,6,v12,20260804T171022Z__v12__800d55d8c780,data/b200/cuda-13.3-sm100/single_instruction/completion_latency/bulk-tensor__g2s__fresh-map-common/20260804T171022Z__v12__800d55d8c780/attempt_shard_00.csv.gz,21.0,4,1566,1588,1577,11,5,21.0,4,1480,1505,1493,13,5,1535,13
g2s,common,oob,oob_g2s_left100,tensor,4096,tmau_first_use_l2_hot,u8,2,single_test_wait_cold_then_hot_v12,separate_midpoint_values_for_same_map_cold_then_hot_pair,v12,20260804T170423Z__v12__098f05f72cb2,data/h100/cuda-13.3-sm90/single_instruction/completion_latency/bulk-tensor__g2s__fresh-map-common/20260804T170423Z__v12__098f05f72cb2/attempt_shard_05.csv.gz,8.0,3,748,759,754,6,2,8.0,3,424,437,431,7,0,593,7,v12,20260804T171022Z__v12__800d55d8c780,data/b200/cuda-13.3-sm100/single_instruction/completion_latency/bulk-tensor__g2s__fresh-map-common/20260804T171022Z__v12__800d55d8c780/attempt_shard_05.csv.gz,21.0,4,858,880,869,11,1,21.0,3,488,513,501,13,1,685,13
g2s,common,oob,oob_g2s_left12p5,tensor,4096,tmau_first_use_l2_hot,u8,2,single_test_wait_cold_then_hot_v12,separate_midpoint_values_for_same_map_cold_then_hot_pair,v12,20260804T170423Z__v12__098f05f72cb2,data/h100/cuda-13.3-sm90/single_instruction/completion_latency/bulk-tensor__g2s__fresh-map-common/20260804T170423Z__v12__098f05f72cb2/attempt_shard_07.csv.gz,8.0,3,804,817,811,7,4,8.0,3,491,504,498,7,1,655,7,v12,20260804T171022Z__v12__800d55d8c780,data/b200/cuda-13.3-sm100/single_instruction/completion_latency/bulk-tensor__g2s__fresh-map-common/20260804T171022Z__v12__800d55d8c780/attempt_shard_07.csv.gz,21.0,4,892,919,906,14,5,21.0,3,542,564,553,11,5,730,14
g2s,common,oob,oob_g2s_left25,tensor,4096,tmau_first_use_l2_hot,u8,2,single_test_wait_cold_then_hot_v12,separate_midpoint_values_for_same_map_cold_then_hot_pair,v12,20260804T170423Z__v12__098f05f72cb2,data/h100/cuda-13.3-sm90/single_instruction/completion_latency/bulk-tensor__g2s__fresh-map-common/20260804T170423Z__v12__098f05f72cb2/attempt_shard_01.csv.gz,8.0,3,790,803,797,7,4,8.0,3,464,473,469,5,3,633,7,v12,20260804T171022Z__v12__800d55d8c780,data/b200/cuda-13.3-sm100/single_instruction/completion_latency/bulk-tensor__g2s__fresh-map-common/20260804T171022Z__v12__800d55d8c780/attempt_shard_01.csv.gz,21.0,4,859,888,874,15,3,21.0,3,503,532,518,15,3,696,15
g2s,common,oob,oob_g2s_left50,tensor,4096,tmau_first_use_l2_hot,u8,2,single_test_wait_cold_then_hot_v12,separate_midpoint_values_for_same_map_cold_then_hot_pair,v12,20260804T170423Z__v12__098f05f72cb2,data/h100/cuda-13.3-sm90/single_instruction/completion_latency/bulk-tensor__g2s__fresh-map-common/20260804T170423Z__v12__098f05f72cb2/attempt_shard_03.csv.gz,8.0,3,771,780,776,5,4,8.0,3,460,472,466,6,1,621,6,v12,20260804T171022Z__v12__800d55d8c780,data/b200/cuda-13.3-sm100/single_instruction/completion_latency/bulk-tensor__g2s__fresh-map-common/20260804T171022Z__v12__800d55d8c780/attempt_shard_03.csv.gz,21.0,4,882,904,893,11,3,21.0,3,522,547,535,13,1,714,13
g2s,common,oob,oob_g2s_outer75,tensor,4096,tmau_first_use_l2_hot,u8,2,single_test_wait_cold_then_hot_v12,separate_midpoint_values_for_same_map_cold_then_hot_pair,v12,20260804T170423Z__v12__098f05f72cb2,data/h100/cuda-13.3-sm90/single_instruction/completion_latency/bulk-tensor__g2s__fresh-map-common/20260804T170423Z__v12__098f05f72cb2/attempt_shard_01.csv.gz,8.0,3,732,745,739,7,4,8.0,3,429,442,436,7,0,588,7,v12,20260804T171022Z__v12__800d55d8c780,data/b200/cuda-13.3-sm100/single_instruction/completion_latency/bulk-tensor__g2s__fresh-map-common/20260804T171022Z__v12__800d55d8c780/attempt_shard_01.csv.gz,21.0,4,854,879,867,13,4,21.0,3,479,505,492,13,0,680,13
g2s,common,oob,oob_g2s_plain,tensor,4096,tmau_first_use_l2_hot,u8,2,single_test_wait_cold_then_hot_v12,separate_midpoint_values_for_same_map_cold_then_hot_pair,v12,20260804T170423Z__v12__098f05f72cb2,data/h100/cuda-13.3-sm90/single_instruction/completion_latency/bulk-tensor__g2s__fresh-map-common/20260804T170423Z__v12__098f05f72cb2/attempt_shard_05.csv.gz,8.0,3,742,755,749,7,1,8.0,3,439,448,444,5,1,597,7,v12,20260804T171022Z__v12__800d55d8c780,data/b200/cuda-13.3-sm100/single_instruction/completion_latency/bulk-tensor__g2s__fresh-map-common/20260804T171022Z__v12__800d55d8c780/attempt_shard_05.csv.gz,21.0,4,851,875,863,12,2,21.0,3,492,515,504,12,0,684,12
g2s,common,oob,oob_g2s_right25,tensor,4096,tmau_first_use_l2_hot,u8,2,single_test_wait_cold_then_hot_v12,separate_midpoint_values_for_same_map_cold_then_hot_pair,v12,20260804T170423Z__v12__098f05f72cb2,data/h100/cuda-13.3-sm90/single_instruction/completion_latency/bulk-tensor__g2s__fresh-map-common/20260804T170423Z__v12__098f05f72cb2/attempt_shard_07.csv.gz,8.0,3,772,783,778,6,2,8.0,3,448,461,455,7,1,617,7,v12,20260804T171022Z__v12__800d55d8c780,data/b200/cuda-13.3-sm100/single_instruction/completion_latency/bulk-tensor__g2s__fresh-map-common/20260804T171022Z__v12__800d55d8c780/attempt_shard_07.csv.gz,21.0,4,867,889,878,11,6,21.0,3,512,537,525,13,3,702,13
g2s,common,oob,oob_g2s_left100,tensor,4096,tmau_prefetched_l2_hot,u8,2,single_test_wait_cold_then_hot_v12,separate_midpoint_values_for_same_map_cold_then_hot_pair,v12,20260804T170423Z__v12__098f05f72cb2,data/h100/cuda-13.3-sm90/single_instruction/completion_latency/bulk-tensor__g2s__fresh-map-common/20260804T170423Z__v12__098f05f72cb2/attempt_shard_06.csv.gz,8.0,4,487,506,497,10,0,8.0,3,421,434,428,7,0,463,10,v12,20260804T171022Z__v12__800d55d8c780,data/b200/cuda-13.3-sm100/single_instruction/completion_latency/bulk-tensor__g2s__fresh-map-common/20260804T171022Z__v12__800d55d8c780/attempt_shard_06.csv.gz,21.0,4,582,607,595,13,2,21.0,4,481,511,496,15,2,546,15
g2s,common,oob,oob_g2s_left12p5,tensor,4096,tmau_prefetched_l2_hot,u8,2,single_test_wait_cold_then_hot_v12,separate_midpoint_values_for_same_map_cold_then_hot_pair,v12,20260804T170423Z__v12__098f05f72cb2,data/h100/cuda-13.3-sm90/single_instruction/completion_latency/bulk-tensor__g2s__fresh-map-common/20260804T170423Z__v12__098f05f72cb2/attempt_shard_00.csv.gz,8.0,4,564,577,571,7,0,8.0,3,492,505,499,7,2,535,7,v12,20260804T171022Z__v12__800d55d8c780,data/b200/cuda-13.3-sm100/single_instruction/completion_latency/bulk-tensor__g2s__fresh-map-common/20260804T171022Z__v12__800d55d8c780/attempt_shard_00.csv.gz,21.0,4,634,663,649,15,2,21.0,4,542,563,553,11,1,601,15
g2s,common,oob,oob_g2s_left25,tensor,4096,tmau_prefetched_l2_hot,u8,2,single_test_wait_cold_then_hot_v12,separate_midpoint_values_for_same_map_cold_then_hot_pair,v12,20260804T170423Z__v12__098f05f72cb2,data/h100/cuda-13.3-sm90/single_instruction/completion_latency/bulk-tensor__g2s__fresh-map-common/20260804T170423Z__v12__098f05f72cb2/attempt_shard_02.csv.gz,8.0,4,540,553,547,7,2,8.0,3,461,471,466,5,0,507,7,v12,20260804T171022Z__v12__800d55d8c780,data/b200/cuda-13.3-sm100/single_instruction/completion_latency/bulk-tensor__g2s__fresh-map-common/20260804T171022Z__v12__800d55d8c780/attempt_shard_02.csv.gz,21.0,4,600,622,611,11,1,21.0,4,518,541,530,12,3,571,12
g2s,common,oob,oob_g2s_left50,tensor,4096,tmau_prefetched_l2_hot,u8,2,single_test_wait_cold_then_hot_v12,separate_midpoint_values_for_same_map_cold_then_hot_pair,v12,20260804T170423Z__v12__098f05f72cb2,data/h100/cuda-13.3-sm90/single_instruction/completion_latency/bulk-tensor__g2s__fresh-map-common/20260804T170423Z__v12__098f05f72cb2/attempt_shard_04.csv.gz,8.0,4,534,547,541,7,0,8.0,3,461,471,466,5,1,504,7,v12,20260804T171022Z__v12__800d55d8c780,data/b200/cuda-13.3-sm100/single_instruction/completion_latency/bulk-tensor__g2s__fresh-map-common/20260804T171022Z__v12__800d55d8c780/attempt_shard_04.csv.gz,21.0,4,610,631,621,11,1,21.0,4,518,539,529,11,2,575,11
g2s,common,oob,oob_g2s_outer75,tensor,4096,tmau_prefetched_l2_hot,u8,2,single_test_wait_cold_then_hot_v12,separate_midpoint_values_for_same_map_cold_then_hot_pair,v12,20260804T170423Z__v12__098f05f72cb2,data/h100/cuda-13.3-sm90/single_instruction/completion_latency/bulk-tensor__g2s__fresh-map-common/20260804T170423Z__v12__098f05f72cb2/attempt_shard_02.csv.gz,8.0,4,506,524,515,9,1,8.0,3,426,440,433,7,0,474,9,v12,20260804T171022Z__v12__800d55d8c780,data/b200/cuda-13.3-sm100/single_instruction/completion_latency/bulk-tensor__g2s__fresh-map-common/20260804T171022Z__v12__800d55d8c780/attempt_shard_02.csv.gz,21.0,4,577,603,590,13,1,21.0,4,481,511,496,15,0,543,15
g2s,common,oob,oob_g2s_plain,tensor,4096,tmau_prefetched_l2_hot,u8,2,single_test_wait_cold_then_hot_v12,separate_midpoint_values_for_same_map_cold_then_hot_pair,v12,20260804T170423Z__v12__098f05f72cb2,data/h100/cuda-13.3-sm90/single_instruction/completion_latency/bulk-tensor__g2s__fresh-map-common/20260804T170423Z__v12__098f05f72cb2/attempt_shard_06.csv.gz,8.0,4,505,514,510,5,0,8.0,3,437,447,442,5,0,476,5,v12,20260804T171022Z__v12__800d55d8c780,data/b200/cuda-13.3-sm100/single_instruction/completion_latency/bulk-tensor__g2s__fresh-map-common/20260804T171022Z__v12__800d55d8c780/attempt_shard_06.csv.gz,21.0,4,586,607,597,11,2,21.0,4,481,511,496,15,0,547,15
g2s,common,oob,oob_g2s_right25,tensor,4096,tmau_prefetched_l2_hot,u8,2,single_test_wait_cold_then_hot_v12,separate_midpoint_values_for_same_map_cold_then_hot_pair,v12,20260804T170423Z__v12__098f05f72cb2,data/h100/cuda-13.3-sm90/single_instruction/completion_latency/bulk-tensor__g2s__fresh-map-common/20260804T170423Z__v12__098f05f72cb2/attempt_shard_00.csv.gz,8.0,4,539,548,544,5,1,8.0,3,461,471,466,5,2,505,5,v12,20260804T171022Z__v12__800d55d8c780,data/b200/cuda-13.3-sm100/single_instruction/completion_latency/bulk-tensor__g2s__fresh-map-common/20260804T171022Z__v12__800d55d8c780/attempt_shard_00.csv.gz,21.0,4,586,607,597,11,4,21.0,4,496,523,510,14,5,554,14
g2s,common,oob_nan,oob_nan_bf16_nan,tensor,4096,tmau_first_use_l2_hot,bf16,2,single_test_wait_cold_then_hot_v12,separate_midpoint_values_for_same_map_cold_then_hot_pair,v12,20260804T170423Z__v12__098f05f72cb2,data/h100/cuda-13.3-sm90/single_instruction/completion_latency/bulk-tensor__g2s__fresh-map-common/20260804T170423Z__v12__098f05f72cb2/attempt_shard_07.csv.gz,8.0,3,785,796,791,6,2,8.0,3,467,480,474,7,1,633,7,v12,20260804T171022Z__v12__800d55d8c780,data/b200/cuda-13.3-sm100/single_instruction/completion_latency/bulk-tensor__g2s__fresh-map-common/20260804T171022Z__v12__800d55d8c780/attempt_shard_07.csv.gz,21.0,4,892,919,906,14,6,21.0,3,512,537,525,13,1,716,14
g2s,common,oob_nan,oob_nan_bf16_zero,tensor,4096,tmau_first_use_l2_hot,bf16,2,single_test_wait_cold_then_hot_v12,separate_midpoint_values_for_same_map_cold_then_hot_pair,v12,20260804T170423Z__v12__098f05f72cb2,data/h100/cuda-13.3-sm90/single_instruction/completion_latency/bulk-tensor__g2s__fresh-map-common/20260804T170423Z__v12__098f05f72cb2/attempt_shard_05.csv.gz,8.0,3,780,793,787,7,2,8.0,3,458,468,463,5,1,625,7,v12,20260804T171022Z__v12__800d55d8c780,data/b200/cuda-13.3-sm100/single_instruction/completion_latency/bulk-tensor__g2s__fresh-map-common/20260804T171022Z__v12__800d55d8c780/attempt_shard_05.csv.gz,21.0,4,891,913,902,11,3,21.0,3,519,543,531,12,1,717,12
g2s,common,oob_nan,oob_nan_f16_nan,tensor,4096,tmau_first_use_l2_hot,f16,2,single_test_wait_cold_then_hot_v12,separate_midpoint_values_for_same_map_cold_then_hot_pair,v12,20260804T170423Z__v12__098f05f72cb2,data/h100/cuda-13.3-sm90/single_instruction/completion_latency/bulk-tensor__g2s__fresh-map-common/20260804T170423Z__v12__098f05f72cb2/attempt_shard_07.csv.gz,8.0,3,772,783,778,6,2,8.0,3,458,466,462,4,3,620,6,v12,20260804T171022Z__v12__800d55d8c780,data/b200/cuda-13.3-sm100/single_instruction/completion_latency/bulk-tensor__g2s__fresh-map-common/20260804T171022Z__v12__800d55d8c780/attempt_shard_07.csv.gz,21.0,4,878,903,891,13,2,21.0,3,516,539,528,12,2,710,13
g2s,common,oob_nan,oob_nan_f16_zero,tensor,4096,tmau_first_use_l2_hot,f16,2,single_test_wait_cold_then_hot_v12,separate_midpoint_values_for_same_map_cold_then_hot_pair,v12,20260804T170423Z__v12__098f05f72cb2,data/h100/cuda-13.3-sm90/single_instruction/completion_latency/bulk-tensor__g2s__fresh-map-common/20260804T170423Z__v12__098f05f72cb2/attempt_shard_05.csv.gz,8.0,3,772,783,778,6,1,8.0,3,472,485,479,7,2,629,7,v12,20260804T171022Z__v12__800d55d8c780,data/b200/cuda-13.3-sm100/single_instruction/completion_latency/bulk-tensor__g2s__fresh-map-common/20260804T171022Z__v12__800d55d8c780/attempt_shard_05.csv.gz,21.0,4,868,896,882,14,2,21.0,3,516,539,528,12,3,705,14
g2s,common,oob_nan,oob_nan_f32_nan,tensor,4096,tmau_first_use_l2_hot,f32,2,single_test_wait_cold_then_hot_v12,separate_midpoint_values_for_same_map_cold_then_hot_pair,v12,20260804T170423Z__v12__098f05f72cb2,data/h100/cuda-13.3-sm90/single_instruction/completion_latency/bulk-tensor__g2s__fresh-map-common/20260804T170423Z__v12__098f05f72cb2/attempt_shard_03.csv.gz,8.0,3,785,796,791,6,3,8.0,3,453,466,460,7,0,626,7,v12,20260804T171022Z__v12__800d55d8c780,data/b200/cuda-13.3-sm100/single_instruction/completion_latency/bulk-tensor__g2s__fresh-map-common/20260804T171022Z__v12__800d55d8c780/attempt_shard_03.csv.gz,21.0,4,868,895,882,14,2,21.0,3,516,539,528,12,3,705,14
g2s,common,oob_nan,oob_nan_f32_zero,tensor,4096,tmau_first_use_l2_hot,f32,2,single_test_wait_cold_then_hot_v12,separate_midpoint_values_for_same_map_cold_then_hot_pair,v12,20260804T170423Z__v12__098f05f72cb2,data/h100/cuda-13.3-sm90/single_instruction/completion_latency/bulk-tensor__g2s__fresh-map-common/20260804T170423Z__v12__098f05f72cb2/attempt_shard_01.csv.gz,8.0,3,795,804,800,5,2,8.0,3,465,475,470,5,1,635,5,v12,20260804T171022Z__v12__800d55d8c780,data/b200/cuda-13.3-sm100/single_instruction/completion_latency/bulk-tensor__g2s__fresh-map-common/20260804T171022Z__v12__800d55d8c780/attempt_shard_01.csv.gz,21.0,4,859,888,874,15,3,21.0,3,512,537,525,13,3,700,15
g2s,common,oob_nan,oob_nan_f32_ftz_nan,tensor,4096,tmau_first_use_l2_hot,f32_ftz,2,single_test_wait_cold_then_hot_v12,separate_midpoint_values_for_same_map_cold_then_hot_pair,v12,20260804T170423Z__v12__098f05f72cb2,data/h100/cuda-13.3-sm90/single_instruction/completion_latency/bulk-tensor__g2s__fresh-map-common/20260804T170423Z__v12__098f05f72cb2/attempt_shard_07.csv.gz,8.0,3,771,780,776,5,2,8.0,3,460,472,466,6,0,621,6,v12,20260804T171022Z__v12__800d55d8c780,data/b200/cuda-13.3-sm100/single_instruction/completion_latency/bulk-tensor__g2s__fresh-map-common/20260804T171022Z__v12__800d55d8c780/attempt_shard_07.csv.gz,21.0,4,875,899,887,12,4,21.0,3,503,532,518,15,1,703,15
g2s,common,oob_nan,oob_nan_f32_ftz_zero,tensor,4096,tmau_first_use_l2_hot,f32_ftz,2,single_test_wait_cold_then_hot_v12,separate_midpoint_values_for_same_map_cold_then_hot_pair,v12,20260804T170423Z__v12__098f05f72cb2,data/h100/cuda-13.3-sm90/single_instruction/completion_latency/bulk-tensor__g2s__fresh-map-common/20260804T170423Z__v12__098f05f72cb2/attempt_shard_05.csv.gz,8.0,3,790,803,797,7,3,8.0,3,460,472,466,6,0,632,7,v12,20260804T171022Z__v12__800d55d8c780,data/b200/cuda-13.3-sm100/single_instruction/completion_latency/bulk-tensor__g2s__fresh-map-common/20260804T171022Z__v12__800d55d8c780/attempt_shard_05.csv.gz,21.0,4,868,895,882,14,3,21.0,3,526,548,537,11,2,710,14
g2s,common,oob_nan,oob_nan_f64_nan,tensor,4096,tmau_first_use_l2_hot,f64,2,single_test_wait_cold_then_hot_v12,separate_midpoint_values_for_same_map_cold_then_hot_pair,v12,20260804T170423Z__v12__098f05f72cb2,data/h100/cuda-13.3-sm90/single_instruction/completion_latency/bulk-tensor__g2s__fresh-map-common/20260804T170423Z__v12__098f05f72cb2/attempt_shard_03.csv.gz,8.0,3,790,803,797,7,3,8.0,3,460,472,466,6,0,632,7,v12,20260804T171022Z__v12__800d55d8c780,data/b200/cuda-13.3-sm100/single_instruction/completion_latency/bulk-tensor__g2s__fresh-map-common/20260804T171022Z__v12__800d55d8c780/attempt_shard_03.csv.gz,21.0,4,874,896,885,11,3,21.0,3,522,547,535,13,1,710,13
g2s,common,oob_nan,oob_nan_f64_zero,tensor,4096,tmau_first_use_l2_hot,f64,2,single_test_wait_cold_then_hot_v12,separate_midpoint_values_for_same_map_cold_then_hot_pair,v12,20260804T170423Z__v12__098f05f72cb2,data/h100/cuda-13.3-sm90/single_instruction/completion_latency/bulk-tensor__g2s__fresh-map-common/20260804T170423Z__v12__098f05f72cb2/attempt_shard_01.csv.gz,8.0,3,788,798,793,5,5,8.0,3,458,468,463,5,2,628,5,v12,20260804T171022Z__v12__800d55d8c780,data/b200/cuda-13.3-sm100/single_instruction/completion_latency/bulk-tensor__g2s__fresh-map-common/20260804T171022Z__v12__800d55d8c780/attempt_shard_01.csv.gz,21.0,4,891,913,902,11,4,21.0,3,516,539,528,12,3,715,12
g2s,common,oob_nan,oob_nan_tf32_nan,tensor,4096,tmau_first_use_l2_hot,tf32,2,single_test_wait_cold_then_hot_v12,separate_midpoint_values_for_same_map_cold_then_hot_pair,v12,20260804T170423Z__v12__098f05f72cb2,data/h100/cuda-13.3-sm90/single_instruction/completion_latency/bulk-tensor__g2s__fresh-map-common/20260804T170423Z__v12__098f05f72cb2/attempt_shard_03.csv.gz,8.0,3,772,783,778,6,2,8.0,3,458,466,462,4,0,620,6,v12,20260804T171022Z__v12__800d55d8c780,data/b200/cuda-13.3-sm100/single_instruction/completion_latency/bulk-tensor__g2s__fresh-map-common/20260804T171022Z__v12__800d55d8c780/attempt_shard_03.csv.gz,21.0,4,891,913,902,11,4,21.0,3,522,547,535,13,3,719,13
g2s,common,oob_nan,oob_nan_tf32_zero,tensor,4096,tmau_first_use_l2_hot,tf32,2,single_test_wait_cold_then_hot_v12,separate_midpoint_values_for_same_map_cold_then_hot_pair,v12,20260804T170423Z__v12__098f05f72cb2,data/h100/cuda-13.3-sm90/single_instruction/completion_latency/bulk-tensor__g2s__fresh-map-common/20260804T170423Z__v12__098f05f72cb2/attempt_shard_01.csv.gz,8.0,3,775,788,782,7,1,8.0,3,465,475,470,5,2,626,7,v12,20260804T171022Z__v12__800d55d8c780,data/b200/cuda-13.3-sm100/single_instruction/completion_latency/bulk-tensor__g2s__fresh-map-common/20260804T171022Z__v12__800d55d8c780/attempt_shard_01.csv.gz,21.0,4,882,904,893,11,2,21.0,3,518,540,529,11,2,711,11
g2s,common,oob_nan,oob_nan_tf32_ftz_nan,tensor,4096,tmau_first_use_l2_hot,tf32_ftz,2,single_test_wait_cold_then_hot_v12,separate_midpoint_values_for_same_map_cold_then_hot_pair,v12,20260804T170423Z__v12__098f05f72cb2,data/h100/cuda-13.3-sm90/single_instruction/completion_latency/bulk-tensor__g2s__fresh-map-common/20260804T170423Z__v12__098f05f72cb2/attempt_shard_07.csv.gz,8.0,3,790,803,797,7,2,8.0,3,464,473,469,5,0,633,7,v12,20260804T171022Z__v12__800d55d8c780,data/b200/cuda-13.3-sm100/single_instruction/completion_latency/bulk-tensor__g2s__fresh-map-common/20260804T171022Z__v12__800d55d8c780/attempt_shard_07.csv.gz,21.0,4,875,899,887,12,2,21.0,3,519,543,531,12,3,709,12
g2s,common,oob_nan,oob_nan_tf32_ftz_zero,tensor,4096,tmau_first_use_l2_hot,tf32_ftz,2,single_test_wait_cold_then_hot_v12,separate_midpoint_values_for_same_map_cold_then_hot_pair,v12,20260804T170423Z__v12__098f05f72cb2,data/h100/cuda-13.3-sm90/single_instruction/completion_latency/bulk-tensor__g2s__fresh-map-common/20260804T170423Z__v12__098f05f72cb2/attempt_shard_05.csv.gz,8.0,3,788,798,793,5,2,8.0,3,460,472,466,6,0,630,6,v12,20260804T171022Z__v12__800d55d8c780,data/b200/cuda-13.3-sm100/single_instruction/completion_latency/bulk-tensor__g2s__fresh-map-common/20260804T171022Z__v12__800d55d8c780/attempt_shard_05.csv.gz,21.0,4,875,899,887,12,2,21.0,3,526,549,538,12,3,713,12
g2s,common,oob_nan,oob_nan_bf16_nan,tensor,4096,tmau_prefetched_l2_hot,bf16,2,single_test_wait_cold_then_hot_v12,separate_midpoint_values_for_same_map_cold_then_hot_pair,v12,20260804T170423Z__v12__098f05f72cb2,data/h100/cuda-13.3-sm90/single_instruction/completion_latency/bulk-tensor__g2s__fresh-map-common/20260804T170423Z__v12__098f05f72cb2/attempt_shard_00.csv.gz,8.0,4,525,542,534,9,0,8.0,3,461,471,466,5,0,500,9,v12,20260804T171022Z__v12__800d55d8c780,data/b200/cuda-13.3-sm100/single_instruction/completion_latency/bulk-tensor__g2s__fresh-map-common/20260804T171022Z__v12__800d55d8c780/attempt_shard_00.csv.gz,21.0,4,610,631,621,11,2,21.0,4,508,535,522,14,2,572,14
g2s,common,oob_nan,oob_nan_bf16_zero,tensor,4096,tmau_prefetched_l2_hot,bf16,2,single_test_wait_cold_then_hot_v12,separate_midpoint_values_for_same_map_cold_then_hot_pair,v12,20260804T170423Z__v12__098f05f72cb2,data/h100/cuda-13.3-sm90/single_instruction/completion_latency/bulk-tensor__g2s__fresh-map-common/20260804T170423Z__v12__098f05f72cb2/attempt_shard_06.csv.gz,8.0,4,525,542,534,9,1,8.0,3,461,471,466,5,2,500,9,v12,20260804T171022Z__v12__800d55d8c780,data/b200/cuda-13.3-sm100/single_instruction/completion_latency/bulk-tensor__g2s__fresh-map-common/20260804T171022Z__v12__800d55d8c780/attempt_shard_06.csv.gz,21.0,4,610,639,625,15,1,21.0,4,514,539,527,13,2,576,15
g2s,common,oob_nan,oob_nan_f16_nan,tensor,4096,tmau_prefetched_l2_hot,f16,2,single_test_wait_cold_then_hot_v12,separate_midpoint_values_for_same_map_cold_then_hot_pair,v12,20260804T170423Z__v12__098f05f72cb2,data/h100/cuda-13.3-sm90/single_instruction/completion_latency/bulk-tensor__g2s__fresh-map-common/20260804T170423Z__v12__098f05f72cb2/attempt_shard_00.csv.gz,8.0,4,534,547,541,7,1,8.0,3,456,467,462,6,1,502,7,v12,20260804T171022Z__v12__800d55d8c780,data/b200/cuda-13.3-sm100/single_instruction/completion_latency/bulk-tensor__g2s__fresh-map-common/20260804T171022Z__v12__800d55d8c780/attempt_shard_00.csv.gz,21.0,4,601,627,614,13,1,21.0,4,508,535,522,14,3,568,14
g2s,common,oob_nan,oob_nan_f16_zero,tensor,4096,tmau_prefetched_l2_hot,f16,2,single_test_wait_cold_then_hot_v12,separate_midpoint_values_for_same_map_cold_then_hot_pair,v12,20260804T170423Z__v12__098f05f72cb2,data/h100/cuda-13.3-sm90/single_instruction/completion_latency/bulk-tensor__g2s__fresh-map-common/20260804T170423Z__v12__098f05f72cb2/attempt_shard_06.csv.gz,8.0,4,539,548,544,5,1,8.0,3,459,469,464,5,2,504,5,v12,20260804T171022Z__v12__800d55d8c780,data/b200/cuda-13.3-sm100/single_instruction/completion_latency/bulk-tensor__g2s__fresh-map-common/20260804T171022Z__v12__800d55d8c780/attempt_shard_06.csv.gz,21.0,4,619,645,632,13,3,21.0,4,508,535,522,14,4,577,14
g2s,common,oob_nan,oob_nan_f32_nan,tensor,4096,tmau_prefetched_l2_hot,f32,2,single_test_wait_cold_then_hot_v12,separate_midpoint_values_for_same_map_cold_then_hot_pair,v12,20260804T170423Z__v12__098f05f72cb2,data/h100/cuda-13.3-sm90/single_instruction/completion_latency/bulk-tensor__g2s__fresh-map-common/20260804T170423Z__v12__098f05f72cb2/attempt_shard_04.csv.gz,8.0,4,539,548,544,5,0,8.0,3,468,481,475,7,1,510,7,v12,20260804T171022Z__v12__800d55d8c780,data/b200/cuda-13.3-sm100/single_instruction/completion_latency/bulk-tensor__g2s__fresh-map-common/20260804T171022Z__v12__800d55d8c780/attempt_shard_04.csv.gz,21.0,4,610,639,625,15,1,21.0,4,520,547,534,14,1,580,15
g2s,common,oob_nan,oob_nan_f32_zero,tensor,4096,tmau_prefetched_l2_hot,f32,2,single_test_wait_cold_then_hot_v12,separate_midpoint_values_for_same_map_cold_then_hot_pair,v12,20260804T170423Z__v12__098f05f72cb2,data/h100/cuda-13.3-sm90/single_instruction/completion_latency/bulk-tensor__g2s__fresh-map-common/20260804T170423Z__v12__098f05f72cb2/attempt_shard_02.csv.gz,8.0,4,534,547,541,7,0,8.0,3,461,471,466,5,1,504,7,v12,20260804T171022Z__v12__800d55d8c780,data/b200/cuda-13.3-sm100/single_instruction/completion_latency/bulk-tensor__g2s__fresh-map-common/20260804T171022Z__v12__800d55d8c780/attempt_shard_02.csv.gz,21.0,4,618,640,629,11,0,21.0,4,520,547,534,14,1,582,14
g2s,common,oob_nan,oob_nan_f32_ftz_nan,tensor,4096,tmau_prefetched_l2_hot,f32_ftz,2,single_test_wait_cold_then_hot_v12,separate_midpoint_values_for_same_map_cold_then_hot_pair,v12,20260804T170423Z__v12__098f05f72cb2,data/h100/cuda-13.3-sm90/single_instruction/completion_latency/bulk-tensor__g2s__fresh-map-common/20260804T170423Z__v12__098f05f72cb2/attempt_shard_00.csv.gz,8.0,4,525,542,534,9,1,8.0,3,459,469,464,5,1,499,9,v12,20260804T171022Z__v12__800d55d8c780,data/b200/cuda-13.3-sm100/single_instruction/completion_latency/bulk-tensor__g2s__fresh-map-common/20260804T171022Z__v12__800d55d8c780/attempt_shard_00.csv.gz,21.0,4,601,627,614,13,0,21.0,4,518,539,529,11,1,572,13
g2s,common,oob_nan,oob_nan_f32_ftz_zero,tensor,4096,tmau_prefetched_l2_hot,f32_ftz,2,single_test_wait_cold_then_hot_v12,separate_midpoint_values_for_same_map_cold_then_hot_pair,v12,20260804T170423Z__v12__098f05f72cb2,data/h100/cuda-13.3-sm90/single_instruction/completion_latency/bulk-tensor__g2s__fresh-map-common/20260804T170423Z__v12__098f05f72cb2/attempt_shard_06.csv.gz,8.0,4,525,542,534,9,0,8.0,3,463,476,470,7,1,502,9,v12,20260804T171022Z__v12__800d55d8c780,data/b200/cuda-13.3-sm100/single_instruction/completion_latency/bulk-tensor__g2s__fresh-map-common/20260804T171022Z__v12__800d55d8c780/attempt_shard_06.csv.gz,21.0,4,610,631,621,11,1,21.0,4,527,553,540,13,2,581,13
g2s,common,oob_nan,oob_nan_f64_nan,tensor,4096,tmau_prefetched_l2_hot,f64,2,single_test_wait_cold_then_hot_v12,separate_midpoint_values_for_same_map_cold_then_hot_pair,v12,20260804T170423Z__v12__098f05f72cb2,data/h100/cuda-13.3-sm90/single_instruction/completion_latency/bulk-tensor__g2s__fresh-map-common/20260804T170423Z__v12__098f05f72cb2/attempt_shard_04.csv.gz,8.0,4,534,547,541,7,0,8.0,3,456,467,462,6,2,502,7,v12,20260804T171022Z__v12__800d55d8c780,data/b200/cuda-13.3-sm100/single_instruction/completion_latency/bulk-tensor__g2s__fresh-map-common/20260804T171022Z__v12__800d55d8c780/attempt_shard_04.csv.gz,21.0,4,610,639,625,15,1,21.0,4,518,541,530,12,0,578,15
g2s,common,oob_nan,oob_nan_f64_zero,tensor,4096,tmau_prefetched_l2_hot,f64,2,single_test_wait_cold_then_hot_v12,separate_midpoint_values_for_same_map_cold_then_hot_pair,v12,20260804T170423Z__v12__098f05f72cb2,data/h100/cuda-13.3-sm90/single_instruction/completion_latency/bulk-tensor__g2s__fresh-map-common/20260804T170423Z__v12__098f05f72cb2/attempt_shard_02.csv.gz,8.0,4,534,547,541,7,0,8.0,3,456,467,462,6,2,502,7,v12,20260804T171022Z__v12__800d55d8c780,data/b200/cuda-13.3-sm100/single_instruction/completion_latency/bulk-tensor__g2s__fresh-map-common/20260804T171022Z__v12__800d55d8c780/attempt_shard_02.csv.gz,21.0,4,601,627,614,13,0,21.0,4,520,547,534,14,2,574,14
g2s,common,oob_nan,oob_nan_tf32_nan,tensor,4096,tmau_prefetched_l2_hot,tf32,2,single_test_wait_cold_then_hot_v12,separate_midpoint_values_for_same_map_cold_then_hot_pair,v12,20260804T170423Z__v12__098f05f72cb2,data/h100/cuda-13.3-sm90/single_instruction/completion_latency/bulk-tensor__g2s__fresh-map-common/20260804T170423Z__v12__098f05f72cb2/attempt_shard_04.csv.gz,8.0,4,539,548,544,5,1,8.0,3,459,469,464,5,1,504,5,v12,20260804T171022Z__v12__800d55d8c780,data/b200/cuda-13.3-sm100/single_instruction/completion_latency/bulk-tensor__g2s__fresh-map-common/20260804T171022Z__v12__800d55d8c780/attempt_shard_04.csv.gz,21.0,4,610,639,625,15,3,21.0,4,520,547,534,14,2,580,15
g2s,common,oob_nan,oob_nan_tf32_zero,tensor,4096,tmau_prefetched_l2_hot,tf32,2,single_test_wait_cold_then_hot_v12,separate_midpoint_values_for_same_map_cold_then_hot_pair,v12,20260804T170423Z__v12__098f05f72cb2,data/h100/cuda-13.3-sm90/single_instruction/completion_latency/bulk-tensor__g2s__fresh-map-common/20260804T170423Z__v12__098f05f72cb2/attempt_shard_02.csv.gz,8.0,4,534,547,541,7,0,8.0,3,461,471,466,5,0,504,7,v12,20260804T171022Z__v12__800d55d8c780,data/b200/cuda-13.3-sm100/single_instruction/completion_latency/bulk-tensor__g2s__fresh-map-common/20260804T171022Z__v12__800d55d8c780/attempt_shard_02.csv.gz,21.0,4,610,639,625,15,1,21.0,4,518,541,530,12,1,578,15
g2s,common,oob_nan,oob_nan_tf32_ftz_nan,tensor,4096,tmau_prefetched_l2_hot,tf32_ftz,2,single_test_wait_cold_then_hot_v12,separate_midpoint_values_for_same_map_cold_then_hot_pair,v12,20260804T170423Z__v12__098f05f72cb2,data/h100/cuda-13.3-sm90/single_instruction/completion_latency/bulk-tensor__g2s__fresh-map-common/20260804T170423Z__v12__098f05f72cb2/attempt_shard_00.csv.gz,8.0,4,525,542,534,9,0,8.0,3,468,481,475,7,0,505,9,v12,20260804T171022Z__v12__800d55d8c780,data/b200/cuda-13.3-sm100/single_instruction/completion_latency/bulk-tensor__g2s__fresh-map-common/20260804T171022Z__v12__800d55d8c780/attempt_shard_00.csv.gz,21.0,4,610,639,625,15,1,21.0,4,520,547,534,14,1,580,15
g2s,common,oob_nan,oob_nan_tf32_ftz_zero,tensor,4096,tmau_prefetched_l2_hot,tf32_ftz,2,single_test_wait_cold_then_hot_v12,separate_midpoint_values_for_same_map_cold_then_hot_pair,v12,20260804T170423Z__v12__098f05f72cb2,data/h100/cuda-13.3-sm90/single_instruction/completion_latency/bulk-tensor__g2s__fresh-map-common/20260804T170423Z__v12__098f05f72cb2/attempt_shard_06.csv.gz,8.0,4,534,547,541,7,0,8.0,3,459,469,464,5,0,503,7,v12,20260804T171022Z__v12__800d55d8c780,data/b200/cuda-13.3-sm100/single_instruction/completion_latency/bulk-tensor__g2s__fresh-map-common/20260804T171022Z__v12__800d55d8c780/attempt_shard_06.csv.gz,21.0,4,601,627,614,13,1,21.0,4,518,541,530,12,3,572,13
g2s,common,rank,rank_g2s_r1_b128,tensor,128,tmau_first_use_l2_hot,u8,1,single_test_wait_cold_then_hot_v12,separate_midpoint_values_for_same_map_cold_then_hot_pair,v12,20260804T170423Z__v12__098f05f72cb2,data/h100/cuda-13.3-sm90/single_instruction/completion_latency/bulk-tensor__g2s__fresh-map-common/20260804T170423Z__v12__098f05f72cb2/attempt_shard_06.csv.gz,8.0,3,716,729,723,7,2,8.0,3,400,413,407,7,3,565,7,v12,20260804T171022Z__v12__800d55d8c780,data/b200/cuda-13.3-sm100/single_instruction/completion_latency/bulk-tensor__g2s__fresh-map-common/20260804T171022Z__v12__800d55d8c780/attempt_shard_06.csv.gz,21.0,4,803,827,815,12,3,21.0,3,452,476,464,12,5,640,12
g2s,common,rank,rank_g2s_r2_b128,tensor,128,tmau_first_use_l2_hot,u8,2,single_test_wait_cold_then_hot_v12,separate_midpoint_values_for_same_map_cold_then_hot_pair,v12,20260804T170423Z__v12__098f05f72cb2,data/h100/cuda-13.3-sm90/single_instruction/completion_latency/bulk-tensor__g2s__fresh-map-common/20260804T170423Z__v12__098f05f72cb2/attempt_shard_00.csv.gz,8.0,3,699,708,704,5,3,8.0,3,372,384,378,6,6,541,6,v12,20260804T171022Z__v12__800d55d8c780,data/b200/cuda-13.3-sm100/single_instruction/completion_latency/bulk-tensor__g2s__fresh-map-common/20260804T171022Z__v12__800d55d8c780/attempt_shard_00.csv.gz,21.0,4,827,851,839,12,6,21.0,3,419,441,430,11,2,635,12
g2s,common,rank,rank_g2s_r3_b128,tensor,128,tmau_first_use_l2_hot,u8,3,single_test_wait_cold_then_hot_v12,separate_midpoint_values_for_same_map_cold_then_hot_pair,v12,20260804T170423Z__v12__098f05f72cb2,data/h100/cuda-13.3-sm90/single_instruction/completion_latency/bulk-tensor__g2s__fresh-map-common/20260804T170423Z__v12__098f05f72cb2/attempt_shard_02.csv.gz,8.0,3,741,754,748,7,3,8.0,3,391,400,396,5,5,572,7,v12,20260804T171022Z__v12__800d55d8c780,data/b200/cuda-13.3-sm100/single_instruction/completion_latency/bulk-tensor__g2s__fresh-map-common/20260804T171022Z__v12__800d55d8c780/attempt_shard_02.csv.gz,21.0,3,789,816,803,14,3,21.0,3,456,481,469,13,6,636,14
g2s,common,rank,rank_g2s_r4_b128,tensor,128,tmau_first_use_l2_hot,u8,4,single_test_wait_cold_then_hot_v12,separate_midpoint_values_for_same_map_cold_then_hot_pair,v12,20260804T170423Z__v12__098f05f72cb2,data/h100/cuda-13.3-sm90/single_instruction/completion_latency/bulk-tensor__g2s__fresh-map-common/20260804T170423Z__v12__098f05f72cb2/attempt_shard_04.csv.gz,8.0,3,737,748,743,6,3,8.0,3,400,413,407,7,2,575,7,v12,20260804T171022Z__v12__800d55d8c780,data/b200/cuda-13.3-sm100/single_instruction/completion_latency/bulk-tensor__g2s__fresh-map-common/20260804T171022Z__v12__800d55d8c780/attempt_shard_04.csv.gz,21.0,3,845,866,856,11,2,21.0,3,431,456,444,13,2,650,13
g2s,common,rank,rank_g2s_r5_b128,tensor,128,tmau_first_use_l2_hot,u8,5,single_test_wait_cold_then_hot_v12,separate_midpoint_values_for_same_map_cold_then_hot_pair,v12,20260804T170423Z__v12__098f05f72cb2,data/h100/cuda-13.3-sm90/single_instruction/completion_latency/bulk-tensor__g2s__fresh-map-common/20260804T170423Z__v12__098f05f72cb2/attempt_shard_06.csv.gz,8.0,3,723,734,729,6,6,8.0,3,414,426,420,6,2,575,6,v12,20260804T171022Z__v12__800d55d8c780,data/b200/cuda-13.3-sm100/single_instruction/completion_latency/bulk-tensor__g2s__fresh-map-common/20260804T171022Z__v12__800d55d8c780/attempt_shard_06.csv.gz,21.0,3,854,876,865,11,7,21.0,3,482,505,494,12,6,680,12
g2s,common,rank,rank_g2s_r1_b128,tensor,128,tmau_prefetched_l2_hot,u8,1,single_test_wait_cold_then_hot_v12,separate_midpoint_values_for_same_map_cold_then_hot_pair,v12,20260804T170423Z__v12__098f05f72cb2,data/h100/cuda-13.3-sm90/single_instruction/completion_latency/bulk-tensor__g2s__fresh-map-common/20260804T170423Z__v12__098f05f72cb2/attempt_shard_07.csv.gz,8.0,4,438,455,447,9,1,8.0,3,367,380,374,7,3,411,9,v12,20260804T171022Z__v12__800d55d8c780,data/b200/cuda-13.3-sm100/single_instruction/completion_latency/bulk-tensor__g2s__fresh-map-common/20260804T171022Z__v12__800d55d8c780/attempt_shard_07.csv.gz,21.0,4,534,560,547,13,4,21.0,4,448,472,460,12,5,504,13
g2s,common,rank,rank_g2s_r2_b128,tensor,128,tmau_prefetched_l2_hot,u8,2,single_test_wait_cold_then_hot_v12,separate_midpoint_values_for_same_map_cold_then_hot_pair,v12,20260804T170423Z__v12__098f05f72cb2,data/h100/cuda-13.3-sm90/single_instruction/completion_latency/bulk-tensor__g2s__fresh-map-common/20260804T170423Z__v12__098f05f72cb2/attempt_shard_01.csv.gz,8.0,4,429,447,438,9,0,8.0,3,373,386,380,7,4,409,9,v12,20260804T171022Z__v12__800d55d8c780,data/b200/cuda-13.3-sm100/single_instruction/completion_latency/bulk-tensor__g2s__fresh-map-common/20260804T171022Z__v12__800d55d8c780/attempt_shard_01.csv.gz,21.0,4,538,567,553,15,4,21.0,4,424,451,438,14,4,496,15
g2s,common,rank,rank_g2s_r3_b128,tensor,128,tmau_prefetched_l2_hot,u8,3,single_test_wait_cold_then_hot_v12,separate_midpoint_values_for_same_map_cold_then_hot_pair,v12,20260804T170423Z__v12__098f05f72cb2,data/h100/cuda-13.3-sm90/single_instruction/completion_latency/bulk-tensor__g2s__fresh-map-common/20260804T170423Z__v12__098f05f72cb2/attempt_shard_03.csv.gz,8.0,4,467,481,474,7,1,8.0,3,415,425,420,5,5,447,7,v12,20260804T171022Z__v12__800d55d8c780,data/b200/cuda-13.3-sm100/single_instruction/completion_latency/bulk-tensor__g2s__fresh-map-common/20260804T171022Z__v12__800d55d8c780/attempt_shard_03.csv.gz,21.0,4,559,585,572,13,3,21.0,4,453,477,465,12,2,519,13
g2s,common,rank,rank_g2s_r4_b128,tensor,128,tmau_prefetched_l2_hot,u8,4,single_test_wait_cold_then_hot_v12,separate_midpoint_values_for_same_map_cold_then_hot_pair,v12,20260804T170423Z__v12__098f05f72cb2,data/h100/cuda-13.3-sm90/single_instruction/completion_latency/bulk-tensor__g2s__fresh-map-common/20260804T170423Z__v12__098f05f72cb2/attempt_shard_05.csv.gz,8.0,4,476,489,483,7,2,8.0,3,386,398,392,6,4,438,7,v12,20260804T171022Z__v12__800d55d8c780,data/b200/cuda-13.3-sm100/single_instruction/completion_latency/bulk-tensor__g2s__fresh-map-common/20260804T171022Z__v12__800d55d8c780/attempt_shard_05.csv.gz,21.0,5,556,582,569,13,2,21.0,4,441,465,453,12,3,511,13
g2s,common,rank,rank_g2s_r5_b128,tensor,128,tmau_prefetched_l2_hot,u8,5,single_test_wait_cold_then_hot_v12,separate_midpoint_values_for_same_map_cold_then_hot_pair,v12,20260804T170423Z__v12__098f05f72cb2,data/h100/cuda-13.3-sm90/single_instruction/completion_latency/bulk-tensor__g2s__fresh-map-common/20260804T170423Z__v12__098f05f72cb2/attempt_shard_07.csv.gz,8.0,4,485,499,492,7,1,8.0,3,430,441,436,6,4,464,7,v12,20260804T171022Z__v12__800d55d8c780,data/b200/cuda-13.3-sm100/single_instruction/completion_latency/bulk-tensor__g2s__fresh-map-common/20260804T171022Z__v12__800d55d8c780/attempt_shard_07.csv.gz,21.0,5,527,553,540,13,3,21.0,4,429,453,441,12,2,491,13
g2s,common,rank,rank_g2s_r1_b256,tensor,256,tmau_first_use_l2_hot,u8,1,single_test_wait_cold_then_hot_v12,separate_midpoint_values_for_same_map_cold_then_hot_pair,v12,20260804T170423Z__v12__098f05f72cb2,data/h100/cuda-13.3-sm90/single_instruction/completion_latency/bulk-tensor__g2s__fresh-map-common/20260804T170423Z__v12__098f05f72cb2/attempt_shard_00.csv.gz,8.0,3,721,730,726,5,3,8.0,3,367,380,374,7,3,550,7,v12,20260804T171022Z__v12__800d55d8c780,data/b200/cuda-13.3-sm100/single_instruction/completion_latency/bulk-tensor__g2s__fresh-map-common/20260804T171022Z__v12__800d55d8c780/attempt_shard_00.csv.gz,21.0,3,811,840,826,15,4,21.0,3,422,447,435,13,4,631,15
g2s,common,rank,rank_g2s_r2_b256,tensor,256,tmau_first_use_l2_hot,u8,2,single_test_wait_cold_then_hot_v12,separate_midpoint_values_for_same_map_cold_then_hot_pair,v12,20260804T170423Z__v12__098f05f72cb2,data/h100/cuda-13.3-sm90/single_instruction/completion_latency/bulk-tensor__g2s__fresh-map-common/20260804T170423Z__v12__098f05f72cb2/attempt_shard_02.csv.gz,8.0,3,703,716,710,7,5,8.0,3,367,380,374,7,2,542,7,v12,20260804T171022Z__v12__800d55d8c780,data/b200/cuda-13.3-sm100/single_instruction/completion_latency/bulk-tensor__g2s__fresh-map-common/20260804T171022Z__v12__800d55d8c780/attempt_shard_02.csv.gz,21.0,4,787,816,802,15,5,21.0,3,428,452,440,12,4,621,15
g2s,common,rank,rank_g2s_r3_b256,tensor,256,tmau_first_use_l2_hot,u8,3,single_test_wait_cold_then_hot_v12,separate_midpoint_values_for_same_map_cold_then_hot_pair,v12,20260804T170423Z__v12__098f05f72cb2,data/h100/cuda-13.3-sm90/single_instruction/completion_latency/bulk-tensor__g2s__fresh-map-common/20260804T170423Z__v12__098f05f72cb2/attempt_shard_04.csv.gz,8.0,3,737,746,742,5,1,8.0,3,392,404,398,6,4,570,6,v12,20260804T171022Z__v12__800d55d8c780,data/b200/cuda-13.3-sm100/single_instruction/completion_latency/bulk-tensor__g2s__fresh-map-common/20260804T171022Z__v12__800d55d8c780/attempt_shard_04.csv.gz,21.0,3,836,858,847,11,6,21.0,3,469,492,481,12,4,664,12
g2s,common,rank,rank_g2s_r4_b256,tensor,256,tmau_first_use_l2_hot,u8,4,single_test_wait_cold_then_hot_v12,separate_midpoint_values_for_same_map_cold_then_hot_pair,v12,20260804T170423Z__v12__098f05f72cb2,data/h100/cuda-13.3-sm90/single_instruction/completion_latency/bulk-tensor__g2s__fresh-map-common/20260804T170423Z__v12__098f05f72cb2/attempt_shard_06.csv.gz,8.0,3,736,745,741,5,4,8.0,3,410,419,415,5,4,578,5,v12,20260804T171022Z__v12__800d55d8c780,data/b200/cuda-13.3-sm100/single_instruction/completion_latency/bulk-tensor__g2s__fresh-map-common/20260804T171022Z__v12__800d55d8c780/attempt_shard_06.csv.gz,21.0,3,862,889,876,14,8,21.0,3,481,508,495,14,2,686,14
g2s,common,rank,rank_g2s_r5_b256,tensor,256,tmau_first_use_l2_hot,u8,5,single_test_wait_cold_then_hot_v12,separate_midpoint_values_for_same_map_cold_then_hot_pair,v12,20260804T170423Z__v12__098f05f72cb2,data/h100/cuda-13.3-sm90/single_instruction/completion_latency/bulk-tensor__g2s__fresh-map-common/20260804T170423Z__v12__098f05f72cb2/attempt_shard_00.csv.gz,8.0,3,781,790,786,5,4,8.0,3,428,441,435,7,1,611,7,v12,20260804T171022Z__v12__800d55d8c780,data/b200/cuda-13.3-sm100/single_instruction/completion_latency/bulk-tensor__g2s__fresh-map-common/20260804T171022Z__v12__800d55d8c780/attempt_shard_00.csv.gz,21.0,3,824,851,838,14,6,21.0,3,491,518,505,14,6,672,14
g2s,common,rank,rank_g2s_r1_b256,tensor,256,tmau_prefetched_l2_hot,u8,1,single_test_wait_cold_then_hot_v12,separate_midpoint_values_for_same_map_cold_then_hot_pair,v12,20260804T170423Z__v12__098f05f72cb2,data/h100/cuda-13.3-sm90/single_instruction/completion_latency/bulk-tensor__g2s__fresh-map-common/20260804T170423Z__v12__098f05f72cb2/attempt_shard_01.csv.gz,8.0,4,476,489,483,7,0,8.0,3,391,403,397,6,4,440,7,v12,20260804T171022Z__v12__800d55d8c780,data/b200/cuda-13.3-sm100/single_instruction/completion_latency/bulk-tensor__g2s__fresh-map-common/20260804T171022Z__v12__800d55d8c780/attempt_shard_01.csv.gz,21.0,4,534,560,547,13,4,21.0,4,430,454,442,12,2,495,13
g2s,common,rank,rank_g2s_r2_b256,tensor,256,tmau_prefetched_l2_hot,u8,2,single_test_wait_cold_then_hot_v12,separate_midpoint_values_for_same_map_cold_then_hot_pair,v12,20260804T170423Z__v12__098f05f72cb2,data/h100/cuda-13.3-sm90/single_instruction/completion_latency/bulk-tensor__g2s__fresh-map-common/20260804T170423Z__v12__098f05f72cb2/attempt_shard_03.csv.gz,8.0,4,410,437,424,14,1,8.0,3,384,394,389,5,7,407,14,v12,20260804T171022Z__v12__800d55d8c780,data/b200/cuda-13.3-sm100/single_instruction/completion_latency/bulk-tensor__g2s__fresh-map-common/20260804T171022Z__v12__800d55d8c780/attempt_shard_03.csv.gz,21.0,4,525,550,538,13,3,21.0,4,447,469,458,11,6,498,13
g2s,common,rank,rank_g2s_r3_b256,tensor,256,tmau_prefetched_l2_hot,u8,3,single_test_wait_cold_then_hot_v12,separate_midpoint_values_for_same_map_cold_then_hot_pair,v12,20260804T170423Z__v12__098f05f72cb2,data/h100/cuda-13.3-sm90/single_instruction/completion_latency/bulk-tensor__g2s__fresh-map-common/20260804T170423Z__v12__098f05f72cb2/attempt_shard_05.csv.gz,8.0,4,491,510,501,10,0,8.0,3,391,404,398,7,0,450,10,v12,20260804T171022Z__v12__800d55d8c780,data/b200/cuda-13.3-sm100/single_instruction/completion_latency/bulk-tensor__g2s__fresh-map-common/20260804T171022Z__v12__800d55d8c780/attempt_shard_05.csv.gz,21.0,4,568,589,579,11,4,21.0,4,475,497,486,11,4,533,11
g2s,common,rank,rank_g2s_r4_b256,tensor,256,tmau_prefetched_l2_hot,u8,4,single_test_wait_cold_then_hot_v12,separate_midpoint_values_for_same_map_cold_then_hot_pair,v12,20260804T170423Z__v12__098f05f72cb2,data/h100/cuda-13.3-sm90/single_instruction/completion_latency/bulk-tensor__g2s__fresh-map-common/20260804T170423Z__v12__098f05f72cb2/attempt_shard_07.csv.gz,8.0,4,481,500,491,10,3,8.0,3,410,422,416,6,1,454,10,v12,20260804T171022Z__v12__800d55d8c780,data/b200/cuda-13.3-sm100/single_instruction/completion_latency/bulk-tensor__g2s__fresh-map-common/20260804T171022Z__v12__800d55d8c780/attempt_shard_07.csv.gz,21.0,5,589,618,604,15,7,21.0,4,481,508,495,14,5,550,15
g2s,common,rank,rank_g2s_r5_b256,tensor,256,tmau_prefetched_l2_hot,u8,5,single_test_wait_cold_then_hot_v12,separate_midpoint_values_for_same_map_cold_then_hot_pair,v12,20260804T170423Z__v12__098f05f72cb2,data/h100/cuda-13.3-sm90/single_instruction/completion_latency/bulk-tensor__g2s__fresh-map-common/20260804T170423Z__v12__098f05f72cb2/attempt_shard_01.csv.gz,8.0,4,520,531,526,6,2,8.0,3,438,450,444,6,2,485,6,v12,20260804T171022Z__v12__800d55d8c780,data/b200/cuda-13.3-sm100/single_instruction/completion_latency/bulk-tensor__g2s__fresh-map-common/20260804T171022Z__v12__800d55d8c780/attempt_shard_01.csv.gz,21.0,5,545,571,558,13,5,21.0,4,456,483,470,14,3,514,14
g2s,common,rank,rank_g2s_r2_b4096,tensor,4096,tmau_first_use_l2_hot,u8,2,single_test_wait_cold_then_hot_v12,separate_midpoint_values_for_same_map_cold_then_hot_pair,v12,20260804T170423Z__v12__098f05f72cb2,data/h100/cuda-13.3-sm90/single_instruction/completion_latency/bulk-tensor__g2s__fresh-map-common/20260804T170423Z__v12__098f05f72cb2/attempt_shard_02.csv.gz,8.0,3,775,788,782,7,4,8.0,3,429,442,436,7,1,609,7,v12,20260804T171022Z__v12__800d55d8c780,data/b200/cuda-13.3-sm100/single_instruction/completion_latency/bulk-tensor__g2s__fresh-map-common/20260804T171022Z__v12__800d55d8c780/attempt_shard_02.csv.gz,21.0,3,858,880,869,11,4,21.0,3,487,509,498,11,2,684,11
g2s,common,rank,rank_g2s_r3_b4096,tensor,4096,tmau_first_use_l2_hot,u8,3,single_test_wait_cold_then_hot_v12,separate_midpoint_values_for_same_map_cold_then_hot_pair,v12,20260804T170423Z__v12__098f05f72cb2,data/h100/cuda-13.3-sm90/single_instruction/completion_latency/bulk-tensor__g2s__fresh-map-common/20260804T170423Z__v12__098f05f72cb2/attempt_shard_04.csv.gz,8.0,3,794,807,801,7,2,8.0,3,458,473,466,8,2,634,8,v12,20260804T171022Z__v12__800d55d8c780,data/b200/cuda-13.3-sm100/single_instruction/completion_latency/bulk-tensor__g2s__fresh-map-common/20260804T171022Z__v12__800d55d8c780/attempt_shard_04.csv.gz,21.0,3,908,930,919,11,3,21.0,3,536,560,548,12,3,734,12
g2s,common,rank,rank_g2s_r4_b4096,tensor,4096,tmau_first_use_l2_hot,u8,4,single_test_wait_cold_then_hot_v12,separate_midpoint_values_for_same_map_cold_then_hot_pair,v12,20260804T170423Z__v12__098f05f72cb2,data/h100/cuda-13.3-sm90/single_instruction/completion_latency/bulk-tensor__g2s__fresh-map-common/20260804T170423Z__v12__098f05f72cb2/attempt_shard_06.csv.gz,8.0,3,856,865,861,5,3,8.0,3,543,553,548,5,2,705,5,v12,20260804T171022Z__v12__800d55d8c780,data/b200/cuda-13.3-sm100/single_instruction/completion_latency/bulk-tensor__g2s__fresh-map-common/20260804T171022Z__v12__800d55d8c780/attempt_shard_06.csv.gz,21.0,3,948,970,959,11,6,21.0,3,602,627,615,13,3,787,13
g2s,common,rank,rank_g2s_r5_b4096,tensor,4096,tmau_first_use_l2_hot,u8,5,single_test_wait_cold_then_hot_v12,separate_midpoint_values_for_same_map_cold_then_hot_pair,v12,20260804T170423Z__v12__098f05f72cb2,data/h100/cuda-13.3-sm90/single_instruction/completion_latency/bulk-tensor__g2s__fresh-map-common/20260804T170423Z__v12__098f05f72cb2/attempt_shard_00.csv.gz,8.0,3,1001,1014,1008,7,3,8.0,3,684,694,689,5,3,849,7,v12,20260804T171022Z__v12__800d55d8c780,data/b200/cuda-13.3-sm100/single_instruction/completion_latency/bulk-tensor__g2s__fresh-map-common/20260804T171022Z__v12__800d55d8c780/attempt_shard_00.csv.gz,21.0,3,1078,1100,1089,11,6,21.0,3,712,735,724,12,5,907,12
g2s,common,rank,rank_g2s_r2_b4096,tensor,4096,tmau_prefetched_l2_hot,u8,2,single_test_wait_cold_then_hot_v12,separate_midpoint_values_for_same_map_cold_then_hot_pair,v12,20260804T170423Z__v12__098f05f72cb2,data/h100/cuda-13.3-sm90/single_instruction/completion_latency/bulk-tensor__g2s__fresh-map-common/20260804T170423Z__v12__098f05f72cb2/attempt_shard_03.csv.gz,8.0,4,506,524,515,9,0,8.0,3,437,447,442,5,0,479,9,v12,20260804T171022Z__v12__800d55d8c780,data/b200/cuda-13.3-sm100/single_instruction/completion_latency/bulk-tensor__g2s__fresh-map-common/20260804T171022Z__v12__800d55d8c780/attempt_shard_03.csv.gz,21.0,4,577,603,590,13,0,21.0,4,481,511,496,15,2,543,15
g2s,common,rank,rank_g2s_r3_b4096,tensor,4096,tmau_prefetched_l2_hot,u8,3,single_test_wait_cold_then_hot_v12,separate_midpoint_values_for_same_map_cold_then_hot_pair,v12,20260804T170423Z__v12__098f05f72cb2,data/h100/cuda-13.3-sm90/single_instruction/completion_latency/bulk-tensor__g2s__fresh-map-common/20260804T170423Z__v12__098f05f72cb2/attempt_shard_05.csv.gz,8.0,4,561,570,566,5,2,8.0,3,477,486,482,5,4,524,5,v12,20260804T171022Z__v12__800d55d8c780,data/b200/cuda-13.3-sm100/single_instruction/completion_latency/bulk-tensor__g2s__fresh-map-common/20260804T171022Z__v12__800d55d8c780/attempt_shard_05.csv.gz,21.0,4,600,622,611,11,5,21.0,4,533,558,546,13,5,579,13
g2s,common,rank,rank_g2s_r4_b4096,tensor,4096,tmau_prefetched_l2_hot,u8,4,single_test_wait_cold_then_hot_v12,separate_midpoint_values_for_same_map_cold_then_hot_pair,v12,20260804T170423Z__v12__098f05f72cb2,data/h100/cuda-13.3-sm90/single_instruction/completion_latency/bulk-tensor__g2s__fresh-map-common/20260804T170423Z__v12__098f05f72cb2/attempt_shard_07.csv.gz,8.0,4,626,639,633,7,2,8.0,3,530,543,537,7,3,585,7,v12,20260804T171022Z__v12__800d55d8c780,data/b200/cuda-13.3-sm100/single_instruction/completion_latency/bulk-tensor__g2s__fresh-map-common/20260804T171022Z__v12__800d55d8c780/attempt_shard_07.csv.gz,21.0,5,693,715,704,11,3,21.0,4,593,614,604,11,3,654,11
g2s,common,rank,rank_g2s_r5_b4096,tensor,4096,tmau_prefetched_l2_hot,u8,5,single_test_wait_cold_then_hot_v12,separate_midpoint_values_for_same_map_cold_then_hot_pair,v12,20260804T170423Z__v12__098f05f72cb2,data/h100/cuda-13.3-sm90/single_instruction/completion_latency/bulk-tensor__g2s__fresh-map-common/20260804T170423Z__v12__098f05f72cb2/attempt_shard_01.csv.gz,8.0,4,763,776,770,7,2,8.0,3,686,699,693,7,4,732,7,v12,20260804T171022Z__v12__800d55d8c780,data/b200/cuda-13.3-sm100/single_instruction/completion_latency/bulk-tensor__g2s__fresh-map-common/20260804T171022Z__v12__800d55d8c780/attempt_shard_01.csv.gz,21.0,5,800,829,815,15,3,21.0,4,708,737,723,15,5,769,15
g2s,common,rank,rank_g2s_r2_b32768,tensor,32768,tmau_first_use_l2_hot,u8,2,single_test_wait_cold_then_hot_v12,separate_midpoint_values_for_same_map_cold_then_hot_pair,v12,20260804T170423Z__v12__098f05f72cb2,data/h100/cuda-13.3-sm90/single_instruction/completion_latency/bulk-tensor__g2s__fresh-map-common/20260804T170423Z__v12__098f05f72cb2/attempt_shard_02.csv.gz,8.0,3,1012,1023,1018,6,1,8.0,3,695,706,701,6,1,860,6,v12,20260804T171022Z__v12__800d55d8c780,data/b200/cuda-13.3-sm100/single_instruction/completion_latency/bulk-tensor__g2s__fresh-map-common/20260804T171022Z__v12__800d55d8c780/attempt_shard_02.csv.gz,21.0,3,1090,1112,1101,11,2,21.0,3,719,748,734,15,0,918,15
g2s,common,rank,rank_g2s_r3_b32768,tensor,32768,tmau_first_use_l2_hot,u8,3,single_test_wait_cold_then_hot_v12,separate_midpoint_values_for_same_map_cold_then_hot_pair,v12,20260804T170423Z__v12__098f05f72cb2,data/h100/cuda-13.3-sm90/single_instruction/completion_latency/bulk-tensor__g2s__fresh-map-common/20260804T170423Z__v12__098f05f72cb2/attempt_shard_04.csv.gz,8.0,3,1042,1050,1046,4,3,8.0,3,712,722,717,5,1,882,5,v12,20260804T171022Z__v12__800d55d8c780,data/b200/cuda-13.3-sm100/single_instruction/completion_latency/bulk-tensor__g2s__fresh-map-common/20260804T171022Z__v12__800d55d8c780/attempt_shard_04.csv.gz,21.0,3,1108,1132,1120,12,3,21.0,3,745,770,758,13,1,939,13
g2s,common,rank,rank_g2s_r4_b32768,tensor,32768,tmau_first_use_l2_hot,u8,4,single_test_wait_cold_then_hot_v12,separate_midpoint_values_for_same_map_cold_then_hot_pair,v12,20260804T170423Z__v12__098f05f72cb2,data/h100/cuda-13.3-sm90/single_instruction/completion_latency/bulk-tensor__g2s__fresh-map-common/20260804T170423Z__v12__098f05f72cb2/attempt_shard_06.csv.gz,8.0,3,1225,1238,1232,7,4,8.0,3,934,943,939,5,2,1086,7,v12,20260804T171022Z__v12__800d55d8c780,data/b200/cuda-13.3-sm100/single_instruction/completion_latency/bulk-tensor__g2s__fresh-map-common/20260804T171022Z__v12__800d55d8c780/attempt_shard_06.csv.gz,21.0,3,1332,1354,1343,11,5,21.0,3,976,998,987,11,4,1165,11
g2s,common,rank,rank_g2s_r5_b32768,tensor,32768,tmau_first_use_l2_hot,u8,5,single_test_wait_cold_then_hot_v12,separate_midpoint_values_for_same_map_cold_then_hot_pair,v12,20260804T170423Z__v12__098f05f72cb2,data/h100/cuda-13.3-sm90/single_instruction/completion_latency/bulk-tensor__g2s__fresh-map-common/20260804T170423Z__v12__098f05f72cb2/attempt_shard_00.csv.gz,8.0,3,1745,1758,1752,7,6,8.0,3,1454,1464,1459,5,3,1606,7,v12,20260804T171022Z__v12__800d55d8c780,data/b200/cuda-13.3-sm100/single_instruction/completion_latency/bulk-tensor__g2s__fresh-map-common/20260804T171022Z__v12__800d55d8c780/attempt_shard_00.csv.gz,21.0,3,1870,1895,1883,13,5,21.0,3,1480,1503,1492,12,7,1688,13
g2s,common,rank,rank_g2s_r2_b32768,tensor,32768,tmau_prefetched_l2_hot,u8,2,single_test_wait_cold_then_hot_v12,separate_midpoint_values_for_same_map_cold_then_hot_pair,v12,20260804T170423Z__v12__098f05f72cb2,data/h100/cuda-13.3-sm90/single_instruction/completion_latency/bulk-tensor__g2s__fresh-map-common/20260804T170423Z__v12__098f05f72cb2/attempt_shard_03.csv.gz,8.0,4,762,773,768,6,1,8.0,3,699,709,704,5,0,736,6,v12,20260804T171022Z__v12__800d55d8c780,data/b200/cuda-13.3-sm100/single_instruction/completion_latency/bulk-tensor__g2s__fresh-map-common/20260804T171022Z__v12__800d55d8c780/attempt_shard_03.csv.gz,21.0,4,817,843,830,13,0,21.0,4,723,745,734,11,2,782,13
g2s,common,rank,rank_g2s_r3_b32768,tensor,32768,tmau_prefetched_l2_hot,u8,3,single_test_wait_cold_then_hot_v12,separate_midpoint_values_for_same_map_cold_then_hot_pair,v12,20260804T170423Z__v12__098f05f72cb2,data/h100/cuda-13.3-sm90/single_instruction/completion_latency/bulk-tensor__g2s__fresh-map-common/20260804T170423Z__v12__098f05f72cb2/attempt_shard_05.csv.gz,8.0,4,796,809,803,7,0,8.0,3,735,744,740,5,1,772,7,v12,20260804T171022Z__v12__800d55d8c780,data/b200/cuda-13.3-sm100/single_instruction/completion_latency/bulk-tensor__g2s__fresh-map-common/20260804T171022Z__v12__800d55d8c780/attempt_shard_05.csv.gz,21.0,4,844,867,856,12,0,21.0,4,740,761,751,11,1,804,12
g2s,common,rank,rank_g2s_r4_b32768,tensor,32768,tmau_prefetched_l2_hot,u8,4,single_test_wait_cold_then_hot_v12,separate_midpoint_values_for_same_map_cold_then_hot_pair,v12,20260804T170423Z__v12__098f05f72cb2,data/h100/cuda-13.3-sm90/single_instruction/completion_latency/bulk-tensor__g2s__fresh-map-common/20260804T170423Z__v12__098f05f72cb2/attempt_shard_07.csv.gz,8.0,4,1004,1017,1011,7,0,8.0,3,938,951,945,7,1,978,7,v12,20260804T171022Z__v12__800d55d8c780,data/b200/cuda-13.3-sm100/single_instruction/completion_latency/bulk-tensor__g2s__fresh-map-common/20260804T171022Z__v12__800d55d8c780/attempt_shard_07.csv.gz,21.0,5,1093,1122,1108,15,4,21.0,4,1009,1031,1020,11,4,1064,15
g2s,common,rank,rank_g2s_r5_b32768,tensor,32768,tmau_prefetched_l2_hot,u8,5,single_test_wait_cold_then_hot_v12,separate_midpoint_values_for_same_map_cold_then_hot_pair,v12,20260804T170423Z__v12__098f05f72cb2,data/h100/cuda-13.3-sm90/single_instruction/completion_latency/bulk-tensor__g2s__fresh-map-common/20260804T170423Z__v12__098f05f72cb2/attempt_shard_01.csv.gz,8.0,4,1512,1521,1517,5,1,8.0,3,1446,1455,1451,5,2,1484,5,v12,20260804T171022Z__v12__800d55d8c780,data/b200/cuda-13.3-sm100/single_instruction/completion_latency/bulk-tensor__g2s__fresh-map-common/20260804T171022Z__v12__800d55d8c780/attempt_shard_01.csv.gz,21.0,5,1592,1621,1607,15,6,21.0,4,1476,1497,1487,11,5,1547,15
g2s,common,stride,stride_g2s_s128,tensor,4096,tmau_first_use_l2_hot,u8,2,single_test_wait_cold_then_hot_v12,separate_midpoint_values_for_same_map_cold_then_hot_pair,v12,20260804T170423Z__v12__098f05f72cb2,data/h100/cuda-13.3-sm90/single_instruction/completion_latency/bulk-tensor__g2s__fresh-map-common/20260804T170423Z__v12__098f05f72cb2/attempt_shard_01.csv.gz,8.0,3,756,769,763,7,4,8.0,3,436,447,442,6,2,603,7,v12,20260804T171022Z__v12__800d55d8c780,data/b200/cuda-13.3-sm100/single_instruction/completion_latency/bulk-tensor__g2s__fresh-map-common/20260804T171022Z__v12__800d55d8c780/attempt_shard_01.csv.gz,21.0,4,851,875,863,12,2,21.0,3,484,508,496,12,1,680,12
g2s,common,stride,stride_g2s_s144,tensor,4096,tmau_first_use_l2_hot,u8,2,single_test_wait_cold_then_hot_v12,separate_midpoint_values_for_same_map_cold_then_hot_pair,v12,20260804T170423Z__v12__098f05f72cb2,data/h100/cuda-13.3-sm90/single_instruction/completion_latency/bulk-tensor__g2s__fresh-map-common/20260804T170423Z__v12__098f05f72cb2/attempt_shard_03.csv.gz,8.0,3,796,807,802,6,4,8.0,3,472,485,479,7,2,641,7,v12,20260804T171022Z__v12__800d55d8c780,data/b200/cuda-13.3-sm100/single_instruction/completion_latency/bulk-tensor__g2s__fresh-map-common/20260804T171022Z__v12__800d55d8c780/attempt_shard_03.csv.gz,21.0,4,882,904,893,11,3,21.0,3,527,556,542,15,3,718,15
g2s,common,stride,stride_g2s_s256,tensor,4096,tmau_first_use_l2_hot,u8,2,single_test_wait_cold_then_hot_v12,separate_midpoint_values_for_same_map_cold_then_hot_pair,v12,20260804T170423Z__v12__098f05f72cb2,data/h100/cuda-13.3-sm90/single_instruction/completion_latency/bulk-tensor__g2s__fresh-map-common/20260804T170423Z__v12__098f05f72cb2/attempt_shard_05.csv.gz,8.0,3,742,755,749,7,1,8.0,3,434,444,439,5,0,594,7,v12,20260804T171022Z__v12__800d55d8c780,data/b200/cuda-13.3-sm100/single_instruction/completion_latency/bulk-tensor__g2s__fresh-map-common/20260804T171022Z__v12__800d55d8c780/attempt_shard_05.csv.gz,21.0,4,858,880,869,11,2,21.0,3,494,519,507,13,0,688,13
g2s,common,stride,stride_g2s_s512,tensor,4096,tmau_first_use_l2_hot,u8,2,single_test_wait_cold_then_hot_v12,separate_midpoint_values_for_same_map_cold_then_hot_pair,v12,20260804T170423Z__v12__098f05f72cb2,data/h100/cuda-13.3-sm90/single_instruction/completion_latency/bulk-tensor__g2s__fresh-map-common/20260804T170423Z__v12__098f05f72cb2/attempt_shard_07.csv.gz,8.0,3,761,770,766,5,2,8.0,3,429,442,436,7,0,601,7,v12,20260804T171022Z__v12__800d55d8c780,data/b200/cuda-13.3-sm100/single_instruction/completion_latency/bulk-tensor__g2s__fresh-map-common/20260804T171022Z__v12__800d55d8c780/attempt_shard_07.csv.gz,21.0,4,854,879,867,13,4,21.0,3,494,519,507,13,0,687,13
g2s,common,stride,stride_g2s_s128,tensor,4096,tmau_prefetched_l2_hot,u8,2,single_test_wait_cold_then_hot_v12,separate_midpoint_values_for_same_map_cold_then_hot_pair,v12,20260804T170423Z__v12__098f05f72cb2,data/h100/cuda-13.3-sm90/single_instruction/completion_latency/bulk-tensor__g2s__fresh-map-common/20260804T170423Z__v12__098f05f72cb2/attempt_shard_02.csv.gz,8.0,4,501,513,507,6,0,8.0,3,437,447,442,5,0,475,6,v12,20260804T171022Z__v12__800d55d8c780,data/b200/cuda-13.3-sm100/single_instruction/completion_latency/bulk-tensor__g2s__fresh-map-common/20260804T171022Z__v12__800d55d8c780/attempt_shard_02.csv.gz,21.0,4,576,598,587,11,1,21.0,4,494,517,506,12,0,547,12
g2s,common,stride,stride_g2s_s144,tensor,4096,tmau_prefetched_l2_hot,u8,2,single_test_wait_cold_then_hot_v12,separate_midpoint_values_for_same_map_cold_then_hot_pair,v12,20260804T170423Z__v12__098f05f72cb2,data/h100/cuda-13.3-sm90/single_instruction/completion_latency/bulk-tensor__g2s__fresh-map-common/20260804T170423Z__v12__098f05f72cb2/attempt_shard_04.csv.gz,8.0,4,546,557,552,6,0,8.0,3,479,488,484,5,3,518,6,v12,20260804T171022Z__v12__800d55d8c780,data/b200/cuda-13.3-sm100/single_instruction/completion_latency/bulk-tensor__g2s__fresh-map-common/20260804T171022Z__v12__800d55d8c780/attempt_shard_04.csv.gz,21.0,4,610,639,625,15,3,21.0,4,520,547,534,14,2,580,15
g2s,common,stride,stride_g2s_s256,tensor,4096,tmau_prefetched_l2_hot,u8,2,single_test_wait_cold_then_hot_v12,separate_midpoint_values_for_same_map_cold_then_hot_pair,v12,20260804T170423Z__v12__098f05f72cb2,data/h100/cuda-13.3-sm90/single_instruction/completion_latency/bulk-tensor__g2s__fresh-map-common/20260804T170423Z__v12__098f05f72cb2/attempt_shard_06.csv.gz,8.0,4,506,524,515,9,1,8.0,3,437,447,442,5,0,479,9,v12,20260804T171022Z__v12__800d55d8c780,data/b200/cuda-13.3-sm100/single_instruction/completion_latency/bulk-tensor__g2s__fresh-map-common/20260804T171022Z__v12__800d55d8c780/attempt_shard_06.csv.gz,21.0,4,586,615,601,15,2,21.0,4,494,517,506,12,0,554,15
g2s,common,stride,stride_g2s_s512,tensor,4096,tmau_prefetched_l2_hot,u8,2,single_test_wait_cold_then_hot_v12,separate_midpoint_values_for_same_map_cold_then_hot_pair,v12,20260804T170423Z__v12__098f05f72cb2,data/h100/cuda-13.3-sm90/single_instruction/completion_latency/bulk-tensor__g2s__fresh-map-common/20260804T170423Z__v12__098f05f72cb2/attempt_shard_00.csv.gz,8.0,4,506,524,515,9,1,8.0,3,439,448,444,5,1,480,9,v12,20260804T171022Z__v12__800d55d8c780,data/b200/cuda-13.3-sm100/single_instruction/completion_latency/bulk-tensor__g2s__fresh-map-common/20260804T171022Z__v12__800d55d8c780/attempt_shard_00.csv.gz,21.0,4,586,615,601,15,0,21.0,4,505,529,517,12,2,559,15
g2s,common,subbox,subbox_g2s_small2d_offset,tensor,128,tmau_first_use_l2_hot,u8,2,single_test_wait_cold_then_hot_v12,separate_midpoint_values_for_same_map_cold_then_hot_pair,v12,20260804T170423Z__v12__098f05f72cb2,data/h100/cuda-13.3-sm90/single_instruction/completion_latency/bulk-tensor__g2s__fresh-map-common/20260804T170423Z__v12__098f05f72cb2/attempt_shard_03.csv.gz,8.0,3,727,740,734,7,4,8.0,3,396,408,402,6,1,568,7,v12,20260804T171022Z__v12__800d55d8c780,data/b200/cuda-13.3-sm100/single_instruction/completion_latency/bulk-tensor__g2s__fresh-map-common/20260804T171022Z__v12__800d55d8c780/attempt_shard_03.csv.gz,21.0,4,802,824,813,11,5,21.0,3,450,473,462,12,3,638,12
g2s,common,subbox,subbox_g2s_small2d_plain,tensor,128,tmau_first_use_l2_hot,u8,2,single_test_wait_cold_then_hot_v12,separate_midpoint_values_for_same_map_cold_then_hot_pair,v12,20260804T170423Z__v12__098f05f72cb2,data/h100/cuda-13.3-sm90/single_instruction/completion_latency/bulk-tensor__g2s__fresh-map-common/20260804T170423Z__v12__098f05f72cb2/attempt_shard_01.csv.gz,8.0,3,710,721,716,6,4,8.0,3,367,380,374,7,3,545,7,v12,20260804T171022Z__v12__800d55d8c780,data/b200/cuda-13.3-sm100/single_instruction/completion_latency/bulk-tensor__g2s__fresh-map-common/20260804T171022Z__v12__800d55d8c780/attempt_shard_01.csv.gz,21.0,4,787,817,802,15,2,21.0,3,422,447,435,13,4,619,15
g2s,common,subbox,subbox_g2s_small2d_offset,tensor,128,tmau_prefetched_l2_hot,u8,2,single_test_wait_cold_then_hot_v12,separate_midpoint_values_for_same_map_cold_then_hot_pair,v12,20260804T170423Z__v12__098f05f72cb2,data/h100/cuda-13.3-sm90/single_instruction/completion_latency/bulk-tensor__g2s__fresh-map-common/20260804T170423Z__v12__098f05f72cb2/attempt_shard_04.csv.gz,8.0,4,477,490,484,7,1,8.0,3,402,416,409,7,0,447,7,v12,20260804T171022Z__v12__800d55d8c780,data/b200/cuda-13.3-sm100/single_instruction/completion_latency/bulk-tensor__g2s__fresh-map-common/20260804T171022Z__v12__800d55d8c780/attempt_shard_04.csv.gz,21.0,4,552,574,563,11,4,21.0,4,466,492,479,13,6,521,13
g2s,common,subbox,subbox_g2s_small2d_plain,tensor,128,tmau_prefetched_l2_hot,u8,2,single_test_wait_cold_then_hot_v12,separate_midpoint_values_for_same_map_cold_then_hot_pair,v12,20260804T170423Z__v12__098f05f72cb2,data/h100/cuda-13.3-sm90/single_instruction/completion_latency/bulk-tensor__g2s__fresh-map-common/20260804T170423Z__v12__098f05f72cb2/attempt_shard_02.csv.gz,8.0,4,448,466,457,9,2,8.0,3,386,395,391,5,4,424,9,v12,20260804T171022Z__v12__800d55d8c780,data/b200/cuda-13.3-sm100/single_instruction/completion_latency/bulk-tensor__g2s__fresh-map-common/20260804T171022Z__v12__800d55d8c780/attempt_shard_02.csv.gz,21.0,4,510,536,523,13,0,21.0,4,418,443,431,13,5,477,13
g2s,common,subbox,subbox_g2s_large2d_offset,tensor,4096,tmau_first_use_l2_hot,u8,2,single_test_wait_cold_then_hot_v12,separate_midpoint_values_for_same_map_cold_then_hot_pair,v12,20260804T170423Z__v12__098f05f72cb2,data/h100/cuda-13.3-sm90/single_instruction/completion_latency/bulk-tensor__g2s__fresh-map-common/20260804T170423Z__v12__098f05f72cb2/attempt_shard_07.csv.gz,8.0,3,775,788,782,7,3,8.0,3,458,468,463,5,1,623,7,v12,20260804T171022Z__v12__800d55d8c780,data/b200/cuda-13.3-sm100/single_instruction/completion_latency/bulk-tensor__g2s__fresh-map-common/20260804T171022Z__v12__800d55d8c780/attempt_shard_07.csv.gz,21.0,4,875,899,887,12,2,21.0,3,526,548,537,11,1,712,12
g2s,common,subbox,subbox_g2s_large2d_plain,tensor,4096,tmau_first_use_l2_hot,u8,2,single_test_wait_cold_then_hot_v12,separate_midpoint_values_for_same_map_cold_then_hot_pair,v12,20260804T170423Z__v12__098f05f72cb2,data/h100/cuda-13.3-sm90/single_instruction/completion_latency/bulk-tensor__g2s__fresh-map-common/20260804T170423Z__v12__098f05f72cb2/attempt_shard_05.csv.gz,8.0,3,761,770,766,5,3,8.0,3,436,447,442,6,1,604,6,v12,20260804T171022Z__v12__800d55d8c780,data/b200/cuda-13.3-sm100/single_instruction/completion_latency/bulk-tensor__g2s__fresh-map-common/20260804T171022Z__v12__800d55d8c780/attempt_shard_05.csv.gz,21.0,4,851,875,863,12,2,21.0,3,487,509,498,11,2,681,12
g2s,common,subbox,subbox_g2s_large3d_offset,tensor,4096,tmau_first_use_l2_hot,u8,3,single_test_wait_cold_then_hot_v12,separate_midpoint_values_for_same_map_cold_then_hot_pair,v12,20260804T170423Z__v12__098f05f72cb2,data/h100/cuda-13.3-sm90/single_instruction/completion_latency/bulk-tensor__g2s__fresh-map-common/20260804T170423Z__v12__098f05f72cb2/attempt_shard_03.csv.gz,8.0,3,809,818,814,5,2,8.0,3,479,497,488,9,2,651,9,v12,20260804T171022Z__v12__800d55d8c780,data/b200/cuda-13.3-sm100/single_instruction/completion_latency/bulk-tensor__g2s__fresh-map-common/20260804T171022Z__v12__800d55d8c780/attempt_shard_03.csv.gz,21.0,4,900,929,915,15,1,21.0,3,544,573,559,15,1,737,15
g2s,common,subbox,subbox_g2s_large3d_plain,tensor,4096,tmau_first_use_l2_hot,u8,3,single_test_wait_cold_then_hot_v12,separate_midpoint_values_for_same_map_cold_then_hot_pair,v12,20260804T170423Z__v12__098f05f72cb2,data/h100/cuda-13.3-sm90/single_instruction/completion_latency/bulk-tensor__g2s__fresh-map-common/20260804T170423Z__v12__098f05f72cb2/attempt_shard_01.csv.gz,8.0,3,785,794,790,5,4,8.0,3,455,466,461,6,1,626,6,v12,20260804T171022Z__v12__800d55d8c780,data/b200/cuda-13.3-sm100/single_instruction/completion_latency/bulk-tensor__g2s__fresh-map-common/20260804T171022Z__v12__800d55d8c780/attempt_shard_01.csv.gz,21.0,4,892,916,904,12,2,21.0,3,528,550,539,11,3,722,12
g2s,common,subbox,subbox_g2s_large2d_offset,tensor,4096,tmau_prefetched_l2_hot,u8,2,single_test_wait_cold_then_hot_v12,separate_midpoint_values_for_same_map_cold_then_hot_pair,v12,20260804T170423Z__v12__098f05f72cb2,data/h100/cuda-13.3-sm90/single_instruction/completion_latency/bulk-tensor__g2s__fresh-map-common/20260804T170423Z__v12__098f05f72cb2/attempt_shard_00.csv.gz,8.0,4,534,547,541,7,1,8.0,3,468,481,475,7,2,508,7,v12,20260804T171022Z__v12__800d55d8c780,data/b200/cuda-13.3-sm100/single_instruction/completion_latency/bulk-tensor__g2s__fresh-map-common/20260804T171022Z__v12__800d55d8c780/attempt_shard_00.csv.gz,21.0,4,610,639,625,15,1,21.0,4,520,547,534,14,1,580,15
g2s,common,subbox,subbox_g2s_large2d_plain,tensor,4096,tmau_prefetched_l2_hot,u8,2,single_test_wait_cold_then_hot_v12,separate_midpoint_values_for_same_map_cold_then_hot_pair,v12,20260804T170423Z__v12__098f05f72cb2,data/h100/cuda-13.3-sm90/single_instruction/completion_latency/bulk-tensor__g2s__fresh-map-common/20260804T170423Z__v12__098f05f72cb2/attempt_shard_06.csv.gz,8.0,4,505,514,510,5,0,8.0,3,437,447,442,5,2,476,5,v12,20260804T171022Z__v12__800d55d8c780,data/b200/cuda-13.3-sm100/single_instruction/completion_latency/bulk-tensor__g2s__fresh-map-common/20260804T171022Z__v12__800d55d8c780/attempt_shard_06.csv.gz,21.0,4,577,603,590,13,1,21.0,4,494,517,506,12,2,548,13
g2s,common,subbox,subbox_g2s_large3d_offset,tensor,4096,tmau_prefetched_l2_hot,u8,3,single_test_wait_cold_then_hot_v12,separate_midpoint_values_for_same_map_cold_then_hot_pair,v12,20260804T170423Z__v12__098f05f72cb2,data/h100/cuda-13.3-sm90/single_instruction/completion_latency/bulk-tensor__g2s__fresh-map-common/20260804T170423Z__v12__098f05f72cb2/attempt_shard_04.csv.gz,8.0,4,561,570,566,5,1,8.0,3,481,497,489,8,0,528,8,v12,20260804T171022Z__v12__800d55d8c780,data/b200/cuda-13.3-sm100/single_instruction/completion_latency/bulk-tensor__g2s__fresh-map-common/20260804T171022Z__v12__800d55d8c780/attempt_shard_04.csv.gz,21.0,4,636,661,649,13,2,21.0,4,544,569,557,13,1,603,13
g2s,common,subbox,subbox_g2s_large3d_plain,tensor,4096,tmau_prefetched_l2_hot,u8,3,single_test_wait_cold_then_hot_v12,separate_midpoint_values_for_same_map_cold_then_hot_pair,v12,20260804T170423Z__v12__098f05f72cb2,data/h100/cuda-13.3-sm90/single_instruction/completion_latency/bulk-tensor__g2s__fresh-map-common/20260804T170423Z__v12__098f05f72cb2/attempt_shard_02.csv.gz,8.0,4,547,569,558,11,2,8.0,3,460,473,467,7,4,513,11,v12,20260804T171022Z__v12__800d55d8c780,data/b200/cuda-13.3-sm100/single_instruction/completion_latency/bulk-tensor__g2s__fresh-map-common/20260804T171022Z__v12__800d55d8c780/attempt_shard_02.csv.gz,21.0,4,624,646,635,11,3,21.0,4,532,554,543,11,4,589,11
g2s,common,swizzle,swizzle128_g2s_b1024_plain,tensor,1024,tmau_first_use_l2_hot,u8,2,single_test_wait_cold_then_hot_v12,separate_midpoint_values_for_same_map_cold_then_hot_pair,v12,20260804T170423Z__v12__098f05f72cb2,data/h100/cuda-13.3-sm90/single_instruction/completion_latency/bulk-tensor__g2s__fresh-map-common/20260804T170423Z__v12__098f05f72cb2/attempt_shard_03.csv.gz,8.0,3,727,740,734,7,2,8.0,3,405,418,412,7,4,573,7,v12,20260804T171022Z__v12__800d55d8c780,data/b200/cuda-13.3-sm100/single_instruction/completion_latency/bulk-tensor__g2s__fresh-map-common/20260804T171022Z__v12__800d55d8c780/attempt_shard_03.csv.gz,21.0,4,796,823,810,14,2,21.0,3,460,485,473,13,5,642,14
g2s,common,swizzle,swizzle128_g2s_b1024_swz,tensor,1024,tmau_first_use_l2_hot,u8,2,single_test_wait_cold_then_hot_v12,separate_midpoint_values_for_same_map_cold_then_hot_pair,v12,20260804T170423Z__v12__098f05f72cb2,data/h100/cuda-13.3-sm90/single_instruction/completion_latency/bulk-tensor__g2s__fresh-map-common/20260804T170423Z__v12__098f05f72cb2/attempt_shard_05.csv.gz,8.0,3,727,740,734,7,3,8.0,3,405,418,412,7,4,573,7,v12,20260804T171022Z__v12__800d55d8c780,data/b200/cuda-13.3-sm100/single_instruction/completion_latency/bulk-tensor__g2s__fresh-map-common/20260804T171022Z__v12__800d55d8c780/attempt_shard_05.csv.gz,21.0,4,787,816,802,15,3,21.0,3,474,500,487,13,5,645,15
g2s,common,swizzle,swizzle32_g2s_b1024_plain,tensor,1024,tmau_first_use_l2_hot,u8,2,single_test_wait_cold_then_hot_v12,separate_midpoint_values_for_same_map_cold_then_hot_pair,v12,20260804T170423Z__v12__098f05f72cb2,data/h100/cuda-13.3-sm90/single_instruction/completion_latency/bulk-tensor__g2s__fresh-map-common/20260804T170423Z__v12__098f05f72cb2/attempt_shard_03.csv.gz,8.0,3,751,764,758,7,6,8.0,3,419,428,424,5,3,591,7,v12,20260804T171022Z__v12__800d55d8c780,data/b200/cuda-13.3-sm100/single_instruction/completion_latency/bulk-tensor__g2s__fresh-map-common/20260804T171022Z__v12__800d55d8c780/attempt_shard_03.csv.gz,21.0,4,843,865,854,11,4,21.0,3,460,485,473,13,4,664,13
g2s,common,swizzle,swizzle32_g2s_b1024_swz,tensor,1024,tmau_first_use_l2_hot,u8,2,single_test_wait_cold_then_hot_v12,separate_midpoint_values_for_same_map_cold_then_hot_pair,v12,20260804T170423Z__v12__098f05f72cb2,data/h100/cuda-13.3-sm90/single_instruction/completion_latency/bulk-tensor__g2s__fresh-map-common/20260804T170423Z__v12__098f05f72cb2/attempt_shard_05.csv.gz,8.0,3,740,750,745,5,5,8.0,3,416,427,422,6,4,584,6,v12,20260804T171022Z__v12__800d55d8c780,data/b200/cuda-13.3-sm100/single_instruction/completion_latency/bulk-tensor__g2s__fresh-map-common/20260804T171022Z__v12__800d55d8c780/attempt_shard_05.csv.gz,21.0,4,835,864,850,15,7,21.0,3,446,471,459,13,3,655,15
g2s,common,swizzle,swizzle64_g2s_b1024_plain,tensor,1024,tmau_first_use_l2_hot,u8,2,single_test_wait_cold_then_hot_v12,separate_midpoint_values_for_same_map_cold_then_hot_pair,v12,20260804T170423Z__v12__098f05f72cb2,data/h100/cuda-13.3-sm90/single_instruction/completion_latency/bulk-tensor__g2s__fresh-map-common/20260804T170423Z__v12__098f05f72cb2/attempt_shard_07.csv.gz,8.0,3,727,740,734,7,5,8.0,3,415,424,420,5,3,577,7,v12,20260804T171022Z__v12__800d55d8c780,data/b200/cuda-13.3-sm100/single_instruction/completion_latency/bulk-tensor__g2s__fresh-map-common/20260804T171022Z__v12__800d55d8c780/attempt_shard_07.csv.gz,21.0,4,803,827,815,12,8,21.0,3,464,488,476,12,3,646,12
g2s,common,swizzle,swizzle64_g2s_b1024_swz,tensor,1024,tmau_first_use_l2_hot,u8,2,single_test_wait_cold_then_hot_v12,separate_midpoint_values_for_same_map_cold_then_hot_pair,v12,20260804T170423Z__v12__098f05f72cb2,data/h100/cuda-13.3-sm90/single_instruction/completion_latency/bulk-tensor__g2s__fresh-map-common/20260804T170423Z__v12__098f05f72cb2/attempt_shard_01.csv.gz,8.0,3,727,740,734,7,4,8.0,3,405,418,412,7,0,573,7,v12,20260804T171022Z__v12__800d55d8c780,data/b200/cuda-13.3-sm100/single_instruction/completion_latency/bulk-tensor__g2s__fresh-map-common/20260804T171022Z__v12__800d55d8c780/attempt_shard_01.csv.gz,21.0,4,835,864,850,15,8,21.0,3,467,489,478,11,6,664,15
g2s,common,swizzle,swizzle128_g2s_b1024_plain,tensor,1024,tmau_prefetched_l2_hot,u8,2,single_test_wait_cold_then_hot_v12,separate_midpoint_values_for_same_map_cold_then_hot_pair,v12,20260804T170423Z__v12__098f05f72cb2,data/h100/cuda-13.3-sm90/single_instruction/completion_latency/bulk-tensor__g2s__fresh-map-common/20260804T170423Z__v12__098f05f72cb2/attempt_shard_04.csv.gz,8.0,4,482,495,489,7,0,8.0,3,416,428,422,6,5,456,7,v12,20260804T171022Z__v12__800d55d8c780,data/b200/cuda-13.3-sm100/single_instruction/completion_latency/bulk-tensor__g2s__fresh-map-common/20260804T171022Z__v12__800d55d8c780/attempt_shard_04.csv.gz,21.0,4,546,573,560,14,0,21.0,4,451,472,462,11,1,511,14
g2s,common,swizzle,swizzle128_g2s_b1024_swz,tensor,1024,tmau_prefetched_l2_hot,u8,2,single_test_wait_cold_then_hot_v12,separate_midpoint_values_for_same_map_cold_then_hot_pair,v12,20260804T170423Z__v12__098f05f72cb2,data/h100/cuda-13.3-sm90/single_instruction/completion_latency/bulk-tensor__g2s__fresh-map-common/20260804T170423Z__v12__098f05f72cb2/attempt_shard_06.csv.gz,8.0,4,482,495,489,7,2,8.0,3,397,410,404,7,4,447,7,v12,20260804T171022Z__v12__800d55d8c780,data/b200/cuda-13.3-sm100/single_instruction/completion_latency/bulk-tensor__g2s__fresh-map-common/20260804T171022Z__v12__800d55d8c780/attempt_shard_06.csv.gz,21.0,4,529,559,544,15,2,21.0,4,461,487,474,13,6,509,15
g2s,common,swizzle,swizzle32_g2s_b1024_plain,tensor,1024,tmau_prefetched_l2_hot,u8,2,single_test_wait_cold_then_hot_v12,separate_midpoint_values_for_same_map_cold_then_hot_pair,v12,20260804T170423Z__v12__098f05f72cb2,data/h100/cuda-13.3-sm90/single_instruction/completion_latency/bulk-tensor__g2s__fresh-map-common/20260804T170423Z__v12__098f05f72cb2/attempt_shard_04.csv.gz,8.0,4,463,477,470,7,1,8.0,3,416,428,422,6,1,446,7,v12,20260804T171022Z__v12__800d55d8c780,data/b200/cuda-13.3-sm100/single_instruction/completion_latency/bulk-tensor__g2s__fresh-map-common/20260804T171022Z__v12__800d55d8c780/attempt_shard_04.csv.gz,21.0,4,529,559,544,15,4,21.0,4,466,491,479,13,3,512,15
g2s,common,swizzle,swizzle32_g2s_b1024_swz,tensor,1024,tmau_prefetched_l2_hot,u8,2,single_test_wait_cold_then_hot_v12,separate_midpoint_values_for_same_map_cold_then_hot_pair,v12,20260804T170423Z__v12__098f05f72cb2,data/h100/cuda-13.3-sm90/single_instruction/completion_latency/bulk-tensor__g2s__fresh-map-common/20260804T170423Z__v12__098f05f72cb2/attempt_shard_06.csv.gz,8.0,4,487,506,497,10,1,8.0,3,415,424,420,5,3,459,10,v12,20260804T171022Z__v12__800d55d8c780,data/b200/cuda-13.3-sm100/single_instruction/completion_latency/bulk-tensor__g2s__fresh-map-common/20260804T171022Z__v12__800d55d8c780/attempt_shard_06.csv.gz,21.0,4,553,578,566,13,3,21.0,4,478,502,490,12,5,528,13
g2s,common,swizzle,swizzle64_g2s_b1024_plain,tensor,1024,tmau_prefetched_l2_hot,u8,2,single_test_wait_cold_then_hot_v12,separate_midpoint_values_for_same_map_cold_then_hot_pair,v12,20260804T170423Z__v12__098f05f72cb2,data/h100/cuda-13.3-sm90/single_instruction/completion_latency/bulk-tensor__g2s__fresh-map-common/20260804T170423Z__v12__098f05f72cb2/attempt_shard_00.csv.gz,8.0,4,477,490,484,7,1,8.0,3,402,416,409,7,1,447,7,v12,20260804T171022Z__v12__800d55d8c780,data/b200/cuda-13.3-sm100/single_instruction/completion_latency/bulk-tensor__g2s__fresh-map-common/20260804T171022Z__v12__800d55d8c780/attempt_shard_00.csv.gz,21.0,4,546,573,560,14,1,21.0,4,447,469,458,11,4,509,14
g2s,common,swizzle,swizzle64_g2s_b1024_swz,tensor,1024,tmau_prefetched_l2_hot,u8,2,single_test_wait_cold_then_hot_v12,separate_midpoint_values_for_same_map_cold_then_hot_pair,v12,20260804T170423Z__v12__098f05f72cb2,data/h100/cuda-13.3-sm90/single_instruction/completion_latency/bulk-tensor__g2s__fresh-map-common/20260804T170423Z__v12__098f05f72cb2/attempt_shard_02.csv.gz,8.0,4,463,477,470,7,0,8.0,3,402,416,409,7,2,440,7,v12,20260804T171022Z__v12__800d55d8c780,data/b200/cuda-13.3-sm100/single_instruction/completion_latency/bulk-tensor__g2s__fresh-map-common/20260804T171022Z__v12__800d55d8c780/attempt_shard_02.csv.gz,21.0,4,546,573,560,14,1,21.0,4,451,478,465,14,4,513,14
g2s,common,swizzle,swizzle128_g2s_b4096_plain,tensor,4096,tmau_first_use_l2_hot,u8,3,single_test_wait_cold_then_hot_v12,separate_midpoint_values_for_same_map_cold_then_hot_pair,v12,20260804T170423Z__v12__098f05f72cb2,data/h100/cuda-13.3-sm90/single_instruction/completion_latency/bulk-tensor__g2s__fresh-map-common/20260804T170423Z__v12__098f05f72cb2/attempt_shard_07.csv.gz,8.0,3,789,802,796,7,2,8.0,3,448,461,455,7,2,626,7,v12,20260804T171022Z__v12__800d55d8c780,data/b200/cuda-13.3-sm100/single_instruction/completion_latency/bulk-tensor__g2s__fresh-map-common/20260804T171022Z__v12__800d55d8c780/attempt_shard_07.csv.gz,21.0,4,899,921,910,11,5,21.0,3,504,526,515,11,3,713,11
g2s,common,swizzle,swizzle128_g2s_b4096_swz,tensor,4096,tmau_first_use_l2_hot,u8,3,single_test_wait_cold_then_hot_v12,separate_midpoint_values_for_same_map_cold_then_hot_pair,v12,20260804T170423Z__v12__098f05f72cb2,data/h100/cuda-13.3-sm90/single_instruction/completion_latency/bulk-tensor__g2s__fresh-map-common/20260804T170423Z__v12__098f05f72cb2/attempt_shard_01.csv.gz,8.0,3,770,783,777,7,3,8.0,3,455,466,461,6,1,619,7,v12,20260804T171022Z__v12__800d55d8c780,data/b200/cuda-13.3-sm100/single_instruction/completion_latency/bulk-tensor__g2s__fresh-map-common/20260804T171022Z__v12__800d55d8c780/attempt_shard_01.csv.gz,21.0,4,871,896,884,13,2,21.0,3,512,536,524,12,0,704,13
g2s,common,swizzle,swizzle32_g2s_b4096_plain,tensor,4096,tmau_first_use_l2_hot,u8,3,single_test_wait_cold_then_hot_v12,separate_midpoint_values_for_same_map_cold_then_hot_pair,v12,20260804T170423Z__v12__098f05f72cb2,data/h100/cuda-13.3-sm90/single_instruction/completion_latency/bulk-tensor__g2s__fresh-map-common/20260804T170423Z__v12__098f05f72cb2/attempt_shard_07.csv.gz,8.0,3,852,865,859,7,3,8.0,3,531,544,538,7,2,699,7,v12,20260804T171022Z__v12__800d55d8c780,data/b200/cuda-13.3-sm100/single_instruction/completion_latency/bulk-tensor__g2s__fresh-map-common/20260804T171022Z__v12__800d55d8c780/attempt_shard_07.csv.gz,21.0,4,957,984,971,14,6,21.0,3,568,597,583,15,6,777,15
g2s,common,swizzle,swizzle32_g2s_b4096_swz,tensor,4096,tmau_first_use_l2_hot,u8,3,single_test_wait_cold_then_hot_v12,separate_midpoint_values_for_same_map_cold_then_hot_pair,v12,20260804T170423Z__v12__098f05f72cb2,data/h100/cuda-13.3-sm90/single_instruction/completion_latency/bulk-tensor__g2s__fresh-map-common/20260804T170423Z__v12__098f05f72cb2/attempt_shard_01.csv.gz,8.0,3,858,869,864,6,2,8.0,3,531,544,538,7,1,701,7,v12,20260804T171022Z__v12__800d55d8c780,data/b200/cuda-13.3-sm100/single_instruction/completion_latency/bulk-tensor__g2s__fresh-map-common/20260804T171022Z__v12__800d55d8c780/attempt_shard_01.csv.gz,21.0,4,957,984,971,14,3,21.0,3,577,602,590,13,6,781,14
g2s,common,swizzle,swizzle64_g2s_b4096_plain,tensor,4096,tmau_first_use_l2_hot,u8,3,single_test_wait_cold_then_hot_v12,separate_midpoint_values_for_same_map_cold_then_hot_pair,v12,20260804T170423Z__v12__098f05f72cb2,data/h100/cuda-13.3-sm90/single_instruction/completion_latency/bulk-tensor__g2s__fresh-map-common/20260804T170423Z__v12__098f05f72cb2/attempt_shard_03.csv.gz,8.0,3,780,793,787,7,6,8.0,3,474,485,480,6,3,634,7,v12,20260804T171022Z__v12__800d55d8c780,data/b200/cuda-13.3-sm100/single_instruction/completion_latency/bulk-tensor__g2s__fresh-map-common/20260804T171022Z__v12__800d55d8c780/attempt_shard_03.csv.gz,21.0,4,885,912,899,14,4,21.0,3,535,557,546,11,0,723,14
g2s,common,swizzle,swizzle64_g2s_b4096_swz,tensor,4096,tmau_first_use_l2_hot,u8,3,single_test_wait_cold_then_hot_v12,separate_midpoint_values_for_same_map_cold_then_hot_pair,v12,20260804T170423Z__v12__098f05f72cb2,data/h100/cuda-13.3-sm90/single_instruction/completion_latency/bulk-tensor__g2s__fresh-map-common/20260804T170423Z__v12__098f05f72cb2/attempt_shard_05.csv.gz,8.0,3,786,797,792,6,3,8.0,3,458,473,466,8,1,629,8,v12,20260804T171022Z__v12__800d55d8c780,data/b200/cuda-13.3-sm100/single_instruction/completion_latency/bulk-tensor__g2s__fresh-map-common/20260804T171022Z__v12__800d55d8c780/attempt_shard_05.csv.gz,21.0,4,895,920,908,13,4,21.0,3,528,550,539,11,2,724,13
g2s,common,swizzle,swizzle128_g2s_b4096_plain,tensor,4096,tmau_prefetched_l2_hot,u8,3,single_test_wait_cold_then_hot_v12,separate_midpoint_values_for_same_map_cold_then_hot_pair,v12,20260804T170423Z__v12__098f05f72cb2,data/h100/cuda-13.3-sm90/single_instruction/completion_latency/bulk-tensor__g2s__fresh-map-common/20260804T170423Z__v12__098f05f72cb2/attempt_shard_00.csv.gz,8.0,4,519,528,524,5,1,8.0,3,441,451,446,5,2,485,5,v12,20260804T171022Z__v12__800d55d8c780,data/b200/cuda-13.3-sm100/single_instruction/completion_latency/bulk-tensor__g2s__fresh-map-common/20260804T171022Z__v12__800d55d8c780/attempt_shard_00.csv.gz,21.0,4,600,622,611,11,1,21.0,4,508,530,519,11,2,565,11
g2s,common,swizzle,swizzle128_g2s_b4096_swz,tensor,4096,tmau_prefetched_l2_hot,u8,3,single_test_wait_cold_then_hot_v12,separate_midpoint_values_for_same_map_cold_then_hot_pair,v12,20260804T170423Z__v12__098f05f72cb2,data/h100/cuda-13.3-sm90/single_instruction/completion_latency/bulk-tensor__g2s__fresh-map-common/20260804T170423Z__v12__098f05f72cb2/attempt_shard_02.csv.gz,8.0,4,519,528,524,5,0,8.0,3,443,456,450,7,2,487,7,v12,20260804T171022Z__v12__800d55d8c780,data/b200/cuda-13.3-sm100/single_instruction/completion_latency/bulk-tensor__g2s__fresh-map-common/20260804T171022Z__v12__800d55d8c780/attempt_shard_02.csv.gz,21.0,4,592,621,607,15,1,21.0,4,501,529,515,14,2,561,15
g2s,common,swizzle,swizzle32_g2s_b4096_plain,tensor,4096,tmau_prefetched_l2_hot,u8,3,single_test_wait_cold_then_hot_v12,separate_midpoint_values_for_same_map_cold_then_hot_pair,v12,20260804T170423Z__v12__098f05f72cb2,data/h100/cuda-13.3-sm90/single_instruction/completion_latency/bulk-tensor__g2s__fresh-map-common/20260804T170423Z__v12__098f05f72cb2/attempt_shard_00.csv.gz,8.0,4,616,627,622,6,1,8.0,3,543,552,548,5,1,585,6,v12,20260804T171022Z__v12__800d55d8c780,data/b200/cuda-13.3-sm100/single_instruction/completion_latency/bulk-tensor__g2s__fresh-map-common/20260804T171022Z__v12__800d55d8c780/attempt_shard_00.csv.gz,21.0,4,672,694,683,11,5,21.0,4,585,607,596,11,5,640,11
g2s,common,swizzle,swizzle32_g2s_b4096_swz,tensor,4096,tmau_prefetched_l2_hot,u8,3,single_test_wait_cold_then_hot_v12,separate_midpoint_values_for_same_map_cold_then_hot_pair,v12,20260804T170423Z__v12__098f05f72cb2,data/h100/cuda-13.3-sm90/single_instruction/completion_latency/bulk-tensor__g2s__fresh-map-common/20260804T170423Z__v12__098f05f72cb2/attempt_shard_02.csv.gz,8.0,4,599,612,606,7,1,8.0,3,529,546,538,9,2,572,9,v12,20260804T171022Z__v12__800d55d8c780,data/b200/cuda-13.3-sm100/single_instruction/completion_latency/bulk-tensor__g2s__fresh-map-common/20260804T171022Z__v12__800d55d8c780/attempt_shard_02.csv.gz,21.0,4,684,709,697,13,2,21.0,4,592,617,605,13,3,651,13
g2s,common,swizzle,swizzle64_g2s_b4096_plain,tensor,4096,tmau_prefetched_l2_hot,u8,3,single_test_wait_cold_then_hot_v12,separate_midpoint_values_for_same_map_cold_then_hot_pair,v12,20260804T170423Z__v12__098f05f72cb2,data/h100/cuda-13.3-sm90/single_instruction/completion_latency/bulk-tensor__g2s__fresh-map-common/20260804T170423Z__v12__098f05f72cb2/attempt_shard_04.csv.gz,8.0,4,537,546,542,5,2,8.0,3,477,486,482,5,2,512,5,v12,20260804T171022Z__v12__800d55d8c780,data/b200/cuda-13.3-sm100/single_instruction/completion_latency/bulk-tensor__g2s__fresh-map-common/20260804T171022Z__v12__800d55d8c780/attempt_shard_04.csv.gz,21.0,4,616,637,627,11,2,21.0,4,532,554,543,11,4,585,11
g2s,common,swizzle,swizzle64_g2s_b4096_swz,tensor,4096,tmau_prefetched_l2_hot,u8,3,single_test_wait_cold_then_hot_v12,separate_midpoint_values_for_same_map_cold_then_hot_pair,v12,20260804T170423Z__v12__098f05f72cb2,data/h100/cuda-13.3-sm90/single_instruction/completion_latency/bulk-tensor__g2s__fresh-map-common/20260804T170423Z__v12__098f05f72cb2/attempt_shard_06.csv.gz,8.0,4,537,546,542,5,3,8.0,3,453,462,458,5,3,500,5,v12,20260804T171022Z__v12__800d55d8c780,data/b200/cuda-13.3-sm100/single_instruction/completion_latency/bulk-tensor__g2s__fresh-map-common/20260804T171022Z__v12__800d55d8c780/attempt_shard_06.csv.gz,21.0,4,624,646,635,11,2,21.0,4,532,554,543,11,2,589,11
g2s,common,swizzle,swizzle128_g2s_b16384_plain,tensor,16384,tmau_first_use_l2_hot,u8,3,single_test_wait_cold_then_hot_v12,separate_midpoint_values_for_same_map_cold_then_hot_pair,v12,20260804T170423Z__v12__098f05f72cb2,data/h100/cuda-13.3-sm90/single_instruction/completion_latency/bulk-tensor__g2s__fresh-map-common/20260804T170423Z__v12__098f05f72cb2/attempt_shard_03.csv.gz,8.0,3,885,898,892,7,3,8.0,3,560,573,567,7,0,730,7,v12,20260804T171022Z__v12__800d55d8c780,data/b200/cuda-13.3-sm100/single_instruction/completion_latency/bulk-tensor__g2s__fresh-map-common/20260804T171022Z__v12__800d55d8c780/attempt_shard_03.csv.gz,21.0,4,980,1002,991,11,1,21.0,3,601,626,614,13,1,803,13
g2s,common,swizzle,swizzle128_g2s_b16384_swz,tensor,16384,tmau_first_use_l2_hot,u8,3,single_test_wait_cold_then_hot_v12,separate_midpoint_values_for_same_map_cold_then_hot_pair,v12,20260804T170423Z__v12__098f05f72cb2,data/h100/cuda-13.3-sm90/single_instruction/completion_latency/bulk-tensor__g2s__fresh-map-common/20260804T170423Z__v12__098f05f72cb2/attempt_shard_05.csv.gz,8.0,3,871,882,877,6,4,8.0,3,565,576,571,6,0,724,6,v12,20260804T171022Z__v12__800d55d8c780,data/b200/cuda-13.3-sm100/single_instruction/completion_latency/bulk-tensor__g2s__fresh-map-common/20260804T171022Z__v12__800d55d8c780/attempt_shard_05.csv.gz,21.0,4,987,1009,998,11,2,21.0,3,611,636,624,13,1,811,13
g2s,common,swizzle,swizzle32_g2s_b16384_plain,tensor,16384,tmau_first_use_l2_hot,u8,3,single_test_wait_cold_then_hot_v12,separate_midpoint_values_for_same_map_cold_then_hot_pair,v12,20260804T170423Z__v12__098f05f72cb2,data/h100/cuda-13.3-sm90/single_instruction/completion_latency/bulk-tensor__g2s__fresh-map-common/20260804T170423Z__v12__098f05f72cb2/attempt_shard_03.csv.gz,8.0,3,1250,1263,1257,7,8,8.0,3,915,928,922,7,2,1090,7,v12,20260804T171022Z__v12__800d55d8c780,data/b200/cuda-13.3-sm100/single_instruction/completion_latency/bulk-tensor__g2s__fresh-map-common/20260804T171022Z__v12__800d55d8c780/attempt_shard_03.csv.gz,21.0,4,1315,1337,1326,11,6,21.0,3,967,990,979,12,4,1153,12
g2s,common,swizzle,swizzle32_g2s_b16384_swz,tensor,16384,tmau_first_use_l2_hot,u8,3,single_test_wait_cold_then_hot_v12,separate_midpoint_values_for_same_map_cold_then_hot_pair,v12,20260804T170423Z__v12__098f05f72cb2,data/h100/cuda-13.3-sm90/single_instruction/completion_latency/bulk-tensor__g2s__fresh-map-common/20260804T170423Z__v12__098f05f72cb2/attempt_shard_05.csv.gz,8.0,3,1218,1229,1224,6,6,8.0,3,915,928,922,7,2,1073,7,v12,20260804T171022Z__v12__800d55d8c780,data/b200/cuda-13.3-sm100/single_instruction/completion_latency/bulk-tensor__g2s__fresh-map-common/20260804T171022Z__v12__800d55d8c780/attempt_shard_05.csv.gz,21.0,4,1324,1348,1336,12,4,21.0,3,984,1006,995,11,5,1166,12
g2s,common,swizzle,swizzle64_g2s_b16384_plain,tensor,16384,tmau_first_use_l2_hot,u8,3,single_test_wait_cold_then_hot_v12,separate_midpoint_values_for_same_map_cold_then_hot_pair,v12,20260804T170423Z__v12__098f05f72cb2,data/h100/cuda-13.3-sm90/single_instruction/completion_latency/bulk-tensor__g2s__fresh-map-common/20260804T170423Z__v12__098f05f72cb2/attempt_shard_07.csv.gz,8.0,3,972,985,979,7,2,8.0,3,668,679,674,6,3,827,7,v12,20260804T171022Z__v12__800d55d8c780,data/b200/cuda-13.3-sm100/single_instruction/completion_latency/bulk-tensor__g2s__fresh-map-common/20260804T171022Z__v12__800d55d8c780/attempt_shard_07.csv.gz,21.0,4,1091,1113,1102,11,6,21.0,3,727,749,738,11,5,920,11
g2s,common,swizzle,swizzle64_g2s_b16384_swz,tensor,16384,tmau_first_use_l2_hot,u8,3,single_test_wait_cold_then_hot_v12,separate_midpoint_values_for_same_map_cold_then_hot_pair,v12,20260804T170423Z__v12__098f05f72cb2,data/h100/cuda-13.3-sm90/single_instruction/completion_latency/bulk-tensor__g2s__fresh-map-common/20260804T170423Z__v12__098f05f72cb2/attempt_shard_01.csv.gz,8.0,3,991,1002,997,6,1,8.0,3,671,680,676,5,1,837,6,v12,20260804T171022Z__v12__800d55d8c780,data/b200/cuda-13.3-sm100/single_instruction/completion_latency/bulk-tensor__g2s__fresh-map-common/20260804T171022Z__v12__800d55d8c780/attempt_shard_01.csv.gz,21.0,4,1091,1113,1102,11,3,21.0,3,735,757,746,11,4,924,11
g2s,common,swizzle,swizzle128_g2s_b16384_plain,tensor,16384,tmau_prefetched_l2_hot,u8,3,single_test_wait_cold_then_hot_v12,separate_midpoint_values_for_same_map_cold_then_hot_pair,v12,20260804T170423Z__v12__098f05f72cb2,data/h100/cuda-13.3-sm90/single_instruction/completion_latency/bulk-tensor__g2s__fresh-map-common/20260804T170423Z__v12__098f05f72cb2/attempt_shard_04.csv.gz,8.0,4,640,651,646,6,0,8.0,3,574,585,580,6,1,613,6,v12,20260804T171022Z__v12__800d55d8c780,data/b200/cuda-13.3-sm100/single_instruction/completion_latency/bulk-tensor__g2s__fresh-map-common/20260804T171022Z__v12__800d55d8c780/attempt_shard_04.csv.gz,21.0,4,708,733,721,13,0,21.0,4,616,641,629,13,1,675,13
g2s,common,swizzle,swizzle128_g2s_b16384_swz,tensor,16384,tmau_prefetched_l2_hot,u8,3,single_test_wait_cold_then_hot_v12,separate_midpoint_values_for_same_map_cold_then_hot_pair,v12,20260804T170423Z__v12__098f05f72cb2,data/h100/cuda-13.3-sm90/single_instruction/completion_latency/bulk-tensor__g2s__fresh-map-common/20260804T170423Z__v12__098f05f72cb2/attempt_shard_06.csv.gz,8.0,4,647,660,654,7,1,8.0,3,573,582,578,5,0,616,7,v12,20260804T171022Z__v12__800d55d8c780,data/b200/cuda-13.3-sm100/single_instruction/completion_latency/bulk-tensor__g2s__fresh-map-common/20260804T171022Z__v12__800d55d8c780/attempt_shard_06.csv.gz,21.0,4,703,729,716,13,2,21.0,4,611,637,624,13,2,670,13
g2s,common,swizzle,swizzle32_g2s_b16384_plain,tensor,16384,tmau_prefetched_l2_hot,u8,3,single_test_wait_cold_then_hot_v12,separate_midpoint_values_for_same_map_cold_then_hot_pair,v12,20260804T170423Z__v12__098f05f72cb2,data/h100/cuda-13.3-sm90/single_instruction/completion_latency/bulk-tensor__g2s__fresh-map-common/20260804T170423Z__v12__098f05f72cb2/attempt_shard_04.csv.gz,8.0,4,994,1007,1001,7,3,8.0,3,927,936,932,5,2,967,7,v12,20260804T171022Z__v12__800d55d8c780,data/b200/cuda-13.3-sm100/single_instruction/completion_latency/bulk-tensor__g2s__fresh-map-common/20260804T171022Z__v12__800d55d8c780/attempt_shard_04.csv.gz,21.0,4,1056,1078,1067,11,4,21.0,4,956,977,967,11,2,1017,11
g2s,common,swizzle,swizzle32_g2s_b16384_swz,tensor,16384,tmau_prefetched_l2_hot,u8,3,single_test_wait_cold_then_hot_v12,separate_midpoint_values_for_same_map_cold_then_hot_pair,v12,20260804T170423Z__v12__098f05f72cb2,data/h100/cuda-13.3-sm90/single_instruction/completion_latency/bulk-tensor__g2s__fresh-map-common/20260804T170423Z__v12__098f05f72cb2/attempt_shard_06.csv.gz,8.0,4,994,1007,1001,7,1,8.0,3,913,923,918,5,6,960,7,v12,20260804T171022Z__v12__800d55d8c780,data/b200/cuda-13.3-sm100/single_instruction/completion_latency/bulk-tensor__g2s__fresh-map-common/20260804T171022Z__v12__800d55d8c780/attempt_shard_06.csv.gz,21.0,4,1072,1101,1087,15,2,21.0,4,976,1001,989,13,4,1038,15
g2s,common,swizzle,swizzle64_g2s_b16384_plain,tensor,16384,tmau_prefetched_l2_hot,u8,3,single_test_wait_cold_then_hot_v12,separate_midpoint_values_for_same_map_cold_then_hot_pair,v12,20260804T170423Z__v12__098f05f72cb2,data/h100/cuda-13.3-sm90/single_instruction/completion_latency/bulk-tensor__g2s__fresh-map-common/20260804T170423Z__v12__098f05f72cb2/attempt_shard_00.csv.gz,8.0,4,736,747,742,6,2,8.0,3,664,677,671,7,2,707,7,v12,20260804T171022Z__v12__800d55d8c780,data/b200/cuda-13.3-sm100/single_instruction/completion_latency/bulk-tensor__g2s__fresh-map-common/20260804T171022Z__v12__800d55d8c780/attempt_shard_00.csv.gz,21.0,4,822,844,833,11,3,21.0,4,740,761,751,11,3,792,11
g2s,common,swizzle,swizzle64_g2s_b16384_swz,tensor,16384,tmau_prefetched_l2_hot,u8,3,single_test_wait_cold_then_hot_v12,separate_midpoint_values_for_same_map_cold_then_hot_pair,v12,20260804T170423Z__v12__098f05f72cb2,data/h100/cuda-13.3-sm90/single_instruction/completion_latency/bulk-tensor__g2s__fresh-map-common/20260804T170423Z__v12__098f05f72cb2/attempt_shard_02.csv.gz,8.0,4,735,744,740,5,1,8.0,3,677,690,684,7,1,712,7,v12,20260804T171022Z__v12__800d55d8c780,data/b200/cuda-13.3-sm100/single_instruction/completion_latency/bulk-tensor__g2s__fresh-map-common/20260804T171022Z__v12__800d55d8c780/attempt_shard_02.csv.gz,21.0,4,823,849,836,13,3,21.0,4,731,757,744,13,3,790,13
g2s,common,tensor_capacity,tensor_capacity_g2s_b128,tensor,128,tmau_first_use_l2_hot,u8,2,single_test_wait_cold_then_hot_v12,separate_midpoint_values_for_same_map_cold_then_hot_pair,v12,20260804T170423Z__v12__098f05f72cb2,data/h100/cuda-13.3-sm90/single_instruction/completion_latency/bulk-tensor__g2s__fresh-map-common/20260804T170423Z__v12__098f05f72cb2/attempt_shard_04.csv.gz,8.0,4,692,702,697,5,6,8.0,3,381,391,386,5,4,542,5,v12,20260804T171022Z__v12__800d55d8c780,data/b200/cuda-13.3-sm100/single_instruction/completion_latency/bulk-tensor__g2s__fresh-map-common/20260804T171022Z__v12__800d55d8c780/attempt_shard_04.csv.gz,21.0,4,785,807,796,11,4,21.0,3,446,471,459,13,4,628,13
g2s,common,tensor_capacity,tensor_capacity_g2s_b128,tensor,128,tmau_prefetched_l2_hot,u8,2,single_test_wait_cold_then_hot_v12,separate_midpoint_values_for_same_map_cold_then_hot_pair,v12,20260804T170423Z__v12__098f05f72cb2,data/h100/cuda-13.3-sm90/single_instruction/completion_latency/bulk-tensor__g2s__fresh-map-common/20260804T170423Z__v12__098f05f72cb2/attempt_shard_05.csv.gz,8.0,4,482,495,489,7,1,8.0,3,402,416,409,7,4,449,7,v12,20260804T171022Z__v12__800d55d8c780,data/b200/cuda-13.3-sm100/single_instruction/completion_latency/bulk-tensor__g2s__fresh-map-common/20260804T171022Z__v12__800d55d8c780/attempt_shard_05.csv.gz,21.0,5,557,579,568,11,2,21.0,4,472,496,484,12,4,526,12
g2s,common,tensor_capacity,tensor_capacity_g2s_b256,tensor,256,tmau_first_use_l2_hot,u8,2,single_test_wait_cold_then_hot_v12,separate_midpoint_values_for_same_map_cold_then_hot_pair,v12,20260804T170423Z__v12__098f05f72cb2,data/h100/cuda-13.3-sm90/single_instruction/completion_latency/bulk-tensor__g2s__fresh-map-common/20260804T170423Z__v12__098f05f72cb2/attempt_shard_06.csv.gz,8.0,4,710,721,716,6,5,8.0,3,391,403,397,6,2,557,6,v12,20260804T171022Z__v12__800d55d8c780,data/b200/cuda-13.3-sm100/single_instruction/completion_latency/bulk-tensor__g2s__fresh-map-common/20260804T171022Z__v12__800d55d8c780/attempt_shard_06.csv.gz,21.0,4,785,807,796,11,5,21.0,3,450,473,462,12,5,629,12
g2s,common,tensor_capacity,tensor_capacity_g2s_b256,tensor,256,tmau_prefetched_l2_hot,u8,2,single_test_wait_cold_then_hot_v12,separate_midpoint_values_for_same_map_cold_then_hot_pair,v12,20260804T170423Z__v12__098f05f72cb2,data/h100/cuda-13.3-sm90/single_instruction/completion_latency/bulk-tensor__g2s__fresh-map-common/20260804T170423Z__v12__098f05f72cb2/attempt_shard_07.csv.gz,8.0,4,463,477,470,7,2,8.0,3,397,410,404,7,2,437,7,v12,20260804T171022Z__v12__800d55d8c780,data/b200/cuda-13.3-sm100/single_instruction/completion_latency/bulk-tensor__g2s__fresh-map-common/20260804T171022Z__v12__800d55d8c780/attempt_shard_07.csv.gz,21.0,5,529,559,544,15,2,21.0,4,451,472,462,11,5,503,15
g2s,common,tensor_capacity,tensor_capacity_g2s_b512,tensor,512,tmau_first_use_l2_hot,u8,2,single_test_wait_cold_then_hot_v12,separate_midpoint_values_for_same_map_cold_then_hot_pair,v12,20260804T170423Z__v12__098f05f72cb2,data/h100/cuda-13.3-sm90/single_instruction/completion_latency/bulk-tensor__g2s__fresh-map-common/20260804T170423Z__v12__098f05f72cb2/attempt_shard_00.csv.gz,8.0,4,727,740,734,7,2,8.0,3,405,418,412,7,0,573,7,v12,20260804T171022Z__v12__800d55d8c780,data/b200/cuda-13.3-sm100/single_instruction/completion_latency/bulk-tensor__g2s__fresh-map-common/20260804T171022Z__v12__800d55d8c780/attempt_shard_00.csv.gz,21.0,4,835,864,850,15,7,21.0,3,464,488,476,12,4,663,15
g2s,common,tensor_capacity,tensor_capacity_g2s_b512,tensor,512,tmau_prefetched_l2_hot,u8,2,single_test_wait_cold_then_hot_v12,separate_midpoint_values_for_same_map_cold_then_hot_pair,v12,20260804T170423Z__v12__098f05f72cb2,data/h100/cuda-13.3-sm90/single_instruction/completion_latency/bulk-tensor__g2s__fresh-map-common/20260804T170423Z__v12__098f05f72cb2/attempt_shard_01.csv.gz,8.0,4,482,495,489,7,1,8.0,3,411,421,416,5,0,453,7,v12,20260804T171022Z__v12__800d55d8c780,data/b200/cuda-13.3-sm100/single_instruction/completion_latency/bulk-tensor__g2s__fresh-map-common/20260804T171022Z__v12__800d55d8c780/attempt_shard_01.csv.gz,21.0,4,529,559,544,15,3,21.0,4,461,487,474,13,4,509,15
g2s,common,tensor_capacity,tensor_capacity_g2s_b1024,tensor,1024,tmau_first_use_l2_hot,u8,2,single_test_wait_cold_then_hot_v12,separate_midpoint_values_for_same_map_cold_then_hot_pair,v12,20260804T170423Z__v12__098f05f72cb2,data/h100/cuda-13.3-sm90/single_instruction/completion_latency/bulk-tensor__g2s__fresh-map-common/20260804T170423Z__v12__098f05f72cb2/attempt_shard_02.csv.gz,8.0,4,708,718,713,5,4,8.0,3,405,418,412,7,1,563,7,v12,20260804T171022Z__v12__800d55d8c780,data/b200/cuda-13.3-sm100/single_instruction/completion_latency/bulk-tensor__g2s__fresh-map-common/20260804T171022Z__v12__800d55d8c780/attempt_shard_02.csv.gz,21.0,4,796,823,810,14,5,21.0,3,460,485,473,13,4,642,14
g2s,common,tensor_capacity,tensor_capacity_g2s_b1024,tensor,1024,tmau_prefetched_l2_hot,u8,2,single_test_wait_cold_then_hot_v12,separate_midpoint_values_for_same_map_cold_then_hot_pair,v12,20260804T170423Z__v12__098f05f72cb2,data/h100/cuda-13.3-sm90/single_instruction/completion_latency/bulk-tensor__g2s__fresh-map-common/20260804T170423Z__v12__098f05f72cb2/attempt_shard_03.csv.gz,8.0,4,482,495,489,7,1,8.0,3,413,423,418,5,0,454,7,v12,20260804T171022Z__v12__800d55d8c780,data/b200/cuda-13.3-sm100/single_instruction/completion_latency/bulk-tensor__g2s__fresh-map-common/20260804T171022Z__v12__800d55d8c780/attempt_shard_03.csv.gz,21.0,4,515,543,529,14,3,21.0,4,470,493,482,12,6,506,14
g2s,common,tensor_capacity,tensor_capacity_g2s_b2048,tensor,2048,tmau_first_use_l2_hot,u8,2,single_test_wait_cold_then_hot_v12,separate_midpoint_values_for_same_map_cold_then_hot_pair,v12,20260804T170423Z__v12__098f05f72cb2,data/h100/cuda-13.3-sm90/single_instruction/completion_latency/bulk-tensor__g2s__fresh-map-common/20260804T170423Z__v12__098f05f72cb2/attempt_shard_04.csv.gz,8.0,3,740,750,745,5,2,8.0,3,415,424,420,5,1,583,5,v12,20260804T171022Z__v12__800d55d8c780,data/b200/cuda-13.3-sm100/single_instruction/completion_latency/bulk-tensor__g2s__fresh-map-common/20260804T171022Z__v12__800d55d8c780/attempt_shard_04.csv.gz,21.0,3,835,864,850,15,6,21.0,3,474,500,487,13,6,669,15
g2s,common,tensor_capacity,tensor_capacity_g2s_b2048,tensor,2048,tmau_prefetched_l2_hot,u8,2,single_test_wait_cold_then_hot_v12,separate_midpoint_values_for_same_map_cold_then_hot_pair,v12,20260804T170423Z__v12__098f05f72cb2,data/h100/cuda-13.3-sm90/single_instruction/completion_latency/bulk-tensor__g2s__fresh-map-common/20260804T170423Z__v12__098f05f72cb2/attempt_shard_05.csv.gz,8.0,4,487,506,497,10,0,8.0,3,416,428,422,6,1,460,10,v12,20260804T171022Z__v12__800d55d8c780,data/b200/cuda-13.3-sm100/single_instruction/completion_latency/bulk-tensor__g2s__fresh-map-common/20260804T171022Z__v12__800d55d8c780/attempt_shard_05.csv.gz,21.0,4,570,592,581,11,3,21.0,4,461,487,474,13,3,528,13
g2s,common,tensor_capacity,tensor_capacity_g2s_b4096,tensor,4096,tmau_first_use_l2_hot,u8,2,single_test_wait_cold_then_hot_v12,separate_midpoint_values_for_same_map_cold_then_hot_pair,v12,20260804T170423Z__v12__098f05f72cb2,data/h100/cuda-13.3-sm90/single_instruction/completion_latency/bulk-tensor__g2s__fresh-map-common/20260804T170423Z__v12__098f05f72cb2/attempt_shard_06.csv.gz,8.0,3,761,770,766,5,4,8.0,3,434,444,439,5,1,603,5,v12,20260804T171022Z__v12__800d55d8c780,data/b200/cuda-13.3-sm100/single_instruction/completion_latency/bulk-tensor__g2s__fresh-map-common/20260804T171022Z__v12__800d55d8c780/attempt_shard_06.csv.gz,21.0,3,835,864,850,15,3,21.0,3,484,508,496,12,1,673,15
g2s,common,tensor_capacity,tensor_capacity_g2s_b4096,tensor,4096,tmau_prefetched_l2_hot,u8,2,single_test_wait_cold_then_hot_v12,separate_midpoint_values_for_same_map_cold_then_hot_pair,v12,20260804T170423Z__v12__098f05f72cb2,data/h100/cuda-13.3-sm90/single_instruction/completion_latency/bulk-tensor__g2s__fresh-map-common/20260804T170423Z__v12__098f05f72cb2/attempt_shard_07.csv.gz,8.0,4,505,514,510,5,0,8.0,3,435,445,440,5,1,475,5,v12,20260804T171022Z__v12__800d55d8c780,data/b200/cuda-13.3-sm100/single_instruction/completion_latency/bulk-tensor__g2s__fresh-map-common/20260804T171022Z__v12__800d55d8c780/attempt_shard_07.csv.gz,21.0,4,576,598,587,11,3,21.0,4,472,496,484,12,2,536,12
g2s,common,tensor_capacity,tensor_capacity_g2s_b8192,tensor,8192,tmau_first_use_l2_hot,u8,2,single_test_wait_cold_then_hot_v12,separate_midpoint_values_for_same_map_cold_then_hot_pair,v12,20260804T170423Z__v12__098f05f72cb2,data/h100/cuda-13.3-sm90/single_instruction/completion_latency/bulk-tensor__g2s__fresh-map-common/20260804T170423Z__v12__098f05f72cb2/attempt_shard_00.csv.gz,8.0,3,799,812,806,7,2,8.0,3,472,485,479,7,0,643,7,v12,20260804T171022Z__v12__800d55d8c780,data/b200/cuda-13.3-sm100/single_instruction/completion_latency/bulk-tensor__g2s__fresh-map-common/20260804T171022Z__v12__800d55d8c780/attempt_shard_00.csv.gz,21.0,3,892,919,906,14,4,21.0,3,522,547,535,13,2,721,14
g2s,common,tensor_capacity,tensor_capacity_g2s_b8192,tensor,8192,tmau_prefetched_l2_hot,u8,2,single_test_wait_cold_then_hot_v12,separate_midpoint_values_for_same_map_cold_then_hot_pair,v12,20260804T170423Z__v12__098f05f72cb2,data/h100/cuda-13.3-sm90/single_instruction/completion_latency/bulk-tensor__g2s__fresh-map-common/20260804T170423Z__v12__098f05f72cb2/attempt_shard_01.csv.gz,8.0,4,545,554,550,5,0,8.0,3,479,488,484,5,1,517,5,v12,20260804T171022Z__v12__800d55d8c780,data/b200/cuda-13.3-sm100/single_instruction/completion_latency/bulk-tensor__g2s__fresh-map-common/20260804T171022Z__v12__800d55d8c780/attempt_shard_01.csv.gz,21.0,4,610,631,621,11,2,21.0,4,520,547,534,14,2,578,14
g2s,common,tensor_capacity,tensor_capacity_g2s_b16384,tensor,16384,tmau_first_use_l2_hot,u8,2,single_test_wait_cold_then_hot_v12,separate_midpoint_values_for_same_map_cold_then_hot_pair,v12,20260804T170423Z__v12__098f05f72cb2,data/h100/cuda-13.3-sm90/single_instruction/completion_latency/bulk-tensor__g2s__fresh-map-common/20260804T170423Z__v12__098f05f72cb2/attempt_shard_02.csv.gz,8.0,3,847,860,854,7,1,8.0,3,541,554,548,7,0,701,7,v12,20260804T171022Z__v12__800d55d8c780,data/b200/cuda-13.3-sm100/single_instruction/completion_latency/bulk-tensor__g2s__fresh-map-common/20260804T171022Z__v12__800d55d8c780/attempt_shard_02.csv.gz,21.0,4,950,975,963,13,3,21.0,3,584,609,597,13,1,780,13
g2s,common,tensor_capacity,tensor_capacity_g2s_b16384,tensor,16384,tmau_prefetched_l2_hot,u8,2,single_test_wait_cold_then_hot_v12,separate_midpoint_values_for_same_map_cold_then_hot_pair,v12,20260804T170423Z__v12__098f05f72cb2,data/h100/cuda-13.3-sm90/single_instruction/completion_latency/bulk-tensor__g2s__fresh-map-common/20260804T170423Z__v12__098f05f72cb2/attempt_shard_03.csv.gz,8.0,4,618,629,624,6,0,8.0,3,545,554,550,5,0,587,6,v12,20260804T171022Z__v12__800d55d8c780,data/b200/cuda-13.3-sm100/single_instruction/completion_latency/bulk-tensor__g2s__fresh-map-common/20260804T171022Z__v12__800d55d8c780/attempt_shard_03.csv.gz,21.0,4,682,703,693,11,1,21.0,4,581,607,594,13,0,644,13
g2s,common,tensor_capacity,tensor_capacity_g2s_b32768,tensor,32768,tmau_first_use_l2_hot,u8,2,single_test_wait_cold_then_hot_v12,separate_midpoint_values_for_same_map_cold_then_hot_pair,v12,20260804T170423Z__v12__098f05f72cb2,data/h100/cuda-13.3-sm90/single_instruction/completion_latency/bulk-tensor__g2s__fresh-map-common/20260804T170423Z__v12__098f05f72cb2/attempt_shard_04.csv.gz,8.0,3,1001,1012,1007,6,2,8.0,3,698,708,703,5,0,855,6,v12,20260804T171022Z__v12__800d55d8c780,data/b200/cuda-13.3-sm100/single_instruction/completion_latency/bulk-tensor__g2s__fresh-map-common/20260804T171022Z__v12__800d55d8c780/attempt_shard_04.csv.gz,21.0,3,1074,1096,1085,11,0,21.0,3,710,732,721,11,0,903,11
g2s,common,tensor_capacity,tensor_capacity_g2s_b32768,tensor,32768,tmau_prefetched_l2_hot,u8,2,single_test_wait_cold_then_hot_v12,separate_midpoint_values_for_same_map_cold_then_hot_pair,v12,20260804T170423Z__v12__098f05f72cb2,data/h100/cuda-13.3-sm90/single_instruction/completion_latency/bulk-tensor__g2s__fresh-map-common/20260804T170423Z__v12__098f05f72cb2/attempt_shard_05.csv.gz,8.0,4,762,773,768,6,2,8.0,3,703,716,710,7,1,739,7,v12,20260804T171022Z__v12__800d55d8c780,data/b200/cuda-13.3-sm100/single_instruction/completion_latency/bulk-tensor__g2s__fresh-map-common/20260804T171022Z__v12__800d55d8c780/attempt_shard_05.csv.gz,21.0,4,811,837,824,13,0,21.0,4,719,744,732,13,1,778,13
g2s,tensor_2d,tensor_2d_length_u16_row128,tensor_2d_length_g2s_u16_row128_b16384,tensor,16384,tmau_first_use_l2_hot,u16,2,single_test_wait_cold_then_hot_v12,separate_midpoint_values_for_same_map_cold_then_hot_pair,v12,20260804T170903Z__v12__1ee8370596c9,data/h100/cuda-13.3-sm90/single_instruction/completion_latency/tensor__g2s__fresh-map-2d/20260804T170903Z__v12__1ee8370596c9/attempt_shard_02.csv.gz,8.0,3,860,870,865,5,1,8.0,3,536,545,541,5,0,703,5,v12,20260805T063939Z__v12__f15e57c97e78,data/b200/cuda-13.3-sm100/single_instruction/completion_latency/tensor__g2s__fresh-map-2d/20260805T063939Z__v12__f15e57c97e78/attempt_shard_02.csv.gz,21.0,4,926,950,938,12,2,21.0,3,583,605,594,11,0,766,12
g2s,tensor_2d,tensor_2d_length_u16_row128,tensor_2d_length_g2s_u16_row128_b16384,tensor,16384,tmau_prefetched_l2_hot,u16,2,single_test_wait_cold_then_hot_v12,separate_midpoint_values_for_same_map_cold_then_hot_pair,v12,20260804T170903Z__v12__1ee8370596c9,data/h100/cuda-13.3-sm90/single_instruction/completion_latency/tensor__g2s__fresh-map-2d/20260804T170903Z__v12__1ee8370596c9/attempt_shard_03.csv.gz,8.0,4,611,620,616,5,0,8.0,3,540,553,547,7,0,582,7,v12,20260805T063939Z__v12__f15e57c97e78,data/b200/cuda-13.3-sm100/single_instruction/completion_latency/tensor__g2s__fresh-map-2d/20260805T063939Z__v12__f15e57c97e78/attempt_shard_03.csv.gz,21.0,4,677,702,690,13,0,21.0,4,586,611,599,13,0,645,13
g2s,tensor_2d,tensor_2d_length_u16_row128,tensor_2d_length_g2s_u16_row128_b32768,tensor,32768,tmau_first_use_l2_hot,u16,2,single_test_wait_cold_then_hot_v12,separate_midpoint_values_for_same_map_cold_then_hot_pair,v12,20260804T170903Z__v12__1ee8370596c9,data/h100/cuda-13.3-sm90/single_instruction/completion_latency/tensor__g2s__fresh-map-2d/20260804T170903Z__v12__1ee8370596c9/attempt_shard_04.csv.gz,8.0,3,1001,1012,1007,6,2,8.0,3,682,693,688,6,0,848,6,v12,20260805T063939Z__v12__f15e57c97e78,data/b200/cuda-13.3-sm100/single_instruction/completion_latency/tensor__g2s__fresh-map-2d/20260805T063939Z__v12__f15e57c97e78/attempt_shard_04.csv.gz,21.0,3,1058,1080,1069,11,5,21.0,3,714,739,727,13,0,898,13
g2s,tensor_2d,tensor_2d_length_u16_row128,tensor_2d_length_g2s_u16_row128_b32768,tensor,32768,tmau_prefetched_l2_hot,u16,2,single_test_wait_cold_then_hot_v12,separate_midpoint_values_for_same_map_cold_then_hot_pair,v12,20260804T170903Z__v12__1ee8370596c9,data/h100/cuda-13.3-sm90/single_instruction/completion_latency/tensor__g2s__fresh-map-2d/20260804T170903Z__v12__1ee8370596c9/attempt_shard_05.csv.gz,8.0,4,760,769,765,5,1,8.0,3,690,703,697,7,0,731,7,v12,20260805T063939Z__v12__f15e57c97e78,data/b200/cuda-13.3-sm100/single_instruction/completion_latency/tensor__g2s__fresh-map-2d/20260805T063939Z__v12__f15e57c97e78/attempt_shard_05.csv.gz,21.0,4,816,842,829,13,1,21.0,4,719,744,732,13,1,781,13
g2s,tensor_2d,tensor_2d_length_u16_row32,tensor_2d_length_g2s_u16_row32_b128,tensor,128,tmau_first_use_l2_hot,u16,2,single_test_wait_cold_then_hot_v12,separate_midpoint_values_for_same_map_cold_then_hot_pair,v12,20260804T170903Z__v12__1ee8370596c9,data/h100/cuda-13.3-sm90/single_instruction/completion_latency/tensor__g2s__fresh-map-2d/20260804T170903Z__v12__1ee8370596c9/attempt_shard_00.csv.gz,8.0,3,675,684,680,5,5,8.0,3,381,391,386,5,1,533,5,v12,20260805T063939Z__v12__f15e57c97e78,data/b200/cuda-13.3-sm100/single_instruction/completion_latency/tensor__g2s__fresh-map-2d/20260805T063939Z__v12__f15e57c97e78/attempt_shard_00.csv.gz,21.0,3,809,831,820,11,4,21.0,3,412,437,425,13,7,623,13
g2s,tensor_2d,tensor_2d_length_u16_row32,tensor_2d_length_g2s_u16_row32_b128,tensor,128,tmau_prefetched_l2_hot,u16,2,single_test_wait_cold_then_hot_v12,separate_midpoint_values_for_same_map_cold_then_hot_pair,v12,20260804T170903Z__v12__1ee8370596c9,data/h100/cuda-13.3-sm90/single_instruction/completion_latency/tensor__g2s__fresh-map-2d/20260804T170903Z__v12__1ee8370596c9/attempt_shard_01.csv.gz,8.0,4,458,471,465,7,1,8.0,3,378,392,385,7,2,425,7,v12,20260805T063939Z__v12__f15e57c97e78,data/b200/cuda-13.3-sm100/single_instruction/completion_latency/tensor__g2s__fresh-map-2d/20260805T063939Z__v12__f15e57c97e78/attempt_shard_01.csv.gz,21.0,4,495,521,508,13,5,21.0,4,406,430,418,12,8,463,13
g2s,tensor_2d,tensor_2d_length_u16_row32,tensor_2d_length_g2s_u16_row32_b256,tensor,256,tmau_first_use_l2_hot,u16,2,single_test_wait_cold_then_hot_v12,separate_midpoint_values_for_same_map_cold_then_hot_pair,v12,20260804T170903Z__v12__1ee8370596c9,data/h100/cuda-13.3-sm90/single_instruction/completion_latency/tensor__g2s__fresh-map-2d/20260804T170903Z__v12__1ee8370596c9/attempt_shard_02.csv.gz,8.0,3,676,687,682,6,3,8.0,3,357,370,364,7,1,523,7,v12,20260805T063939Z__v12__f15e57c97e78,data/b200/cuda-13.3-sm100/single_instruction/completion_latency/tensor__g2s__fresh-map-2d/20260805T063939Z__v12__f15e57c97e78/attempt_shard_02.csv.gz,21.0,3,762,791,777,15,3,21.0,3,446,471,459,13,4,618,15
g2s,tensor_2d,tensor_2d_length_u16_row32,tensor_2d_length_g2s_u16_row32_b256,tensor,256,tmau_prefetched_l2_hot,u16,2,single_test_wait_cold_then_hot_v12,separate_midpoint_values_for_same_map_cold_then_hot_pair,v12,20260804T170903Z__v12__1ee8370596c9,data/h100/cuda-13.3-sm90/single_instruction/completion_latency/tensor__g2s__fresh-map-2d/20260804T170903Z__v12__1ee8370596c9/attempt_shard_03.csv.gz,8.0,4,448,466,457,9,0,8.0,3,360,371,366,6,2,412,9,v12,20260805T063939Z__v12__f15e57c97e78,data/b200/cuda-13.3-sm100/single_instruction/completion_latency/tensor__g2s__fresh-map-2d/20260805T063939Z__v12__f15e57c97e78/attempt_shard_03.csv.gz,21.0,4,524,549,537,13,1,21.0,4,423,445,434,11,5,486,13
g2s,tensor_2d,tensor_2d_length_u16_row32,tensor_2d_length_g2s_u16_row32_b1024,tensor,1024,tmau_first_use_l2_hot,u16,2,single_test_wait_cold_then_hot_v12,separate_midpoint_values_for_same_map_cold_then_hot_pair,v12,20260804T170903Z__v12__1ee8370596c9,data/h100/cuda-13.3-sm90/single_instruction/completion_latency/tensor__g2s__fresh-map-2d/20260804T170903Z__v12__1ee8370596c9/attempt_shard_04.csv.gz,8.0,3,724,735,730,6,3,8.0,3,412,423,418,6,4,574,6,v12,20260805T063939Z__v12__f15e57c97e78,data/b200/cuda-13.3-sm100/single_instruction/completion_latency/tensor__g2s__fresh-map-2d/20260805T063939Z__v12__f15e57c97e78/attempt_shard_04.csv.gz,21.0,3,818,840,829,11,4,21.0,3,474,500,487,13,4,658,13
g2s,tensor_2d,tensor_2d_length_u16_row32,tensor_2d_length_g2s_u16_row32_b1024,tensor,1024,tmau_prefetched_l2_hot,u16,2,single_test_wait_cold_then_hot_v12,separate_midpoint_values_for_same_map_cold_then_hot_pair,v12,20260804T170903Z__v12__1ee8370596c9,data/h100/cuda-13.3-sm90/single_instruction/completion_latency/tensor__g2s__fresh-map-2d/20260804T170903Z__v12__1ee8370596c9/attempt_shard_05.csv.gz,8.0,4,463,477,470,7,1,8.0,3,413,423,418,5,4,444,7,v12,20260805T063939Z__v12__f15e57c97e78,data/b200/cuda-13.3-sm100/single_instruction/completion_latency/tensor__g2s__fresh-map-2d/20260805T063939Z__v12__f15e57c97e78/attempt_shard_05.csv.gz,21.0,4,528,549,539,11,4,21.0,4,475,499,487,12,5,513,12
g2s,tensor_2d,tensor_2d_length_u16_row32,tensor_2d_length_g2s_u16_row32_b4096,tensor,4096,tmau_first_use_l2_hot,u16,2,single_test_wait_cold_then_hot_v12,separate_midpoint_values_for_same_map_cold_then_hot_pair,v12,20260804T170903Z__v12__1ee8370596c9,data/h100/cuda-13.3-sm90/single_instruction/completion_latency/tensor__g2s__fresh-map-2d/20260804T170903Z__v12__1ee8370596c9/attempt_shard_06.csv.gz,8.0,3,814,823,819,5,5,8.0,3,506,516,511,5,4,665,5,v12,20260805T063939Z__v12__f15e57c97e78,data/b200/cuda-13.3-sm100/single_instruction/completion_latency/tensor__g2s__fresh-map-2d/20260805T063939Z__v12__f15e57c97e78/attempt_shard_06.csv.gz,21.0,3,906,935,921,15,5,21.0,3,540,563,552,12,4,737,15
g2s,tensor_2d,tensor_2d_length_u16_row32,tensor_2d_length_g2s_u16_row32_b4096,tensor,4096,tmau_prefetched_l2_hot,u16,2,single_test_wait_cold_then_hot_v12,separate_midpoint_values_for_same_map_cold_then_hot_pair,v12,20260804T170903Z__v12__1ee8370596c9,data/h100/cuda-13.3-sm90/single_instruction/completion_latency/tensor__g2s__fresh-map-2d/20260804T170903Z__v12__1ee8370596c9/attempt_shard_07.csv.gz,8.0,4,569,578,574,5,0,8.0,3,503,512,508,5,3,541,5,v12,20260805T063939Z__v12__f15e57c97e78,data/b200/cuda-13.3-sm100/single_instruction/completion_latency/tensor__g2s__fresh-map-2d/20260805T063939Z__v12__f15e57c97e78/attempt_shard_07.csv.gz,21.0,4,633,654,644,11,3,21.0,4,550,572,561,11,4,603,11
g2s,tensor_2d,tensor_2d_length_u16_row32,tensor_2d_length_g2s_u16_row32_b8192,tensor,8192,tmau_first_use_l2_hot,u16,2,single_test_wait_cold_then_hot_v12,separate_midpoint_values_for_same_map_cold_then_hot_pair,v12,20260804T170903Z__v12__1ee8370596c9,data/h100/cuda-13.3-sm90/single_instruction/completion_latency/tensor__g2s__fresh-map-2d/20260804T170903Z__v12__1ee8370596c9/attempt_shard_00.csv.gz,8.0,3,940,951,946,6,5,8.0,3,613,626,620,7,3,783,7,v12,20260805T063939Z__v12__f15e57c97e78,data/b200/cuda-13.3-sm100/single_instruction/completion_latency/tensor__g2s__fresh-map-2d/20260805T063939Z__v12__f15e57c97e78/attempt_shard_00.csv.gz,21.0,3,1021,1046,1034,13,4,21.0,3,679,701,690,11,5,862,13
g2s,tensor_2d,tensor_2d_length_u16_row32,tensor_2d_length_g2s_u16_row32_b8192,tensor,8192,tmau_prefetched_l2_hot,u16,2,single_test_wait_cold_then_hot_v12,separate_midpoint_values_for_same_map_cold_then_hot_pair,v12,20260804T170903Z__v12__1ee8370596c9,data/h100/cuda-13.3-sm90/single_instruction/completion_latency/tensor__g2s__fresh-map-2d/20260804T170903Z__v12__1ee8370596c9/attempt_shard_01.csv.gz,8.0,4,702,715,709,7,4,8.0,3,623,632,628,5,3,669,7,v12,20260805T063939Z__v12__f15e57c97e78,data/b200/cuda-13.3-sm100/single_instruction/completion_latency/tensor__g2s__fresh-map-2d/20260805T063939Z__v12__f15e57c97e78/attempt_shard_01.csv.gz,21.0,4,761,783,772,11,5,21.0,4,670,692,681,11,5,727,11
g2s,tensor_2d,tensor_2d_length_u8_row128,tensor_2d_length_g2s_u8_row128_b128,tensor,128,tmau_first_use_l2_hot,u8,2,single_test_wait_cold_then_hot_v12,separate_midpoint_values_for_same_map_cold_then_hot_pair,v12,20260804T170903Z__v12__1ee8370596c9,data/h100/cuda-13.3-sm90/single_instruction/completion_latency/tensor__g2s__fresh-map-2d/20260804T170903Z__v12__1ee8370596c9/attempt_shard_06.csv.gz,8.0,3,703,716,710,7,4,8.0,3,381,391,386,5,3,548,7,v12,20260805T063939Z__v12__f15e57c97e78,data/b200/cuda-13.3-sm100/single_instruction/completion_latency/tensor__g2s__fresh-map-2d/20260805T063939Z__v12__f15e57c97e78/attempt_shard_06.csv.gz,21.0,3,818,840,829,11,4,21.0,3,428,452,440,12,2,635,12
g2s,tensor_2d,tensor_2d_length_u8_row128,tensor_2d_length_g2s_u8_row128_b128,tensor,128,tmau_prefetched_l2_hot,u8,2,single_test_wait_cold_then_hot_v12,separate_midpoint_values_for_same_map_cold_then_hot_pair,v12,20260804T170903Z__v12__1ee8370596c9,data/h100/cuda-13.3-sm90/single_instruction/completion_latency/tensor__g2s__fresh-map-2d/20260804T170903Z__v12__1ee8370596c9/attempt_shard_07.csv.gz,8.0,4,458,471,465,7,1,8.0,3,378,392,385,7,3,425,7,v12,20260805T063939Z__v12__f15e57c97e78,data/b200/cuda-13.3-sm100/single_instruction/completion_latency/tensor__g2s__fresh-map-2d/20260805T063939Z__v12__f15e57c97e78/attempt_shard_07.csv.gz,21.0,4,514,542,528,14,1,21.0,4,430,454,442,12,2,485,14
g2s,tensor_2d,tensor_2d_length_u8_row128,tensor_2d_length_g2s_u8_row128_b256,tensor,256,tmau_first_use_l2_hot,u8,2,single_test_wait_cold_then_hot_v12,separate_midpoint_values_for_same_map_cold_then_hot_pair,v12,20260804T170903Z__v12__1ee8370596c9,data/h100/cuda-13.3-sm90/single_instruction/completion_latency/tensor__g2s__fresh-map-2d/20260804T170903Z__v12__1ee8370596c9/attempt_shard_00.csv.gz,8.0,3,700,711,706,6,3,8.0,3,372,384,378,6,2,542,6,v12,20260805T063939Z__v12__f15e57c97e78,data/b200/cuda-13.3-sm100/single_instruction/completion_latency/tensor__g2s__fresh-map-2d/20260805T063939Z__v12__f15e57c97e78/attempt_shard_00.csv.gz,21.0,3,805,830,818,13,6,21.0,3,446,471,459,13,4,639,13
g2s,tensor_2d,tensor_2d_length_u8_row128,tensor_2d_length_g2s_u8_row128_b256,tensor,256,tmau_prefetched_l2_hot,u8,2,single_test_wait_cold_then_hot_v12,separate_midpoint_values_for_same_map_cold_then_hot_pair,v12,20260804T170903Z__v12__1ee8370596c9,data/h100/cuda-13.3-sm90/single_instruction/completion_latency/tensor__g2s__fresh-map-2d/20260804T170903Z__v12__1ee8370596c9/attempt_shard_01.csv.gz,8.0,4,463,477,470,7,1,8.0,3,368,381,375,7,2,423,7,v12,20260805T063939Z__v12__f15e57c97e78,data/b200/cuda-13.3-sm100/single_instruction/completion_latency/tensor__g2s__fresh-map-2d/20260805T063939Z__v12__f15e57c97e78/attempt_shard_01.csv.gz,21.0,4,524,549,537,13,2,21.0,4,448,472,460,12,5,499,13
g2s,tensor_2d,tensor_2d_length_u8_row128,tensor_2d_length_g2s_u8_row128_b512,tensor,512,tmau_first_use_l2_hot,u8,2,single_test_wait_cold_then_hot_v12,separate_midpoint_values_for_same_map_cold_then_hot_pair,v12,20260804T170903Z__v12__1ee8370596c9,data/h100/cuda-13.3-sm90/single_instruction/completion_latency/tensor__g2s__fresh-map-2d/20260804T170903Z__v12__1ee8370596c9/attempt_shard_02.csv.gz,8.0,3,727,740,734,7,4,8.0,3,396,408,402,6,2,568,7,v12,20260805T063939Z__v12__f15e57c97e78,data/b200/cuda-13.3-sm100/single_instruction/completion_latency/tensor__g2s__fresh-map-2d/20260805T063939Z__v12__f15e57c97e78/attempt_shard_02.csv.gz,21.0,3,785,807,796,11,4,21.0,3,436,461,449,13,5,623,13
g2s,tensor_2d,tensor_2d_length_u8_row128,tensor_2d_length_g2s_u8_row128_b512,tensor,512,tmau_prefetched_l2_hot,u8,2,single_test_wait_cold_then_hot_v12,separate_midpoint_values_for_same_map_cold_then_hot_pair,v12,20260804T170903Z__v12__1ee8370596c9,data/h100/cuda-13.3-sm90/single_instruction/completion_latency/tensor__g2s__fresh-map-2d/20260804T170903Z__v12__1ee8370596c9/attempt_shard_03.csv.gz,8.0,4,458,471,465,7,1,8.0,3,397,410,404,7,2,435,7,v12,20260805T063939Z__v12__f15e57c97e78,data/b200/cuda-13.3-sm100/single_instruction/completion_latency/tensor__g2s__fresh-map-2d/20260805T063939Z__v12__f15e57c97e78/attempt_shard_03.csv.gz,21.0,4,528,549,539,11,4,21.0,4,437,463,450,13,4,495,13
g2s,tensor_2d,tensor_2d_length_u8_row128,tensor_2d_length_g2s_u8_row128_b1024,tensor,1024,tmau_first_use_l2_hot,u8,2,single_test_wait_cold_then_hot_v12,separate_midpoint_values_for_same_map_cold_then_hot_pair,v12,20260804T170903Z__v12__1ee8370596c9,data/h100/cuda-13.3-sm90/single_instruction/completion_latency/tensor__g2s__fresh-map-2d/20260804T170903Z__v12__1ee8370596c9/attempt_shard_04.csv.gz,8.0,3,718,731,725,7,4,8.0,3,410,420,415,5,3,570,7,v12,20260805T063939Z__v12__f15e57c97e78,data/b200/cuda-13.3-sm100/single_instruction/completion_latency/tensor__g2s__fresh-map-2d/20260805T063939Z__v12__f15e57c97e78/attempt_shard_04.csv.gz,21.0,3,801,823,812,11,5,21.0,3,446,471,459,13,3,636,13
g2s,tensor_2d,tensor_2d_length_u8_row128,tensor_2d_length_g2s_u8_row128_b1024,tensor,1024,tmau_prefetched_l2_hot,u8,2,single_test_wait_cold_then_hot_v12,separate_midpoint_values_for_same_map_cold_then_hot_pair,v12,20260804T170903Z__v12__1ee8370596c9,data/h100/cuda-13.3-sm90/single_instruction/completion_latency/tensor__g2s__fresh-map-2d/20260804T170903Z__v12__1ee8370596c9/attempt_shard_05.csv.gz,8.0,4,487,495,491,4,2,8.0,3,402,416,409,7,2,450,7,v12,20260805T063939Z__v12__f15e57c97e78,data/b200/cuda-13.3-sm100/single_instruction/completion_latency/tensor__g2s__fresh-map-2d/20260805T063939Z__v12__f15e57c97e78/attempt_shard_05.csv.gz,21.0,4,528,558,543,15,2,21.0,4,451,472,462,11,2,503,15
g2s,tensor_2d,tensor_2d_length_u8_row128,tensor_2d_length_g2s_u8_row128_b2048,tensor,2048,tmau_first_use_l2_hot,u8,2,single_test_wait_cold_then_hot_v12,separate_midpoint_values_for_same_map_cold_then_hot_pair,v12,20260804T170903Z__v12__1ee8370596c9,data/h100/cuda-13.3-sm90/single_instruction/completion_latency/tensor__g2s__fresh-map-2d/20260804T170903Z__v12__1ee8370596c9/attempt_shard_06.csv.gz,8.0,3,737,748,743,6,1,8.0,3,420,432,426,6,0,585,6,v12,20260805T063939Z__v12__f15e57c97e78,data/b200/cuda-13.3-sm100/single_instruction/completion_latency/tensor__g2s__fresh-map-2d/20260805T063939Z__v12__f15e57c97e78/attempt_shard_06.csv.gz,21.0,3,809,831,820,11,2,21.0,3,436,461,449,13,6,635,13
g2s,tensor_2d,tensor_2d_length_u8_row128,tensor_2d_length_g2s_u8_row128_b2048,tensor,2048,tmau_prefetched_l2_hot,u8,2,single_test_wait_cold_then_hot_v12,separate_midpoint_values_for_same_map_cold_then_hot_pair,v12,20260804T170903Z__v12__1ee8370596c9,data/h100/cuda-13.3-sm90/single_instruction/completion_latency/tensor__g2s__fresh-map-2d/20260804T170903Z__v12__1ee8370596c9/attempt_shard_07.csv.gz,8.0,4,482,495,489,7,0,8.0,3,421,434,428,7,0,459,7,v12,20260805T063939Z__v12__f15e57c97e78,data/b200/cuda-13.3-sm100/single_instruction/completion_latency/tensor__g2s__fresh-map-2d/20260805T063939Z__v12__f15e57c97e78/attempt_shard_07.csv.gz,21.0,4,545,572,559,14,5,21.0,4,437,463,450,13,7,505,14
g2s,tensor_2d,tensor_2d_length_u8_row128,tensor_2d_length_g2s_u8_row128_b4096,tensor,4096,tmau_first_use_l2_hot,u8,2,single_test_wait_cold_then_hot_v12,separate_midpoint_values_for_same_map_cold_then_hot_pair,v12,20260804T170903Z__v12__1ee8370596c9,data/h100/cuda-13.3-sm90/single_instruction/completion_latency/tensor__g2s__fresh-map-2d/20260804T170903Z__v12__1ee8370596c9/attempt_shard_00.csv.gz,8.0,3,740,750,745,5,2,8.0,3,429,442,436,7,1,591,7,v12,20260805T063939Z__v12__f15e57c97e78,data/b200/cuda-13.3-sm100/single_instruction/completion_latency/tensor__g2s__fresh-map-2d/20260805T063939Z__v12__f15e57c97e78/attempt_shard_00.csv.gz,21.0,4,853,874,864,11,2,21.0,3,474,500,487,13,0,676,13
g2s,tensor_2d,tensor_2d_length_u8_row128,tensor_2d_length_g2s_u8_row128_b4096,tensor,4096,tmau_prefetched_l2_hot,u8,2,single_test_wait_cold_then_hot_v12,separate_midpoint_values_for_same_map_cold_then_hot_pair,v12,20260804T170903Z__v12__1ee8370596c9,data/h100/cuda-13.3-sm90/single_instruction/completion_latency/tensor__g2s__fresh-map-2d/20260804T170903Z__v12__1ee8370596c9/attempt_shard_01.csv.gz,8.0,4,501,513,507,6,0,8.0,3,432,443,438,6,1,473,6,v12,20260805T063939Z__v12__f15e57c97e78,data/b200/cuda-13.3-sm100/single_instruction/completion_latency/tensor__g2s__fresh-map-2d/20260805T063939Z__v12__f15e57c97e78/attempt_shard_01.csv.gz,21.0,4,581,606,594,13,4,21.0,4,478,502,490,12,1,542,13
g2s,tensor_2d,tensor_2d_length_u8_row128,tensor_2d_length_g2s_u8_row128_b8192,tensor,8192,tmau_first_use_l2_hot,u8,2,single_test_wait_cold_then_hot_v12,separate_midpoint_values_for_same_map_cold_then_hot_pair,v12,20260804T170903Z__v12__1ee8370596c9,data/h100/cuda-13.3-sm90/single_instruction/completion_latency/tensor__g2s__fresh-map-2d/20260804T170903Z__v12__1ee8370596c9/attempt_shard_02.csv.gz,8.0,3,788,798,793,5,1,8.0,3,467,480,474,7,1,634,7,v12,20260805T063939Z__v12__f15e57c97e78,data/b200/cuda-13.3-sm100/single_instruction/completion_latency/tensor__g2s__fresh-map-2d/20260805T063939Z__v12__f15e57c97e78/attempt_shard_02.csv.gz,21.0,3,877,902,890,13,1,21.0,3,503,532,518,15,2,704,15
g2s,tensor_2d,tensor_2d_length_u8_row128,tensor_2d_length_g2s_u8_row128_b8192,tensor,8192,tmau_prefetched_l2_hot,u8,2,single_test_wait_cold_then_hot_v12,separate_midpoint_values_for_same_map_cold_then_hot_pair,v12,20260804T170903Z__v12__1ee8370596c9,data/h100/cuda-13.3-sm90/single_instruction/completion_latency/tensor__g2s__fresh-map-2d/20260804T170903Z__v12__1ee8370596c9/attempt_shard_03.csv.gz,8.0,4,534,547,541,7,0,8.0,3,468,481,475,7,0,508,7,v12,20260805T063939Z__v12__f15e57c97e78,data/b200/cuda-13.3-sm100/single_instruction/completion_latency/tensor__g2s__fresh-map-2d/20260805T063939Z__v12__f15e57c97e78/attempt_shard_03.csv.gz,21.0,4,609,638,624,15,1,21.0,4,518,541,530,12,1,577,15
g2s,tensor_2d,tensor_2d_length_u8_row128,tensor_2d_length_g2s_u8_row128_b16256,tensor,16256,tmau_first_use_l2_hot,u8,2,single_test_wait_cold_then_hot_v12,separate_midpoint_values_for_same_map_cold_then_hot_pair,v12,20260804T170903Z__v12__1ee8370596c9,data/h100/cuda-13.3-sm90/single_instruction/completion_latency/tensor__g2s__fresh-map-2d/20260804T170903Z__v12__1ee8370596c9/attempt_shard_04.csv.gz,8.0,3,852,865,859,7,3,8.0,3,537,549,543,6,1,701,7,v12,20260805T063939Z__v12__f15e57c97e78,data/b200/cuda-13.3-sm100/single_instruction/completion_latency/tensor__g2s__fresh-map-2d/20260805T063939Z__v12__f15e57c97e78/attempt_shard_04.csv.gz,21.0,4,930,959,945,15,5,21.0,3,575,604,590,15,0,768,15
g2s,tensor_2d,tensor_2d_length_u8_row128,tensor_2d_length_g2s_u8_row128_b16256,tensor,16256,tmau_prefetched_l2_hot,u8,2,single_test_wait_cold_then_hot_v12,separate_midpoint_values_for_same_map_cold_then_hot_pair,v12,20260804T170903Z__v12__1ee8370596c9,data/h100/cuda-13.3-sm90/single_instruction/completion_latency/tensor__g2s__fresh-map-2d/20260804T170903Z__v12__1ee8370596c9/attempt_shard_05.csv.gz,8.0,4,601,614,608,7,0,8.0,3,540,553,547,7,0,578,7,v12,20260805T063939Z__v12__f15e57c97e78,data/b200/cuda-13.3-sm100/single_instruction/completion_latency/tensor__g2s__fresh-map-2d/20260805T063939Z__v12__f15e57c97e78/attempt_shard_05.csv.gz,21.0,4,672,698,685,13,1,21.0,4,581,607,594,13,1,640,13
g2s,tensor_2d,tensor_2d_length_u8_row128,tensor_2d_length_g2s_u8_row128_b16384,tensor,16384,tmau_first_use_l2_hot,u8,2,single_test_wait_cold_then_hot_v12,separate_midpoint_values_for_same_map_cold_then_hot_pair,v12,20260804T170903Z__v12__1ee8370596c9,data/h100/cuda-13.3-sm90/single_instruction/completion_latency/tensor__g2s__fresh-map-2d/20260804T170903Z__v12__1ee8370596c9/attempt_shard_06.csv.gz,8.0,3,868,876,872,4,2,8.0,3,541,554,548,7,0,710,7,v12,20260805T063939Z__v12__f15e57c97e78,data/b200/cuda-13.3-sm100/single_instruction/completion_latency/tensor__g2s__fresh-map-2d/20260805T063939Z__v12__f15e57c97e78/attempt_shard_06.csv.gz,21.0,3,945,967,956,11,1,21.0,3,584,609,597,13,0,777,13
g2s,tensor_2d,tensor_2d_length_u8_row128,tensor_2d_length_g2s_u8_row128_b16384,tensor,16384,tmau_prefetched_l2_hot,u8,2,single_test_wait_cold_then_hot_v12,separate_midpoint_values_for_same_map_cold_then_hot_pair,v12,20260804T170903Z__v12__1ee8370596c9,data/h100/cuda-13.3-sm90/single_instruction/completion_latency/tensor__g2s__fresh-map-2d/20260804T170903Z__v12__1ee8370596c9/attempt_shard_07.csv.gz,8.0,4,611,620,616,5,0,8.0,3,545,554,550,5,0,583,5,v12,20260805T063939Z__v12__f15e57c97e78,data/b200/cuda-13.3-sm100/single_instruction/completion_latency/tensor__g2s__fresh-map-2d/20260805T063939Z__v12__f15e57c97e78/attempt_shard_07.csv.gz,21.0,4,681,702,692,11,0,21.0,4,581,607,594,13,0,643,13
g2s,tensor_2d,tensor_2d_length_u8_row128,tensor_2d_length_g2s_u8_row128_b16512,tensor,16512,tmau_first_use_l2_hot,u8,2,single_test_wait_cold_then_hot_v12,separate_midpoint_values_for_same_map_cold_then_hot_pair,v12,20260804T170903Z__v12__1ee8370596c9,data/h100/cuda-13.3-sm90/single_instruction/completion_latency/tensor__g2s__fresh-map-2d/20260804T170903Z__v12__1ee8370596c9/attempt_shard_00.csv.gz,8.0,3,867,875,871,4,2,8.0,3,532,544,538,6,0,705,6,v12,20260805T063939Z__v12__f15e57c97e78,data/b200/cuda-13.3-sm100/single_instruction/completion_latency/tensor__g2s__fresh-map-2d/20260805T063939Z__v12__f15e57c97e78/attempt_shard_00.csv.gz,21.0,3,954,983,969,15,3,21.0,3,591,615,603,12,1,786,15
g2s,tensor_2d,tensor_2d_length_u8_row128,tensor_2d_length_g2s_u8_row128_b16512,tensor,16512,tmau_prefetched_l2_hot,u8,2,single_test_wait_cold_then_hot_v12,separate_midpoint_values_for_same_map_cold_then_hot_pair,v12,20260804T170903Z__v12__1ee8370596c9,data/h100/cuda-13.3-sm90/single_instruction/completion_latency/tensor__g2s__fresh-map-2d/20260804T170903Z__v12__1ee8370596c9/attempt_shard_01.csv.gz,8.0,4,606,619,613,7,0,8.0,3,533,543,538,5,0,576,7,v12,20260805T063939Z__v12__f15e57c97e78,data/b200/cuda-13.3-sm100/single_instruction/completion_latency/tensor__g2s__fresh-map-2d/20260805T063939Z__v12__f15e57c97e78/attempt_shard_01.csv.gz,21.0,4,677,702,690,13,1,21.0,4,586,611,599,13,2,645,13
g2s,tensor_2d,tensor_2d_length_u8_row128,tensor_2d_length_g2s_u8_row128_b17408,tensor,17408,tmau_first_use_l2_hot,u8,2,single_test_wait_cold_then_hot_v12,separate_midpoint_values_for_same_map_cold_then_hot_pair,v12,20260804T170903Z__v12__1ee8370596c9,data/h100/cuda-13.3-sm90/single_instruction/completion_latency/tensor__g2s__fresh-map-2d/20260804T170903Z__v12__1ee8370596c9/attempt_shard_02.csv.gz,8.0,3,852,865,859,7,3,8.0,3,551,562,557,6,0,708,7,v12,20260805T063939Z__v12__f15e57c97e78,data/b200/cuda-13.3-sm100/single_instruction/completion_latency/tensor__g2s__fresh-map-2d/20260805T063939Z__v12__f15e57c97e78/attempt_shard_02.csv.gz,21.0,4,963,990,977,14,2,21.0,3,590,612,601,11,1,789,14
g2s,tensor_2d,tensor_2d_length_u8_row128,tensor_2d_length_g2s_u8_row128_b17408,tensor,17408,tmau_prefetched_l2_hot,u8,2,single_test_wait_cold_then_hot_v12,separate_midpoint_values_for_same_map_cold_then_hot_pair,v12,20260804T170903Z__v12__1ee8370596c9,data/h100/cuda-13.3-sm90/single_instruction/completion_latency/tensor__g2s__fresh-map-2d/20260804T170903Z__v12__1ee8370596c9/attempt_shard_03.csv.gz,8.0,4,618,629,624,6,0,8.0,3,555,565,560,5,1,592,6,v12,20260805T063939Z__v12__f15e57c97e78,data/b200/cuda-13.3-sm100/single_instruction/completion_latency/tensor__g2s__fresh-map-2d/20260805T063939Z__v12__f15e57c97e78/attempt_shard_03.csv.gz,21.0,4,690,715,703,13,0,21.0,4,599,624,612,13,0,658,13
g2s,tensor_2d,tensor_2d_length_u8_row128,tensor_2d_length_g2s_u8_row128_b18432,tensor,18432,tmau_first_use_l2_hot,u8,2,single_test_wait_cold_then_hot_v12,separate_midpoint_values_for_same_map_cold_then_hot_pair,v12,20260804T170903Z__v12__1ee8370596c9,data/h100/cuda-13.3-sm90/single_instruction/completion_latency/tensor__g2s__fresh-map-2d/20260804T170903Z__v12__1ee8370596c9/attempt_shard_04.csv.gz,8.0,3,871,884,878,7,1,8.0,3,558,569,564,6,0,721,7,v12,20260805T063939Z__v12__f15e57c97e78,data/b200/cuda-13.3-sm100/single_instruction/completion_latency/tensor__g2s__fresh-map-2d/20260805T063939Z__v12__f15e57c97e78/attempt_shard_04.csv.gz,21.0,3,954,983,969,15,5,21.0,3,591,615,603,12,1,786,15
g2s,tensor_2d,tensor_2d_length_u8_row128,tensor_2d_length_g2s_u8_row128_b18432,tensor,18432,tmau_prefetched_l2_hot,u8,2,single_test_wait_cold_then_hot_v12,separate_midpoint_values_for_same_map_cold_then_hot_pair,v12,20260804T170903Z__v12__1ee8370596c9,data/h100/cuda-13.3-sm90/single_instruction/completion_latency/tensor__g2s__fresh-map-2d/20260804T170903Z__v12__1ee8370596c9/attempt_shard_05.csv.gz,8.0,4,635,644,640,5,1,8.0,3,559,572,566,7,0,603,7,v12,20260805T063939Z__v12__f15e57c97e78,data/b200/cuda-13.3-sm100/single_instruction/completion_latency/tensor__g2s__fresh-map-2d/20260805T063939Z__v12__f15e57c97e78/attempt_shard_05.csv.gz,21.0,4,694,716,705,11,1,21.0,4,598,620,609,11,0,657,11
g2s,tensor_2d,tensor_2d_length_u8_row128,tensor_2d_length_g2s_u8_row128_b20480,tensor,20480,tmau_first_use_l2_hot,u8,2,single_test_wait_cold_then_hot_v12,separate_midpoint_values_for_same_map_cold_then_hot_pair,v12,20260804T170903Z__v12__1ee8370596c9,data/h100/cuda-13.3-sm90/single_instruction/completion_latency/tensor__g2s__fresh-map-2d/20260804T170903Z__v12__1ee8370596c9/attempt_shard_06.csv.gz,8.0,3,886,899,893,7,3,8.0,3,578,588,583,5,0,738,7,v12,20260805T063939Z__v12__f15e57c97e78,data/b200/cuda-13.3-sm100/single_instruction/completion_latency/tensor__g2s__fresh-map-2d/20260805T063939Z__v12__f15e57c97e78/attempt_shard_06.csv.gz,21.0,3,993,1015,1004,11,4,21.0,3,623,652,638,15,2,821,15
g2s,tensor_2d,tensor_2d_length_u8_row128,tensor_2d_length_g2s_u8_row128_b20480,tensor,20480,tmau_prefetched_l2_hot,u8,2,single_test_wait_cold_then_hot_v12,separate_midpoint_values_for_same_map_cold_then_hot_pair,v12,20260804T170903Z__v12__1ee8370596c9,data/h100/cuda-13.3-sm90/single_instruction/completion_latency/tensor__g2s__fresh-map-2d/20260804T170903Z__v12__1ee8370596c9/attempt_shard_07.csv.gz,8.0,4,645,657,651,6,2,8.0,3,579,589,584,5,0,618,6,v12,20260805T063939Z__v12__f15e57c97e78,data/b200/cuda-13.3-sm100/single_instruction/completion_latency/tensor__g2s__fresh-map-2d/20260805T063939Z__v12__f15e57c97e78/attempt_shard_07.csv.gz,21.0,4,713,735,724,11,1,21.0,4,622,644,633,11,1,679,11
g2s,tensor_2d,tensor_2d_length_u8_row128,tensor_2d_length_g2s_u8_row128_b22528,tensor,22528,tmau_first_use_l2_hot,u8,2,single_test_wait_cold_then_hot_v12,separate_midpoint_values_for_same_map_cold_then_hot_pair,v12,20260804T170903Z__v12__1ee8370596c9,data/h100/cuda-13.3-sm90/single_instruction/completion_latency/tensor__g2s__fresh-map-2d/20260804T170903Z__v12__1ee8370596c9/attempt_shard_00.csv.gz,8.0,3,915,924,920,5,2,8.0,3,599,610,605,6,0,763,6,v12,20260805T063939Z__v12__f15e57c97e78,data/b200/cuda-13.3-sm100/single_instruction/completion_latency/tensor__g2s__fresh-map-2d/20260805T063939Z__v12__f15e57c97e78/attempt_shard_00.csv.gz,21.0,4,999,1022,1011,12,5,21.0,3,632,657,645,13,0,828,13
g2s,tensor_2d,tensor_2d_length_u8_row128,tensor_2d_length_g2s_u8_row128_b22528,tensor,22528,tmau_prefetched_l2_hot,u8,2,single_test_wait_cold_then_hot_v12,separate_midpoint_values_for_same_map_cold_then_hot_pair,v12,20260804T170903Z__v12__1ee8370596c9,data/h100/cuda-13.3-sm90/single_instruction/completion_latency/tensor__g2s__fresh-map-2d/20260804T170903Z__v12__1ee8370596c9/attempt_shard_01.csv.gz,8.0,4,665,674,670,5,0,8.0,3,594,607,601,7,1,636,7,v12,20260805T063939Z__v12__f15e57c97e78,data/b200/cuda-13.3-sm100/single_instruction/completion_latency/tensor__g2s__fresh-map-2d/20260805T063939Z__v12__f15e57c97e78/attempt_shard_01.csv.gz,21.0,4,729,758,744,15,0,21.0,4,638,667,653,15,1,699,15
g2s,tensor_2d,tensor_2d_length_u8_row128,tensor_2d_length_g2s_u8_row128_b24576,tensor,24576,tmau_first_use_l2_hot,u8,2,single_test_wait_cold_then_hot_v12,separate_midpoint_values_for_same_map_cold_then_hot_pair,v12,20260804T170903Z__v12__1ee8370596c9,data/h100/cuda-13.3-sm90/single_instruction/completion_latency/tensor__g2s__fresh-map-2d/20260804T170903Z__v12__1ee8370596c9/attempt_shard_02.csv.gz,8.0,3,924,937,931,7,1,8.0,3,609,618,614,5,0,773,7,v12,20260805T063939Z__v12__f15e57c97e78,data/b200/cuda-13.3-sm100/single_instruction/completion_latency/tensor__g2s__fresh-map-2d/20260805T063939Z__v12__f15e57c97e78/attempt_shard_02.csv.gz,21.0,3,1026,1055,1041,15,2,21.0,3,655,677,666,11,0,854,15
g2s,tensor_2d,tensor_2d_length_u8_row128,tensor_2d_length_g2s_u8_row128_b24576,tensor,24576,tmau_prefetched_l2_hot,u8,2,single_test_wait_cold_then_hot_v12,separate_midpoint_values_for_same_map_cold_then_hot_pair,v12,20260804T170903Z__v12__1ee8370596c9,data/h100/cuda-13.3-sm90/single_instruction/completion_latency/tensor__g2s__fresh-map-2d/20260804T170903Z__v12__1ee8370596c9/attempt_shard_03.csv.gz,8.0,4,678,691,685,7,0,8.0,3,612,625,619,7,0,652,7,v12,20260805T063939Z__v12__f15e57c97e78,data/b200/cuda-13.3-sm100/single_instruction/completion_latency/tensor__g2s__fresh-map-2d/20260805T063939Z__v12__f15e57c97e78/attempt_shard_03.csv.gz,21.0,4,744,770,757,13,0,21.0,4,652,674,663,11,1,710,13
g2s,tensor_2d,tensor_2d_length_u8_row128,tensor_2d_length_g2s_u8_row128_b28672,tensor,28672,tmau_first_use_l2_hot,u8,2,single_test_wait_cold_then_hot_v12,separate_midpoint_values_for_same_map_cold_then_hot_pair,v12,20260804T170903Z__v12__1ee8370596c9,data/h100/cuda-13.3-sm90/single_instruction/completion_latency/tensor__g2s__fresh-map-2d/20260804T170903Z__v12__1ee8370596c9/attempt_shard_04.csv.gz,8.0,3,972,982,977,5,0,8.0,3,647,658,653,6,1,815,6,v12,20260805T063939Z__v12__f15e57c97e78,data/b200/cuda-13.3-sm100/single_instruction/completion_latency/tensor__g2s__fresh-map-2d/20260805T063939Z__v12__f15e57c97e78/attempt_shard_04.csv.gz,21.0,4,1042,1066,1054,12,2,21.0,3,686,708,697,11,0,876,12
g2s,tensor_2d,tensor_2d_length_u8_row128,tensor_2d_length_g2s_u8_row128_b28672,tensor,28672,tmau_prefetched_l2_hot,u8,2,single_test_wait_cold_then_hot_v12,separate_midpoint_values_for_same_map_cold_then_hot_pair,v12,20260804T170903Z__v12__1ee8370596c9,data/h100/cuda-13.3-sm90/single_instruction/completion_latency/tensor__g2s__fresh-map-2d/20260804T170903Z__v12__1ee8370596c9/attempt_shard_05.csv.gz,8.0,4,717,729,723,6,0,8.0,3,653,663,658,5,1,691,6,v12,20260805T063939Z__v12__f15e57c97e78,data/b200/cuda-13.3-sm100/single_instruction/completion_latency/tensor__g2s__fresh-map-2d/20260805T063939Z__v12__f15e57c97e78/attempt_shard_05.csv.gz,21.0,4,777,806,792,15,1,21.0,4,686,715,701,15,2,747,15
g2s,tensor_2d,tensor_2d_length_u8_row128,tensor_2d_length_g2s_u8_row128_b32768,tensor,32768,tmau_first_use_l2_hot,u8,2,single_test_wait_cold_then_hot_v12,separate_midpoint_values_for_same_map_cold_then_hot_pair,v12,20260804T170903Z__v12__1ee8370596c9,data/h100/cuda-13.3-sm90/single_instruction/completion_latency/tensor__g2s__fresh-map-2d/20260804T170903Z__v12__1ee8370596c9/attempt_shard_06.csv.gz,8.0,3,1004,1014,1009,5,1,8.0,3,685,698,692,7,0,851,7,v12,20260805T063939Z__v12__f15e57c97e78,data/b200/cuda-13.3-sm100/single_instruction/completion_latency/tensor__g2s__fresh-map-2d/20260805T063939Z__v12__f15e57c97e78/attempt_shard_06.csv.gz,21.0,3,1089,1111,1100,11,2,21.0,3,718,740,729,11,1,915,11
g2s,tensor_2d,tensor_2d_length_u8_row128,tensor_2d_length_g2s_u8_row128_b32768,tensor,32768,tmau_prefetched_l2_hot,u8,2,single_test_wait_cold_then_hot_v12,separate_midpoint_values_for_same_map_cold_then_hot_pair,v12,20260804T170903Z__v12__1ee8370596c9,data/h100/cuda-13.3-sm90/single_instruction/completion_latency/tensor__g2s__fresh-map-2d/20260804T170903Z__v12__1ee8370596c9/attempt_shard_07.csv.gz,8.0,4,765,777,771,6,1,8.0,3,684,697,691,7,0,731,7,v12,20260805T063939Z__v12__f15e57c97e78,data/b200/cuda-13.3-sm100/single_instruction/completion_latency/tensor__g2s__fresh-map-2d/20260805T063939Z__v12__f15e57c97e78/attempt_shard_07.csv.gz,21.0,4,815,837,826,11,0,21.0,4,718,740,729,11,1,778,11
g2s,tensor_2d,tensor_2d_length_u8_row32,tensor_2d_length_g2s_u8_row32_b32,tensor,32,tmau_first_use_l2_hot,u8,2,single_test_wait_cold_then_hot_v12,separate_midpoint_values_for_same_map_cold_then_hot_pair,v12,20260804T170903Z__v12__1ee8370596c9,data/h100/cuda-13.3-sm90/single_instruction/completion_latency/tensor__g2s__fresh-map-2d/20260804T170903Z__v12__1ee8370596c9/attempt_shard_00.csv.gz,8.0,4,703,716,710,7,3,8.0,3,395,404,400,5,2,555,7,v12,20260805T063939Z__v12__f15e57c97e78,data/b200/cuda-13.3-sm100/single_instruction/completion_latency/tensor__g2s__fresh-map-2d/20260805T063939Z__v12__f15e57c97e78/attempt_shard_00.csv.gz,21.0,4,810,839,825,15,3,21.0,3,446,471,459,13,4,642,15
g2s,tensor_2d,tensor_2d_length_u8_row32,tensor_2d_length_g2s_u8_row32_b32,tensor,32,tmau_prefetched_l2_hot,u8,2,single_test_wait_cold_then_hot_v12,separate_midpoint_values_for_same_map_cold_then_hot_pair,v12,20260804T170903Z__v12__1ee8370596c9,data/h100/cuda-13.3-sm90/single_instruction/completion_latency/tensor__g2s__fresh-map-2d/20260804T170903Z__v12__1ee8370596c9/attempt_shard_01.csv.gz,8.0,4,458,471,465,7,0,8.0,3,396,405,401,5,2,433,7,v12,20260805T063939Z__v12__f15e57c97e78,data/b200/cuda-13.3-sm100/single_instruction/completion_latency/tensor__g2s__fresh-map-2d/20260805T063939Z__v12__f15e57c97e78/attempt_shard_01.csv.gz,21.0,5,543,566,555,12,3,21.0,4,448,472,460,12,3,508,12
g2s,tensor_2d,tensor_2d_length_u8_row32,tensor_2d_length_g2s_u8_row32_b64,tensor,64,tmau_first_use_l2_hot,u8,2,single_test_wait_cold_then_hot_v12,separate_midpoint_values_for_same_map_cold_then_hot_pair,v12,20260804T170903Z__v12__1ee8370596c9,data/h100/cuda-13.3-sm90/single_instruction/completion_latency/tensor__g2s__fresh-map-2d/20260804T170903Z__v12__1ee8370596c9/attempt_shard_02.csv.gz,8.0,4,694,707,701,7,4,8.0,3,376,389,383,7,4,542,7,v12,20260805T063939Z__v12__f15e57c97e78,data/b200/cuda-13.3-sm100/single_instruction/completion_latency/tensor__g2s__fresh-map-2d/20260805T063939Z__v12__f15e57c97e78/attempt_shard_02.csv.gz,21.0,4,801,823,812,11,5,21.0,3,446,472,459,13,2,636,13
g2s,tensor_2d,tensor_2d_length_u8_row32,tensor_2d_length_g2s_u8_row32_b64,tensor,64,tmau_prefetched_l2_hot,u8,2,single_test_wait_cold_then_hot_v12,separate_midpoint_values_for_same_map_cold_then_hot_pair,v12,20260804T170903Z__v12__1ee8370596c9,data/h100/cuda-13.3-sm90/single_instruction/completion_latency/tensor__g2s__fresh-map-2d/20260804T170903Z__v12__1ee8370596c9/attempt_shard_03.csv.gz,8.0,4,439,456,448,9,1,8.0,3,378,392,385,7,4,417,9,v12,20260805T063939Z__v12__f15e57c97e78,data/b200/cuda-13.3-sm100/single_instruction/completion_latency/tensor__g2s__fresh-map-2d/20260805T063939Z__v12__f15e57c97e78/attempt_shard_03.csv.gz,21.0,5,543,566,555,12,3,21.0,4,448,472,460,12,3,508,12
g2s,tensor_2d,tensor_2d_length_u8_row32,tensor_2d_length_g2s_u8_row32_b96,tensor,96,tmau_first_use_l2_hot,u8,2,single_test_wait_cold_then_hot_v12,separate_midpoint_values_for_same_map_cold_then_hot_pair,v12,20260804T170903Z__v12__1ee8370596c9,data/h100/cuda-13.3-sm90/single_instruction/completion_latency/tensor__g2s__fresh-map-2d/20260804T170903Z__v12__1ee8370596c9/attempt_shard_04.csv.gz,8.0,3,713,724,719,6,3,8.0,3,395,404,400,5,2,560,6,v12,20260805T063939Z__v12__f15e57c97e78,data/b200/cuda-13.3-sm100/single_instruction/completion_latency/tensor__g2s__fresh-map-2d/20260805T063939Z__v12__f15e57c97e78/attempt_shard_04.csv.gz,21.0,4,810,839,825,15,2,21.0,3,446,471,459,13,2,642,15
g2s,tensor_2d,tensor_2d_length_u8_row32,tensor_2d_length_g2s_u8_row32_b96,tensor,96,tmau_prefetched_l2_hot,u8,2,single_test_wait_cold_then_hot_v12,separate_midpoint_values_for_same_map_cold_then_hot_pair,v12,20260804T170903Z__v12__1ee8370596c9,data/h100/cuda-13.3-sm90/single_instruction/completion_latency/tensor__g2s__fresh-map-2d/20260804T170903Z__v12__1ee8370596c9/attempt_shard_05.csv.gz,8.0,4,458,471,465,7,0,8.0,3,396,405,401,5,2,433,7,v12,20260805T063939Z__v12__f15e57c97e78,data/b200/cuda-13.3-sm100/single_instruction/completion_latency/tensor__g2s__fresh-map-2d/20260805T063939Z__v12__f15e57c97e78/attempt_shard_05.csv.gz,21.0,5,543,566,555,12,3,21.0,4,448,472,460,12,3,508,12
g2s,tensor_2d,tensor_2d_length_u8_row32,tensor_2d_length_g2s_u8_row32_b128,tensor,128,tmau_first_use_l2_hot,u8,2,single_test_wait_cold_then_hot_v12,separate_midpoint_values_for_same_map_cold_then_hot_pair,v12,20260804T170903Z__v12__1ee8370596c9,data/h100/cuda-13.3-sm90/single_instruction/completion_latency/tensor__g2s__fresh-map-2d/20260804T170903Z__v12__1ee8370596c9/attempt_shard_06.csv.gz,8.0,4,713,724,719,6,3,8.0,3,376,389,383,7,4,551,7,v12,20260805T063939Z__v12__f15e57c97e78,data/b200/cuda-13.3-sm100/single_instruction/completion_latency/tensor__g2s__fresh-map-2d/20260805T063939Z__v12__f15e57c97e78/attempt_shard_06.csv.gz,21.0,4,810,839,825,15,2,21.0,3,446,471,459,13,2,642,15
g2s,tensor_2d,tensor_2d_length_u8_row32,tensor_2d_length_g2s_u8_row32_b128,tensor,128,tmau_prefetched_l2_hot,u8,2,single_test_wait_cold_then_hot_v12,separate_midpoint_values_for_same_map_cold_then_hot_pair,v12,20260804T170903Z__v12__1ee8370596c9,data/h100/cuda-13.3-sm90/single_instruction/completion_latency/tensor__g2s__fresh-map-2d/20260804T170903Z__v12__1ee8370596c9/attempt_shard_07.csv.gz,8.0,4,448,466,457,9,1,8.0,3,378,392,385,7,4,421,9,v12,20260805T063939Z__v12__f15e57c97e78,data/b200/cuda-13.3-sm100/single_instruction/completion_latency/tensor__g2s__fresh-map-2d/20260805T063939Z__v12__f15e57c97e78/attempt_shard_07.csv.gz,21.0,5,543,566,555,12,3,21.0,4,448,472,460,12,2,508,12
g2s,tensor_2d,tensor_2d_length_u8_row32,tensor_2d_length_g2s_u8_row32_b160,tensor,160,tmau_first_use_l2_hot,u8,2,single_test_wait_cold_then_hot_v12,separate_midpoint_values_for_same_map_cold_then_hot_pair,v12,20260804T170903Z__v12__1ee8370596c9,data/h100/cuda-13.3-sm90/single_instruction/completion_latency/tensor__g2s__fresh-map-2d/20260804T170903Z__v12__1ee8370596c9/attempt_shard_00.csv.gz,8.0,3,700,711,706,6,3,8.0,3,400,413,407,7,3,557,7,v12,20260805T063939Z__v12__f15e57c97e78,data/b200/cuda-13.3-sm100/single_instruction/completion_latency/tensor__g2s__fresh-map-2d/20260805T063939Z__v12__f15e57c97e78/attempt_shard_00.csv.gz,21.0,3,802,826,814,12,5,21.0,3,450,473,462,12,3,638,12
g2s,tensor_2d,tensor_2d_length_u8_row32,tensor_2d_length_g2s_u8_row32_b160,tensor,160,tmau_prefetched_l2_hot,u8,2,single_test_wait_cold_then_hot_v12,separate_midpoint_values_for_same_map_cold_then_hot_pair,v12,20260804T170903Z__v12__1ee8370596c9,data/h100/cuda-13.3-sm90/single_instruction/completion_latency/tensor__g2s__fresh-map-2d/20260804T170903Z__v12__1ee8370596c9/attempt_shard_01.csv.gz,8.0,4,429,447,438,9,1,8.0,3,397,410,404,7,3,421,9,v12,20260805T063939Z__v12__f15e57c97e78,data/b200/cuda-13.3-sm100/single_instruction/completion_latency/tensor__g2s__fresh-map-2d/20260805T063939Z__v12__f15e57c97e78/attempt_shard_01.csv.gz,21.0,4,552,577,565,13,4,21.0,4,437,463,450,13,4,508,13
g2s,tensor_2d,tensor_2d_length_u8_row32,tensor_2d_length_g2s_u8_row32_b192,tensor,192,tmau_first_use_l2_hot,u8,2,single_test_wait_cold_then_hot_v12,separate_midpoint_values_for_same_map_cold_then_hot_pair,v12,20260804T170903Z__v12__1ee8370596c9,data/h100/cuda-13.3-sm90/single_instruction/completion_latency/tensor__g2s__fresh-map-2d/20260804T170903Z__v12__1ee8370596c9/attempt_shard_02.csv.gz,8.0,3,684,697,691,7,4,8.0,3,391,403,397,6,4,544,7,v12,20260805T063939Z__v12__f15e57c97e78,data/b200/cuda-13.3-sm100/single_instruction/completion_latency/tensor__g2s__fresh-map-2d/20260805T063939Z__v12__f15e57c97e78/attempt_shard_02.csv.gz,21.0,3,794,816,805,11,6,21.0,3,450,473,462,12,5,634,12
g2s,tensor_2d,tensor_2d_length_u8_row32,tensor_2d_length_g2s_u8_row32_b192,tensor,192,tmau_prefetched_l2_hot,u8,2,single_test_wait_cold_then_hot_v12,separate_midpoint_values_for_same_map_cold_then_hot_pair,v12,20260804T170903Z__v12__1ee8370596c9,data/h100/cuda-13.3-sm90/single_instruction/completion_latency/tensor__g2s__fresh-map-2d/20260804T170903Z__v12__1ee8370596c9/attempt_shard_03.csv.gz,8.0,4,429,447,438,9,1,8.0,3,386,395,391,5,4,415,9,v12,20260805T063939Z__v12__f15e57c97e78,data/b200/cuda-13.3-sm100/single_instruction/completion_latency/tensor__g2s__fresh-map-2d/20260805T063939Z__v12__f15e57c97e78/attempt_shard_03.csv.gz,21.0,4,524,549,537,13,4,21.0,4,437,463,450,13,5,494,13
g2s,tensor_2d,tensor_2d_length_u8_row32,tensor_2d_length_g2s_u8_row32_b224,tensor,224,tmau_first_use_l2_hot,u8,2,single_test_wait_cold_then_hot_v12,separate_midpoint_values_for_same_map_cold_then_hot_pair,v12,20260804T170903Z__v12__1ee8370596c9,data/h100/cuda-13.3-sm90/single_instruction/completion_latency/tensor__g2s__fresh-map-2d/20260804T170903Z__v12__1ee8370596c9/attempt_shard_04.csv.gz,8.0,3,710,721,716,6,3,8.0,3,400,413,407,7,3,562,7,v12,20260805T063939Z__v12__f15e57c97e78,data/b200/cuda-13.3-sm100/single_instruction/completion_latency/tensor__g2s__fresh-map-2d/20260805T063939Z__v12__f15e57c97e78/attempt_shard_04.csv.gz,21.0,3,781,806,794,13,5,21.0,3,450,473,462,12,3,628,13
g2s,tensor_2d,tensor_2d_length_u8_row32,tensor_2d_length_g2s_u8_row32_b224,tensor,224,tmau_prefetched_l2_hot,u8,2,single_test_wait_cold_then_hot_v12,separate_midpoint_values_for_same_map_cold_then_hot_pair,v12,20260804T170903Z__v12__1ee8370596c9,data/h100/cuda-13.3-sm90/single_instruction/completion_latency/tensor__g2s__fresh-map-2d/20260804T170903Z__v12__1ee8370596c9/attempt_shard_05.csv.gz,8.0,4,429,447,438,9,1,8.0,3,397,410,404,7,2,421,9,v12,20260805T063939Z__v12__f15e57c97e78,data/b200/cuda-13.3-sm100/single_instruction/completion_latency/tensor__g2s__fresh-map-2d/20260805T063939Z__v12__f15e57c97e78/attempt_shard_05.csv.gz,21.0,4,552,577,565,13,4,21.0,4,437,463,450,13,4,508,13
g2s,tensor_2d,tensor_2d_length_u8_row32,tensor_2d_length_g2s_u8_row32_b256,tensor,256,tmau_first_use_l2_hot,u8,2,single_test_wait_cold_then_hot_v12,separate_midpoint_values_for_same_map_cold_then_hot_pair,v12,20260804T170903Z__v12__1ee8370596c9,data/h100/cuda-13.3-sm90/single_instruction/completion_latency/tensor__g2s__fresh-map-2d/20260804T170903Z__v12__1ee8370596c9/attempt_shard_06.csv.gz,8.0,3,694,707,701,7,5,8.0,3,396,408,402,6,5,552,7,v12,20260805T063939Z__v12__f15e57c97e78,data/b200/cuda-13.3-sm100/single_instruction/completion_latency/tensor__g2s__fresh-map-2d/20260805T063939Z__v12__f15e57c97e78/attempt_shard_06.csv.gz,21.0,3,795,822,809,14,4,21.0,3,450,473,462,12,4,636,14
g2s,tensor_2d,tensor_2d_length_u8_row32,tensor_2d_length_g2s_u8_row32_b256,tensor,256,tmau_prefetched_l2_hot,u8,2,single_test_wait_cold_then_hot_v12,separate_midpoint_values_for_same_map_cold_then_hot_pair,v12,20260804T170903Z__v12__1ee8370596c9,data/h100/cuda-13.3-sm90/single_instruction/completion_latency/tensor__g2s__fresh-map-2d/20260804T170903Z__v12__1ee8370596c9/attempt_shard_07.csv.gz,8.0,4,429,447,438,9,1,8.0,3,386,395,391,5,4,415,9,v12,20260805T063939Z__v12__f15e57c97e78,data/b200/cuda-13.3-sm100/single_instruction/completion_latency/tensor__g2s__fresh-map-2d/20260805T063939Z__v12__f15e57c97e78/attempt_shard_07.csv.gz,21.0,4,552,577,565,13,5,21.0,4,437,463,450,13,5,508,13
g2s,tensor_2d,tensor_2d_length_u8_row32,tensor_2d_length_g2s_u8_row32_b288,tensor,288,tmau_first_use_l2_hot,u8,2,single_test_wait_cold_then_hot_v12,separate_midpoint_values_for_same_map_cold_then_hot_pair,v12,20260804T170903Z__v12__1ee8370596c9,data/h100/cuda-13.3-sm90/single_instruction/completion_latency/tensor__g2s__fresh-map-2d/20260804T170903Z__v12__1ee8370596c9/attempt_shard_00.csv.gz,8.0,3,716,726,721,5,3,8.0,3,381,391,386,5,3,554,5,v12,20260805T063939Z__v12__f15e57c97e78,data/b200/cuda-13.3-sm100/single_instruction/completion_latency/tensor__g2s__fresh-map-2d/20260805T063939Z__v12__f15e57c97e78/attempt_shard_00.csv.gz,21.0,4,819,846,833,14,7,21.0,3,426,449,438,12,5,636,14
g2s,tensor_2d,tensor_2d_length_u8_row32,tensor_2d_length_g2s_u8_row32_b288,tensor,288,tmau_prefetched_l2_hot,u8,2,single_test_wait_cold_then_hot_v12,separate_midpoint_values_for_same_map_cold_then_hot_pair,v12,20260804T170903Z__v12__1ee8370596c9,data/h100/cuda-13.3-sm90/single_instruction/completion_latency/tensor__g2s__fresh-map-2d/20260804T170903Z__v12__1ee8370596c9/attempt_shard_01.csv.gz,8.0,4,458,471,465,7,1,8.0,3,384,394,389,5,4,427,7,v12,20260805T063939Z__v12__f15e57c97e78,data/b200/cuda-13.3-sm100/single_instruction/completion_latency/tensor__g2s__fresh-map-2d/20260805T063939Z__v12__f15e57c97e78/attempt_shard_01.csv.gz,21.0,4,514,542,528,14,3,21.0,4,445,467,456,11,5,492,14
g2s,tensor_2d,tensor_2d_length_u8_row32,tensor_2d_length_g2s_u8_row32_b320,tensor,320,tmau_first_use_l2_hot,u8,2,single_test_wait_cold_then_hot_v12,separate_midpoint_values_for_same_map_cold_then_hot_pair,v12,20260804T170903Z__v12__1ee8370596c9,data/h100/cuda-13.3-sm90/single_instruction/completion_latency/tensor__g2s__fresh-map-2d/20260804T170903Z__v12__1ee8370596c9/attempt_shard_02.csv.gz,8.0,3,689,700,695,6,2,8.0,3,381,391,386,5,4,541,6,v12,20260805T063939Z__v12__f15e57c97e78,data/b200/cuda-13.3-sm100/single_instruction/completion_latency/tensor__g2s__fresh-map-2d/20260805T063939Z__v12__f15e57c97e78/attempt_shard_02.csv.gz,21.0,4,825,847,836,11,7,21.0,3,440,464,452,12,6,644,12
g2s,tensor_2d,tensor_2d_length_u8_row32,tensor_2d_length_g2s_u8_row32_b320,tensor,320,tmau_prefetched_l2_hot,u8,2,single_test_wait_cold_then_hot_v12,separate_midpoint_values_for_same_map_cold_then_hot_pair,v12,20260804T170903Z__v12__1ee8370596c9,data/h100/cuda-13.3-sm90/single_instruction/completion_latency/tensor__g2s__fresh-map-2d/20260804T170903Z__v12__1ee8370596c9/attempt_shard_03.csv.gz,8.0,4,458,471,465,7,1,8.0,3,378,392,385,7,4,425,7,v12,20260805T063939Z__v12__f15e57c97e78,data/b200/cuda-13.3-sm100/single_instruction/completion_latency/tensor__g2s__fresh-map-2d/20260805T063939Z__v12__f15e57c97e78/attempt_shard_03.csv.gz,21.0,4,514,542,528,14,3,21.0,4,422,444,433,11,6,481,14
g2s,tensor_2d,tensor_2d_length_u8_row32,tensor_2d_length_g2s_u8_row32_b352,tensor,352,tmau_first_use_l2_hot,u8,2,single_test_wait_cold_then_hot_v12,separate_midpoint_values_for_same_map_cold_then_hot_pair,v12,20260804T170903Z__v12__1ee8370596c9,data/h100/cuda-13.3-sm90/single_instruction/completion_latency/tensor__g2s__fresh-map-2d/20260804T170903Z__v12__1ee8370596c9/attempt_shard_04.csv.gz,8.0,3,713,724,719,6,3,8.0,3,381,391,386,5,3,553,6,v12,20260805T063939Z__v12__f15e57c97e78,data/b200/cuda-13.3-sm100/single_instruction/completion_latency/tensor__g2s__fresh-map-2d/20260805T063939Z__v12__f15e57c97e78/attempt_shard_04.csv.gz,21.0,3,819,846,833,14,4,21.0,3,440,464,452,12,4,643,14
g2s,tensor_2d,tensor_2d_length_u8_row32,tensor_2d_length_g2s_u8_row32_b352,tensor,352,tmau_prefetched_l2_hot,u8,2,single_test_wait_cold_then_hot_v12,separate_midpoint_values_for_same_map_cold_then_hot_pair,v12,20260804T170903Z__v12__1ee8370596c9,data/h100/cuda-13.3-sm90/single_instruction/completion_latency/tensor__g2s__fresh-map-2d/20260804T170903Z__v12__1ee8370596c9/attempt_shard_05.csv.gz,8.0,4,458,471,465,7,1,8.0,3,384,394,389,5,4,427,7,v12,20260805T063939Z__v12__f15e57c97e78,data/b200/cuda-13.3-sm100/single_instruction/completion_latency/tensor__g2s__fresh-map-2d/20260805T063939Z__v12__f15e57c97e78/attempt_shard_05.csv.gz,21.0,4,514,542,528,14,3,21.0,4,445,467,456,11,6,492,14
g2s,tensor_2d,tensor_2d_length_u8_row32,tensor_2d_length_g2s_u8_row32_b384,tensor,384,tmau_first_use_l2_hot,u8,2,single_test_wait_cold_then_hot_v12,separate_midpoint_values_for_same_map_cold_then_hot_pair,v12,20260804T170903Z__v12__1ee8370596c9,data/h100/cuda-13.3-sm90/single_instruction/completion_latency/tensor__g2s__fresh-map-2d/20260804T170903Z__v12__1ee8370596c9/attempt_shard_06.csv.gz,8.0,3,708,718,713,5,4,8.0,3,381,391,386,5,4,550,5,v12,20260805T063939Z__v12__f15e57c97e78,data/b200/cuda-13.3-sm100/single_instruction/completion_latency/tensor__g2s__fresh-map-2d/20260805T063939Z__v12__f15e57c97e78/attempt_shard_06.csv.gz,21.0,4,825,847,836,11,7,21.0,3,440,464,452,12,4,644,12
g2s,tensor_2d,tensor_2d_length_u8_row32,tensor_2d_length_g2s_u8_row32_b384,tensor,384,tmau_prefetched_l2_hot,u8,2,single_test_wait_cold_then_hot_v12,separate_midpoint_values_for_same_map_cold_then_hot_pair,v12,20260804T170903Z__v12__1ee8370596c9,data/h100/cuda-13.3-sm90/single_instruction/completion_latency/tensor__g2s__fresh-map-2d/20260804T170903Z__v12__1ee8370596c9/attempt_shard_07.csv.gz,8.0,4,458,471,465,7,1,8.0,3,378,392,385,7,5,425,7,v12,20260805T063939Z__v12__f15e57c97e78,data/b200/cuda-13.3-sm100/single_instruction/completion_latency/tensor__g2s__fresh-map-2d/20260805T063939Z__v12__f15e57c97e78/attempt_shard_07.csv.gz,21.0,4,514,542,528,14,2,21.0,4,445,467,456,11,6,492,14
g2s,tensor_2d,tensor_2d_length_u8_row32,tensor_2d_length_g2s_u8_row32_b416,tensor,416,tmau_first_use_l2_hot,u8,2,single_test_wait_cold_then_hot_v12,separate_midpoint_values_for_same_map_cold_then_hot_pair,v12,20260804T170903Z__v12__1ee8370596c9,data/h100/cuda-13.3-sm90/single_instruction/completion_latency/tensor__g2s__fresh-map-2d/20260804T170903Z__v12__1ee8370596c9/attempt_shard_00.csv.gz,8.0,3,723,732,728,5,4,8.0,3,387,399,393,6,2,561,6,v12,20260805T063939Z__v12__f15e57c97e78,data/b200/cuda-13.3-sm100/single_instruction/completion_latency/tensor__g2s__fresh-map-2d/20260805T063939Z__v12__f15e57c97e78/attempt_shard_00.csv.gz,21.0,4,801,823,812,11,4,21.0,3,446,471,459,13,4,636,13
g2s,tensor_2d,tensor_2d_length_u8_row32,tensor_2d_length_g2s_u8_row32_b416,tensor,416,tmau_prefetched_l2_hot,u8,2,single_test_wait_cold_then_hot_v12,separate_midpoint_values_for_same_map_cold_then_hot_pair,v12,20260804T170903Z__v12__1ee8370596c9,data/h100/cuda-13.3-sm90/single_instruction/completion_latency/tensor__g2s__fresh-map-2d/20260804T170903Z__v12__1ee8370596c9/attempt_shard_01.csv.gz,8.0,4,448,466,457,9,1,8.0,3,386,395,391,5,4,424,9,v12,20260805T063939Z__v12__f15e57c97e78,data/b200/cuda-13.3-sm100/single_instruction/completion_latency/tensor__g2s__fresh-map-2d/20260805T063939Z__v12__f15e57c97e78/attempt_shard_01.csv.gz,21.0,4,524,549,537,13,3,21.0,4,451,472,462,11,3,500,13
g2s,tensor_2d,tensor_2d_length_u8_row32,tensor_2d_length_g2s_u8_row32_b448,tensor,448,tmau_first_use_l2_hot,u8,2,single_test_wait_cold_then_hot_v12,separate_midpoint_values_for_same_map_cold_then_hot_pair,v12,20260804T170903Z__v12__1ee8370596c9,data/h100/cuda-13.3-sm90/single_instruction/completion_latency/tensor__g2s__fresh-map-2d/20260804T170903Z__v12__1ee8370596c9/attempt_shard_02.csv.gz,8.0,3,684,697,691,7,6,8.0,3,376,389,383,7,5,537,7,v12,20260805T063939Z__v12__f15e57c97e78,data/b200/cuda-13.3-sm100/single_instruction/completion_latency/tensor__g2s__fresh-map-2d/20260805T063939Z__v12__f15e57c97e78/attempt_shard_02.csv.gz,21.0,3,801,823,812,11,5,21.0,3,446,471,459,13,5,636,13
g2s,tensor_2d,tensor_2d_length_u8_row32,tensor_2d_length_g2s_u8_row32_b448,tensor,448,tmau_prefetched_l2_hot,u8,2,single_test_wait_cold_then_hot_v12,separate_midpoint_values_for_same_map_cold_then_hot_pair,v12,20260804T170903Z__v12__1ee8370596c9,data/h100/cuda-13.3-sm90/single_instruction/completion_latency/tensor__g2s__fresh-map-2d/20260804T170903Z__v12__1ee8370596c9/attempt_shard_03.csv.gz,8.0,4,448,466,457,9,0,8.0,3,368,381,375,7,5,416,9,v12,20260805T063939Z__v12__f15e57c97e78,data/b200/cuda-13.3-sm100/single_instruction/completion_latency/tensor__g2s__fresh-map-2d/20260805T063939Z__v12__f15e57c97e78/attempt_shard_03.csv.gz,21.0,4,524,549,537,13,4,21.0,4,451,472,462,11,7,500,13
g2s,tensor_2d,tensor_2d_length_u8_row32,tensor_2d_length_g2s_u8_row32_b480,tensor,480,tmau_first_use_l2_hot,u8,2,single_test_wait_cold_then_hot_v12,separate_midpoint_values_for_same_map_cold_then_hot_pair,v12,20260804T170903Z__v12__1ee8370596c9,data/h100/cuda-13.3-sm90/single_instruction/completion_latency/tensor__g2s__fresh-map-2d/20260804T170903Z__v12__1ee8370596c9/attempt_shard_04.csv.gz,8.0,3,723,732,728,5,2,8.0,3,383,394,389,6,6,559,6,v12,20260805T063939Z__v12__f15e57c97e78,data/b200/cuda-13.3-sm100/single_instruction/completion_latency/tensor__g2s__fresh-map-2d/20260805T063939Z__v12__f15e57c97e78/attempt_shard_04.csv.gz,21.0,3,801,823,812,11,7,21.0,3,446,471,459,13,4,636,13
g2s,tensor_2d,tensor_2d_length_u8_row32,tensor_2d_length_g2s_u8_row32_b480,tensor,480,tmau_prefetched_l2_hot,u8,2,single_test_wait_cold_then_hot_v12,separate_midpoint_values_for_same_map_cold_then_hot_pair,v12,20260804T170903Z__v12__1ee8370596c9,data/h100/cuda-13.3-sm90/single_instruction/completion_latency/tensor__g2s__fresh-map-2d/20260804T170903Z__v12__1ee8370596c9/attempt_shard_05.csv.gz,8.0,4,458,471,465,7,1,8.0,3,386,395,391,5,3,428,7,v12,20260805T063939Z__v12__f15e57c97e78,data/b200/cuda-13.3-sm100/single_instruction/completion_latency/tensor__g2s__fresh-map-2d/20260805T063939Z__v12__f15e57c97e78/attempt_shard_05.csv.gz,21.0,4,528,558,543,15,4,21.0,4,451,472,462,11,4,503,15
g2s,tensor_2d,tensor_2d_length_u8_row32,tensor_2d_length_g2s_u8_row32_b512,tensor,512,tmau_first_use_l2_hot,u8,2,single_test_wait_cold_then_hot_v12,separate_midpoint_values_for_same_map_cold_then_hot_pair,v12,20260804T170903Z__v12__1ee8370596c9,data/h100/cuda-13.3-sm90/single_instruction/completion_latency/tensor__g2s__fresh-map-2d/20260804T170903Z__v12__1ee8370596c9/attempt_shard_06.csv.gz,8.0,3,723,732,728,5,6,8.0,3,367,380,374,7,4,551,7,v12,20260805T063939Z__v12__f15e57c97e78,data/b200/cuda-13.3-sm100/single_instruction/completion_latency/tensor__g2s__fresh-map-2d/20260805T063939Z__v12__f15e57c97e78/attempt_shard_06.csv.gz,21.0,3,801,823,812,11,4,21.0,3,446,471,459,13,3,636,13
g2s,tensor_2d,tensor_2d_length_u8_row32,tensor_2d_length_g2s_u8_row32_b512,tensor,512,tmau_prefetched_l2_hot,u8,2,single_test_wait_cold_then_hot_v12,separate_midpoint_values_for_same_map_cold_then_hot_pair,v12,20260804T170903Z__v12__1ee8370596c9,data/h100/cuda-13.3-sm90/single_instruction/completion_latency/tensor__g2s__fresh-map-2d/20260804T170903Z__v12__1ee8370596c9/attempt_shard_07.csv.gz,8.0,4,448,466,457,9,0,8.0,3,386,395,391,5,5,424,9,v12,20260805T063939Z__v12__f15e57c97e78,data/b200/cuda-13.3-sm100/single_instruction/completion_latency/tensor__g2s__fresh-map-2d/20260805T063939Z__v12__f15e57c97e78/attempt_shard_07.csv.gz,21.0,4,524,549,537,13,2,21.0,4,451,472,462,11,5,500,13
g2s,tensor_2d,tensor_2d_length_u8_row32,tensor_2d_length_g2s_u8_row32_b640,tensor,640,tmau_first_use_l2_hot,u8,2,single_test_wait_cold_then_hot_v12,separate_midpoint_values_for_same_map_cold_then_hot_pair,v12,20260804T170903Z__v12__1ee8370596c9,data/h100/cuda-13.3-sm90/single_instruction/completion_latency/tensor__g2s__fresh-map-2d/20260804T170903Z__v12__1ee8370596c9/attempt_shard_00.csv.gz,8.0,3,713,724,719,6,2,8.0,3,381,391,386,5,4,553,6,v12,20260805T063939Z__v12__f15e57c97e78,data/b200/cuda-13.3-sm100/single_instruction/completion_latency/tensor__g2s__fresh-map-2d/20260805T063939Z__v12__f15e57c97e78/attempt_shard_00.csv.gz,21.0,3,809,831,820,11,3,21.0,3,446,471,459,13,3,640,13
g2s,tensor_2d,tensor_2d_length_u8_row32,tensor_2d_length_g2s_u8_row32_b640,tensor,640,tmau_prefetched_l2_hot,u8,2,single_test_wait_cold_then_hot_v12,separate_midpoint_values_for_same_map_cold_then_hot_pair,v12,20260804T170903Z__v12__1ee8370596c9,data/h100/cuda-13.3-sm90/single_instruction/completion_latency/tensor__g2s__fresh-map-2d/20260804T170903Z__v12__1ee8370596c9/attempt_shard_01.csv.gz,8.0,4,458,471,465,7,0,8.0,3,373,386,380,7,4,423,7,v12,20260805T063939Z__v12__f15e57c97e78,data/b200/cuda-13.3-sm100/single_instruction/completion_latency/tensor__g2s__fresh-map-2d/20260805T063939Z__v12__f15e57c97e78/attempt_shard_01.csv.gz,21.0,4,552,577,565,13,2,21.0,4,448,472,460,12,4,513,13
g2s,tensor_2d,tensor_2d_length_u8_row32,tensor_2d_length_g2s_u8_row32_b768,tensor,768,tmau_first_use_l2_hot,u8,2,single_test_wait_cold_then_hot_v12,separate_midpoint_values_for_same_map_cold_then_hot_pair,v12,20260804T170903Z__v12__1ee8370596c9,data/h100/cuda-13.3-sm90/single_instruction/completion_latency/tensor__g2s__fresh-map-2d/20260804T170903Z__v12__1ee8370596c9/attempt_shard_02.csv.gz,8.0,3,716,726,721,5,4,8.0,3,400,413,407,7,1,564,7,v12,20260805T063939Z__v12__f15e57c97e78,data/b200/cuda-13.3-sm100/single_instruction/completion_latency/tensor__g2s__fresh-map-2d/20260805T063939Z__v12__f15e57c97e78/attempt_shard_02.csv.gz,21.0,3,829,854,842,13,4,21.0,3,467,489,478,11,6,660,13
g2s,tensor_2d,tensor_2d_length_u8_row32,tensor_2d_length_g2s_u8_row32_b768,tensor,768,tmau_prefetched_l2_hot,u8,2,single_test_wait_cold_then_hot_v12,separate_midpoint_values_for_same_map_cold_then_hot_pair,v12,20260804T170903Z__v12__1ee8370596c9,data/h100/cuda-13.3-sm90/single_instruction/completion_latency/tensor__g2s__fresh-map-2d/20260804T170903Z__v12__1ee8370596c9/attempt_shard_03.csv.gz,8.0,4,469,485,477,8,1,8.0,3,402,416,409,7,2,443,8,v12,20260805T063939Z__v12__f15e57c97e78,data/b200/cuda-13.3-sm100/single_instruction/completion_latency/tensor__g2s__fresh-map-2d/20260805T063939Z__v12__f15e57c97e78/attempt_shard_03.csv.gz,21.0,4,521,545,533,12,3,21.0,4,445,467,456,11,7,495,12
g2s,tensor_2d,tensor_2d_length_u8_row32,tensor_2d_length_g2s_u8_row32_b896,tensor,896,tmau_first_use_l2_hot,u8,2,single_test_wait_cold_then_hot_v12,separate_midpoint_values_for_same_map_cold_then_hot_pair,v12,20260804T170903Z__v12__1ee8370596c9,data/h100/cuda-13.3-sm90/single_instruction/completion_latency/tensor__g2s__fresh-map-2d/20260804T170903Z__v12__1ee8370596c9/attempt_shard_04.csv.gz,8.0,3,718,731,725,7,6,8.0,3,395,404,400,5,1,563,7,v12,20260805T063939Z__v12__f15e57c97e78,data/b200/cuda-13.3-sm100/single_instruction/completion_latency/tensor__g2s__fresh-map-2d/20260805T063939Z__v12__f15e57c97e78/attempt_shard_04.csv.gz,21.0,4,818,840,829,11,6,21.0,3,464,488,476,12,4,653,12
g2s,tensor_2d,tensor_2d_length_u8_row32,tensor_2d_length_g2s_u8_row32_b896,tensor,896,tmau_prefetched_l2_hot,u8,2,single_test_wait_cold_then_hot_v12,separate_midpoint_values_for_same_map_cold_then_hot_pair,v12,20260804T170903Z__v12__1ee8370596c9,data/h100/cuda-13.3-sm90/single_instruction/completion_latency/tensor__g2s__fresh-map-2d/20260804T170903Z__v12__1ee8370596c9/attempt_shard_05.csv.gz,8.0,4,463,477,470,7,0,8.0,3,396,405,401,5,3,436,7,v12,20260805T063939Z__v12__f15e57c97e78,data/b200/cuda-13.3-sm100/single_instruction/completion_latency/tensor__g2s__fresh-map-2d/20260805T063939Z__v12__f15e57c97e78/attempt_shard_05.csv.gz,21.0,4,561,590,576,15,1,21.0,4,472,496,484,12,3,530,15
g2s,tensor_2d,tensor_2d_length_u8_row32,tensor_2d_length_g2s_u8_row32_b992,tensor,992,tmau_first_use_l2_hot,u8,2,single_test_wait_cold_then_hot_v12,separate_midpoint_values_for_same_map_cold_then_hot_pair,v12,20260804T170903Z__v12__1ee8370596c9,data/h100/cuda-13.3-sm90/single_instruction/completion_latency/tensor__g2s__fresh-map-2d/20260804T170903Z__v12__1ee8370596c9/attempt_shard_06.csv.gz,8.0,3,732,745,739,7,5,8.0,3,400,413,407,7,1,573,7,v12,20260805T063939Z__v12__f15e57c97e78,data/b200/cuda-13.3-sm100/single_instruction/completion_latency/tensor__g2s__fresh-map-2d/20260805T063939Z__v12__f15e57c97e78/attempt_shard_06.csv.gz,21.0,3,805,830,818,13,6,21.0,3,474,500,487,13,1,653,13
g2s,tensor_2d,tensor_2d_length_u8_row32,tensor_2d_length_g2s_u8_row32_b992,tensor,992,tmau_prefetched_l2_hot,u8,2,single_test_wait_cold_then_hot_v12,separate_midpoint_values_for_same_map_cold_then_hot_pair,v12,20260804T170903Z__v12__1ee8370596c9,data/h100/cuda-13.3-sm90/single_instruction/completion_latency/tensor__g2s__fresh-map-2d/20260804T170903Z__v12__1ee8370596c9/attempt_shard_07.csv.gz,8.0,4,469,485,477,8,0,8.0,3,402,416,409,7,1,443,8,v12,20260805T063939Z__v12__f15e57c97e78,data/b200/cuda-13.3-sm100/single_instruction/completion_latency/tensor__g2s__fresh-map-2d/20260805T063939Z__v12__f15e57c97e78/attempt_shard_07.csv.gz,21.0,4,571,596,584,13,4,21.0,4,475,499,487,12,5,536,13
g2s,tensor_2d,tensor_2d_length_u8_row32,tensor_2d_length_g2s_u8_row32_b1024,tensor,1024,tmau_first_use_l2_hot,u8,2,single_test_wait_cold_then_hot_v12,separate_midpoint_values_for_same_map_cold_then_hot_pair,v12,20260804T170903Z__v12__1ee8370596c9,data/h100/cuda-13.3-sm90/single_instruction/completion_latency/tensor__g2s__fresh-map-2d/20260804T170903Z__v12__1ee8370596c9/attempt_shard_00.csv.gz,8.0,3,747,756,752,5,4,8.0,3,391,403,397,6,4,575,6,v12,20260805T063939Z__v12__f15e57c97e78,data/b200/cuda-13.3-sm100/single_instruction/completion_latency/tensor__g2s__fresh-map-2d/20260805T063939Z__v12__f15e57c97e78/attempt_shard_00.csv.gz,21.0,3,834,863,849,15,3,21.0,3,440,464,452,12,8,651,15
g2s,tensor_2d,tensor_2d_length_u8_row32,tensor_2d_length_g2s_u8_row32_b1024,tensor,1024,tmau_prefetched_l2_hot,u8,2,single_test_wait_cold_then_hot_v12,separate_midpoint_values_for_same_map_cold_then_hot_pair,v12,20260804T170903Z__v12__1ee8370596c9,data/h100/cuda-13.3-sm90/single_instruction/completion_latency/tensor__g2s__fresh-map-2d/20260804T170903Z__v12__1ee8370596c9/attempt_shard_01.csv.gz,8.0,4,487,506,497,10,3,8.0,3,397,410,404,7,4,451,10,v12,20260805T063939Z__v12__f15e57c97e78,data/b200/cuda-13.3-sm100/single_instruction/completion_latency/tensor__g2s__fresh-map-2d/20260805T063939Z__v12__f15e57c97e78/attempt_shard_01.csv.gz,21.0,4,558,582,570,12,3,21.0,4,475,499,487,12,7,529,12
g2s,tensor_2d,tensor_2d_length_u8_row32,tensor_2d_length_g2s_u8_row32_b1056,tensor,1056,tmau_first_use_l2_hot,u8,2,single_test_wait_cold_then_hot_v12,separate_midpoint_values_for_same_map_cold_then_hot_pair,v12,20260804T170903Z__v12__1ee8370596c9,data/h100/cuda-13.3-sm90/single_instruction/completion_latency/tensor__g2s__fresh-map-2d/20260804T170903Z__v12__1ee8370596c9/attempt_shard_02.csv.gz,8.0,3,737,748,743,6,2,8.0,3,420,432,426,6,1,585,6,v12,20260805T063939Z__v12__f15e57c97e78,data/b200/cuda-13.3-sm100/single_instruction/completion_latency/tensor__g2s__fresh-map-2d/20260805T063939Z__v12__f15e57c97e78/attempt_shard_02.csv.gz,21.0,3,842,864,853,11,4,21.0,3,470,495,483,13,4,668,13
g2s,tensor_2d,tensor_2d_length_u8_row32,tensor_2d_length_g2s_u8_row32_b1056,tensor,1056,tmau_prefetched_l2_hot,u8,2,single_test_wait_cold_then_hot_v12,separate_midpoint_values_for_same_map_cold_then_hot_pair,v12,20260804T170903Z__v12__1ee8370596c9,data/h100/cuda-13.3-sm90/single_instruction/completion_latency/tensor__g2s__fresh-map-2d/20260804T170903Z__v12__1ee8370596c9/attempt_shard_03.csv.gz,8.0,4,487,506,497,10,2,8.0,3,426,440,433,7,1,465,10,v12,20260805T063939Z__v12__f15e57c97e78,data/b200/cuda-13.3-sm100/single_instruction/completion_latency/tensor__g2s__fresh-map-2d/20260805T063939Z__v12__f15e57c97e78/attempt_shard_03.csv.gz,21.0,4,528,558,543,15,4,21.0,4,472,496,484,12,5,514,15
g2s,tensor_2d,tensor_2d_length_u8_row32,tensor_2d_length_g2s_u8_row32_b1152,tensor,1152,tmau_first_use_l2_hot,u8,2,single_test_wait_cold_then_hot_v12,separate_midpoint_values_for_same_map_cold_then_hot_pair,v12,20260804T170903Z__v12__1ee8370596c9,data/h100/cuda-13.3-sm90/single_instruction/completion_latency/tensor__g2s__fresh-map-2d/20260804T170903Z__v12__1ee8370596c9/attempt_shard_04.csv.gz,8.0,3,716,726,721,5,2,8.0,3,416,427,422,6,3,572,6,v12,20260805T063939Z__v12__f15e57c97e78,data/b200/cuda-13.3-sm100/single_instruction/completion_latency/tensor__g2s__fresh-map-2d/20260805T063939Z__v12__f15e57c97e78/attempt_shard_04.csv.gz,21.0,3,794,816,805,11,6,21.0,3,455,481,468,13,3,637,13
g2s,tensor_2d,tensor_2d_length_u8_row32,tensor_2d_length_g2s_u8_row32_b1152,tensor,1152,tmau_prefetched_l2_hot,u8,2,single_test_wait_cold_then_hot_v12,separate_midpoint_values_for_same_map_cold_then_hot_pair,v12,20260804T170903Z__v12__1ee8370596c9,data/h100/cuda-13.3-sm90/single_instruction/completion_latency/tensor__g2s__fresh-map-2d/20260804T170903Z__v12__1ee8370596c9/attempt_shard_05.csv.gz,8.0,4,482,495,489,7,0,8.0,3,416,428,422,6,2,456,7,v12,20260805T063939Z__v12__f15e57c97e78,data/b200/cuda-13.3-sm100/single_instruction/completion_latency/tensor__g2s__fresh-map-2d/20260805T063939Z__v12__f15e57c97e78/attempt_shard_05.csv.gz,21.0,4,558,582,570,12,4,21.0,4,466,491,479,13,2,525,13
g2s,tensor_2d,tensor_2d_length_u8_row32,tensor_2d_length_g2s_u8_row32_b1280,tensor,1280,tmau_first_use_l2_hot,u8,2,single_test_wait_cold_then_hot_v12,separate_midpoint_values_for_same_map_cold_then_hot_pair,v12,20260804T170903Z__v12__1ee8370596c9,data/h100/cuda-13.3-sm90/single_instruction/completion_latency/tensor__g2s__fresh-map-2d/20260804T170903Z__v12__1ee8370596c9/attempt_shard_06.csv.gz,8.0,3,742,755,749,7,3,8.0,3,415,424,420,5,2,585,7,v12,20260805T063939Z__v12__f15e57c97e78,data/b200/cuda-13.3-sm100/single_instruction/completion_latency/tensor__g2s__fresh-map-2d/20260805T063939Z__v12__f15e57c97e78/attempt_shard_06.csv.gz,21.0,4,834,863,849,15,6,21.0,3,484,508,496,12,3,673,15
g2s,tensor_2d,tensor_2d_length_u8_row32,tensor_2d_length_g2s_u8_row32_b1280,tensor,1280,tmau_prefetched_l2_hot,u8,2,single_test_wait_cold_then_hot_v12,separate_midpoint_values_for_same_map_cold_then_hot_pair,v12,20260804T170903Z__v12__1ee8370596c9,data/h100/cuda-13.3-sm90/single_instruction/completion_latency/tensor__g2s__fresh-map-2d/20260804T170903Z__v12__1ee8370596c9/attempt_shard_07.csv.gz,8.0,4,463,477,470,7,0,8.0,3,416,428,422,6,3,446,7,v12,20260805T063939Z__v12__f15e57c97e78,data/b200/cuda-13.3-sm100/single_instruction/completion_latency/tensor__g2s__fresh-map-2d/20260805T063939Z__v12__f15e57c97e78/attempt_shard_07.csv.gz,21.0,4,556,578,567,11,6,21.0,4,481,512,497,16,3,532,16
g2s,tensor_2d,tensor_2d_length_u8_row32,tensor_2d_length_g2s_u8_row32_b1408,tensor,1408,tmau_first_use_l2_hot,u8,2,single_test_wait_cold_then_hot_v12,separate_midpoint_values_for_same_map_cold_then_hot_pair,v12,20260804T170903Z__v12__1ee8370596c9,data/h100/cuda-13.3-sm90/single_instruction/completion_latency/tensor__g2s__fresh-map-2d/20260804T170903Z__v12__1ee8370596c9/attempt_shard_00.csv.gz,8.0,3,716,726,721,5,3,8.0,3,434,444,439,5,4,580,5,v12,20260805T063939Z__v12__f15e57c97e78,data/b200/cuda-13.3-sm100/single_instruction/completion_latency/tensor__g2s__fresh-map-2d/20260805T063939Z__v12__f15e57c97e78/attempt_shard_00.csv.gz,21.0,3,842,864,853,11,4,21.0,3,464,488,476,12,4,665,12
g2s,tensor_2d,tensor_2d_length_u8_row32,tensor_2d_length_g2s_u8_row32_b1408,tensor,1408,tmau_prefetched_l2_hot,u8,2,single_test_wait_cold_then_hot_v12,separate_midpoint_values_for_same_map_cold_then_hot_pair,v12,20260804T170903Z__v12__1ee8370596c9,data/h100/cuda-13.3-sm90/single_instruction/completion_latency/tensor__g2s__fresh-map-2d/20260804T170903Z__v12__1ee8370596c9/attempt_shard_01.csv.gz,8.0,4,487,506,497,10,2,8.0,3,435,445,440,5,4,469,10,v12,20260805T063939Z__v12__f15e57c97e78,data/b200/cuda-13.3-sm100/single_instruction/completion_latency/tensor__g2s__fresh-map-2d/20260805T063939Z__v12__f15e57c97e78/attempt_shard_01.csv.gz,21.0,4,570,592,581,11,4,21.0,4,472,496,484,12,4,533,12
g2s,tensor_2d,tensor_2d_length_u8_row32,tensor_2d_length_g2s_u8_row32_b1536,tensor,1536,tmau_first_use_l2_hot,u8,2,single_test_wait_cold_then_hot_v12,separate_midpoint_values_for_same_map_cold_then_hot_pair,v12,20260804T170903Z__v12__1ee8370596c9,data/h100/cuda-13.3-sm90/single_instruction/completion_latency/tensor__g2s__fresh-map-2d/20260804T170903Z__v12__1ee8370596c9/attempt_shard_02.csv.gz,8.0,3,740,750,745,5,2,8.0,3,429,442,436,7,4,591,7,v12,20260805T063939Z__v12__f15e57c97e78,data/b200/cuda-13.3-sm100/single_instruction/completion_latency/tensor__g2s__fresh-map-2d/20260805T063939Z__v12__f15e57c97e78/attempt_shard_02.csv.gz,21.0,3,829,854,842,13,1,21.0,3,464,488,476,12,2,659,13
g2s,tensor_2d,tensor_2d_length_u8_row32,tensor_2d_length_g2s_u8_row32_b1536,tensor,1536,tmau_prefetched_l2_hot,u8,2,single_test_wait_cold_then_hot_v12,separate_midpoint_values_for_same_map_cold_then_hot_pair,v12,20260804T170903Z__v12__1ee8370596c9,data/h100/cuda-13.3-sm90/single_instruction/completion_latency/tensor__g2s__fresh-map-2d/20260804T170903Z__v12__1ee8370596c9/attempt_shard_03.csv.gz,8.0,4,501,513,507,6,0,8.0,3,432,443,438,6,3,473,6,v12,20260805T063939Z__v12__f15e57c97e78,data/b200/cuda-13.3-sm100/single_instruction/completion_latency/tensor__g2s__fresh-map-2d/20260805T063939Z__v12__f15e57c97e78/attempt_shard_03.csv.gz,21.0,4,570,592,581,11,6,21.0,4,466,491,479,13,2,530,13
g2s,tensor_2d,tensor_2d_length_u8_row32,tensor_2d_length_g2s_u8_row32_b1664,tensor,1664,tmau_first_use_l2_hot,u8,2,single_test_wait_cold_then_hot_v12,separate_midpoint_values_for_same_map_cold_then_hot_pair,v12,20260804T170903Z__v12__1ee8370596c9,data/h100/cuda-13.3-sm90/single_instruction/completion_latency/tensor__g2s__fresh-map-2d/20260804T170903Z__v12__1ee8370596c9/attempt_shard_04.csv.gz,8.0,3,748,759,754,6,3,8.0,3,424,437,431,7,3,593,7,v12,20260805T063939Z__v12__f15e57c97e78,data/b200/cuda-13.3-sm100/single_instruction/completion_latency/tensor__g2s__fresh-map-2d/20260805T063939Z__v12__f15e57c97e78/attempt_shard_04.csv.gz,21.0,4,857,879,868,11,7,21.0,3,488,513,501,13,3,685,13
g2s,tensor_2d,tensor_2d_length_u8_row32,tensor_2d_length_g2s_u8_row32_b1664,tensor,1664,tmau_prefetched_l2_hot,u8,2,single_test_wait_cold_then_hot_v12,separate_midpoint_values_for_same_map_cold_then_hot_pair,v12,20260804T170903Z__v12__1ee8370596c9,data/h100/cuda-13.3-sm90/single_instruction/completion_latency/tensor__g2s__fresh-map-2d/20260804T170903Z__v12__1ee8370596c9/attempt_shard_05.csv.gz,8.0,4,487,506,497,10,1,8.0,3,426,440,433,7,2,465,10,v12,20260805T063939Z__v12__f15e57c97e78,data/b200/cuda-13.3-sm100/single_instruction/completion_latency/tensor__g2s__fresh-map-2d/20260805T063939Z__v12__f15e57c97e78/attempt_shard_05.csv.gz,21.0,4,570,592,581,11,4,21.0,4,472,496,484,12,3,533,12
g2s,tensor_2d,tensor_2d_length_u8_row32,tensor_2d_length_g2s_u8_row32_b1792,tensor,1792,tmau_first_use_l2_hot,u8,2,single_test_wait_cold_then_hot_v12,separate_midpoint_values_for_same_map_cold_then_hot_pair,v12,20260804T170903Z__v12__1ee8370596c9,data/h100/cuda-13.3-sm90/single_instruction/completion_latency/tensor__g2s__fresh-map-2d/20260804T170903Z__v12__1ee8370596c9/attempt_shard_06.csv.gz,8.0,3,756,769,763,7,3,8.0,3,436,447,442,6,2,603,7,v12,20260805T063939Z__v12__f15e57c97e78,data/b200/cuda-13.3-sm100/single_instruction/completion_latency/tensor__g2s__fresh-map-2d/20260805T063939Z__v12__f15e57c97e78/attempt_shard_06.csv.gz,21.0,3,850,874,862,12,3,21.0,3,487,509,498,11,4,680,12
g2s,tensor_2d,tensor_2d_length_u8_row32,tensor_2d_length_g2s_u8_row32_b1792,tensor,1792,tmau_prefetched_l2_hot,u8,2,single_test_wait_cold_then_hot_v12,separate_midpoint_values_for_same_map_cold_then_hot_pair,v12,20260804T170903Z__v12__1ee8370596c9,data/h100/cuda-13.3-sm90/single_instruction/completion_latency/tensor__g2s__fresh-map-2d/20260804T170903Z__v12__1ee8370596c9/attempt_shard_07.csv.gz,8.0,4,516,529,523,7,2,8.0,3,437,447,442,5,4,483,7,v12,20260805T063939Z__v12__f15e57c97e78,data/b200/cuda-13.3-sm100/single_instruction/completion_latency/tensor__g2s__fresh-map-2d/20260805T063939Z__v12__f15e57c97e78/attempt_shard_07.csv.gz,21.0,4,575,597,586,11,5,21.0,4,466,491,479,13,5,533,13
g2s,tensor_2d,tensor_2d_length_u8_row32,tensor_2d_length_g2s_u8_row32_b1920,tensor,1920,tmau_first_use_l2_hot,u8,2,single_test_wait_cold_then_hot_v12,separate_midpoint_values_for_same_map_cold_then_hot_pair,v12,20260804T170903Z__v12__1ee8370596c9,data/h100/cuda-13.3-sm90/single_instruction/completion_latency/tensor__g2s__fresh-map-2d/20260804T170903Z__v12__1ee8370596c9/attempt_shard_00.csv.gz,8.0,3,748,759,754,6,1,8.0,3,429,442,436,7,2,595,7,v12,20260805T063939Z__v12__f15e57c97e78,data/b200/cuda-13.3-sm100/single_instruction/completion_latency/tensor__g2s__fresh-map-2d/20260805T063939Z__v12__f15e57c97e78/attempt_shard_00.csv.gz,21.0,4,842,864,853,11,5,21.0,3,498,523,511,13,6,682,13
g2s,tensor_2d,tensor_2d_length_u8_row32,tensor_2d_length_g2s_u8_row32_b1920,tensor,1920,tmau_prefetched_l2_hot,u8,2,single_test_wait_cold_then_hot_v12,separate_midpoint_values_for_same_map_cold_then_hot_pair,v12,20260804T170903Z__v12__1ee8370596c9,data/h100/cuda-13.3-sm90/single_instruction/completion_latency/tensor__g2s__fresh-map-2d/20260804T170903Z__v12__1ee8370596c9/attempt_shard_01.csv.gz,8.0,4,516,529,523,7,1,8.0,3,432,443,438,6,2,481,7,v12,20260805T063939Z__v12__f15e57c97e78,data/b200/cuda-13.3-sm100/single_instruction/completion_latency/tensor__g2s__fresh-map-2d/20260805T063939Z__v12__f15e57c97e78/attempt_shard_01.csv.gz,21.0,4,585,614,600,15,5,21.0,4,490,515,503,13,5,552,15
g2s,tensor_2d,tensor_2d_length_u8_row32,tensor_2d_length_g2s_u8_row32_b2016,tensor,2016,tmau_first_use_l2_hot,u8,2,single_test_wait_cold_then_hot_v12,separate_midpoint_values_for_same_map_cold_then_hot_pair,v12,20260804T170903Z__v12__1ee8370596c9,data/h100/cuda-13.3-sm90/single_instruction/completion_latency/tensor__g2s__fresh-map-2d/20260804T170903Z__v12__1ee8370596c9/attempt_shard_02.csv.gz,8.0,3,756,769,763,7,1,8.0,3,439,448,444,5,2,604,7,v12,20260805T063939Z__v12__f15e57c97e78,data/b200/cuda-13.3-sm100/single_instruction/completion_latency/tensor__g2s__fresh-map-2d/20260805T063939Z__v12__f15e57c97e78/attempt_shard_02.csv.gz,21.0,3,819,846,833,14,6,21.0,3,479,505,492,13,5,663,14
g2s,tensor_2d,tensor_2d_length_u8_row32,tensor_2d_length_g2s_u8_row32_b2016,tensor,2016,tmau_prefetched_l2_hot,u8,2,single_test_wait_cold_then_hot_v12,separate_midpoint_values_for_same_map_cold_then_hot_pair,v12,20260804T170903Z__v12__1ee8370596c9,data/h100/cuda-13.3-sm90/single_instruction/completion_latency/tensor__g2s__fresh-map-2d/20260804T170903Z__v12__1ee8370596c9/attempt_shard_03.csv.gz,8.0,4,506,524,515,9,1,8.0,3,435,445,440,5,2,478,9,v12,20260805T063939Z__v12__f15e57c97e78,data/b200/cuda-13.3-sm100/single_instruction/completion_latency/tensor__g2s__fresh-map-2d/20260805T063939Z__v12__f15e57c97e78/attempt_shard_03.csv.gz,21.0,4,569,591,580,11,4,21.0,4,481,511,496,15,5,538,15
g2s,tensor_2d,tensor_2d_length_u8_row32,tensor_2d_length_g2s_u8_row32_b2048,tensor,2048,tmau_first_use_l2_hot,u8,2,single_test_wait_cold_then_hot_v12,separate_midpoint_values_for_same_map_cold_then_hot_pair,v12,20260804T170903Z__v12__1ee8370596c9,data/h100/cuda-13.3-sm90/single_instruction/completion_latency/tensor__g2s__fresh-map-2d/20260804T170903Z__v12__1ee8370596c9/attempt_shard_04.csv.gz,8.0,3,775,788,782,7,6,8.0,3,440,451,446,6,2,614,7,v12,20260805T063939Z__v12__f15e57c97e78,data/b200/cuda-13.3-sm100/single_instruction/completion_latency/tensor__g2s__fresh-map-2d/20260805T063939Z__v12__f15e57c97e78/attempt_shard_04.csv.gz,21.0,3,866,888,877,11,5,21.0,3,492,515,504,12,1,691,12
g2s,tensor_2d,tensor_2d_length_u8_row32,tensor_2d_length_g2s_u8_row32_b2048,tensor,2048,tmau_prefetched_l2_hot,u8,2,single_test_wait_cold_then_hot_v12,separate_midpoint_values_for_same_map_cold_then_hot_pair,v12,20260804T170903Z__v12__1ee8370596c9,data/h100/cuda-13.3-sm90/single_instruction/completion_latency/tensor__g2s__fresh-map-2d/20260804T170903Z__v12__1ee8370596c9/attempt_shard_05.csv.gz,8.0,4,487,506,497,10,2,8.0,3,440,452,446,6,2,472,10,v12,20260805T063939Z__v12__f15e57c97e78,data/b200/cuda-13.3-sm100/single_instruction/completion_latency/tensor__g2s__fresh-map-2d/20260805T063939Z__v12__f15e57c97e78/attempt_shard_05.csv.gz,21.0,4,594,620,607,13,4,21.0,4,502,526,514,12,1,561,13
g2s,tensor_2d,tensor_2d_length_u8_row32,tensor_2d_length_g2s_u8_row32_b2080,tensor,2080,tmau_first_use_l2_hot,u8,2,single_test_wait_cold_then_hot_v12,separate_midpoint_values_for_same_map_cold_then_hot_pair,v12,20260804T170903Z__v12__1ee8370596c9,data/h100/cuda-13.3-sm90/single_instruction/completion_latency/tensor__g2s__fresh-map-2d/20260804T170903Z__v12__1ee8370596c9/attempt_shard_06.csv.gz,8.0,3,785,796,791,6,3,8.0,3,443,456,450,7,2,621,7,v12,20260805T063939Z__v12__f15e57c97e78,data/b200/cuda-13.3-sm100/single_instruction/completion_latency/tensor__g2s__fresh-map-2d/20260805T063939Z__v12__f15e57c97e78/attempt_shard_06.csv.gz,21.0,4,857,879,868,11,6,21.0,3,511,533,522,11,4,695,11
g2s,tensor_2d,tensor_2d_length_u8_row32,tensor_2d_length_g2s_u8_row32_b2080,tensor,2080,tmau_prefetched_l2_hot,u8,2,single_test_wait_cold_then_hot_v12,separate_midpoint_values_for_same_map_cold_then_hot_pair,v12,20260804T170903Z__v12__1ee8370596c9,data/h100/cuda-13.3-sm90/single_instruction/completion_latency/tensor__g2s__fresh-map-2d/20260804T170903Z__v12__1ee8370596c9/attempt_shard_07.csv.gz,8.0,4,521,530,526,5,3,8.0,3,439,448,444,5,2,485,5,v12,20260805T063939Z__v12__f15e57c97e78,data/b200/cuda-13.3-sm100/single_instruction/completion_latency/tensor__g2s__fresh-map-2d/20260805T063939Z__v12__f15e57c97e78/attempt_shard_07.csv.gz,21.0,4,576,602,589,13,5,21.0,4,481,511,496,15,5,543,15
g2s,tensor_2d,tensor_2d_length_u8_row32,tensor_2d_length_g2s_u8_row32_b2560,tensor,2560,tmau_first_use_l2_hot,u8,2,single_test_wait_cold_then_hot_v12,separate_midpoint_values_for_same_map_cold_then_hot_pair,v12,20260804T170903Z__v12__1ee8370596c9,data/h100/cuda-13.3-sm90/single_instruction/completion_latency/tensor__g2s__fresh-map-2d/20260804T170903Z__v12__1ee8370596c9/attempt_shard_00.csv.gz,8.0,3,788,798,793,5,3,8.0,3,440,451,446,6,2,620,6,v12,20260805T063939Z__v12__f15e57c97e78,data/b200/cuda-13.3-sm100/single_instruction/completion_latency/tensor__g2s__fresh-map-2d/20260805T063939Z__v12__f15e57c97e78/attempt_shard_00.csv.gz,21.0,3,877,902,890,13,2,21.0,3,511,533,522,11,2,706,13
g2s,tensor_2d,tensor_2d_length_u8_row32,tensor_2d_length_g2s_u8_row32_b2560,tensor,2560,tmau_prefetched_l2_hot,u8,2,single_test_wait_cold_then_hot_v12,separate_midpoint_values_for_same_map_cold_then_hot_pair,v12,20260804T170903Z__v12__1ee8370596c9,data/h100/cuda-13.3-sm90/single_instruction/completion_latency/tensor__g2s__fresh-map-2d/20260804T170903Z__v12__1ee8370596c9/attempt_shard_01.csv.gz,8.0,4,516,529,523,7,5,8.0,3,440,452,446,6,1,485,7,v12,20260805T063939Z__v12__f15e57c97e78,data/b200/cuda-13.3-sm100/single_instruction/completion_latency/tensor__g2s__fresh-map-2d/20260805T063939Z__v12__f15e57c97e78/attempt_shard_01.csv.gz,21.0,4,605,630,618,13,6,21.0,4,502,526,514,12,3,566,13
g2s,tensor_2d,tensor_2d_length_u8_row32,tensor_2d_length_g2s_u8_row32_b3072,tensor,3072,tmau_first_use_l2_hot,u8,2,single_test_wait_cold_then_hot_v12,separate_midpoint_values_for_same_map_cold_then_hot_pair,v12,20260804T170903Z__v12__1ee8370596c9,data/h100/cuda-13.3-sm90/single_instruction/completion_latency/tensor__g2s__fresh-map-2d/20260804T170903Z__v12__1ee8370596c9/attempt_shard_02.csv.gz,8.0,3,775,788,782,7,1,8.0,3,482,492,487,5,5,635,7,v12,20260805T063939Z__v12__f15e57c97e78,data/b200/cuda-13.3-sm100/single_instruction/completion_latency/tensor__g2s__fresh-map-2d/20260805T063939Z__v12__f15e57c97e78/attempt_shard_02.csv.gz,21.0,3,877,902,890,13,3,21.0,3,516,539,528,12,6,709,13
g2s,tensor_2d,tensor_2d_length_u8_row32,tensor_2d_length_g2s_u8_row32_b3072,tensor,3072,tmau_prefetched_l2_hot,u8,2,single_test_wait_cold_then_hot_v12,separate_midpoint_values_for_same_map_cold_then_hot_pair,v12,20260804T170903Z__v12__1ee8370596c9,data/h100/cuda-13.3-sm90/single_instruction/completion_latency/tensor__g2s__fresh-map-2d/20260804T170903Z__v12__1ee8370596c9/attempt_shard_03.csv.gz,8.0,4,553,566,560,7,5,8.0,3,487,500,494,7,5,527,7,v12,20260805T063939Z__v12__f15e57c97e78,data/b200/cuda-13.3-sm100/single_instruction/completion_latency/tensor__g2s__fresh-map-2d/20260805T063939Z__v12__f15e57c97e78/attempt_shard_03.csv.gz,21.0,4,605,630,618,13,4,21.0,4,518,539,529,11,2,574,13
g2s,tensor_2d,tensor_2d_length_u8_row32,tensor_2d_length_g2s_u8_row32_b3584,tensor,3584,tmau_first_use_l2_hot,u8,2,single_test_wait_cold_then_hot_v12,separate_midpoint_values_for_same_map_cold_then_hot_pair,v12,20260804T170903Z__v12__1ee8370596c9,data/h100/cuda-13.3-sm90/single_instruction/completion_latency/tensor__g2s__fresh-map-2d/20260804T170903Z__v12__1ee8370596c9/attempt_shard_04.csv.gz,8.0,3,790,803,797,7,3,8.0,3,503,514,509,6,4,653,7,v12,20260805T063939Z__v12__f15e57c97e78,data/b200/cuda-13.3-sm100/single_instruction/completion_latency/tensor__g2s__fresh-map-2d/20260805T063939Z__v12__f15e57c97e78/attempt_shard_04.csv.gz,21.0,4,881,903,892,11,4,21.0,3,546,571,559,13,5,726,13
g2s,tensor_2d,tensor_2d_length_u8_row32,tensor_2d_length_g2s_u8_row32_b3584,tensor,3584,tmau_prefetched_l2_hot,u8,2,single_test_wait_cold_then_hot_v12,separate_midpoint_values_for_same_map_cold_then_hot_pair,v12,20260804T170903Z__v12__1ee8370596c9,data/h100/cuda-13.3-sm90/single_instruction/completion_latency/tensor__g2s__fresh-map-2d/20260804T170903Z__v12__1ee8370596c9/attempt_shard_05.csv.gz,8.0,4,570,581,576,6,2,8.0,3,479,488,484,5,5,530,6,v12,20260805T063939Z__v12__f15e57c97e78,data/b200/cuda-13.3-sm100/single_instruction/completion_latency/tensor__g2s__fresh-map-2d/20260805T063939Z__v12__f15e57c97e78/attempt_shard_05.csv.gz,21.0,4,642,668,655,13,4,21.0,4,527,553,540,13,2,598,13
g2s,tensor_2d,tensor_2d_length_u8_row32,tensor_2d_length_g2s_u8_row32_b4064,tensor,4064,tmau_first_use_l2_hot,u8,2,single_test_wait_cold_then_hot_v12,separate_midpoint_values_for_same_map_cold_then_hot_pair,v12,20260804T170903Z__v12__1ee8370596c9,data/h100/cuda-13.3-sm90/single_instruction/completion_latency/tensor__g2s__fresh-map-2d/20260804T170903Z__v12__1ee8370596c9/attempt_shard_06.csv.gz,8.0,3,838,851,845,7,5,8.0,3,496,511,504,8,2,675,8,v12,20260805T063939Z__v12__f15e57c97e78,data/b200/cuda-13.3-sm100/single_instruction/completion_latency/tensor__g2s__fresh-map-2d/20260805T063939Z__v12__f15e57c97e78/attempt_shard_06.csv.gz,21.0,3,925,946,936,11,4,21.0,3,536,561,549,13,6,743,13
g2s,tensor_2d,tensor_2d_length_u8_row32,tensor_2d_length_g2s_u8_row32_b4064,tensor,4064,tmau_prefetched_l2_hot,u8,2,single_test_wait_cold_then_hot_v12,separate_midpoint_values_for_same_map_cold_then_hot_pair,v12,20260804T170903Z__v12__1ee8370596c9,data/h100/cuda-13.3-sm90/single_instruction/completion_latency/tensor__g2s__fresh-map-2d/20260804T170903Z__v12__1ee8370596c9/attempt_shard_07.csv.gz,8.0,4,588,601,595,7,1,8.0,3,503,512,508,5,3,552,7,v12,20260805T063939Z__v12__f15e57c97e78,data/b200/cuda-13.3-sm100/single_instruction/completion_latency/tensor__g2s__fresh-map-2d/20260805T063939Z__v12__f15e57c97e78/attempt_shard_07.csv.gz,21.0,4,642,668,655,13,4,21.0,4,551,576,564,13,5,610,13
g2s,tensor_2d,tensor_2d_length_u8_row32,tensor_2d_length_g2s_u8_row32_b4096,tensor,4096,tmau_first_use_l2_hot,u8,2,single_test_wait_cold_then_hot_v12,separate_midpoint_values_for_same_map_cold_then_hot_pair,v12,20260804T170903Z__v12__1ee8370596c9,data/h100/cuda-13.3-sm90/single_instruction/completion_latency/tensor__g2s__fresh-map-2d/20260804T170903Z__v12__1ee8370596c9/attempt_shard_00.csv.gz,8.0,3,812,822,817,5,5,8.0,3,496,511,504,8,3,661,8,v12,20260805T063939Z__v12__f15e57c97e78,data/b200/cuda-13.3-sm100/single_instruction/completion_latency/tensor__g2s__fresh-map-2d/20260805T063939Z__v12__f15e57c97e78/attempt_shard_00.csv.gz,21.0,3,914,936,925,11,5,21.0,3,542,564,553,11,5,739,11
g2s,tensor_2d,tensor_2d_length_u8_row32,tensor_2d_length_g2s_u8_row32_b4096,tensor,4096,tmau_prefetched_l2_hot,u8,2,single_test_wait_cold_then_hot_v12,separate_midpoint_values_for_same_map_cold_then_hot_pair,v12,20260804T170903Z__v12__1ee8370596c9,data/h100/cuda-13.3-sm90/single_instruction/completion_latency/tensor__g2s__fresh-map-2d/20260804T170903Z__v12__1ee8370596c9/attempt_shard_01.csv.gz,8.0,4,588,601,595,7,4,8.0,3,503,512,508,5,1,552,7,v12,20260805T063939Z__v12__f15e57c97e78,data/b200/cuda-13.3-sm100/single_instruction/completion_latency/tensor__g2s__fresh-map-2d/20260805T063939Z__v12__f15e57c97e78/attempt_shard_01.csv.gz,21.0,4,629,654,642,13,3,21.0,4,538,563,551,13,2,597,13
g2s,tensor_2d,tensor_2d_length_u8_row32,tensor_2d_length_g2s_u8_row32_b4128,tensor,4128,tmau_first_use_l2_hot,u8,2,single_test_wait_cold_then_hot_v12,separate_midpoint_values_for_same_map_cold_then_hot_pair,v12,20260804T170903Z__v12__1ee8370596c9,data/h100/cuda-13.3-sm90/single_instruction/completion_latency/tensor__g2s__fresh-map-2d/20260804T170903Z__v12__1ee8370596c9/attempt_shard_02.csv.gz,8.0,3,844,855,850,6,5,8.0,3,508,520,514,6,3,682,6,v12,20260805T063939Z__v12__f15e57c97e78,data/b200/cuda-13.3-sm100/single_instruction/completion_latency/tensor__g2s__fresh-map-2d/20260805T063939Z__v12__f15e57c97e78/attempt_shard_02.csv.gz,21.0,4,925,947,936,11,3,21.0,3,570,595,583,13,4,760,13
g2s,tensor_2d,tensor_2d_length_u8_row32,tensor_2d_length_g2s_u8_row32_b4128,tensor,4128,tmau_prefetched_l2_hot,u8,2,single_test_wait_cold_then_hot_v12,separate_midpoint_values_for_same_map_cold_then_hot_pair,v12,20260804T170903Z__v12__1ee8370596c9,data/h100/cuda-13.3-sm90/single_instruction/completion_latency/tensor__g2s__fresh-map-2d/20260804T170903Z__v12__1ee8370596c9/attempt_shard_03.csv.gz,8.0,4,582,595,589,7,2,8.0,3,507,517,512,5,3,551,7,v12,20260805T063939Z__v12__f15e57c97e78,data/b200/cuda-13.3-sm100/single_instruction/completion_latency/tensor__g2s__fresh-map-2d/20260805T063939Z__v12__f15e57c97e78/attempt_shard_03.csv.gz,21.0,4,666,692,679,13,4,21.0,4,581,607,594,13,7,637,13
g2s,tensor_2d,tensor_2d_length_u8_row32,tensor_2d_length_g2s_u8_row32_b4608,tensor,4608,tmau_first_use_l2_hot,u8,2,single_test_wait_cold_then_hot_v12,separate_midpoint_values_for_same_map_cold_then_hot_pair,v12,20260804T170903Z__v12__1ee8370596c9,data/h100/cuda-13.3-sm90/single_instruction/completion_latency/tensor__g2s__fresh-map-2d/20260804T170903Z__v12__1ee8370596c9/attempt_shard_04.csv.gz,8.0,3,833,844,839,6,1,8.0,3,512,521,517,5,2,678,6,v12,20260805T063939Z__v12__f15e57c97e78,data/b200/cuda-13.3-sm100/single_instruction/completion_latency/tensor__g2s__fresh-map-2d/20260805T063939Z__v12__f15e57c97e78/attempt_shard_04.csv.gz,21.0,3,922,946,934,12,5,21.0,3,567,591,579,12,4,757,12
g2s,tensor_2d,tensor_2d_length_u8_row32,tensor_2d_length_g2s_u8_row32_b4608,tensor,4608,tmau_prefetched_l2_hot,u8,2,single_test_wait_cold_then_hot_v12,separate_midpoint_values_for_same_map_cold_then_hot_pair,v12,20260804T170903Z__v12__1ee8370596c9,data/h100/cuda-13.3-sm90/single_instruction/completion_latency/tensor__g2s__fresh-map-2d/20260804T170903Z__v12__1ee8370596c9/attempt_shard_05.csv.gz,8.0,4,582,595,589,7,1,8.0,3,511,524,518,7,4,554,7,v12,20260805T063939Z__v12__f15e57c97e78,data/b200/cuda-13.3-sm100/single_instruction/completion_latency/tensor__g2s__fresh-map-2d/20260805T063939Z__v12__f15e57c97e78/attempt_shard_05.csv.gz,21.0,4,657,678,668,11,3,21.0,4,556,578,567,11,3,618,11
g2s,tensor_2d,tensor_2d_length_u8_row32,tensor_2d_length_g2s_u8_row32_b5120,tensor,5120,tmau_first_use_l2_hot,u8,2,single_test_wait_cold_then_hot_v12,separate_midpoint_values_for_same_map_cold_then_hot_pair,v12,20260804T170903Z__v12__1ee8370596c9,data/h100/cuda-13.3-sm90/single_instruction/completion_latency/tensor__g2s__fresh-map-2d/20260804T170903Z__v12__1ee8370596c9/attempt_shard_06.csv.gz,8.0,3,836,846,841,5,4,8.0,3,532,540,536,4,3,689,5,v12,20260805T063939Z__v12__f15e57c97e78,data/b200/cuda-13.3-sm100/single_instruction/completion_latency/tensor__g2s__fresh-map-2d/20260805T063939Z__v12__f15e57c97e78/attempt_shard_06.csv.gz,21.0,3,946,970,958,12,2,21.0,3,575,604,590,15,3,774,15
g2s,tensor_2d,tensor_2d_length_u8_row32,tensor_2d_length_g2s_u8_row32_b5120,tensor,5120,tmau_prefetched_l2_hot,u8,2,single_test_wait_cold_then_hot_v12,separate_midpoint_values_for_same_map_cold_then_hot_pair,v12,20260804T170903Z__v12__1ee8370596c9,data/h100/cuda-13.3-sm90/single_instruction/completion_latency/tensor__g2s__fresh-map-2d/20260804T170903Z__v12__1ee8370596c9/attempt_shard_07.csv.gz,8.0,4,611,620,616,5,3,8.0,3,533,543,538,5,4,577,5,v12,20260805T063939Z__v12__f15e57c97e78,data/b200/cuda-13.3-sm100/single_instruction/completion_latency/tensor__g2s__fresh-map-2d/20260805T063939Z__v12__f15e57c97e78/attempt_shard_07.csv.gz,21.0,4,705,726,716,11,5,21.0,4,590,619,605,15,5,661,15
g2s,tensor_2d,tensor_2d_length_u8_row32,tensor_2d_length_g2s_u8_row32_b5632,tensor,5632,tmau_first_use_l2_hot,u8,2,single_test_wait_cold_then_hot_v12,separate_midpoint_values_for_same_map_cold_then_hot_pair,v12,20260804T170903Z__v12__1ee8370596c9,data/h100/cuda-13.3-sm90/single_instruction/completion_latency/tensor__g2s__fresh-map-2d/20260804T170903Z__v12__1ee8370596c9/attempt_shard_00.csv.gz,8.0,3,852,865,859,7,4,8.0,3,551,562,557,6,2,708,7,v12,20260805T063939Z__v12__f15e57c97e78,data/b200/cuda-13.3-sm100/single_instruction/completion_latency/tensor__g2s__fresh-map-2d/20260805T063939Z__v12__f15e57c97e78/attempt_shard_00.csv.gz,21.0,4,963,990,977,14,4,21.0,3,590,612,601,11,3,789,14
g2s,tensor_2d,tensor_2d_length_u8_row32,tensor_2d_length_g2s_u8_row32_b5632,tensor,5632,tmau_prefetched_l2_hot,u8,2,single_test_wait_cold_then_hot_v12,separate_midpoint_values_for_same_map_cold_then_hot_pair,v12,20260804T170903Z__v12__1ee8370596c9,data/h100/cuda-13.3-sm90/single_instruction/completion_latency/tensor__g2s__fresh-map-2d/20260804T170903Z__v12__1ee8370596c9/attempt_shard_01.csv.gz,8.0,4,621,633,627,6,3,8.0,3,555,565,560,5,4,594,6,v12,20260805T063939Z__v12__f15e57c97e78,data/b200/cuda-13.3-sm100/single_instruction/completion_latency/tensor__g2s__fresh-map-2d/20260805T063939Z__v12__f15e57c97e78/attempt_shard_01.csv.gz,21.0,4,672,698,685,13,2,21.0,4,581,607,594,13,4,640,13
g2s,tensor_2d,tensor_2d_length_u8_row32,tensor_2d_length_g2s_u8_row32_b6144,tensor,6144,tmau_first_use_l2_hot,u8,2,single_test_wait_cold_then_hot_v12,separate_midpoint_values_for_same_map_cold_then_hot_pair,v12,20260804T170903Z__v12__1ee8370596c9,data/h100/cuda-13.3-sm90/single_instruction/completion_latency/tensor__g2s__fresh-map-2d/20260804T170903Z__v12__1ee8370596c9/attempt_shard_02.csv.gz,8.0,3,881,892,887,6,3,8.0,3,565,578,572,7,3,730,7,v12,20260805T063939Z__v12__f15e57c97e78,data/b200/cuda-13.3-sm100/single_instruction/completion_latency/tensor__g2s__fresh-map-2d/20260805T063939Z__v12__f15e57c97e78/attempt_shard_02.csv.gz,21.0,4,963,990,977,14,5,21.0,3,618,643,631,13,2,804,14
g2s,tensor_2d,tensor_2d_length_u8_row32,tensor_2d_length_g2s_u8_row32_b6144,tensor,6144,tmau_prefetched_l2_hot,u8,2,single_test_wait_cold_then_hot_v12,separate_midpoint_values_for_same_map_cold_then_hot_pair,v12,20260804T170903Z__v12__1ee8370596c9,data/h100/cuda-13.3-sm90/single_instruction/completion_latency/tensor__g2s__fresh-map-2d/20260804T170903Z__v12__1ee8370596c9/attempt_shard_03.csv.gz,8.0,4,641,650,646,5,0,8.0,3,564,577,571,7,3,609,7,v12,20260805T063939Z__v12__f15e57c97e78,data/b200/cuda-13.3-sm100/single_instruction/completion_latency/tensor__g2s__fresh-map-2d/20260805T063939Z__v12__f15e57c97e78/attempt_shard_03.csv.gz,21.0,4,696,722,709,13,3,21.0,4,599,624,612,13,6,661,13
g2s,tensor_2d,tensor_2d_length_u8_row32,tensor_2d_length_g2s_u8_row32_b6656,tensor,6656,tmau_first_use_l2_hot,u8,2,single_test_wait_cold_then_hot_v12,separate_midpoint_values_for_same_map_cold_then_hot_pair,v12,20260804T170903Z__v12__1ee8370596c9,data/h100/cuda-13.3-sm90/single_instruction/completion_latency/tensor__g2s__fresh-map-2d/20260804T170903Z__v12__1ee8370596c9/attempt_shard_04.csv.gz,8.0,3,884,894,889,5,3,8.0,3,604,614,609,5,4,749,5,v12,20260805T063939Z__v12__f15e57c97e78,data/b200/cuda-13.3-sm100/single_instruction/completion_latency/tensor__g2s__fresh-map-2d/20260805T063939Z__v12__f15e57c97e78/attempt_shard_04.csv.gz,21.0,3,977,999,988,11,4,21.0,3,642,667,655,13,5,822,13
g2s,tensor_2d,tensor_2d_length_u8_row32,tensor_2d_length_g2s_u8_row32_b6656,tensor,6656,tmau_prefetched_l2_hot,u8,2,single_test_wait_cold_then_hot_v12,separate_midpoint_values_for_same_map_cold_then_hot_pair,v12,20260804T170903Z__v12__1ee8370596c9,data/h100/cuda-13.3-sm90/single_instruction/completion_latency/tensor__g2s__fresh-map-2d/20260804T170903Z__v12__1ee8370596c9/attempt_shard_05.csv.gz,8.0,4,660,673,667,7,2,8.0,3,603,613,608,5,3,638,7,v12,20260805T063939Z__v12__f15e57c97e78,data/b200/cuda-13.3-sm100/single_instruction/completion_latency/tensor__g2s__fresh-map-2d/20260805T063939Z__v12__f15e57c97e78/attempt_shard_05.csv.gz,21.0,4,744,770,757,13,3,21.0,4,647,672,660,13,4,709,13
g2s,tensor_2d,tensor_2d_length_u8_row32,tensor_2d_length_g2s_u8_row32_b7168,tensor,7168,tmau_first_use_l2_hot,u8,2,single_test_wait_cold_then_hot_v12,separate_midpoint_values_for_same_map_cold_then_hot_pair,v12,20260804T170903Z__v12__1ee8370596c9,data/h100/cuda-13.3-sm90/single_instruction/completion_latency/tensor__g2s__fresh-map-2d/20260804T170903Z__v12__1ee8370596c9/attempt_shard_06.csv.gz,8.0,3,921,932,927,6,4,8.0,3,602,612,607,5,3,767,6,v12,20260805T063939Z__v12__f15e57c97e78,data/b200/cuda-13.3-sm100/single_instruction/completion_latency/tensor__g2s__fresh-map-2d/20260805T063939Z__v12__f15e57c97e78/attempt_shard_06.csv.gz,21.0,3,1011,1038,1025,14,3,21.0,3,663,687,675,12,5,850,14
g2s,tensor_2d,tensor_2d_length_u8_row32,tensor_2d_length_g2s_u8_row32_b7168,tensor,7168,tmau_prefetched_l2_hot,u8,2,single_test_wait_cold_then_hot_v12,separate_midpoint_values_for_same_map_cold_then_hot_pair,v12,20260804T170903Z__v12__1ee8370596c9,data/h100/cuda-13.3-sm90/single_instruction/completion_latency/tensor__g2s__fresh-map-2d/20260804T170903Z__v12__1ee8370596c9/attempt_shard_07.csv.gz,8.0,4,666,677,672,6,2,8.0,3,603,613,608,5,4,640,6,v12,20260805T063939Z__v12__f15e57c97e78,data/b200/cuda-13.3-sm100/single_instruction/completion_latency/tensor__g2s__fresh-map-2d/20260805T063939Z__v12__f15e57c97e78/attempt_shard_07.csv.gz,21.0,4,738,764,751,13,2,21.0,4,647,672,660,13,3,706,13
g2s,tensor_2d,tensor_2d_length_u8_row32,tensor_2d_length_g2s_u8_row32_b7680,tensor,7680,tmau_first_use_l2_hot,u8,2,single_test_wait_cold_then_hot_v12,separate_midpoint_values_for_same_map_cold_then_hot_pair,v12,20260804T170903Z__v12__1ee8370596c9,data/h100/cuda-13.3-sm90/single_instruction/completion_latency/tensor__g2s__fresh-map-2d/20260804T170903Z__v12__1ee8370596c9/attempt_shard_00.csv.gz,8.0,3,921,932,927,6,4,8.0,3,618,631,625,7,2,776,7,v12,20260805T063939Z__v12__f15e57c97e78,data/b200/cuda-13.3-sm100/single_instruction/completion_latency/tensor__g2s__fresh-map-2d/20260805T063939Z__v12__f15e57c97e78/attempt_shard_00.csv.gz,21.0,4,1042,1066,1054,12,4,21.0,3,666,691,679,13,3,867,13
g2s,tensor_2d,tensor_2d_length_u8_row32,tensor_2d_length_g2s_u8_row32_b7680,tensor,7680,tmau_prefetched_l2_hot,u8,2,single_test_wait_cold_then_hot_v12,separate_midpoint_values_for_same_map_cold_then_hot_pair,v12,20260804T170903Z__v12__1ee8370596c9,data/h100/cuda-13.3-sm90/single_instruction/completion_latency/tensor__g2s__fresh-map-2d/20260804T170903Z__v12__1ee8370596c9/attempt_shard_01.csv.gz,8.0,4,693,705,699,6,1,8.0,3,618,631,625,7,2,662,7,v12,20260805T063939Z__v12__f15e57c97e78,data/b200/cuda-13.3-sm100/single_instruction/completion_latency/tensor__g2s__fresh-map-2d/20260805T063939Z__v12__f15e57c97e78/attempt_shard_01.csv.gz,21.0,4,753,782,768,15,3,21.0,4,662,691,677,15,2,723,15
g2s,tensor_2d,tensor_2d_length_u8_row32,tensor_2d_length_g2s_u8_row32_b8160,tensor,8160,tmau_first_use_l2_hot,u8,2,single_test_wait_cold_then_hot_v12,separate_midpoint_values_for_same_map_cold_then_hot_pair,v12,20260804T170903Z__v12__1ee8370596c9,data/h100/cuda-13.3-sm90/single_instruction/completion_latency/tensor__g2s__fresh-map-2d/20260804T170903Z__v12__1ee8370596c9/attempt_shard_02.csv.gz,8.0,3,948,961,955,7,2,8.0,3,637,650,644,7,2,800,7,v12,20260805T063939Z__v12__f15e57c97e78,data/b200/cuda-13.3-sm100/single_instruction/completion_latency/tensor__g2s__fresh-map-2d/20260805T063939Z__v12__f15e57c97e78/attempt_shard_02.csv.gz,21.0,3,1042,1066,1054,12,3,21.0,3,670,692,681,11,4,868,12
g2s,tensor_2d,tensor_2d_length_u8_row32,tensor_2d_length_g2s_u8_row32_b8160,tensor,8160,tmau_prefetched_l2_hot,u8,2,single_test_wait_cold_then_hot_v12,separate_midpoint_values_for_same_map_cold_then_hot_pair,v12,20260804T170903Z__v12__1ee8370596c9,data/h100/cuda-13.3-sm90/single_instruction/completion_latency/tensor__g2s__fresh-map-2d/20260804T170903Z__v12__1ee8370596c9/attempt_shard_03.csv.gz,8.0,4,708,721,715,7,0,8.0,3,641,650,646,5,2,681,7,v12,20260805T063939Z__v12__f15e57c97e78,data/b200/cuda-13.3-sm100/single_instruction/completion_latency/tensor__g2s__fresh-map-2d/20260805T063939Z__v12__f15e57c97e78/attempt_shard_03.csv.gz,21.0,4,773,798,786,13,3,21.0,4,686,715,701,15,4,744,15
g2s,tensor_2d,tensor_2d_length_u8_row32,tensor_2d_length_g2s_u8_row32_b8192,tensor,8192,tmau_first_use_l2_hot,u8,2,single_test_wait_cold_then_hot_v12,separate_midpoint_values_for_same_map_cold_then_hot_pair,v12,20260804T170903Z__v12__1ee8370596c9,data/h100/cuda-13.3-sm90/single_instruction/completion_latency/tensor__g2s__fresh-map-2d/20260804T170903Z__v12__1ee8370596c9/attempt_shard_04.csv.gz,8.0,3,948,961,955,7,3,8.0,3,633,642,638,5,2,797,7,v12,20260805T063939Z__v12__f15e57c97e78,data/b200/cuda-13.3-sm100/single_instruction/completion_latency/tensor__g2s__fresh-map-2d/20260805T063939Z__v12__f15e57c97e78/attempt_shard_04.csv.gz,21.0,3,1041,1063,1052,11,3,21.0,3,671,700,686,15,4,869,15
g2s,tensor_2d,tensor_2d_length_u8_row32,tensor_2d_length_g2s_u8_row32_b8192,tensor,8192,tmau_prefetched_l2_hot,u8,2,single_test_wait_cold_then_hot_v12,separate_midpoint_values_for_same_map_cold_then_hot_pair,v12,20260804T170903Z__v12__1ee8370596c9,data/h100/cuda-13.3-sm90/single_instruction/completion_latency/tensor__g2s__fresh-map-2d/20260804T170903Z__v12__1ee8370596c9/attempt_shard_05.csv.gz,8.0,4,714,725,720,6,4,8.0,3,624,635,630,6,3,675,6,v12,20260805T063939Z__v12__f15e57c97e78,data/b200/cuda-13.3-sm100/single_instruction/completion_latency/tensor__g2s__fresh-map-2d/20260805T063939Z__v12__f15e57c97e78/attempt_shard_05.csv.gz,21.0,4,777,806,792,15,4,21.0,4,686,715,701,15,3,747,15
g2s,tensor_2d,tensor_2d_length_u8_row64,tensor_2d_length_g2s_u8_row64_b8128,tensor,8128,tmau_first_use_l2_hot,u8,2,single_test_wait_cold_then_hot_v12,separate_midpoint_values_for_same_map_cold_then_hot_pair,v12,20260804T170903Z__v12__1ee8370596c9,data/h100/cuda-13.3-sm90/single_instruction/completion_latency/tensor__g2s__fresh-map-2d/20260804T170903Z__v12__1ee8370596c9/attempt_shard_06.csv.gz,8.0,3,820,831,826,6,4,8.0,3,508,520,514,6,2,670,6,v12,20260805T063939Z__v12__f15e57c97e78,data/b200/cuda-13.3-sm100/single_instruction/completion_latency/tensor__g2s__fresh-map-2d/20260805T063939Z__v12__f15e57c97e78/attempt_shard_06.csv.gz,21.0,3,915,942,929,14,3,21.0,3,574,596,585,11,3,757,14
g2s,tensor_2d,tensor_2d_length_u8_row64,tensor_2d_length_g2s_u8_row64_b8128,tensor,8128,tmau_prefetched_l2_hot,u8,2,single_test_wait_cold_then_hot_v12,separate_midpoint_values_for_same_map_cold_then_hot_pair,v12,20260804T170903Z__v12__1ee8370596c9,data/h100/cuda-13.3-sm90/single_instruction/completion_latency/tensor__g2s__fresh-map-2d/20260804T170903Z__v12__1ee8370596c9/attempt_shard_07.csv.gz,8.0,4,593,602,598,5,3,8.0,3,509,519,514,5,2,556,5,v12,20260805T063939Z__v12__f15e57c97e78,data/b200/cuda-13.3-sm100/single_instruction/completion_latency/tensor__g2s__fresh-map-2d/20260805T063939Z__v12__f15e57c97e78/attempt_shard_07.csv.gz,21.0,4,642,668,655,13,4,21.0,4,555,577,566,11,4,611,13
g2s,tensor_2d,tensor_2d_length_u8_row64,tensor_2d_length_g2s_u8_row64_b8192,tensor,8192,tmau_first_use_l2_hot,u8,2,single_test_wait_cold_then_hot_v12,separate_midpoint_values_for_same_map_cold_then_hot_pair,v12,20260804T170903Z__v12__1ee8370596c9,data/h100/cuda-13.3-sm90/single_instruction/completion_latency/tensor__g2s__fresh-map-2d/20260804T170903Z__v12__1ee8370596c9/attempt_shard_00.csv.gz,8.0,3,843,852,848,5,4,8.0,3,491,504,498,7,2,673,7,v12,20260805T063939Z__v12__f15e57c97e78,data/b200/cuda-13.3-sm100/single_instruction/completion_latency/tensor__g2s__fresh-map-2d/20260805T063939Z__v12__f15e57c97e78/attempt_shard_00.csv.gz,21.0,3,915,942,929,14,5,21.0,3,570,596,583,13,3,756,14
g2s,tensor_2d,tensor_2d_length_u8_row64,tensor_2d_length_g2s_u8_row64_b8192,tensor,8192,tmau_prefetched_l2_hot,u8,2,single_test_wait_cold_then_hot_v12,separate_midpoint_values_for_same_map_cold_then_hot_pair,v12,20260804T170903Z__v12__1ee8370596c9,data/h100/cuda-13.3-sm90/single_instruction/completion_latency/tensor__g2s__fresh-map-2d/20260804T170903Z__v12__1ee8370596c9/attempt_shard_01.csv.gz,8.0,4,588,601,595,7,3,8.0,3,516,529,523,7,3,559,7,v12,20260805T063939Z__v12__f15e57c97e78,data/b200/cuda-13.3-sm100/single_instruction/completion_latency/tensor__g2s__fresh-map-2d/20260805T063939Z__v12__f15e57c97e78/attempt_shard_01.csv.gz,21.0,4,641,663,652,11,3,21.0,4,550,572,561,11,4,607,11
g2s,tensor_2d,tensor_2d_length_u8_row64,tensor_2d_length_g2s_u8_row64_b8256,tensor,8256,tmau_first_use_l2_hot,u8,2,single_test_wait_cold_then_hot_v12,separate_midpoint_values_for_same_map_cold_then_hot_pair,v12,20260804T170903Z__v12__1ee8370596c9,data/h100/cuda-13.3-sm90/single_instruction/completion_latency/tensor__g2s__fresh-map-2d/20260804T170903Z__v12__1ee8370596c9/attempt_shard_02.csv.gz,8.0,3,843,852,848,5,2,8.0,3,530,540,535,5,2,692,5,v12,20260805T063939Z__v12__f15e57c97e78,data/b200/cuda-13.3-sm100/single_instruction/completion_latency/tensor__g2s__fresh-map-2d/20260805T063939Z__v12__f15e57c97e78/attempt_shard_02.csv.gz,21.0,3,926,950,938,12,3,21.0,3,583,605,594,11,2,766,12
g2s,tensor_2d,tensor_2d_length_u8_row64,tensor_2d_length_g2s_u8_row64_b8256,tensor,8256,tmau_prefetched_l2_hot,u8,2,single_test_wait_cold_then_hot_v12,separate_midpoint_values_for_same_map_cold_then_hot_pair,v12,20260804T170903Z__v12__1ee8370596c9,data/h100/cuda-13.3-sm90/single_instruction/completion_latency/tensor__g2s__fresh-map-2d/20260804T170903Z__v12__1ee8370596c9/attempt_shard_03.csv.gz,8.0,4,606,619,613,7,5,8.0,3,527,536,532,5,2,573,7,v12,20260805T063939Z__v12__f15e57c97e78,data/b200/cuda-13.3-sm100/single_instruction/completion_latency/tensor__g2s__fresh-map-2d/20260805T063939Z__v12__f15e57c97e78/attempt_shard_03.csv.gz,21.0,4,671,693,682,11,6,21.0,4,574,596,585,11,5,634,11
g2s,tensor_2d,tensor_2d_length_u8_row64,tensor_2d_length_g2s_u8_row64_b8704,tensor,8704,tmau_first_use_l2_hot,u8,2,single_test_wait_cold_then_hot_v12,separate_midpoint_values_for_same_map_cold_then_hot_pair,v12,20260804T170903Z__v12__1ee8370596c9,data/h100/cuda-13.3-sm90/single_instruction/completion_latency/tensor__g2s__fresh-map-2d/20260804T170903Z__v12__1ee8370596c9/attempt_shard_04.csv.gz,8.0,3,836,846,841,5,1,8.0,3,522,535,529,7,2,685,7,v12,20260805T063939Z__v12__f15e57c97e78,data/b200/cuda-13.3-sm100/single_instruction/completion_latency/tensor__g2s__fresh-map-2d/20260805T063939Z__v12__f15e57c97e78/attempt_shard_04.csv.gz,21.0,4,926,950,938,12,3,21.0,3,583,605,594,11,3,766,12
g2s,tensor_2d,tensor_2d_length_u8_row64,tensor_2d_length_g2s_u8_row64_b8704,tensor,8704,tmau_prefetched_l2_hot,u8,2,single_test_wait_cold_then_hot_v12,separate_midpoint_values_for_same_map_cold_then_hot_pair,v12,20260804T170903Z__v12__1ee8370596c9,data/h100/cuda-13.3-sm90/single_instruction/completion_latency/tensor__g2s__fresh-map-2d/20260804T170903Z__v12__1ee8370596c9/attempt_shard_05.csv.gz,8.0,4,588,601,595,7,1,8.0,3,511,524,518,7,2,557,7,v12,20260805T063939Z__v12__f15e57c97e78,data/b200/cuda-13.3-sm100/single_instruction/completion_latency/tensor__g2s__fresh-map-2d/20260805T063939Z__v12__f15e57c97e78/attempt_shard_05.csv.gz,21.0,4,657,678,668,11,3,21.0,4,566,587,577,11,4,623,11
g2s,tensor_2d,tensor_2d_length_u8_row64,tensor_2d_length_g2s_u8_row64_b9216,tensor,9216,tmau_first_use_l2_hot,u8,2,single_test_wait_cold_then_hot_v12,separate_midpoint_values_for_same_map_cold_then_hot_pair,v12,20260804T170903Z__v12__1ee8370596c9,data/h100/cuda-13.3-sm90/single_instruction/completion_latency/tensor__g2s__fresh-map-2d/20260804T170903Z__v12__1ee8370596c9/attempt_shard_06.csv.gz,8.0,3,838,851,845,7,1,8.0,3,515,530,523,8,1,684,8,v12,20260805T063939Z__v12__f15e57c97e78,data/b200/cuda-13.3-sm100/single_instruction/completion_latency/tensor__g2s__fresh-map-2d/20260805T063939Z__v12__f15e57c97e78/attempt_shard_06.csv.gz,21.0,3,929,951,940,11,3,21.0,3,583,605,594,11,4,767,11
g2s,tensor_2d,tensor_2d_length_u8_row64,tensor_2d_length_g2s_u8_row64_b9216,tensor,9216,tmau_prefetched_l2_hot,u8,2,single_test_wait_cold_then_hot_v12,separate_midpoint_values_for_same_map_cold_then_hot_pair,v12,20260804T170903Z__v12__1ee8370596c9,data/h100/cuda-13.3-sm90/single_instruction/completion_latency/tensor__g2s__fresh-map-2d/20260804T170903Z__v12__1ee8370596c9/attempt_shard_07.csv.gz,8.0,4,601,609,605,4,1,8.0,3,521,530,526,5,1,566,5,v12,20260805T063939Z__v12__f15e57c97e78,data/b200/cuda-13.3-sm100/single_instruction/completion_latency/tensor__g2s__fresh-map-2d/20260805T063939Z__v12__f15e57c97e78/attempt_shard_07.csv.gz,21.0,4,671,693,682,11,1,21.0,4,580,602,591,11,2,637,11
g2s,tensor_2d,tensor_2d_length_u8_row64,tensor_2d_length_g2s_u8_row64_b9728,tensor,9728,tmau_first_use_l2_hot,u8,2,single_test_wait_cold_then_hot_v12,separate_midpoint_values_for_same_map_cold_then_hot_pair,v12,20260804T170903Z__v12__1ee8370596c9,data/h100/cuda-13.3-sm90/single_instruction/completion_latency/tensor__g2s__fresh-map-2d/20260804T170903Z__v12__1ee8370596c9/attempt_shard_00.csv.gz,8.0,3,843,852,848,5,2,8.0,3,530,540,535,5,2,692,5,v12,20260805T063939Z__v12__f15e57c97e78,data/b200/cuda-13.3-sm100/single_instruction/completion_latency/tensor__g2s__fresh-map-2d/20260805T063939Z__v12__f15e57c97e78/attempt_shard_00.csv.gz,21.0,3,945,967,956,11,1,21.0,3,590,612,601,11,2,779,11
g2s,tensor_2d,tensor_2d_length_u8_row64,tensor_2d_length_g2s_u8_row64_b9728,tensor,9728,tmau_prefetched_l2_hot,u8,2,single_test_wait_cold_then_hot_v12,separate_midpoint_values_for_same_map_cold_then_hot_pair,v12,20260804T170903Z__v12__1ee8370596c9,data/h100/cuda-13.3-sm90/single_instruction/completion_latency/tensor__g2s__fresh-map-2d/20260804T170903Z__v12__1ee8370596c9/attempt_shard_01.csv.gz,8.0,4,601,614,608,7,2,8.0,3,527,536,532,5,0,570,7,v12,20260805T063939Z__v12__f15e57c97e78,data/b200/cuda-13.3-sm100/single_instruction/completion_latency/tensor__g2s__fresh-map-2d/20260805T063939Z__v12__f15e57c97e78/attempt_shard_01.csv.gz,21.0,4,681,702,692,11,1,21.0,4,586,611,599,13,2,646,13
g2s,tensor_2d,tensor_2d_length_u8_row64,tensor_2d_length_g2s_u8_row64_b10240,tensor,10240,tmau_first_use_l2_hot,u8,2,single_test_wait_cold_then_hot_v12,separate_midpoint_values_for_same_map_cold_then_hot_pair,v12,20260804T170903Z__v12__1ee8370596c9,data/h100/cuda-13.3-sm90/single_instruction/completion_latency/tensor__g2s__fresh-map-2d/20260804T170903Z__v12__1ee8370596c9/attempt_shard_02.csv.gz,8.0,3,844,855,850,6,2,8.0,3,541,554,548,7,2,699,7,v12,20260805T063939Z__v12__f15e57c97e78,data/b200/cuda-13.3-sm100/single_instruction/completion_latency/tensor__g2s__fresh-map-2d/20260805T063939Z__v12__f15e57c97e78/attempt_shard_02.csv.gz,21.0,3,963,990,977,14,4,21.0,3,594,619,607,13,2,792,14
g2s,tensor_2d,tensor_2d_length_u8_row64,tensor_2d_length_g2s_u8_row64_b10240,tensor,10240,tmau_prefetched_l2_hot,u8,2,single_test_wait_cold_then_hot_v12,separate_midpoint_values_for_same_map_cold_then_hot_pair,v12,20260804T170903Z__v12__1ee8370596c9,data/h100/cuda-13.3-sm90/single_instruction/completion_latency/tensor__g2s__fresh-map-2d/20260804T170903Z__v12__1ee8370596c9/attempt_shard_03.csv.gz,8.0,4,618,629,624,6,3,8.0,3,540,553,547,7,1,586,7,v12,20260805T063939Z__v12__f15e57c97e78,data/b200/cuda-13.3-sm100/single_instruction/completion_latency/tensor__g2s__fresh-map-2d/20260805T063939Z__v12__f15e57c97e78/attempt_shard_03.csv.gz,21.0,4,690,715,703,13,4,21.0,4,605,631,618,13,5,661,13
g2s,tensor_2d,tensor_2d_length_u8_row64,tensor_2d_length_g2s_u8_row64_b10752,tensor,10752,tmau_first_use_l2_hot,u8,2,single_test_wait_cold_then_hot_v12,separate_midpoint_values_for_same_map_cold_then_hot_pair,v12,20260804T170903Z__v12__1ee8370596c9,data/h100/cuda-13.3-sm90/single_instruction/completion_latency/tensor__g2s__fresh-map-2d/20260804T170903Z__v12__1ee8370596c9/attempt_shard_04.csv.gz,8.0,3,862,875,869,7,1,8.0,3,562,573,568,6,5,719,7,v12,20260805T063939Z__v12__f15e57c97e78,data/b200/cuda-13.3-sm100/single_instruction/completion_latency/tensor__g2s__fresh-map-2d/20260805T063939Z__v12__f15e57c97e78/attempt_shard_04.csv.gz,21.0,4,978,1007,993,15,5,21.0,3,599,628,614,15,1,804,15
g2s,tensor_2d,tensor_2d_length_u8_row64,tensor_2d_length_g2s_u8_row64_b10752,tensor,10752,tmau_prefetched_l2_hot,u8,2,single_test_wait_cold_then_hot_v12,separate_midpoint_values_for_same_map_cold_then_hot_pair,v12,20260804T170903Z__v12__1ee8370596c9,data/h100/cuda-13.3-sm90/single_instruction/completion_latency/tensor__g2s__fresh-map-2d/20260804T170903Z__v12__1ee8370596c9/attempt_shard_05.csv.gz,8.0,4,606,619,613,7,2,8.0,3,540,553,547,7,2,580,7,v12,20260805T063939Z__v12__f15e57c97e78,data/b200/cuda-13.3-sm100/single_instruction/completion_latency/tensor__g2s__fresh-map-2d/20260805T063939Z__v12__f15e57c97e78/attempt_shard_05.csv.gz,21.0,4,705,726,716,11,4,21.0,4,598,620,609,11,5,663,11
g2s,tensor_2d,tensor_2d_length_u8_row64,tensor_2d_length_g2s_u8_row64_b11264,tensor,11264,tmau_first_use_l2_hot,u8,2,single_test_wait_cold_then_hot_v12,separate_midpoint_values_for_same_map_cold_then_hot_pair,v12,20260804T170903Z__v12__1ee8370596c9,data/h100/cuda-13.3-sm90/single_instruction/completion_latency/tensor__g2s__fresh-map-2d/20260804T170903Z__v12__1ee8370596c9/attempt_shard_06.csv.gz,8.0,3,871,884,878,7,3,8.0,3,558,569,564,6,2,721,7,v12,20260805T063939Z__v12__f15e57c97e78,data/b200/cuda-13.3-sm100/single_instruction/completion_latency/tensor__g2s__fresh-map-2d/20260805T063939Z__v12__f15e57c97e78/attempt_shard_06.csv.gz,21.0,3,954,983,969,15,6,21.0,3,623,652,638,15,4,804,15
g2s,tensor_2d,tensor_2d_length_u8_row64,tensor_2d_length_g2s_u8_row64_b11264,tensor,11264,tmau_prefetched_l2_hot,u8,2,single_test_wait_cold_then_hot_v12,separate_midpoint_values_for_same_map_cold_then_hot_pair,v12,20260804T170903Z__v12__1ee8370596c9,data/h100/cuda-13.3-sm90/single_instruction/completion_latency/tensor__g2s__fresh-map-2d/20260804T170903Z__v12__1ee8370596c9/attempt_shard_07.csv.gz,8.0,4,630,643,637,7,0,8.0,3,557,567,562,5,2,600,7,v12,20260805T063939Z__v12__f15e57c97e78,data/b200/cuda-13.3-sm100/single_instruction/completion_latency/tensor__g2s__fresh-map-2d/20260805T063939Z__v12__f15e57c97e78/attempt_shard_07.csv.gz,21.0,4,705,734,720,15,4,21.0,4,614,643,629,15,4,675,15
g2s,tensor_2d,tensor_2d_length_u8_row64,tensor_2d_length_g2s_u8_row64_b11776,tensor,11776,tmau_first_use_l2_hot,u8,2,single_test_wait_cold_then_hot_v12,separate_midpoint_values_for_same_map_cold_then_hot_pair,v12,20260804T170903Z__v12__1ee8370596c9,data/h100/cuda-13.3-sm90/single_instruction/completion_latency/tensor__g2s__fresh-map-2d/20260804T170903Z__v12__1ee8370596c9/attempt_shard_00.csv.gz,8.0,3,881,892,887,6,4,8.0,3,570,583,577,7,1,732,7,v12,20260805T063939Z__v12__f15e57c97e78,data/b200/cuda-13.3-sm100/single_instruction/completion_latency/tensor__g2s__fresh-map-2d/20260805T063939Z__v12__f15e57c97e78/attempt_shard_00.csv.gz,21.0,3,969,991,980,11,4,21.0,3,622,644,633,11,4,807,11
g2s,tensor_2d,tensor_2d_length_u8_row64,tensor_2d_length_g2s_u8_row64_b11776,tensor,11776,tmau_prefetched_l2_hot,u8,2,single_test_wait_cold_then_hot_v12,separate_midpoint_values_for_same_map_cold_then_hot_pair,v12,20260804T170903Z__v12__1ee8370596c9,data/h100/cuda-13.3-sm90/single_instruction/completion_latency/tensor__g2s__fresh-map-2d/20260804T170903Z__v12__1ee8370596c9/attempt_shard_01.csv.gz,8.0,4,642,653,648,6,1,8.0,3,564,577,571,7,2,610,7,v12,20260805T063939Z__v12__f15e57c97e78,data/b200/cuda-13.3-sm100/single_instruction/completion_latency/tensor__g2s__fresh-map-2d/20260805T063939Z__v12__f15e57c97e78/attempt_shard_01.csv.gz,21.0,4,720,746,733,13,4,21.0,4,623,648,636,13,4,685,13
g2s,tensor_2d,tensor_2d_length_u8_row64,tensor_2d_length_g2s_u8_row64_b12288,tensor,12288,tmau_first_use_l2_hot,u8,2,single_test_wait_cold_then_hot_v12,separate_midpoint_values_for_same_map_cold_then_hot_pair,v12,20260804T170903Z__v12__1ee8370596c9,data/h100/cuda-13.3-sm90/single_instruction/completion_latency/tensor__g2s__fresh-map-2d/20260804T170903Z__v12__1ee8370596c9/attempt_shard_02.csv.gz,8.0,3,871,884,878,7,2,8.0,3,565,578,572,7,2,725,7,v12,20260805T063939Z__v12__f15e57c97e78,data/b200/cuda-13.3-sm100/single_instruction/completion_latency/tensor__g2s__fresh-map-2d/20260805T063939Z__v12__f15e57c97e78/attempt_shard_02.csv.gz,21.0,4,994,1018,1006,12,2,21.0,3,632,657,645,13,2,826,13
g2s,tensor_2d,tensor_2d_length_u8_row64,tensor_2d_length_g2s_u8_row64_b12288,tensor,12288,tmau_prefetched_l2_hot,u8,2,single_test_wait_cold_then_hot_v12,separate_midpoint_values_for_same_map_cold_then_hot_pair,v12,20260804T170903Z__v12__1ee8370596c9,data/h100/cuda-13.3-sm90/single_instruction/completion_latency/tensor__g2s__fresh-map-2d/20260804T170903Z__v12__1ee8370596c9/attempt_shard_03.csv.gz,8.0,4,649,662,656,7,2,8.0,3,576,587,582,6,2,619,7,v12,20260805T063939Z__v12__f15e57c97e78,data/b200/cuda-13.3-sm100/single_instruction/completion_latency/tensor__g2s__fresh-map-2d/20260805T063939Z__v12__f15e57c97e78/attempt_shard_03.csv.gz,21.0,4,719,741,730,11,1,21.0,4,628,650,639,11,2,685,11
g2s,tensor_2d,tensor_2d_length_u8_row64,tensor_2d_length_g2s_u8_row64_b12800,tensor,12800,tmau_first_use_l2_hot,u8,2,single_test_wait_cold_then_hot_v12,separate_midpoint_values_for_same_map_cold_then_hot_pair,v12,20260804T170903Z__v12__1ee8370596c9,data/h100/cuda-13.3-sm90/single_instruction/completion_latency/tensor__g2s__fresh-map-2d/20260804T170903Z__v12__1ee8370596c9/attempt_shard_04.csv.gz,8.0,3,892,903,898,6,1,8.0,3,585,594,590,5,2,744,6,v12,20260805T063939Z__v12__f15e57c97e78,data/b200/cuda-13.3-sm100/single_instruction/completion_latency/tensor__g2s__fresh-map-2d/20260805T063939Z__v12__f15e57c97e78/attempt_shard_04.csv.gz,21.0,4,986,1008,997,11,5,21.0,3,623,652,638,15,3,818,15
g2s,tensor_2d,tensor_2d_length_u8_row64,tensor_2d_length_g2s_u8_row64_b12800,tensor,12800,tmau_prefetched_l2_hot,u8,2,single_test_wait_cold_then_hot_v12,separate_midpoint_values_for_same_map_cold_then_hot_pair,v12,20260804T170903Z__v12__1ee8370596c9,data/h100/cuda-13.3-sm90/single_instruction/completion_latency/tensor__g2s__fresh-map-2d/20260804T170903Z__v12__1ee8370596c9/attempt_shard_05.csv.gz,8.0,4,649,662,656,7,1,8.0,3,570,583,577,7,3,617,7,v12,20260805T063939Z__v12__f15e57c97e78,data/b200/cuda-13.3-sm100/single_instruction/completion_latency/tensor__g2s__fresh-map-2d/20260805T063939Z__v12__f15e57c97e78/attempt_shard_05.csv.gz,21.0,4,725,750,738,13,4,21.0,4,638,667,653,15,2,696,15
g2s,tensor_2d,tensor_2d_length_u8_row64,tensor_2d_length_g2s_u8_row64_b13312,tensor,13312,tmau_first_use_l2_hot,u8,2,single_test_wait_cold_then_hot_v12,separate_midpoint_values_for_same_map_cold_then_hot_pair,v12,20260804T170903Z__v12__1ee8370596c9,data/h100/cuda-13.3-sm90/single_instruction/completion_latency/tensor__g2s__fresh-map-2d/20260804T170903Z__v12__1ee8370596c9/attempt_shard_06.csv.gz,8.0,3,892,903,898,6,1,8.0,3,594,607,601,7,0,750,7,v12,20260805T063939Z__v12__f15e57c97e78,data/b200/cuda-13.3-sm100/single_instruction/completion_latency/tensor__g2s__fresh-map-2d/20260805T063939Z__v12__f15e57c97e78/attempt_shard_06.csv.gz,21.0,3,994,1018,1006,12,2,21.0,3,639,663,651,12,1,829,12
g2s,tensor_2d,tensor_2d_length_u8_row64,tensor_2d_length_g2s_u8_row64_b13312,tensor,13312,tmau_prefetched_l2_hot,u8,2,single_test_wait_cold_then_hot_v12,separate_midpoint_values_for_same_map_cold_then_hot_pair,v12,20260804T170903Z__v12__1ee8370596c9,data/h100/cuda-13.3-sm90/single_instruction/completion_latency/tensor__g2s__fresh-map-2d/20260804T170903Z__v12__1ee8370596c9/attempt_shard_07.csv.gz,8.0,4,659,668,664,5,2,8.0,3,594,607,601,7,0,633,7,v12,20260805T063939Z__v12__f15e57c97e78,data/b200/cuda-13.3-sm100/single_instruction/completion_latency/tensor__g2s__fresh-map-2d/20260805T063939Z__v12__f15e57c97e78/attempt_shard_07.csv.gz,21.0,4,729,750,740,11,3,21.0,4,638,659,649,11,3,695,11
g2s,tensor_2d,tensor_2d_length_u8_row64,tensor_2d_length_g2s_u8_row64_b13824,tensor,13824,tmau_first_use_l2_hot,u8,2,single_test_wait_cold_then_hot_v12,separate_midpoint_values_for_same_map_cold_then_hot_pair,v12,20260804T170903Z__v12__1ee8370596c9,data/h100/cuda-13.3-sm90/single_instruction/completion_latency/tensor__g2s__fresh-map-2d/20260804T170903Z__v12__1ee8370596c9/attempt_shard_00.csv.gz,8.0,3,919,928,924,5,3,8.0,3,599,610,605,6,1,765,6,v12,20260805T063939Z__v12__f15e57c97e78,data/b200/cuda-13.3-sm100/single_instruction/completion_latency/tensor__g2s__fresh-map-2d/20260805T063939Z__v12__f15e57c97e78/attempt_shard_00.csv.gz,21.0,3,1010,1032,1021,11,6,21.0,3,662,684,673,11,2,847,11
g2s,tensor_2d,tensor_2d_length_u8_row64,tensor_2d_length_g2s_u8_row64_b13824,tensor,13824,tmau_prefetched_l2_hot,u8,2,single_test_wait_cold_then_hot_v12,separate_midpoint_values_for_same_map_cold_then_hot_pair,v12,20260804T170903Z__v12__1ee8370596c9,data/h100/cuda-13.3-sm90/single_instruction/completion_latency/tensor__g2s__fresh-map-2d/20260804T170903Z__v12__1ee8370596c9/attempt_shard_01.csv.gz,8.0,4,660,673,667,7,1,8.0,3,594,607,601,7,1,634,7,v12,20260805T063939Z__v12__f15e57c97e78,data/b200/cuda-13.3-sm100/single_instruction/completion_latency/tensor__g2s__fresh-map-2d/20260805T063939Z__v12__f15e57c97e78/attempt_shard_01.csv.gz,21.0,4,743,765,754,11,2,21.0,4,652,674,663,11,1,709,11
g2s,tensor_2d,tensor_2d_length_u8_row64,tensor_2d_length_g2s_u8_row64_b14336,tensor,14336,tmau_first_use_l2_hot,u8,2,single_test_wait_cold_then_hot_v12,separate_midpoint_values_for_same_map_cold_then_hot_pair,v12,20260804T170903Z__v12__1ee8370596c9,data/h100/cuda-13.3-sm90/single_instruction/completion_latency/tensor__g2s__fresh-map-2d/20260804T170903Z__v12__1ee8370596c9/attempt_shard_02.csv.gz,8.0,3,915,924,920,5,2,8.0,3,606,617,612,6,0,766,6,v12,20260805T063939Z__v12__f15e57c97e78,data/b200/cuda-13.3-sm100/single_instruction/completion_latency/tensor__g2s__fresh-map-2d/20260805T063939Z__v12__f15e57c97e78/attempt_shard_02.csv.gz,21.0,3,1034,1056,1045,11,5,21.0,3,642,667,655,13,4,850,13
g2s,tensor_2d,tensor_2d_length_u8_row64,tensor_2d_length_g2s_u8_row64_b14336,tensor,14336,tmau_prefetched_l2_hot,u8,2,single_test_wait_cold_then_hot_v12,separate_midpoint_values_for_same_map_cold_then_hot_pair,v12,20260804T170903Z__v12__1ee8370596c9,data/h100/cuda-13.3-sm90/single_instruction/completion_latency/tensor__g2s__fresh-map-2d/20260804T170903Z__v12__1ee8370596c9/attempt_shard_03.csv.gz,8.0,4,673,686,680,7,3,8.0,3,605,615,610,5,0,645,7,v12,20260805T063939Z__v12__f15e57c97e78,data/b200/cuda-13.3-sm100/single_instruction/completion_latency/tensor__g2s__fresh-map-2d/20260805T063939Z__v12__f15e57c97e78/attempt_shard_03.csv.gz,21.0,4,749,774,762,13,2,21.0,4,658,683,671,13,2,717,13
g2s,tensor_2d,tensor_2d_length_u8_row64,tensor_2d_length_g2s_u8_row64_b14848,tensor,14848,tmau_first_use_l2_hot,u8,2,single_test_wait_cold_then_hot_v12,separate_midpoint_values_for_same_map_cold_then_hot_pair,v12,20260804T170903Z__v12__1ee8370596c9,data/h100/cuda-13.3-sm90/single_instruction/completion_latency/tensor__g2s__fresh-map-2d/20260804T170903Z__v12__1ee8370596c9/attempt_shard_04.csv.gz,8.0,3,929,940,935,6,1,8.0,3,613,626,620,7,1,778,7,v12,20260805T063939Z__v12__f15e57c97e78,data/b200/cuda-13.3-sm100/single_instruction/completion_latency/tensor__g2s__fresh-map-2d/20260805T063939Z__v12__f15e57c97e78/attempt_shard_04.csv.gz,21.0,3,1041,1063,1052,11,2,21.0,3,666,691,679,13,5,866,13
g2s,tensor_2d,tensor_2d_length_u8_row64,tensor_2d_length_g2s_u8_row64_b14848,tensor,14848,tmau_prefetched_l2_hot,u8,2,single_test_wait_cold_then_hot_v12,separate_midpoint_values_for_same_map_cold_then_hot_pair,v12,20260804T170903Z__v12__1ee8370596c9,data/h100/cuda-13.3-sm90/single_instruction/completion_latency/tensor__g2s__fresh-map-2d/20260804T170903Z__v12__1ee8370596c9/attempt_shard_05.csv.gz,8.0,4,689,698,694,5,2,8.0,3,617,626,622,5,0,658,5,v12,20260805T063939Z__v12__f15e57c97e78,data/b200/cuda-13.3-sm100/single_instruction/completion_latency/tensor__g2s__fresh-map-2d/20260805T063939Z__v12__f15e57c97e78/attempt_shard_05.csv.gz,21.0,4,767,789,778,11,3,21.0,4,676,698,687,11,3,733,11
g2s,tensor_2d,tensor_2d_length_u8_row64,tensor_2d_length_g2s_u8_row64_b15360,tensor,15360,tmau_first_use_l2_hot,u8,2,single_test_wait_cold_then_hot_v12,separate_midpoint_values_for_same_map_cold_then_hot_pair,v12,20260804T170903Z__v12__1ee8370596c9,data/h100/cuda-13.3-sm90/single_instruction/completion_latency/tensor__g2s__fresh-map-2d/20260804T170903Z__v12__1ee8370596c9/attempt_shard_06.csv.gz,8.0,3,929,940,935,6,5,8.0,3,609,618,614,5,2,775,6,v12,20260805T063939Z__v12__f15e57c97e78,data/b200/cuda-13.3-sm100/single_instruction/completion_latency/tensor__g2s__fresh-map-2d/20260805T063939Z__v12__f15e57c97e78/attempt_shard_06.csv.gz,21.0,3,1050,1079,1065,15,4,21.0,3,684,707,696,12,4,881,15
g2s,tensor_2d,tensor_2d_length_u8_row64,tensor_2d_length_g2s_u8_row64_b15360,tensor,15360,tmau_prefetched_l2_hot,u8,2,single_test_wait_cold_then_hot_v12,separate_midpoint_values_for_same_map_cold_then_hot_pair,v12,20260804T170903Z__v12__1ee8370596c9,data/h100/cuda-13.3-sm90/single_instruction/completion_latency/tensor__g2s__fresh-map-2d/20260804T170903Z__v12__1ee8370596c9/attempt_shard_07.csv.gz,8.0,4,689,698,694,5,2,8.0,3,623,632,628,5,2,661,5,v12,20260805T063939Z__v12__f15e57c97e78,data/b200/cuda-13.3-sm100/single_instruction/completion_latency/tensor__g2s__fresh-map-2d/20260805T063939Z__v12__f15e57c97e78/attempt_shard_07.csv.gz,21.0,4,768,795,782,14,3,21.0,4,677,703,690,13,4,736,14
g2s,tensor_2d,tensor_2d_length_u8_row64,tensor_2d_length_g2s_u8_row64_b15872,tensor,15872,tmau_first_use_l2_hot,u8,2,single_test_wait_cold_then_hot_v12,separate_midpoint_values_for_same_map_cold_then_hot_pair,v12,20260804T170903Z__v12__1ee8370596c9,data/h100/cuda-13.3-sm90/single_instruction/completion_latency/tensor__g2s__fresh-map-2d/20260804T170903Z__v12__1ee8370596c9/attempt_shard_00.csv.gz,8.0,3,940,951,946,6,2,8.0,3,642,655,649,7,4,798,7,v12,20260805T063939Z__v12__f15e57c97e78,data/b200/cuda-13.3-sm100/single_instruction/completion_latency/tensor__g2s__fresh-map-2d/20260805T063939Z__v12__f15e57c97e78/attempt_shard_00.csv.gz,21.0,3,1049,1071,1060,11,3,21.0,3,690,715,703,13,4,882,13
g2s,tensor_2d,tensor_2d_length_u8_row64,tensor_2d_length_g2s_u8_row64_b15872,tensor,15872,tmau_prefetched_l2_hot,u8,2,single_test_wait_cold_then_hot_v12,separate_midpoint_values_for_same_map_cold_then_hot_pair,v12,20260804T170903Z__v12__1ee8370596c9,data/h100/cuda-13.3-sm90/single_instruction/completion_latency/tensor__g2s__fresh-map-2d/20260804T170903Z__v12__1ee8370596c9/attempt_shard_01.csv.gz,8.0,4,693,705,699,6,2,8.0,3,627,637,632,5,4,666,6,v12,20260805T063939Z__v12__f15e57c97e78,data/b200/cuda-13.3-sm100/single_instruction/completion_latency/tensor__g2s__fresh-map-2d/20260805T063939Z__v12__f15e57c97e78/attempt_shard_01.csv.gz,21.0,4,792,818,805,13,5,21.0,4,701,727,714,13,4,760,13
g2s,tensor_2d,tensor_2d_length_u8_row64,tensor_2d_length_g2s_u8_row64_b16320,tensor,16320,tmau_first_use_l2_hot,u8,2,single_test_wait_cold_then_hot_v12,separate_midpoint_values_for_same_map_cold_then_hot_pair,v12,20260804T170903Z__v12__1ee8370596c9,data/h100/cuda-13.3-sm90/single_instruction/completion_latency/tensor__g2s__fresh-map-2d/20260804T170903Z__v12__1ee8370596c9/attempt_shard_02.csv.gz,8.0,3,940,951,946,6,4,8.0,3,633,642,638,5,5,792,6,v12,20260805T063939Z__v12__f15e57c97e78,data/b200/cuda-13.3-sm100/single_instruction/completion_latency/tensor__g2s__fresh-map-2d/20260805T063939Z__v12__f15e57c97e78/attempt_shard_02.csv.gz,21.0,3,1041,1063,1052,11,2,21.0,3,694,716,705,11,5,879,11
g2s,tensor_2d,tensor_2d_length_u8_row64,tensor_2d_length_g2s_u8_row64_b16320,tensor,16320,tmau_prefetched_l2_hot,u8,2,single_test_wait_cold_then_hot_v12,separate_midpoint_values_for_same_map_cold_then_hot_pair,v12,20260804T170903Z__v12__1ee8370596c9,data/h100/cuda-13.3-sm90/single_instruction/completion_latency/tensor__g2s__fresh-map-2d/20260804T170903Z__v12__1ee8370596c9/attempt_shard_03.csv.gz,8.0,4,714,725,720,6,2,8.0,3,631,644,638,7,4,679,7,v12,20260805T063939Z__v12__f15e57c97e78,data/b200/cuda-13.3-sm100/single_instruction/completion_latency/tensor__g2s__fresh-map-2d/20260805T063939Z__v12__f15e57c97e78/attempt_shard_03.csv.gz,21.0,4,801,830,816,15,5,21.0,4,706,731,719,13,5,768,15
g2s,tensor_2d,tensor_2d_length_u8_row64,tensor_2d_length_g2s_u8_row64_b16384,tensor,16384,tmau_first_use_l2_hot,u8,2,single_test_wait_cold_then_hot_v12,separate_midpoint_values_for_same_map_cold_then_hot_pair,v12,20260804T170903Z__v12__1ee8370596c9,data/h100/cuda-13.3-sm90/single_instruction/completion_latency/tensor__g2s__fresh-map-2d/20260804T170903Z__v12__1ee8370596c9/attempt_shard_04.csv.gz,8.0,3,958,971,965,7,1,8.0,3,628,638,633,5,3,799,7,v12,20260805T063939Z__v12__f15e57c97e78,data/b200/cuda-13.3-sm100/single_instruction/completion_latency/tensor__g2s__fresh-map-2d/20260805T063939Z__v12__f15e57c97e78/attempt_shard_04.csv.gz,21.0,3,1049,1071,1060,11,1,21.0,3,694,716,705,11,3,883,11
g2s,tensor_2d,tensor_2d_length_u8_row64,tensor_2d_length_g2s_u8_row64_b16384,tensor,16384,tmau_prefetched_l2_hot,u8,2,single_test_wait_cold_then_hot_v12,separate_midpoint_values_for_same_map_cold_then_hot_pair,v12,20260804T170903Z__v12__1ee8370596c9,data/h100/cuda-13.3-sm90/single_instruction/completion_latency/tensor__g2s__fresh-map-2d/20260804T170903Z__v12__1ee8370596c9/attempt_shard_05.csv.gz,8.0,4,707,716,712,5,0,8.0,3,642,655,649,7,2,681,7,v12,20260805T063939Z__v12__f15e57c97e78,data/b200/cuda-13.3-sm100/single_instruction/completion_latency/tensor__g2s__fresh-map-2d/20260805T063939Z__v12__f15e57c97e78/attempt_shard_05.csv.gz,21.0,4,786,812,799,13,4,21.0,4,686,715,701,15,2,750,15
