device,suite_version,project,level,path,direction,order,mode,map_mode,bytes,contexts,commands,repeat,issue_span,completion_span,span_unit,completion_per_command,cycles_per_128b,effective_bytes_per_cycle,effective_gb_per_second,case_id,raw_file
h100,v4,same_direction,intra_cta,bulk,g2s,na,batched,na,128,1,1,0,309,583,cycles,583.0,583.0,0.219554,,same_direction|intra_cta|bulk|g2s|na|batched|na|128|1|1||||,data/h100/cuda-13.3-sm90/multi_context/same_direction/g2s/20260803T101340Z__v4__2bc7fb0d1fad/attempt_01.csv
h100,v4,same_direction,intra_cta,bulk,g2s,na,batched,na,128,1,1,1,268,530,cycles,530.0,530.0,0.241509,,same_direction|intra_cta|bulk|g2s|na|batched|na|128|1|1||||,data/h100/cuda-13.3-sm90/multi_context/same_direction/g2s/20260803T101340Z__v4__2bc7fb0d1fad/attempt_01.csv
b200,v4,same_direction,intra_cta,bulk,g2s,na,batched,na,128,1,1,0,328,620,cycles,620.0,620.0,0.206452,,same_direction|intra_cta|bulk|g2s|na|batched|na|128|1|1||||,data/b200/cuda-13.3-sm100/multi_context/same_direction/g2s/20260803T101432Z__v4__d4bdf8df777c/attempt_01.csv
b200,v4,same_direction,intra_cta,bulk,g2s,na,batched,na,128,1,1,1,278,607,cycles,607.0,607.0,0.210873,,same_direction|intra_cta|bulk|g2s|na|batched|na|128|1|1||||,data/b200/cuda-13.3-sm100/multi_context/same_direction/g2s/20260803T101432Z__v4__d4bdf8df777c/attempt_01.csv
ventus,v4,same_direction,intra_cta,bulk,g2s,na,batched,na,128,1,1,0,100,149,cycles,149.0,149.0,0.85906,,intra_cta_bulk_g2s_alternating_batched_same_map_128_1,data/ventus/V3.10/multi_context/same_direction/g2s/20260803T101253Z__v4__326f6a5e4973/raw.csv
ventus,v4,same_direction,intra_cta,bulk,g2s,na,batched,na,128,1,1,1,105,154,cycles,154.0,154.0,0.831169,,intra_cta_bulk_g2s_alternating_batched_same_map_128_1,data/ventus/V3.10/multi_context/same_direction/g2s/20260803T101253Z__v4__326f6a5e4973/raw.csv
h100,v4,same_direction,intra_cta,bulk,g2s,na,batched,na,128,2,2,0,436,648,cycles,324.0,324.0,0.395062,,same_direction|intra_cta|bulk|g2s|na|batched|na|128|2|2||||,data/h100/cuda-13.3-sm90/multi_context/same_direction/g2s/20260803T101340Z__v4__2bc7fb0d1fad/attempt_01.csv
h100,v4,same_direction,intra_cta,bulk,g2s,na,batched,na,128,2,2,1,406,759,cycles,379.5,379.5,0.337286,,same_direction|intra_cta|bulk|g2s|na|batched|na|128|2|2||||,data/h100/cuda-13.3-sm90/multi_context/same_direction/g2s/20260803T101340Z__v4__2bc7fb0d1fad/attempt_01.csv
b200,v4,same_direction,intra_cta,bulk,g2s,na,batched,na,128,2,2,0,440,710,cycles,355.0,355.0,0.360563,,same_direction|intra_cta|bulk|g2s|na|batched|na|128|2|2||||,data/b200/cuda-13.3-sm100/multi_context/same_direction/g2s/20260803T101432Z__v4__d4bdf8df777c/attempt_01.csv
b200,v4,same_direction,intra_cta,bulk,g2s,na,batched,na,128,2,2,1,404,674,cycles,337.0,337.0,0.379822,,same_direction|intra_cta|bulk|g2s|na|batched|na|128|2|2||||,data/b200/cuda-13.3-sm100/multi_context/same_direction/g2s/20260803T101432Z__v4__d4bdf8df777c/attempt_01.csv
ventus,v4,same_direction,intra_cta,bulk,g2s,na,batched,na,128,2,2,0,140,189,cycles,94.5,94.5,1.354497,,intra_cta_bulk_g2s_alternating_batched_same_map_128_2,data/ventus/V3.10/multi_context/same_direction/g2s/20260803T101253Z__v4__326f6a5e4973/raw.csv
ventus,v4,same_direction,intra_cta,bulk,g2s,na,batched,na,128,2,2,1,143,192,cycles,96.0,96.0,1.333333,,intra_cta_bulk_g2s_alternating_batched_same_map_128_2,data/ventus/V3.10/multi_context/same_direction/g2s/20260803T101253Z__v4__326f6a5e4973/raw.csv
h100,v4,same_direction,intra_cta,bulk,g2s,na,batched,na,128,4,4,0,614,1020,cycles,255.0,255.0,0.501961,,same_direction|intra_cta|bulk|g2s|na|batched|na|128|4|4||||,data/h100/cuda-13.3-sm90/multi_context/same_direction/g2s/20260803T101340Z__v4__2bc7fb0d1fad/attempt_01.csv
h100,v4,same_direction,intra_cta,bulk,g2s,na,batched,na,128,4,4,1,614,1008,cycles,252.0,252.0,0.507937,,same_direction|intra_cta|bulk|g2s|na|batched|na|128|4|4||||,data/h100/cuda-13.3-sm90/multi_context/same_direction/g2s/20260803T101340Z__v4__2bc7fb0d1fad/attempt_01.csv
b200,v4,same_direction,intra_cta,bulk,g2s,na,batched,na,128,4,4,0,650,1164,cycles,291.0,291.0,0.439863,,same_direction|intra_cta|bulk|g2s|na|batched|na|128|4|4||||,data/b200/cuda-13.3-sm100/multi_context/same_direction/g2s/20260803T101432Z__v4__d4bdf8df777c/attempt_01.csv
b200,v4,same_direction,intra_cta,bulk,g2s,na,batched,na,128,4,4,1,650,1164,cycles,291.0,291.0,0.439863,,same_direction|intra_cta|bulk|g2s|na|batched|na|128|4|4||||,data/b200/cuda-13.3-sm100/multi_context/same_direction/g2s/20260803T101432Z__v4__d4bdf8df777c/attempt_01.csv
ventus,v4,same_direction,intra_cta,bulk,g2s,na,batched,na,128,4,4,0,219,279,cycles,69.75,69.75,1.835125,,intra_cta_bulk_g2s_alternating_batched_same_map_128_4,data/ventus/V3.10/multi_context/same_direction/g2s/20260803T101253Z__v4__326f6a5e4973/raw.csv
ventus,v4,same_direction,intra_cta,bulk,g2s,na,batched,na,128,4,4,1,223,284,cycles,71.0,71.0,1.802817,,intra_cta_bulk_g2s_alternating_batched_same_map_128_4,data/ventus/V3.10/multi_context/same_direction/g2s/20260803T101253Z__v4__326f6a5e4973/raw.csv
h100,v4,same_direction,intra_cta,bulk,g2s,na,batched,na,128,8,8,0,1042,1812,cycles,226.5,226.5,0.565121,,same_direction|intra_cta|bulk|g2s|na|batched|na|128|8|8||||,data/h100/cuda-13.3-sm90/multi_context/same_direction/g2s/20260803T101340Z__v4__2bc7fb0d1fad/attempt_01.csv
h100,v4,same_direction,intra_cta,bulk,g2s,na,batched,na,128,8,8,1,1042,1812,cycles,226.5,226.5,0.565121,,same_direction|intra_cta|bulk|g2s|na|batched|na|128|8|8||||,data/h100/cuda-13.3-sm90/multi_context/same_direction/g2s/20260803T101340Z__v4__2bc7fb0d1fad/attempt_01.csv
b200,v4,same_direction,intra_cta,bulk,g2s,na,batched,na,128,8,8,0,1070,2072,cycles,259.0,259.0,0.494208,,same_direction|intra_cta|bulk|g2s|na|batched|na|128|8|8||||,data/b200/cuda-13.3-sm100/multi_context/same_direction/g2s/20260803T101432Z__v4__d4bdf8df777c/attempt_01.csv
b200,v4,same_direction,intra_cta,bulk,g2s,na,batched,na,128,8,8,1,1070,2072,cycles,259.0,259.0,0.494208,,same_direction|intra_cta|bulk|g2s|na|batched|na|128|8|8||||,data/b200/cuda-13.3-sm100/multi_context/same_direction/g2s/20260803T101432Z__v4__d4bdf8df777c/attempt_01.csv
h100,v4,same_direction,intra_cta,bulk,g2s,na,batched,na,128,16,16,0,1898,3396,cycles,212.25,212.25,0.603062,,same_direction|intra_cta|bulk|g2s|na|batched|na|128|16|16||||,data/h100/cuda-13.3-sm90/multi_context/same_direction/g2s/20260803T101340Z__v4__2bc7fb0d1fad/attempt_01.csv
h100,v4,same_direction,intra_cta,bulk,g2s,na,batched,na,128,16,16,1,1898,3396,cycles,212.25,212.25,0.603062,,same_direction|intra_cta|bulk|g2s|na|batched|na|128|16|16||||,data/h100/cuda-13.3-sm90/multi_context/same_direction/g2s/20260803T101340Z__v4__2bc7fb0d1fad/attempt_01.csv
b200,v4,same_direction,intra_cta,bulk,g2s,na,batched,na,128,16,16,0,1910,3888,cycles,243.0,243.0,0.526749,,same_direction|intra_cta|bulk|g2s|na|batched|na|128|16|16||||,data/b200/cuda-13.3-sm100/multi_context/same_direction/g2s/20260803T101432Z__v4__d4bdf8df777c/attempt_01.csv
b200,v4,same_direction,intra_cta,bulk,g2s,na,batched,na,128,16,16,1,1910,3888,cycles,243.0,243.0,0.526749,,same_direction|intra_cta|bulk|g2s|na|batched|na|128|16|16||||,data/b200/cuda-13.3-sm100/multi_context/same_direction/g2s/20260803T101432Z__v4__d4bdf8df777c/attempt_01.csv
h100,v4,same_direction,intra_cta,bulk,g2s,na,batched,na,128,32,32,0,3610,6564,cycles,205.125,205.125,0.62401,,same_direction|intra_cta|bulk|g2s|na|batched|na|128|32|32||||,data/h100/cuda-13.3-sm90/multi_context/same_direction/g2s/20260803T101340Z__v4__2bc7fb0d1fad/attempt_01.csv
h100,v4,same_direction,intra_cta,bulk,g2s,na,batched,na,128,32,32,1,3610,6564,cycles,205.125,205.125,0.62401,,same_direction|intra_cta|bulk|g2s|na|batched|na|128|32|32||||,data/h100/cuda-13.3-sm90/multi_context/same_direction/g2s/20260803T101340Z__v4__2bc7fb0d1fad/attempt_01.csv
b200,v4,same_direction,intra_cta,bulk,g2s,na,batched,na,128,32,32,0,3590,7520,cycles,235.0,235.0,0.544681,,same_direction|intra_cta|bulk|g2s|na|batched|na|128|32|32||||,data/b200/cuda-13.3-sm100/multi_context/same_direction/g2s/20260803T101432Z__v4__d4bdf8df777c/attempt_01.csv
b200,v4,same_direction,intra_cta,bulk,g2s,na,batched,na,128,32,32,1,3590,7520,cycles,235.0,235.0,0.544681,,same_direction|intra_cta|bulk|g2s|na|batched|na|128|32|32||||,data/b200/cuda-13.3-sm100/multi_context/same_direction/g2s/20260803T101432Z__v4__d4bdf8df777c/attempt_01.csv
h100,v4,same_direction,intra_cta,bulk,g2s,na,serial,na,128,1,1,0,599,621,cycles,621.0,621.0,0.206119,,same_direction|intra_cta|bulk|g2s|na|serial|na|128|1|1||||,data/h100/cuda-13.3-sm90/multi_context/same_direction/g2s/20260803T101340Z__v4__2bc7fb0d1fad/attempt_01.csv
h100,v4,same_direction,intra_cta,bulk,g2s,na,serial,na,128,1,1,1,613,635,cycles,635.0,635.0,0.201575,,same_direction|intra_cta|bulk|g2s|na|serial|na|128|1|1||||,data/h100/cuda-13.3-sm90/multi_context/same_direction/g2s/20260803T101340Z__v4__2bc7fb0d1fad/attempt_01.csv
b200,v4,same_direction,intra_cta,bulk,g2s,na,serial,na,128,1,1,0,550,578,cycles,578.0,578.0,0.221453,,same_direction|intra_cta|bulk|g2s|na|serial|na|128|1|1||||,data/b200/cuda-13.3-sm100/multi_context/same_direction/g2s/20260803T101432Z__v4__d4bdf8df777c/attempt_01.csv
b200,v4,same_direction,intra_cta,bulk,g2s,na,serial,na,128,1,1,1,580,597,cycles,597.0,597.0,0.214405,,same_direction|intra_cta|bulk|g2s|na|serial|na|128|1|1||||,data/b200/cuda-13.3-sm100/multi_context/same_direction/g2s/20260803T101432Z__v4__d4bdf8df777c/attempt_01.csv
ventus,v4,same_direction,intra_cta,bulk,g2s,na,serial,na,128,1,1,0,145,153,cycles,153.0,153.0,0.836601,,intra_cta_bulk_g2s_alternating_serial_same_map_128_1,data/ventus/V3.10/multi_context/same_direction/g2s/20260803T101253Z__v4__326f6a5e4973/raw.csv
ventus,v4,same_direction,intra_cta,bulk,g2s,na,serial,na,128,1,1,1,150,158,cycles,158.0,158.0,0.810127,,intra_cta_bulk_g2s_alternating_serial_same_map_128_1,data/ventus/V3.10/multi_context/same_direction/g2s/20260803T101253Z__v4__326f6a5e4973/raw.csv
h100,v4,same_direction,intra_cta,bulk,g2s,na,serial,na,128,2,2,0,1143,1165,cycles,582.5,582.5,0.219742,,same_direction|intra_cta|bulk|g2s|na|serial|na|128|2|2||||,data/h100/cuda-13.3-sm90/multi_context/same_direction/g2s/20260803T101340Z__v4__2bc7fb0d1fad/attempt_01.csv
h100,v4,same_direction,intra_cta,bulk,g2s,na,serial,na,128,2,2,1,1142,1164,cycles,582.0,582.0,0.219931,,same_direction|intra_cta|bulk|g2s|na|serial|na|128|2|2||||,data/h100/cuda-13.3-sm90/multi_context/same_direction/g2s/20260803T101340Z__v4__2bc7fb0d1fad/attempt_01.csv
b200,v4,same_direction,intra_cta,bulk,g2s,na,serial,na,128,2,2,0,1069,1097,cycles,548.5,548.5,0.233364,,same_direction|intra_cta|bulk|g2s|na|serial|na|128|2|2||||,data/b200/cuda-13.3-sm100/multi_context/same_direction/g2s/20260803T101432Z__v4__d4bdf8df777c/attempt_01.csv
b200,v4,same_direction,intra_cta,bulk,g2s,na,serial,na,128,2,2,1,1094,1111,cycles,555.5,555.5,0.230423,,same_direction|intra_cta|bulk|g2s|na|serial|na|128|2|2||||,data/b200/cuda-13.3-sm100/multi_context/same_direction/g2s/20260803T101432Z__v4__d4bdf8df777c/attempt_01.csv
ventus,v4,same_direction,intra_cta,bulk,g2s,na,serial,na,128,2,2,0,229,237,cycles,118.5,118.5,1.080169,,intra_cta_bulk_g2s_alternating_serial_same_map_128_2,data/ventus/V3.10/multi_context/same_direction/g2s/20260803T101253Z__v4__326f6a5e4973/raw.csv
ventus,v4,same_direction,intra_cta,bulk,g2s,na,serial,na,128,2,2,1,233,241,cycles,120.5,120.5,1.062241,,intra_cta_bulk_g2s_alternating_serial_same_map_128_2,data/ventus/V3.10/multi_context/same_direction/g2s/20260803T101253Z__v4__326f6a5e4973/raw.csv
h100,v4,same_direction,intra_cta,bulk,g2s,na,serial,na,128,4,4,0,2215,2237,cycles,559.25,559.25,0.228878,,same_direction|intra_cta|bulk|g2s|na|serial|na|128|4|4||||,data/h100/cuda-13.3-sm90/multi_context/same_direction/g2s/20260803T101340Z__v4__2bc7fb0d1fad/attempt_01.csv
h100,v4,same_direction,intra_cta,bulk,g2s,na,serial,na,128,4,4,1,2216,2238,cycles,559.5,559.5,0.228776,,same_direction|intra_cta|bulk|g2s|na|serial|na|128|4|4||||,data/h100/cuda-13.3-sm90/multi_context/same_direction/g2s/20260803T101340Z__v4__2bc7fb0d1fad/attempt_01.csv
b200,v4,same_direction,intra_cta,bulk,g2s,na,serial,na,128,4,4,0,2075,2092,cycles,523.0,523.0,0.244742,,same_direction|intra_cta|bulk|g2s|na|serial|na|128|4|4||||,data/b200/cuda-13.3-sm100/multi_context/same_direction/g2s/20260803T101432Z__v4__d4bdf8df777c/attempt_01.csv
b200,v4,same_direction,intra_cta,bulk,g2s,na,serial,na,128,4,4,1,2126,2143,cycles,535.75,535.75,0.238917,,same_direction|intra_cta|bulk|g2s|na|serial|na|128|4|4||||,data/b200/cuda-13.3-sm100/multi_context/same_direction/g2s/20260803T101432Z__v4__d4bdf8df777c/attempt_01.csv
ventus,v4,same_direction,intra_cta,bulk,g2s,na,serial,na,128,4,4,0,399,407,cycles,101.75,101.75,1.257985,,intra_cta_bulk_g2s_alternating_serial_same_map_128_4,data/ventus/V3.10/multi_context/same_direction/g2s/20260803T101253Z__v4__326f6a5e4973/raw.csv
ventus,v4,same_direction,intra_cta,bulk,g2s,na,serial,na,128,4,4,1,403,411,cycles,102.75,102.75,1.245742,,intra_cta_bulk_g2s_alternating_serial_same_map_128_4,data/ventus/V3.10/multi_context/same_direction/g2s/20260803T101253Z__v4__326f6a5e4973/raw.csv
h100,v4,same_direction,intra_cta,bulk,g2s,na,serial,na,128,8,8,0,4384,4406,cycles,550.75,550.75,0.23241,,same_direction|intra_cta|bulk|g2s|na|serial|na|128|8|8||||,data/h100/cuda-13.3-sm90/multi_context/same_direction/g2s/20260803T101340Z__v4__2bc7fb0d1fad/attempt_01.csv
h100,v4,same_direction,intra_cta,bulk,g2s,na,serial,na,128,8,8,1,4380,4402,cycles,550.25,550.25,0.232622,,same_direction|intra_cta|bulk|g2s|na|serial|na|128|8|8||||,data/h100/cuda-13.3-sm90/multi_context/same_direction/g2s/20260803T101340Z__v4__2bc7fb0d1fad/attempt_01.csv
b200,v4,same_direction,intra_cta,bulk,g2s,na,serial,na,128,8,8,0,4139,4156,cycles,519.5,519.5,0.246391,,same_direction|intra_cta|bulk|g2s|na|serial|na|128|8|8||||,data/b200/cuda-13.3-sm100/multi_context/same_direction/g2s/20260803T101432Z__v4__d4bdf8df777c/attempt_01.csv
b200,v4,same_direction,intra_cta,bulk,g2s,na,serial,na,128,8,8,1,4202,4219,cycles,527.375,527.375,0.242712,,same_direction|intra_cta|bulk|g2s|na|serial|na|128|8|8||||,data/b200/cuda-13.3-sm100/multi_context/same_direction/g2s/20260803T101432Z__v4__d4bdf8df777c/attempt_01.csv
h100,v4,same_direction,intra_cta,bulk,g2s,na,serial,na,128,16,16,0,8723,8745,cycles,546.5625,546.5625,0.234191,,same_direction|intra_cta|bulk|g2s|na|serial|na|128|16|16||||,data/h100/cuda-13.3-sm90/multi_context/same_direction/g2s/20260803T101340Z__v4__2bc7fb0d1fad/attempt_01.csv
h100,v4,same_direction,intra_cta,bulk,g2s,na,serial,na,128,16,16,1,8753,8775,cycles,548.4375,548.4375,0.23339,,same_direction|intra_cta|bulk|g2s|na|serial|na|128|16|16||||,data/h100/cuda-13.3-sm90/multi_context/same_direction/g2s/20260803T101340Z__v4__2bc7fb0d1fad/attempt_01.csv
b200,v4,same_direction,intra_cta,bulk,g2s,na,serial,na,128,16,16,0,8280,8297,cycles,518.5625,518.5625,0.246836,,same_direction|intra_cta|bulk|g2s|na|serial|na|128|16|16||||,data/b200/cuda-13.3-sm100/multi_context/same_direction/g2s/20260803T101432Z__v4__d4bdf8df777c/attempt_01.csv
b200,v4,same_direction,intra_cta,bulk,g2s,na,serial,na,128,16,16,1,9518,9535,cycles,595.9375,595.9375,0.214788,,same_direction|intra_cta|bulk|g2s|na|serial|na|128|16|16||||,data/b200/cuda-13.3-sm100/multi_context/same_direction/g2s/20260803T101432Z__v4__d4bdf8df777c/attempt_01.csv
h100,v4,same_direction,intra_cta,bulk,g2s,na,serial,na,128,32,32,0,17258,17280,cycles,540.0,540.0,0.237037,,same_direction|intra_cta|bulk|g2s|na|serial|na|128|32|32||||,data/h100/cuda-13.3-sm90/multi_context/same_direction/g2s/20260803T101340Z__v4__2bc7fb0d1fad/attempt_01.csv
h100,v4,same_direction,intra_cta,bulk,g2s,na,serial,na,128,32,32,1,17365,17387,cycles,543.34375,543.34375,0.235578,,same_direction|intra_cta|bulk|g2s|na|serial|na|128|32|32||||,data/h100/cuda-13.3-sm90/multi_context/same_direction/g2s/20260803T101340Z__v4__2bc7fb0d1fad/attempt_01.csv
b200,v4,same_direction,intra_cta,bulk,g2s,na,serial,na,128,32,32,0,17747,17775,cycles,555.46875,555.46875,0.230436,,same_direction|intra_cta|bulk|g2s|na|serial|na|128|32|32||||,data/b200/cuda-13.3-sm100/multi_context/same_direction/g2s/20260803T101432Z__v4__d4bdf8df777c/attempt_01.csv
b200,v4,same_direction,intra_cta,bulk,g2s,na,serial,na,128,32,32,1,17774,17791,cycles,555.96875,555.96875,0.230229,,same_direction|intra_cta|bulk|g2s|na|serial|na|128|32|32||||,data/b200/cuda-13.3-sm100/multi_context/same_direction/g2s/20260803T101432Z__v4__d4bdf8df777c/attempt_01.csv
h100,v4,same_direction,multi_cta,bulk,g2s,na,batched,na,128,1,1,0,128,256,ns,256.0,,,0.5,same_direction|multi_cta|bulk|g2s|na|batched|na|128|1|1||||,data/h100/cuda-13.3-sm90/multi_context/same_direction/g2s/20260803T101340Z__v4__2bc7fb0d1fad/attempt_01.csv
h100,v4,same_direction,multi_cta,bulk,g2s,na,batched,na,128,1,1,1,96,224,ns,224.0,,,0.571429,same_direction|multi_cta|bulk|g2s|na|batched|na|128|1|1||||,data/h100/cuda-13.3-sm90/multi_context/same_direction/g2s/20260803T101340Z__v4__2bc7fb0d1fad/attempt_01.csv
b200,v4,same_direction,multi_cta,bulk,g2s,na,batched,na,128,1,1,0,64,224,ns,224.0,,,0.571429,same_direction|multi_cta|bulk|g2s|na|batched|na|128|1|1||||,data/b200/cuda-13.3-sm100/multi_context/same_direction/g2s/20260803T101432Z__v4__d4bdf8df777c/attempt_01.csv
b200,v4,same_direction,multi_cta,bulk,g2s,na,batched,na,128,1,1,1,64,224,ns,224.0,,,0.571429,same_direction|multi_cta|bulk|g2s|na|batched|na|128|1|1||||,data/b200/cuda-13.3-sm100/multi_context/same_direction/g2s/20260803T101432Z__v4__d4bdf8df777c/attempt_01.csv
ventus,v4,same_direction,multi_cta,bulk,g2s,na,batched,na,128,1,1,0,116,165,cycles,165.0,165.0,0.775758,,multi_cta_bulk_g2s_alternating_batched_same_map_128_1,data/ventus/V3.10/multi_context/same_direction/g2s/20260803T101253Z__v4__326f6a5e4973/raw.csv
ventus,v4,same_direction,multi_cta,bulk,g2s,na,batched,na,128,1,1,1,119,168,cycles,168.0,168.0,0.761905,,multi_cta_bulk_g2s_alternating_batched_same_map_128_1,data/ventus/V3.10/multi_context/same_direction/g2s/20260803T101253Z__v4__326f6a5e4973/raw.csv
h100,v4,same_direction,multi_cta,bulk,g2s,na,batched,na,128,2,2,0,128,256,ns,128.0,,,1.0,same_direction|multi_cta|bulk|g2s|na|batched|na|128|2|2||||,data/h100/cuda-13.3-sm90/multi_context/same_direction/g2s/20260803T101340Z__v4__2bc7fb0d1fad/attempt_01.csv
h100,v4,same_direction,multi_cta,bulk,g2s,na,batched,na,128,2,2,1,160,352,ns,176.0,,,0.727273,same_direction|multi_cta|bulk|g2s|na|batched|na|128|2|2||||,data/h100/cuda-13.3-sm90/multi_context/same_direction/g2s/20260803T101340Z__v4__2bc7fb0d1fad/attempt_01.csv
b200,v4,same_direction,multi_cta,bulk,g2s,na,batched,na,128,2,2,0,64,224,ns,112.0,,,1.142857,same_direction|multi_cta|bulk|g2s|na|batched|na|128|2|2||||,data/b200/cuda-13.3-sm100/multi_context/same_direction/g2s/20260803T101432Z__v4__d4bdf8df777c/attempt_01.csv
b200,v4,same_direction,multi_cta,bulk,g2s,na,batched,na,128,2,2,1,96,224,ns,112.0,,,1.142857,same_direction|multi_cta|bulk|g2s|na|batched|na|128|2|2||||,data/b200/cuda-13.3-sm100/multi_context/same_direction/g2s/20260803T101432Z__v4__d4bdf8df777c/attempt_01.csv
ventus,v4,same_direction,multi_cta,bulk,g2s,na,batched,na,128,2,2,0,118,167,cycles,83.5,83.5,1.532934,,multi_cta_bulk_g2s_alternating_batched_same_map_128_2,data/ventus/V3.10/multi_context/same_direction/g2s/20260803T101253Z__v4__326f6a5e4973/raw.csv
ventus,v4,same_direction,multi_cta,bulk,g2s,na,batched,na,128,2,2,1,121,170,cycles,85.0,85.0,1.505882,,multi_cta_bulk_g2s_alternating_batched_same_map_128_2,data/ventus/V3.10/multi_context/same_direction/g2s/20260803T101253Z__v4__326f6a5e4973/raw.csv
h100,v4,same_direction,multi_cta,bulk,g2s,na,batched,na,128,4,4,0,128,320,ns,80.0,,,1.6,same_direction|multi_cta|bulk|g2s|na|batched|na|128|4|4||||,data/h100/cuda-13.3-sm90/multi_context/same_direction/g2s/20260803T101340Z__v4__2bc7fb0d1fad/attempt_01.csv
h100,v4,same_direction,multi_cta,bulk,g2s,na,batched,na,128,4,4,1,128,320,ns,80.0,,,1.6,same_direction|multi_cta|bulk|g2s|na|batched|na|128|4|4||||,data/h100/cuda-13.3-sm90/multi_context/same_direction/g2s/20260803T101340Z__v4__2bc7fb0d1fad/attempt_01.csv
b200,v4,same_direction,multi_cta,bulk,g2s,na,batched,na,128,4,4,0,128,320,ns,80.0,,,1.6,same_direction|multi_cta|bulk|g2s|na|batched|na|128|4|4||||,data/b200/cuda-13.3-sm100/multi_context/same_direction/g2s/20260803T101432Z__v4__d4bdf8df777c/attempt_01.csv
b200,v4,same_direction,multi_cta,bulk,g2s,na,batched,na,128,4,4,1,160,288,ns,72.0,,,1.777778,same_direction|multi_cta|bulk|g2s|na|batched|na|128|4|4||||,data/b200/cuda-13.3-sm100/multi_context/same_direction/g2s/20260803T101432Z__v4__d4bdf8df777c/attempt_01.csv
ventus,v4,same_direction,multi_cta,bulk,g2s,na,batched,na,128,4,4,0,189,238,cycles,59.5,59.5,2.151261,,multi_cta_bulk_g2s_alternating_batched_same_map_128_4,data/ventus/V3.10/multi_context/same_direction/g2s/20260803T101253Z__v4__326f6a5e4973/raw.csv
ventus,v4,same_direction,multi_cta,bulk,g2s,na,batched,na,128,4,4,1,210,261,cycles,65.25,65.25,1.961686,,multi_cta_bulk_g2s_alternating_batched_same_map_128_4,data/ventus/V3.10/multi_context/same_direction/g2s/20260803T101253Z__v4__326f6a5e4973/raw.csv
h100,v4,same_direction,multi_cta,bulk,g2s,na,batched,na,128,8,8,0,160,352,ns,44.0,,,2.909091,same_direction|multi_cta|bulk|g2s|na|batched|na|128|8|8||||,data/h100/cuda-13.3-sm90/multi_context/same_direction/g2s/20260803T101340Z__v4__2bc7fb0d1fad/attempt_01.csv
h100,v4,same_direction,multi_cta,bulk,g2s,na,batched,na,128,8,8,1,192,320,ns,40.0,,,3.2,same_direction|multi_cta|bulk|g2s|na|batched|na|128|8|8||||,data/h100/cuda-13.3-sm90/multi_context/same_direction/g2s/20260803T101340Z__v4__2bc7fb0d1fad/attempt_01.csv
b200,v4,same_direction,multi_cta,bulk,g2s,na,batched,na,128,8,8,0,128,288,ns,36.0,,,3.555556,same_direction|multi_cta|bulk|g2s|na|batched|na|128|8|8||||,data/b200/cuda-13.3-sm100/multi_context/same_direction/g2s/20260803T101432Z__v4__d4bdf8df777c/attempt_01.csv
b200,v4,same_direction,multi_cta,bulk,g2s,na,batched,na,128,8,8,1,128,320,ns,40.0,,,3.2,same_direction|multi_cta|bulk|g2s|na|batched|na|128|8|8||||,data/b200/cuda-13.3-sm100/multi_context/same_direction/g2s/20260803T101432Z__v4__d4bdf8df777c/attempt_01.csv
ventus,v4,same_direction,multi_cta,bulk,g2s,na,batched,na,128,8,8,0,6625,7477,cycles,934.625,934.625,0.136953,,multi_cta_bulk_g2s_alternating_batched_same_map_128_8,data/ventus/V3.10/multi_context/same_direction/g2s/20260803T101253Z__v4__326f6a5e4973/raw.csv
ventus,v4,same_direction,multi_cta,bulk,g2s,na,batched,na,128,8,8,1,7416,7465,cycles,933.125,933.125,0.137173,,multi_cta_bulk_g2s_alternating_batched_same_map_128_8,data/ventus/V3.10/multi_context/same_direction/g2s/20260803T101253Z__v4__326f6a5e4973/raw.csv
h100,v4,same_direction,multi_cta,bulk,g2s,na,batched,na,128,16,16,0,320,512,ns,32.0,,,4.0,same_direction|multi_cta|bulk|g2s|na|batched|na|128|16|16||||,data/h100/cuda-13.3-sm90/multi_context/same_direction/g2s/20260803T101340Z__v4__2bc7fb0d1fad/attempt_01.csv
h100,v4,same_direction,multi_cta,bulk,g2s,na,batched,na,128,16,16,1,256,480,ns,30.0,,,4.266667,same_direction|multi_cta|bulk|g2s|na|batched|na|128|16|16||||,data/h100/cuda-13.3-sm90/multi_context/same_direction/g2s/20260803T101340Z__v4__2bc7fb0d1fad/attempt_01.csv
b200,v4,same_direction,multi_cta,bulk,g2s,na,batched,na,128,16,16,0,256,416,ns,26.0,,,4.923077,same_direction|multi_cta|bulk|g2s|na|batched|na|128|16|16||||,data/b200/cuda-13.3-sm100/multi_context/same_direction/g2s/20260803T101432Z__v4__d4bdf8df777c/attempt_01.csv
b200,v4,same_direction,multi_cta,bulk,g2s,na,batched,na,128,16,16,1,288,448,ns,28.0,,,4.571429,same_direction|multi_cta|bulk|g2s|na|batched|na|128|16|16||||,data/b200/cuda-13.3-sm100/multi_context/same_direction/g2s/20260803T101432Z__v4__d4bdf8df777c/attempt_01.csv
ventus,v4,same_direction,multi_cta,bulk,g2s,na,batched,na,128,16,16,0,15515,16439,cycles,1027.4375,1027.4375,0.124582,,multi_cta_bulk_g2s_alternating_batched_same_map_128_16,data/ventus/V3.10/multi_context/same_direction/g2s/20260803T101253Z__v4__326f6a5e4973/raw.csv
ventus,v4,same_direction,multi_cta,bulk,g2s,na,batched,na,128,16,16,1,16383,17278,cycles,1079.875,1079.875,0.118532,,multi_cta_bulk_g2s_alternating_batched_same_map_128_16,data/ventus/V3.10/multi_context/same_direction/g2s/20260803T101253Z__v4__326f6a5e4973/raw.csv
h100,v4,same_direction,multi_cta,bulk,g2s,na,batched,na,128,32,32,0,352,576,ns,18.0,,,7.111111,same_direction|multi_cta|bulk|g2s|na|batched|na|128|32|32||||,data/h100/cuda-13.3-sm90/multi_context/same_direction/g2s/20260803T101340Z__v4__2bc7fb0d1fad/attempt_01.csv
h100,v4,same_direction,multi_cta,bulk,g2s,na,batched,na,128,32,32,1,256,448,ns,14.0,,,9.142857,same_direction|multi_cta|bulk|g2s|na|batched|na|128|32|32||||,data/h100/cuda-13.3-sm90/multi_context/same_direction/g2s/20260803T101340Z__v4__2bc7fb0d1fad/attempt_01.csv
b200,v4,same_direction,multi_cta,bulk,g2s,na,batched,na,128,32,32,0,416,608,ns,19.0,,,6.736842,same_direction|multi_cta|bulk|g2s|na|batched|na|128|32|32||||,data/b200/cuda-13.3-sm100/multi_context/same_direction/g2s/20260803T101432Z__v4__d4bdf8df777c/attempt_01.csv
b200,v4,same_direction,multi_cta,bulk,g2s,na,batched,na,128,32,32,1,352,544,ns,17.0,,,7.529412,same_direction|multi_cta|bulk|g2s|na|batched|na|128|32|32||||,data/b200/cuda-13.3-sm100/multi_context/same_direction/g2s/20260803T101432Z__v4__d4bdf8df777c/attempt_01.csv
ventus,v4,same_direction,multi_cta,bulk,g2s,na,batched,na,128,32,32,0,33903,34928,cycles,1091.5,1091.5,0.11727,,multi_cta_bulk_g2s_alternating_batched_same_map_128_32,data/ventus/V3.10/multi_context/same_direction/g2s/20260803T101253Z__v4__326f6a5e4973/raw.csv
ventus,v4,same_direction,multi_cta,bulk,g2s,na,batched,na,128,32,32,1,35870,36664,cycles,1145.75,1145.75,0.111717,,multi_cta_bulk_g2s_alternating_batched_same_map_128_32,data/ventus/V3.10/multi_context/same_direction/g2s/20260803T101253Z__v4__326f6a5e4973/raw.csv
h100,v4,same_direction,intra_cta,bulk,g2s,na,batched,na,4096,1,1,0,309,602,cycles,602.0,18.8125,6.803987,,same_direction|intra_cta|bulk|g2s|na|batched|na|4096|1|1||||,data/h100/cuda-13.3-sm90/multi_context/same_direction/g2s/20260803T101340Z__v4__2bc7fb0d1fad/attempt_01.csv
h100,v4,same_direction,intra_cta,bulk,g2s,na,batched,na,4096,1,1,1,268,680,cycles,680.0,21.25,6.023529,,same_direction|intra_cta|bulk|g2s|na|batched|na|4096|1|1||||,data/h100/cuda-13.3-sm90/multi_context/same_direction/g2s/20260803T101340Z__v4__2bc7fb0d1fad/attempt_01.csv
b200,v4,same_direction,intra_cta,bulk,g2s,na,batched,na,4096,1,1,0,328,756,cycles,756.0,23.625,5.417989,,same_direction|intra_cta|bulk|g2s|na|batched|na|4096|1|1||||,data/b200/cuda-13.3-sm100/multi_context/same_direction/g2s/20260803T101432Z__v4__d4bdf8df777c/attempt_01.csv
b200,v4,same_direction,intra_cta,bulk,g2s,na,batched,na,4096,1,1,1,278,757,cycles,757.0,23.65625,5.410832,,same_direction|intra_cta|bulk|g2s|na|batched|na|4096|1|1||||,data/b200/cuda-13.3-sm100/multi_context/same_direction/g2s/20260803T101432Z__v4__d4bdf8df777c/attempt_01.csv
ventus,v4,same_direction,intra_cta,bulk,g2s,na,batched,na,4096,1,1,0,98,221,cycles,221.0,6.90625,18.533937,,intra_cta_bulk_g2s_alternating_batched_same_map_4096_1,data/ventus/V3.10/multi_context/same_direction/g2s/20260803T101253Z__v4__326f6a5e4973/raw.csv
ventus,v4,same_direction,intra_cta,bulk,g2s,na,batched,na,4096,1,1,1,104,227,cycles,227.0,7.09375,18.044053,,intra_cta_bulk_g2s_alternating_batched_same_map_4096_1,data/ventus/V3.10/multi_context/same_direction/g2s/20260803T101253Z__v4__326f6a5e4973/raw.csv
h100,v4,same_direction,intra_cta,bulk,g2s,na,batched,na,4096,2,2,0,446,830,cycles,415.0,12.96875,9.86988,,same_direction|intra_cta|bulk|g2s|na|batched|na|4096|2|2||||,data/h100/cuda-13.3-sm90/multi_context/same_direction/g2s/20260803T101340Z__v4__2bc7fb0d1fad/attempt_01.csv
h100,v4,same_direction,intra_cta,bulk,g2s,na,batched,na,4096,2,2,1,396,749,cycles,374.5,11.703125,10.93725,,same_direction|intra_cta|bulk|g2s|na|batched|na|4096|2|2||||,data/h100/cuda-13.3-sm90/multi_context/same_direction/g2s/20260803T101340Z__v4__2bc7fb0d1fad/attempt_01.csv
b200,v4,same_direction,intra_cta,bulk,g2s,na,batched,na,4096,2,2,0,451,865,cycles,432.5,13.515625,9.47052,,same_direction|intra_cta|bulk|g2s|na|batched|na|4096|2|2||||,data/b200/cuda-13.3-sm100/multi_context/same_direction/g2s/20260803T101432Z__v4__d4bdf8df777c/attempt_01.csv
b200,v4,same_direction,intra_cta,bulk,g2s,na,batched,na,4096,2,2,1,393,844,cycles,422.0,13.1875,9.706161,,same_direction|intra_cta|bulk|g2s|na|batched|na|4096|2|2||||,data/b200/cuda-13.3-sm100/multi_context/same_direction/g2s/20260803T101432Z__v4__d4bdf8df777c/attempt_01.csv
ventus,v4,same_direction,intra_cta,bulk,g2s,na,batched,na,4096,2,2,0,139,326,cycles,163.0,5.09375,25.128834,,intra_cta_bulk_g2s_alternating_batched_same_map_4096_2,data/ventus/V3.10/multi_context/same_direction/g2s/20260803T101253Z__v4__326f6a5e4973/raw.csv
ventus,v4,same_direction,intra_cta,bulk,g2s,na,batched,na,4096,2,2,1,148,333,cycles,166.5,5.203125,24.600601,,intra_cta_bulk_g2s_alternating_batched_same_map_4096_2,data/ventus/V3.10/multi_context/same_direction/g2s/20260803T101253Z__v4__326f6a5e4973/raw.csv
h100,v4,same_direction,intra_cta,bulk,g2s,na,batched,na,4096,4,4,0,614,1020,cycles,255.0,7.96875,16.062745,,same_direction|intra_cta|bulk|g2s|na|batched|na|4096|4|4||||,data/h100/cuda-13.3-sm90/multi_context/same_direction/g2s/20260803T101340Z__v4__2bc7fb0d1fad/attempt_01.csv
h100,v4,same_direction,intra_cta,bulk,g2s,na,batched,na,4096,4,4,1,614,1008,cycles,252.0,7.875,16.253968,,same_direction|intra_cta|bulk|g2s|na|batched|na|4096|4|4||||,data/h100/cuda-13.3-sm90/multi_context/same_direction/g2s/20260803T101340Z__v4__2bc7fb0d1fad/attempt_01.csv
b200,v4,same_direction,intra_cta,bulk,g2s,na,batched,na,4096,4,4,0,650,1164,cycles,291.0,9.09375,14.075601,,same_direction|intra_cta|bulk|g2s|na|batched|na|4096|4|4||||,data/b200/cuda-13.3-sm100/multi_context/same_direction/g2s/20260803T101432Z__v4__d4bdf8df777c/attempt_01.csv
b200,v4,same_direction,intra_cta,bulk,g2s,na,batched,na,4096,4,4,1,650,1164,cycles,291.0,9.09375,14.075601,,same_direction|intra_cta|bulk|g2s|na|batched|na|4096|4|4||||,data/b200/cuda-13.3-sm100/multi_context/same_direction/g2s/20260803T101432Z__v4__d4bdf8df777c/attempt_01.csv
ventus,v4,same_direction,intra_cta,bulk,g2s,na,batched,na,4096,4,4,0,312,537,cycles,134.25,4.195312,30.510242,,intra_cta_bulk_g2s_alternating_batched_same_map_4096_4,data/ventus/V3.10/multi_context/same_direction/g2s/20260803T101253Z__v4__326f6a5e4973/raw.csv
ventus,v4,same_direction,intra_cta,bulk,g2s,na,batched,na,4096,4,4,1,325,545,cycles,136.25,4.257812,30.062385,,intra_cta_bulk_g2s_alternating_batched_same_map_4096_4,data/ventus/V3.10/multi_context/same_direction/g2s/20260803T101253Z__v4__326f6a5e4973/raw.csv
h100,v4,same_direction,intra_cta,bulk,g2s,na,batched,na,4096,8,8,0,1042,1812,cycles,226.5,7.078125,18.083885,,same_direction|intra_cta|bulk|g2s|na|batched|na|4096|8|8||||,data/h100/cuda-13.3-sm90/multi_context/same_direction/g2s/20260803T101340Z__v4__2bc7fb0d1fad/attempt_01.csv
h100,v4,same_direction,intra_cta,bulk,g2s,na,batched,na,4096,8,8,1,1042,1812,cycles,226.5,7.078125,18.083885,,same_direction|intra_cta|bulk|g2s|na|batched|na|4096|8|8||||,data/h100/cuda-13.3-sm90/multi_context/same_direction/g2s/20260803T101340Z__v4__2bc7fb0d1fad/attempt_01.csv
b200,v4,same_direction,intra_cta,bulk,g2s,na,batched,na,4096,8,8,0,1070,2072,cycles,259.0,8.09375,15.814672,,same_direction|intra_cta|bulk|g2s|na|batched|na|4096|8|8||||,data/b200/cuda-13.3-sm100/multi_context/same_direction/g2s/20260803T101432Z__v4__d4bdf8df777c/attempt_01.csv
b200,v4,same_direction,intra_cta,bulk,g2s,na,batched,na,4096,8,8,1,1070,2072,cycles,259.0,8.09375,15.814672,,same_direction|intra_cta|bulk|g2s|na|batched|na|4096|8|8||||,data/b200/cuda-13.3-sm100/multi_context/same_direction/g2s/20260803T101432Z__v4__d4bdf8df777c/attempt_01.csv
h100,v4,same_direction,intra_cta,bulk,g2s,na,batched,na,4096,16,16,0,1898,3396,cycles,212.25,6.632812,19.297998,,same_direction|intra_cta|bulk|g2s|na|batched|na|4096|16|16||||,data/h100/cuda-13.3-sm90/multi_context/same_direction/g2s/20260803T101340Z__v4__2bc7fb0d1fad/attempt_01.csv
h100,v4,same_direction,intra_cta,bulk,g2s,na,batched,na,4096,16,16,1,1898,3396,cycles,212.25,6.632812,19.297998,,same_direction|intra_cta|bulk|g2s|na|batched|na|4096|16|16||||,data/h100/cuda-13.3-sm90/multi_context/same_direction/g2s/20260803T101340Z__v4__2bc7fb0d1fad/attempt_01.csv
b200,v4,same_direction,intra_cta,bulk,g2s,na,batched,na,4096,16,16,0,1910,3888,cycles,243.0,7.59375,16.855967,,same_direction|intra_cta|bulk|g2s|na|batched|na|4096|16|16||||,data/b200/cuda-13.3-sm100/multi_context/same_direction/g2s/20260803T101432Z__v4__d4bdf8df777c/attempt_01.csv
b200,v4,same_direction,intra_cta,bulk,g2s,na,batched,na,4096,16,16,1,1910,3888,cycles,243.0,7.59375,16.855967,,same_direction|intra_cta|bulk|g2s|na|batched|na|4096|16|16||||,data/b200/cuda-13.3-sm100/multi_context/same_direction/g2s/20260803T101432Z__v4__d4bdf8df777c/attempt_01.csv
h100,v4,same_direction,intra_cta,bulk,g2s,na,batched,na,4096,32,32,0,3610,6564,cycles,205.125,6.410156,19.968312,,same_direction|intra_cta|bulk|g2s|na|batched|na|4096|32|32||||,data/h100/cuda-13.3-sm90/multi_context/same_direction/g2s/20260803T101340Z__v4__2bc7fb0d1fad/attempt_01.csv
h100,v4,same_direction,intra_cta,bulk,g2s,na,batched,na,4096,32,32,1,3610,6564,cycles,205.125,6.410156,19.968312,,same_direction|intra_cta|bulk|g2s|na|batched|na|4096|32|32||||,data/h100/cuda-13.3-sm90/multi_context/same_direction/g2s/20260803T101340Z__v4__2bc7fb0d1fad/attempt_01.csv
b200,v4,same_direction,intra_cta,bulk,g2s,na,batched,na,4096,32,32,0,3590,7520,cycles,235.0,7.34375,17.429787,,same_direction|intra_cta|bulk|g2s|na|batched|na|4096|32|32||||,data/b200/cuda-13.3-sm100/multi_context/same_direction/g2s/20260803T101432Z__v4__d4bdf8df777c/attempt_01.csv
b200,v4,same_direction,intra_cta,bulk,g2s,na,batched,na,4096,32,32,1,3590,7520,cycles,235.0,7.34375,17.429787,,same_direction|intra_cta|bulk|g2s|na|batched|na|4096|32|32||||,data/b200/cuda-13.3-sm100/multi_context/same_direction/g2s/20260803T101432Z__v4__d4bdf8df777c/attempt_01.csv
h100,v4,same_direction,intra_cta,bulk,g2s,na,serial,na,4096,1,1,0,619,641,cycles,641.0,20.03125,6.390016,,same_direction|intra_cta|bulk|g2s|na|serial|na|4096|1|1||||,data/h100/cuda-13.3-sm90/multi_context/same_direction/g2s/20260803T101340Z__v4__2bc7fb0d1fad/attempt_01.csv
h100,v4,same_direction,intra_cta,bulk,g2s,na,serial,na,4096,1,1,1,589,611,cycles,611.0,19.09375,6.703764,,same_direction|intra_cta|bulk|g2s|na|serial|na|4096|1|1||||,data/h100/cuda-13.3-sm90/multi_context/same_direction/g2s/20260803T101340Z__v4__2bc7fb0d1fad/attempt_01.csv
b200,v4,same_direction,intra_cta,bulk,g2s,na,serial,na,4096,1,1,0,689,717,cycles,717.0,22.40625,5.712692,,same_direction|intra_cta|bulk|g2s|na|serial|na|4096|1|1||||,data/b200/cuda-13.3-sm100/multi_context/same_direction/g2s/20260803T101432Z__v4__d4bdf8df777c/attempt_01.csv
b200,v4,same_direction,intra_cta,bulk,g2s,na,serial,na,4096,1,1,1,728,745,cycles,745.0,23.28125,5.497987,,same_direction|intra_cta|bulk|g2s|na|serial|na|4096|1|1||||,data/b200/cuda-13.3-sm100/multi_context/same_direction/g2s/20260803T101432Z__v4__d4bdf8df777c/attempt_01.csv
ventus,v4,same_direction,intra_cta,bulk,g2s,na,serial,na,4096,1,1,0,217,225,cycles,225.0,7.03125,18.204444,,intra_cta_bulk_g2s_alternating_serial_same_map_4096_1,data/ventus/V3.10/multi_context/same_direction/g2s/20260803T101253Z__v4__326f6a5e4973/raw.csv
ventus,v4,same_direction,intra_cta,bulk,g2s,na,serial,na,4096,1,1,1,223,231,cycles,231.0,7.21875,17.731602,,intra_cta_bulk_g2s_alternating_serial_same_map_4096_1,data/ventus/V3.10/multi_context/same_direction/g2s/20260803T101253Z__v4__326f6a5e4973/raw.csv
h100,v4,same_direction,intra_cta,bulk,g2s,na,serial,na,4096,2,2,0,1152,1174,cycles,587.0,18.34375,6.977853,,same_direction|intra_cta|bulk|g2s|na|serial|na|4096|2|2||||,data/h100/cuda-13.3-sm90/multi_context/same_direction/g2s/20260803T101340Z__v4__2bc7fb0d1fad/attempt_01.csv
h100,v4,same_direction,intra_cta,bulk,g2s,na,serial,na,4096,2,2,1,1130,1152,cycles,576.0,18.0,7.111111,,same_direction|intra_cta|bulk|g2s|na|serial|na|4096|2|2||||,data/h100/cuda-13.3-sm90/multi_context/same_direction/g2s/20260803T101340Z__v4__2bc7fb0d1fad/attempt_01.csv
b200,v4,same_direction,intra_cta,bulk,g2s,na,serial,na,4096,2,2,0,1355,1383,cycles,691.5,21.609375,5.923355,,same_direction|intra_cta|bulk|g2s|na|serial|na|4096|2|2||||,data/b200/cuda-13.3-sm100/multi_context/same_direction/g2s/20260803T101432Z__v4__d4bdf8df777c/attempt_01.csv
b200,v4,same_direction,intra_cta,bulk,g2s,na,serial,na,4096,2,2,1,1394,1411,cycles,705.5,22.046875,5.805811,,same_direction|intra_cta|bulk|g2s|na|serial|na|4096|2|2||||,data/b200/cuda-13.3-sm100/multi_context/same_direction/g2s/20260803T101432Z__v4__d4bdf8df777c/attempt_01.csv
ventus,v4,same_direction,intra_cta,bulk,g2s,na,serial,na,4096,2,2,0,376,384,cycles,192.0,6.0,21.333333,,intra_cta_bulk_g2s_alternating_serial_same_map_4096_2,data/ventus/V3.10/multi_context/same_direction/g2s/20260803T101253Z__v4__326f6a5e4973/raw.csv
ventus,v4,same_direction,intra_cta,bulk,g2s,na,serial,na,4096,2,2,1,387,395,cycles,197.5,6.171875,20.739241,,intra_cta_bulk_g2s_alternating_serial_same_map_4096_2,data/ventus/V3.10/multi_context/same_direction/g2s/20260803T101253Z__v4__326f6a5e4973/raw.csv
h100,v4,same_direction,intra_cta,bulk,g2s,na,serial,na,4096,4,4,0,2235,2257,cycles,564.25,17.632812,7.259194,,same_direction|intra_cta|bulk|g2s|na|serial|na|4096|4|4||||,data/h100/cuda-13.3-sm90/multi_context/same_direction/g2s/20260803T101340Z__v4__2bc7fb0d1fad/attempt_01.csv
h100,v4,same_direction,intra_cta,bulk,g2s,na,serial,na,4096,4,4,1,2212,2234,cycles,558.5,17.453125,7.33393,,same_direction|intra_cta|bulk|g2s|na|serial|na|4096|4|4||||,data/h100/cuda-13.3-sm90/multi_context/same_direction/g2s/20260803T101340Z__v4__2bc7fb0d1fad/attempt_01.csv
b200,v4,same_direction,intra_cta,bulk,g2s,na,serial,na,4096,4,4,0,2687,2715,cycles,678.75,21.210938,6.034622,,same_direction|intra_cta|bulk|g2s|na|serial|na|4096|4|4||||,data/b200/cuda-13.3-sm100/multi_context/same_direction/g2s/20260803T101432Z__v4__d4bdf8df777c/attempt_01.csv
b200,v4,same_direction,intra_cta,bulk,g2s,na,serial,na,4096,4,4,1,2576,2593,cycles,648.25,20.257812,6.31855,,same_direction|intra_cta|bulk|g2s|na|serial|na|4096|4|4||||,data/b200/cuda-13.3-sm100/multi_context/same_direction/g2s/20260803T101432Z__v4__d4bdf8df777c/attempt_01.csv
ventus,v4,same_direction,intra_cta,bulk,g2s,na,serial,na,4096,4,4,0,705,713,cycles,178.25,5.570312,22.978962,,intra_cta_bulk_g2s_alternating_serial_same_map_4096_4,data/ventus/V3.10/multi_context/same_direction/g2s/20260803T101253Z__v4__326f6a5e4973/raw.csv
ventus,v4,same_direction,intra_cta,bulk,g2s,na,serial,na,4096,4,4,1,718,726,cycles,181.5,5.671875,22.567493,,intra_cta_bulk_g2s_alternating_serial_same_map_4096_4,data/ventus/V3.10/multi_context/same_direction/g2s/20260803T101253Z__v4__326f6a5e4973/raw.csv
h100,v4,same_direction,intra_cta,bulk,g2s,na,serial,na,4096,8,8,0,4402,4424,cycles,553.0,17.28125,7.406872,,same_direction|intra_cta|bulk|g2s|na|serial|na|4096|8|8||||,data/h100/cuda-13.3-sm90/multi_context/same_direction/g2s/20260803T101340Z__v4__2bc7fb0d1fad/attempt_01.csv
h100,v4,same_direction,intra_cta,bulk,g2s,na,serial,na,4096,8,8,1,4376,4398,cycles,549.75,17.179688,7.450659,,same_direction|intra_cta|bulk|g2s|na|serial|na|4096|8|8||||,data/h100/cuda-13.3-sm90/multi_context/same_direction/g2s/20260803T101340Z__v4__2bc7fb0d1fad/attempt_01.csv
b200,v4,same_direction,intra_cta,bulk,g2s,na,serial,na,4096,8,8,0,5201,5229,cycles,653.625,20.425781,6.26659,,same_direction|intra_cta|bulk|g2s|na|serial|na|4096|8|8||||,data/b200/cuda-13.3-sm100/multi_context/same_direction/g2s/20260803T101432Z__v4__d4bdf8df777c/attempt_01.csv
b200,v4,same_direction,intra_cta,bulk,g2s,na,serial,na,4096,8,8,1,5240,5257,cycles,657.125,20.535156,6.233213,,same_direction|intra_cta|bulk|g2s|na|serial|na|4096|8|8||||,data/b200/cuda-13.3-sm100/multi_context/same_direction/g2s/20260803T101432Z__v4__d4bdf8df777c/attempt_01.csv
h100,v4,same_direction,intra_cta,bulk,g2s,na,serial,na,4096,16,16,0,8727,8749,cycles,546.8125,17.087891,7.490685,,same_direction|intra_cta|bulk|g2s|na|serial|na|4096|16|16||||,data/h100/cuda-13.3-sm90/multi_context/same_direction/g2s/20260803T101340Z__v4__2bc7fb0d1fad/attempt_01.csv
h100,v4,same_direction,intra_cta,bulk,g2s,na,serial,na,4096,16,16,1,8704,8726,cycles,545.375,17.042969,7.510429,,same_direction|intra_cta|bulk|g2s|na|serial|na|4096|16|16||||,data/h100/cuda-13.3-sm90/multi_context/same_direction/g2s/20260803T101340Z__v4__2bc7fb0d1fad/attempt_01.csv
b200,v4,same_direction,intra_cta,bulk,g2s,na,serial,na,4096,16,16,0,10379,10407,cycles,650.4375,20.326172,6.2973,,same_direction|intra_cta|bulk|g2s|na|serial|na|4096|16|16||||,data/b200/cuda-13.3-sm100/multi_context/same_direction/g2s/20260803T101432Z__v4__d4bdf8df777c/attempt_01.csv
b200,v4,same_direction,intra_cta,bulk,g2s,na,serial,na,4096,16,16,1,10419,10436,cycles,652.25,20.382812,6.279801,,same_direction|intra_cta|bulk|g2s|na|serial|na|4096|16|16||||,data/b200/cuda-13.3-sm100/multi_context/same_direction/g2s/20260803T101432Z__v4__d4bdf8df777c/attempt_01.csv
h100,v4,same_direction,intra_cta,bulk,g2s,na,serial,na,4096,32,32,0,17383,17405,cycles,543.90625,16.99707,7.53071,,same_direction|intra_cta|bulk|g2s|na|serial|na|4096|32|32||||,data/h100/cuda-13.3-sm90/multi_context/same_direction/g2s/20260803T101340Z__v4__2bc7fb0d1fad/attempt_01.csv
h100,v4,same_direction,intra_cta,bulk,g2s,na,serial,na,4096,32,32,1,18410,18432,cycles,576.0,18.0,7.111111,,same_direction|intra_cta|bulk|g2s|na|serial|na|4096|32|32||||,data/h100/cuda-13.3-sm90/multi_context/same_direction/g2s/20260803T101340Z__v4__2bc7fb0d1fad/attempt_01.csv
b200,v4,same_direction,intra_cta,bulk,g2s,na,serial,na,4096,32,32,0,20735,20763,cycles,648.84375,20.276367,6.312768,,same_direction|intra_cta|bulk|g2s|na|serial|na|4096|32|32||||,data/b200/cuda-13.3-sm100/multi_context/same_direction/g2s/20260803T101432Z__v4__d4bdf8df777c/attempt_01.csv
b200,v4,same_direction,intra_cta,bulk,g2s,na,serial,na,4096,32,32,1,21227,21244,cycles,663.875,20.746094,6.169836,,same_direction|intra_cta|bulk|g2s|na|serial|na|4096|32|32||||,data/b200/cuda-13.3-sm100/multi_context/same_direction/g2s/20260803T101432Z__v4__d4bdf8df777c/attempt_01.csv
h100,v4,same_direction,multi_cta,bulk,g2s,na,batched,na,4096,1,1,0,160,352,ns,352.0,,,11.636364,same_direction|multi_cta|bulk|g2s|na|batched|na|4096|1|1||||,data/h100/cuda-13.3-sm90/multi_context/same_direction/g2s/20260803T101340Z__v4__2bc7fb0d1fad/attempt_01.csv
h100,v4,same_direction,multi_cta,bulk,g2s,na,batched,na,4096,1,1,1,96,320,ns,320.0,,,12.8,same_direction|multi_cta|bulk|g2s|na|batched|na|4096|1|1||||,data/h100/cuda-13.3-sm90/multi_context/same_direction/g2s/20260803T101340Z__v4__2bc7fb0d1fad/attempt_01.csv
b200,v4,same_direction,multi_cta,bulk,g2s,na,batched,na,4096,1,1,0,64,288,ns,288.0,,,14.222222,same_direction|multi_cta|bulk|g2s|na|batched|na|4096|1|1||||,data/b200/cuda-13.3-sm100/multi_context/same_direction/g2s/20260803T101432Z__v4__d4bdf8df777c/attempt_01.csv
b200,v4,same_direction,multi_cta,bulk,g2s,na,batched,na,4096,1,1,1,64,288,ns,288.0,,,14.222222,same_direction|multi_cta|bulk|g2s|na|batched|na|4096|1|1||||,data/b200/cuda-13.3-sm100/multi_context/same_direction/g2s/20260803T101432Z__v4__d4bdf8df777c/attempt_01.csv
ventus,v4,same_direction,multi_cta,bulk,g2s,na,batched,na,4096,1,1,0,114,237,cycles,237.0,7.40625,17.2827,,multi_cta_bulk_g2s_alternating_batched_same_map_4096_1,data/ventus/V3.10/multi_context/same_direction/g2s/20260803T101253Z__v4__326f6a5e4973/raw.csv
ventus,v4,same_direction,multi_cta,bulk,g2s,na,batched,na,4096,1,1,1,119,242,cycles,242.0,7.5625,16.92562,,multi_cta_bulk_g2s_alternating_batched_same_map_4096_1,data/ventus/V3.10/multi_context/same_direction/g2s/20260803T101253Z__v4__326f6a5e4973/raw.csv
h100,v4,same_direction,multi_cta,bulk,g2s,na,batched,na,4096,2,2,0,160,352,ns,176.0,,,23.272727,same_direction|multi_cta|bulk|g2s|na|batched|na|4096|2|2||||,data/h100/cuda-13.3-sm90/multi_context/same_direction/g2s/20260803T101340Z__v4__2bc7fb0d1fad/attempt_01.csv
h100,v4,same_direction,multi_cta,bulk,g2s,na,batched,na,4096,2,2,1,160,352,ns,176.0,,,23.272727,same_direction|multi_cta|bulk|g2s|na|batched|na|4096|2|2||||,data/h100/cuda-13.3-sm90/multi_context/same_direction/g2s/20260803T101340Z__v4__2bc7fb0d1fad/attempt_01.csv
b200,v4,same_direction,multi_cta,bulk,g2s,na,batched,na,4096,2,2,0,64,320,ns,160.0,,,25.6,same_direction|multi_cta|bulk|g2s|na|batched|na|4096|2|2||||,data/b200/cuda-13.3-sm100/multi_context/same_direction/g2s/20260803T101432Z__v4__d4bdf8df777c/attempt_01.csv
b200,v4,same_direction,multi_cta,bulk,g2s,na,batched,na,4096,2,2,1,64,288,ns,144.0,,,28.444444,same_direction|multi_cta|bulk|g2s|na|batched|na|4096|2|2||||,data/b200/cuda-13.3-sm100/multi_context/same_direction/g2s/20260803T101432Z__v4__d4bdf8df777c/attempt_01.csv
ventus,v4,same_direction,multi_cta,bulk,g2s,na,batched,na,4096,2,2,0,116,317,cycles,158.5,4.953125,25.842271,,multi_cta_bulk_g2s_alternating_batched_same_map_4096_2,data/ventus/V3.10/multi_context/same_direction/g2s/20260803T101253Z__v4__326f6a5e4973/raw.csv
ventus,v4,same_direction,multi_cta,bulk,g2s,na,batched,na,4096,2,2,1,136,315,cycles,157.5,4.921875,26.006349,,multi_cta_bulk_g2s_alternating_batched_same_map_4096_2,data/ventus/V3.10/multi_context/same_direction/g2s/20260803T101253Z__v4__326f6a5e4973/raw.csv
h100,v4,same_direction,multi_cta,bulk,g2s,na,batched,na,4096,4,4,0,160,352,ns,88.0,,,46.545455,same_direction|multi_cta|bulk|g2s|na|batched|na|4096|4|4||||,data/h100/cuda-13.3-sm90/multi_context/same_direction/g2s/20260803T101340Z__v4__2bc7fb0d1fad/attempt_01.csv
h100,v4,same_direction,multi_cta,bulk,g2s,na,batched,na,4096,4,4,1,192,416,ns,104.0,,,39.384615,same_direction|multi_cta|bulk|g2s|na|batched|na|4096|4|4||||,data/h100/cuda-13.3-sm90/multi_context/same_direction/g2s/20260803T101340Z__v4__2bc7fb0d1fad/attempt_01.csv
b200,v4,same_direction,multi_cta,bulk,g2s,na,batched,na,4096,4,4,0,128,352,ns,88.0,,,46.545455,same_direction|multi_cta|bulk|g2s|na|batched|na|4096|4|4||||,data/b200/cuda-13.3-sm100/multi_context/same_direction/g2s/20260803T101432Z__v4__d4bdf8df777c/attempt_01.csv
b200,v4,same_direction,multi_cta,bulk,g2s,na,batched,na,4096,4,4,1,128,352,ns,88.0,,,46.545455,same_direction|multi_cta|bulk|g2s|na|batched|na|4096|4|4||||,data/b200/cuda-13.3-sm100/multi_context/same_direction/g2s/20260803T101432Z__v4__d4bdf8df777c/attempt_01.csv
ventus,v4,same_direction,multi_cta,bulk,g2s,na,batched,na,4096,4,4,0,349,567,cycles,141.75,4.429688,28.895944,,multi_cta_bulk_g2s_alternating_batched_same_map_4096_4,data/ventus/V3.10/multi_context/same_direction/g2s/20260803T101253Z__v4__326f6a5e4973/raw.csv
ventus,v4,same_direction,multi_cta,bulk,g2s,na,batched,na,4096,4,4,1,369,566,cycles,141.5,4.421875,28.946996,,multi_cta_bulk_g2s_alternating_batched_same_map_4096_4,data/ventus/V3.10/multi_context/same_direction/g2s/20260803T101253Z__v4__326f6a5e4973/raw.csv
h100,v4,same_direction,multi_cta,bulk,g2s,na,batched,na,4096,8,8,0,128,320,ns,40.0,,,102.4,same_direction|multi_cta|bulk|g2s|na|batched|na|4096|8|8||||,data/h100/cuda-13.3-sm90/multi_context/same_direction/g2s/20260803T101340Z__v4__2bc7fb0d1fad/attempt_01.csv
h100,v4,same_direction,multi_cta,bulk,g2s,na,batched,na,4096,8,8,1,160,352,ns,44.0,,,93.090909,same_direction|multi_cta|bulk|g2s|na|batched|na|4096|8|8||||,data/h100/cuda-13.3-sm90/multi_context/same_direction/g2s/20260803T101340Z__v4__2bc7fb0d1fad/attempt_01.csv
b200,v4,same_direction,multi_cta,bulk,g2s,na,batched,na,4096,8,8,0,96,352,ns,44.0,,,93.090909,same_direction|multi_cta|bulk|g2s|na|batched|na|4096|8|8||||,data/b200/cuda-13.3-sm100/multi_context/same_direction/g2s/20260803T101432Z__v4__d4bdf8df777c/attempt_01.csv
b200,v4,same_direction,multi_cta,bulk,g2s,na,batched,na,4096,8,8,1,192,416,ns,52.0,,,78.769231,same_direction|multi_cta|bulk|g2s|na|batched|na|4096|8|8||||,data/b200/cuda-13.3-sm100/multi_context/same_direction/g2s/20260803T101432Z__v4__d4bdf8df777c/attempt_01.csv
ventus,v4,same_direction,multi_cta,bulk,g2s,na,batched,na,4096,8,8,0,23000,23125,cycles,2890.625,90.332031,1.416995,,multi_cta_bulk_g2s_alternating_batched_same_map_4096_8,data/ventus/V3.10/multi_context/same_direction/g2s/20260803T101253Z__v4__326f6a5e4973/raw.csv
ventus,v4,same_direction,multi_cta,bulk,g2s,na,batched,na,4096,8,8,1,22945,23068,cycles,2883.5,90.109375,1.420496,,multi_cta_bulk_g2s_alternating_batched_same_map_4096_8,data/ventus/V3.10/multi_context/same_direction/g2s/20260803T101253Z__v4__326f6a5e4973/raw.csv
h100,v4,same_direction,multi_cta,bulk,g2s,na,batched,na,4096,16,16,0,352,544,ns,34.0,,,120.470588,same_direction|multi_cta|bulk|g2s|na|batched|na|4096|16|16||||,data/h100/cuda-13.3-sm90/multi_context/same_direction/g2s/20260803T101340Z__v4__2bc7fb0d1fad/attempt_01.csv
h100,v4,same_direction,multi_cta,bulk,g2s,na,batched,na,4096,16,16,1,288,480,ns,30.0,,,136.533333,same_direction|multi_cta|bulk|g2s|na|batched|na|4096|16|16||||,data/h100/cuda-13.3-sm90/multi_context/same_direction/g2s/20260803T101340Z__v4__2bc7fb0d1fad/attempt_01.csv
b200,v4,same_direction,multi_cta,bulk,g2s,na,batched,na,4096,16,16,0,448,608,ns,38.0,,,107.789474,same_direction|multi_cta|bulk|g2s|na|batched|na|4096|16|16||||,data/b200/cuda-13.3-sm100/multi_context/same_direction/g2s/20260803T101432Z__v4__d4bdf8df777c/attempt_01.csv
b200,v4,same_direction,multi_cta,bulk,g2s,na,batched,na,4096,16,16,1,224,448,ns,28.0,,,146.285714,same_direction|multi_cta|bulk|g2s|na|batched|na|4096|16|16||||,data/b200/cuda-13.3-sm100/multi_context/same_direction/g2s/20260803T101432Z__v4__d4bdf8df777c/attempt_01.csv
ventus,v4,same_direction,multi_cta,bulk,g2s,na,batched,na,4096,16,16,0,45815,45938,cycles,2871.125,89.722656,1.426618,,multi_cta_bulk_g2s_alternating_batched_same_map_4096_16,data/ventus/V3.10/multi_context/same_direction/g2s/20260803T101253Z__v4__326f6a5e4973/raw.csv
ventus,v4,same_direction,multi_cta,bulk,g2s,na,batched,na,4096,16,16,1,45755,45881,cycles,2867.5625,89.611328,1.428391,,multi_cta_bulk_g2s_alternating_batched_same_map_4096_16,data/ventus/V3.10/multi_context/same_direction/g2s/20260803T101253Z__v4__326f6a5e4973/raw.csv
h100,v4,same_direction,multi_cta,bulk,g2s,na,batched,na,4096,32,32,0,352,576,ns,18.0,,,227.555556,same_direction|multi_cta|bulk|g2s|na|batched|na|4096|32|32||||,data/h100/cuda-13.3-sm90/multi_context/same_direction/g2s/20260803T101340Z__v4__2bc7fb0d1fad/attempt_01.csv
h100,v4,same_direction,multi_cta,bulk,g2s,na,batched,na,4096,32,32,1,320,544,ns,17.0,,,240.941176,same_direction|multi_cta|bulk|g2s|na|batched|na|4096|32|32||||,data/h100/cuda-13.3-sm90/multi_context/same_direction/g2s/20260803T101340Z__v4__2bc7fb0d1fad/attempt_01.csv
b200,v4,same_direction,multi_cta,bulk,g2s,na,batched,na,4096,32,32,0,256,512,ns,16.0,,,256.0,same_direction|multi_cta|bulk|g2s|na|batched|na|4096|32|32||||,data/b200/cuda-13.3-sm100/multi_context/same_direction/g2s/20260803T101432Z__v4__d4bdf8df777c/attempt_01.csv
b200,v4,same_direction,multi_cta,bulk,g2s,na,batched,na,4096,32,32,1,352,768,ns,24.0,,,170.666667,same_direction|multi_cta|bulk|g2s|na|batched|na|4096|32|32||||,data/b200/cuda-13.3-sm100/multi_context/same_direction/g2s/20260803T101432Z__v4__d4bdf8df777c/attempt_01.csv
h100,v4,same_direction,intra_cta,tensor,g2s,na,batched,distinct_map,128,1,1,0,308,870,cycles,870.0,870.0,0.147126,,same_direction|intra_cta|tensor|g2s|na|batched|distinct_map|128|1|1||||,data/h100/cuda-13.3-sm90/multi_context/same_direction/g2s/20260803T101340Z__v4__2bc7fb0d1fad/attempt_01.csv
h100,v4,same_direction,intra_cta,tensor,g2s,na,batched,distinct_map,128,1,1,1,259,521,cycles,521.0,521.0,0.245681,,same_direction|intra_cta|tensor|g2s|na|batched|distinct_map|128|1|1||||,data/h100/cuda-13.3-sm90/multi_context/same_direction/g2s/20260803T101340Z__v4__2bc7fb0d1fad/attempt_01.csv
b200,v4,same_direction,intra_cta,tensor,g2s,na,batched,distinct_map,128,1,1,0,337,915,cycles,915.0,915.0,0.139891,,same_direction|intra_cta|tensor|g2s|na|batched|distinct_map|128|1|1||||,data/b200/cuda-13.3-sm100/multi_context/same_direction/g2s/20260803T101432Z__v4__d4bdf8df777c/attempt_01.csv
b200,v4,same_direction,intra_cta,tensor,g2s,na,batched,distinct_map,128,1,1,1,275,604,cycles,604.0,604.0,0.211921,,same_direction|intra_cta|tensor|g2s|na|batched|distinct_map|128|1|1||||,data/b200/cuda-13.3-sm100/multi_context/same_direction/g2s/20260803T101432Z__v4__d4bdf8df777c/attempt_01.csv
ventus,v4,same_direction,intra_cta,tensor,g2s,na,batched,distinct_map,128,1,1,0,142,234,cycles,234.0,234.0,0.547009,,intra_cta_tensor_g2s_alternating_batched_distinct_map_128_1,data/ventus/V3.10/multi_context/same_direction/g2s/20260803T101253Z__v4__326f6a5e4973/raw.csv
ventus,v4,same_direction,intra_cta,tensor,g2s,na,batched,distinct_map,128,1,1,1,142,200,cycles,200.0,200.0,0.64,,intra_cta_tensor_g2s_alternating_batched_distinct_map_128_1,data/ventus/V3.10/multi_context/same_direction/g2s/20260803T101253Z__v4__326f6a5e4973/raw.csv
h100,v4,same_direction,intra_cta,tensor,g2s,na,batched,distinct_map,128,2,2,0,445,960,cycles,480.0,480.0,0.266667,,same_direction|intra_cta|tensor|g2s|na|batched|distinct_map|128|2|2||||,data/h100/cuda-13.3-sm90/multi_context/same_direction/g2s/20260803T101340Z__v4__2bc7fb0d1fad/attempt_01.csv
h100,v4,same_direction,intra_cta,tensor,g2s,na,batched,distinct_map,128,2,2,1,379,732,cycles,366.0,366.0,0.349727,,same_direction|intra_cta|tensor|g2s|na|batched|distinct_map|128|2|2||||,data/h100/cuda-13.3-sm90/multi_context/same_direction/g2s/20260803T101340Z__v4__2bc7fb0d1fad/attempt_01.csv
b200,v4,same_direction,intra_cta,tensor,g2s,na,batched,distinct_map,128,2,2,0,463,1013,cycles,506.5,506.5,0.252715,,same_direction|intra_cta|tensor|g2s|na|batched|distinct_map|128|2|2||||,data/b200/cuda-13.3-sm100/multi_context/same_direction/g2s/20260803T101432Z__v4__d4bdf8df777c/attempt_01.csv
b200,v4,same_direction,intra_cta,tensor,g2s,na,batched,distinct_map,128,2,2,1,472,742,cycles,371.0,371.0,0.345013,,same_direction|intra_cta|tensor|g2s|na|batched|distinct_map|128|2|2||||,data/b200/cuda-13.3-sm100/multi_context/same_direction/g2s/20260803T101432Z__v4__d4bdf8df777c/attempt_01.csv
ventus,v4,same_direction,intra_cta,tensor,g2s,na,batched,distinct_map,128,2,2,0,286,378,cycles,189.0,189.0,0.677249,,intra_cta_tensor_g2s_alternating_batched_distinct_map_128_2,data/ventus/V3.10/multi_context/same_direction/g2s/20260803T101253Z__v4__326f6a5e4973/raw.csv
ventus,v4,same_direction,intra_cta,tensor,g2s,na,batched,distinct_map,128,2,2,1,289,345,cycles,172.5,172.5,0.742029,,intra_cta_tensor_g2s_alternating_batched_distinct_map_128_2,data/ventus/V3.10/multi_context/same_direction/g2s/20260803T101253Z__v4__326f6a5e4973/raw.csv
h100,v4,same_direction,intra_cta,tensor,g2s,na,batched,distinct_map,128,4,4,0,608,1174,cycles,293.5,293.5,0.436116,,same_direction|intra_cta|tensor|g2s|na|batched|distinct_map|128|4|4||||,data/h100/cuda-13.3-sm90/multi_context/same_direction/g2s/20260803T101340Z__v4__2bc7fb0d1fad/attempt_01.csv
h100,v4,same_direction,intra_cta,tensor,g2s,na,batched,distinct_map,128,4,4,1,608,1014,cycles,253.5,253.5,0.504931,,same_direction|intra_cta|tensor|g2s|na|batched|distinct_map|128|4|4||||,data/h100/cuda-13.3-sm90/multi_context/same_direction/g2s/20260803T101340Z__v4__2bc7fb0d1fad/attempt_01.csv
b200,v4,same_direction,intra_cta,tensor,g2s,na,batched,distinct_map,128,4,4,0,626,1140,cycles,285.0,285.0,0.449123,,same_direction|intra_cta|tensor|g2s|na|batched|distinct_map|128|4|4||||,data/b200/cuda-13.3-sm100/multi_context/same_direction/g2s/20260803T101432Z__v4__d4bdf8df777c/attempt_01.csv
b200,v4,same_direction,intra_cta,tensor,g2s,na,batched,distinct_map,128,4,4,1,626,1140,cycles,285.0,285.0,0.449123,,same_direction|intra_cta|tensor|g2s|na|batched|distinct_map|128|4|4||||,data/b200/cuda-13.3-sm100/multi_context/same_direction/g2s/20260803T101432Z__v4__d4bdf8df777c/attempt_01.csv
ventus,v4,same_direction,intra_cta,tensor,g2s,na,batched,distinct_map,128,4,4,0,581,680,cycles,170.0,170.0,0.752941,,intra_cta_tensor_g2s_alternating_batched_distinct_map_128_4,data/ventus/V3.10/multi_context/same_direction/g2s/20260803T101253Z__v4__326f6a5e4973/raw.csv
ventus,v4,same_direction,intra_cta,tensor,g2s,na,batched,distinct_map,128,4,4,1,577,676,cycles,169.0,169.0,0.757396,,intra_cta_tensor_g2s_alternating_batched_distinct_map_128_4,data/ventus/V3.10/multi_context/same_direction/g2s/20260803T101253Z__v4__326f6a5e4973/raw.csv
h100,v4,same_direction,intra_cta,tensor,g2s,na,batched,distinct_map,128,8,8,0,997,1767,cycles,220.875,220.875,0.579513,,same_direction|intra_cta|tensor|g2s|na|batched|distinct_map|128|8|8||||,data/h100/cuda-13.3-sm90/multi_context/same_direction/g2s/20260803T101340Z__v4__2bc7fb0d1fad/attempt_01.csv
h100,v4,same_direction,intra_cta,tensor,g2s,na,batched,distinct_map,128,8,8,1,997,1767,cycles,220.875,220.875,0.579513,,same_direction|intra_cta|tensor|g2s|na|batched|distinct_map|128|8|8||||,data/h100/cuda-13.3-sm90/multi_context/same_direction/g2s/20260803T101340Z__v4__2bc7fb0d1fad/attempt_01.csv
b200,v4,same_direction,intra_cta,tensor,g2s,na,batched,distinct_map,128,8,8,0,1000,2002,cycles,250.25,250.25,0.511489,,same_direction|intra_cta|tensor|g2s|na|batched|distinct_map|128|8|8||||,data/b200/cuda-13.3-sm100/multi_context/same_direction/g2s/20260803T101432Z__v4__d4bdf8df777c/attempt_01.csv
b200,v4,same_direction,intra_cta,tensor,g2s,na,batched,distinct_map,128,8,8,1,1000,2002,cycles,250.25,250.25,0.511489,,same_direction|intra_cta|tensor|g2s|na|batched|distinct_map|128|8|8||||,data/b200/cuda-13.3-sm100/multi_context/same_direction/g2s/20260803T101432Z__v4__d4bdf8df777c/attempt_01.csv
h100,v4,same_direction,intra_cta,tensor,g2s,na,batched,distinct_map,128,16,16,0,1775,3273,cycles,204.5625,204.5625,0.625726,,same_direction|intra_cta|tensor|g2s|na|batched|distinct_map|128|16|16||||,data/h100/cuda-13.3-sm90/multi_context/same_direction/g2s/20260803T101340Z__v4__2bc7fb0d1fad/attempt_01.csv
h100,v4,same_direction,intra_cta,tensor,g2s,na,batched,distinct_map,128,16,16,1,1775,3273,cycles,204.5625,204.5625,0.625726,,same_direction|intra_cta|tensor|g2s|na|batched|distinct_map|128|16|16||||,data/h100/cuda-13.3-sm90/multi_context/same_direction/g2s/20260803T101340Z__v4__2bc7fb0d1fad/attempt_01.csv
b200,v4,same_direction,intra_cta,tensor,g2s,na,batched,distinct_map,128,16,16,0,1748,3726,cycles,232.875,232.875,0.549651,,same_direction|intra_cta|tensor|g2s|na|batched|distinct_map|128|16|16||||,data/b200/cuda-13.3-sm100/multi_context/same_direction/g2s/20260803T101432Z__v4__d4bdf8df777c/attempt_01.csv
b200,v4,same_direction,intra_cta,tensor,g2s,na,batched,distinct_map,128,16,16,1,1748,3726,cycles,232.875,232.875,0.549651,,same_direction|intra_cta|tensor|g2s|na|batched|distinct_map|128|16|16||||,data/b200/cuda-13.3-sm100/multi_context/same_direction/g2s/20260803T101432Z__v4__d4bdf8df777c/attempt_01.csv
h100,v4,same_direction,intra_cta,tensor,g2s,na,batched,distinct_map,128,32,32,0,3599,6553,cycles,204.78125,204.78125,0.625057,,same_direction|intra_cta|tensor|g2s|na|batched|distinct_map|128|32|32||||,data/h100/cuda-13.3-sm90/multi_context/same_direction/g2s/20260803T101340Z__v4__2bc7fb0d1fad/attempt_01.csv
h100,v4,same_direction,intra_cta,tensor,g2s,na,batched,distinct_map,128,32,32,1,3331,6285,cycles,196.40625,196.40625,0.65171,,same_direction|intra_cta|tensor|g2s|na|batched|distinct_map|128|32|32||||,data/h100/cuda-13.3-sm90/multi_context/same_direction/g2s/20260803T101340Z__v4__2bc7fb0d1fad/attempt_01.csv
b200,v4,same_direction,intra_cta,tensor,g2s,na,batched,distinct_map,128,32,32,0,3244,7174,cycles,224.1875,224.1875,0.570951,,same_direction|intra_cta|tensor|g2s|na|batched|distinct_map|128|32|32||||,data/b200/cuda-13.3-sm100/multi_context/same_direction/g2s/20260803T101432Z__v4__d4bdf8df777c/attempt_01.csv
b200,v4,same_direction,intra_cta,tensor,g2s,na,batched,distinct_map,128,32,32,1,3244,7174,cycles,224.1875,224.1875,0.570951,,same_direction|intra_cta|tensor|g2s|na|batched|distinct_map|128|32|32||||,data/b200/cuda-13.3-sm100/multi_context/same_direction/g2s/20260803T101432Z__v4__d4bdf8df777c/attempt_01.csv
h100,v4,same_direction,intra_cta,tensor,g2s,na,batched,same_map,128,1,1,0,447,871,cycles,871.0,871.0,0.146958,,same_direction|intra_cta|tensor|g2s|na|batched|same_map|128|1|1||||,data/h100/cuda-13.3-sm90/multi_context/same_direction/g2s/20260803T101340Z__v4__2bc7fb0d1fad/attempt_01.csv
h100,v4,same_direction,intra_cta,tensor,g2s,na,batched,same_map,128,1,1,1,259,521,cycles,521.0,521.0,0.245681,,same_direction|intra_cta|tensor|g2s|na|batched|same_map|128|1|1||||,data/h100/cuda-13.3-sm90/multi_context/same_direction/g2s/20260803T101340Z__v4__2bc7fb0d1fad/attempt_01.csv
b200,v4,same_direction,intra_cta,tensor,g2s,na,batched,same_map,128,1,1,0,510,1088,cycles,1088.0,1088.0,0.117647,,same_direction|intra_cta|tensor|g2s|na|batched|same_map|128|1|1||||,data/b200/cuda-13.3-sm100/multi_context/same_direction/g2s/20260803T101432Z__v4__d4bdf8df777c/attempt_01.csv
b200,v4,same_direction,intra_cta,tensor,g2s,na,batched,same_map,128,1,1,1,275,604,cycles,604.0,604.0,0.211921,,same_direction|intra_cta|tensor|g2s|na|batched|same_map|128|1|1||||,data/b200/cuda-13.3-sm100/multi_context/same_direction/g2s/20260803T101432Z__v4__d4bdf8df777c/attempt_01.csv
ventus,v4,same_direction,intra_cta,tensor,g2s,na,batched,same_map,128,1,1,0,142,234,cycles,234.0,234.0,0.547009,,intra_cta_tensor_g2s_alternating_batched_same_map_128_1,data/ventus/V3.10/multi_context/same_direction/g2s/20260803T101253Z__v4__326f6a5e4973/raw.csv
ventus,v4,same_direction,intra_cta,tensor,g2s,na,batched,same_map,128,1,1,1,142,200,cycles,200.0,200.0,0.64,,intra_cta_tensor_g2s_alternating_batched_same_map_128_1,data/ventus/V3.10/multi_context/same_direction/g2s/20260803T101253Z__v4__326f6a5e4973/raw.csv
h100,v4,same_direction,intra_cta,tensor,g2s,na,batched,same_map,128,2,2,0,477,992,cycles,496.0,496.0,0.258065,,same_direction|intra_cta|tensor|g2s|na|batched|same_map|128|2|2||||,data/h100/cuda-13.3-sm90/multi_context/same_direction/g2s/20260803T101340Z__v4__2bc7fb0d1fad/attempt_01.csv
h100,v4,same_direction,intra_cta,tensor,g2s,na,batched,same_map,128,2,2,1,379,732,cycles,366.0,366.0,0.349727,,same_direction|intra_cta|tensor|g2s|na|batched|same_map|128|2|2||||,data/h100/cuda-13.3-sm90/multi_context/same_direction/g2s/20260803T101340Z__v4__2bc7fb0d1fad/attempt_01.csv
b200,v4,same_direction,intra_cta,tensor,g2s,na,batched,same_map,128,2,2,0,516,1066,cycles,533.0,533.0,0.24015,,same_direction|intra_cta|tensor|g2s|na|batched|same_map|128|2|2||||,data/b200/cuda-13.3-sm100/multi_context/same_direction/g2s/20260803T101432Z__v4__d4bdf8df777c/attempt_01.csv
b200,v4,same_direction,intra_cta,tensor,g2s,na,batched,same_map,128,2,2,1,385,850,cycles,425.0,425.0,0.301176,,same_direction|intra_cta|tensor|g2s|na|batched|same_map|128|2|2||||,data/b200/cuda-13.3-sm100/multi_context/same_direction/g2s/20260803T101432Z__v4__d4bdf8df777c/attempt_01.csv
ventus,v4,same_direction,intra_cta,tensor,g2s,na,batched,same_map,128,2,2,0,280,345,cycles,172.5,172.5,0.742029,,intra_cta_tensor_g2s_alternating_batched_same_map_128_2,data/ventus/V3.10/multi_context/same_direction/g2s/20260803T101253Z__v4__326f6a5e4973/raw.csv
ventus,v4,same_direction,intra_cta,tensor,g2s,na,batched,same_map,128,2,2,1,280,336,cycles,168.0,168.0,0.761905,,intra_cta_tensor_g2s_alternating_batched_same_map_128_2,data/ventus/V3.10/multi_context/same_direction/g2s/20260803T101253Z__v4__326f6a5e4973/raw.csv
h100,v4,same_direction,intra_cta,tensor,g2s,na,batched,same_map,128,4,4,0,714,1120,cycles,280.0,280.0,0.457143,,same_direction|intra_cta|tensor|g2s|na|batched|same_map|128|4|4||||,data/h100/cuda-13.3-sm90/multi_context/same_direction/g2s/20260803T101340Z__v4__2bc7fb0d1fad/attempt_01.csv
h100,v4,same_direction,intra_cta,tensor,g2s,na,batched,same_map,128,4,4,1,608,1014,cycles,253.5,253.5,0.504931,,same_direction|intra_cta|tensor|g2s|na|batched|same_map|128|4|4||||,data/h100/cuda-13.3-sm90/multi_context/same_direction/g2s/20260803T101340Z__v4__2bc7fb0d1fad/attempt_01.csv
b200,v4,same_direction,intra_cta,tensor,g2s,na,batched,same_map,128,4,4,0,825,1339,cycles,334.75,334.75,0.382375,,same_direction|intra_cta|tensor|g2s|na|batched|same_map|128|4|4||||,data/b200/cuda-13.3-sm100/multi_context/same_direction/g2s/20260803T101432Z__v4__d4bdf8df777c/attempt_01.csv
b200,v4,same_direction,intra_cta,tensor,g2s,na,batched,same_map,128,4,4,1,626,1140,cycles,285.0,285.0,0.449123,,same_direction|intra_cta|tensor|g2s|na|batched|same_map|128|4|4||||,data/b200/cuda-13.3-sm100/multi_context/same_direction/g2s/20260803T101432Z__v4__d4bdf8df777c/attempt_01.csv
ventus,v4,same_direction,intra_cta,tensor,g2s,na,batched,same_map,128,4,4,0,568,667,cycles,166.75,166.75,0.767616,,intra_cta_tensor_g2s_alternating_batched_same_map_128_4,data/ventus/V3.10/multi_context/same_direction/g2s/20260803T101253Z__v4__326f6a5e4973/raw.csv
ventus,v4,same_direction,intra_cta,tensor,g2s,na,batched,same_map,128,4,4,1,568,667,cycles,166.75,166.75,0.767616,,intra_cta_tensor_g2s_alternating_batched_same_map_128_4,data/ventus/V3.10/multi_context/same_direction/g2s/20260803T101253Z__v4__326f6a5e4973/raw.csv
h100,v4,same_direction,intra_cta,tensor,g2s,na,batched,same_map,128,8,8,0,997,1767,cycles,220.875,220.875,0.579513,,same_direction|intra_cta|tensor|g2s|na|batched|same_map|128|8|8||||,data/h100/cuda-13.3-sm90/multi_context/same_direction/g2s/20260803T101340Z__v4__2bc7fb0d1fad/attempt_01.csv
h100,v4,same_direction,intra_cta,tensor,g2s,na,batched,same_map,128,8,8,1,997,1767,cycles,220.875,220.875,0.579513,,same_direction|intra_cta|tensor|g2s|na|batched|same_map|128|8|8||||,data/h100/cuda-13.3-sm90/multi_context/same_direction/g2s/20260803T101340Z__v4__2bc7fb0d1fad/attempt_01.csv
b200,v4,same_direction,intra_cta,tensor,g2s,na,batched,same_map,128,8,8,0,1000,2002,cycles,250.25,250.25,0.511489,,same_direction|intra_cta|tensor|g2s|na|batched|same_map|128|8|8||||,data/b200/cuda-13.3-sm100/multi_context/same_direction/g2s/20260803T101432Z__v4__d4bdf8df777c/attempt_01.csv
b200,v4,same_direction,intra_cta,tensor,g2s,na,batched,same_map,128,8,8,1,1000,2002,cycles,250.25,250.25,0.511489,,same_direction|intra_cta|tensor|g2s|na|batched|same_map|128|8|8||||,data/b200/cuda-13.3-sm100/multi_context/same_direction/g2s/20260803T101432Z__v4__d4bdf8df777c/attempt_01.csv
h100,v4,same_direction,intra_cta,tensor,g2s,na,batched,same_map,128,16,16,0,1775,3273,cycles,204.5625,204.5625,0.625726,,same_direction|intra_cta|tensor|g2s|na|batched|same_map|128|16|16||||,data/h100/cuda-13.3-sm90/multi_context/same_direction/g2s/20260803T101340Z__v4__2bc7fb0d1fad/attempt_01.csv
h100,v4,same_direction,intra_cta,tensor,g2s,na,batched,same_map,128,16,16,1,1775,3273,cycles,204.5625,204.5625,0.625726,,same_direction|intra_cta|tensor|g2s|na|batched|same_map|128|16|16||||,data/h100/cuda-13.3-sm90/multi_context/same_direction/g2s/20260803T101340Z__v4__2bc7fb0d1fad/attempt_01.csv
b200,v4,same_direction,intra_cta,tensor,g2s,na,batched,same_map,128,16,16,0,1748,3726,cycles,232.875,232.875,0.549651,,same_direction|intra_cta|tensor|g2s|na|batched|same_map|128|16|16||||,data/b200/cuda-13.3-sm100/multi_context/same_direction/g2s/20260803T101432Z__v4__d4bdf8df777c/attempt_01.csv
b200,v4,same_direction,intra_cta,tensor,g2s,na,batched,same_map,128,16,16,1,1748,3726,cycles,232.875,232.875,0.549651,,same_direction|intra_cta|tensor|g2s|na|batched|same_map|128|16|16||||,data/b200/cuda-13.3-sm100/multi_context/same_direction/g2s/20260803T101432Z__v4__d4bdf8df777c/attempt_01.csv
h100,v4,same_direction,intra_cta,tensor,g2s,na,batched,same_map,128,32,32,0,3320,6274,cycles,196.0625,196.0625,0.652853,,same_direction|intra_cta|tensor|g2s|na|batched|same_map|128|32|32||||,data/h100/cuda-13.3-sm90/multi_context/same_direction/g2s/20260803T101340Z__v4__2bc7fb0d1fad/attempt_01.csv
h100,v4,same_direction,intra_cta,tensor,g2s,na,batched,same_map,128,32,32,1,3331,6285,cycles,196.40625,196.40625,0.65171,,same_direction|intra_cta|tensor|g2s|na|batched|same_map|128|32|32||||,data/h100/cuda-13.3-sm90/multi_context/same_direction/g2s/20260803T101340Z__v4__2bc7fb0d1fad/attempt_01.csv
b200,v4,same_direction,intra_cta,tensor,g2s,na,batched,same_map,128,32,32,0,3232,7162,cycles,223.8125,223.8125,0.571907,,same_direction|intra_cta|tensor|g2s|na|batched|same_map|128|32|32||||,data/b200/cuda-13.3-sm100/multi_context/same_direction/g2s/20260803T101432Z__v4__d4bdf8df777c/attempt_01.csv
b200,v4,same_direction,intra_cta,tensor,g2s,na,batched,same_map,128,32,32,1,3244,7174,cycles,224.1875,224.1875,0.570951,,same_direction|intra_cta|tensor|g2s|na|batched|same_map|128|32|32||||,data/b200/cuda-13.3-sm100/multi_context/same_direction/g2s/20260803T101432Z__v4__d4bdf8df777c/attempt_01.csv
h100,v4,same_direction,intra_cta,tensor,g2s,na,serial,distinct_map,128,1,1,0,870,892,cycles,892.0,892.0,0.143498,,same_direction|intra_cta|tensor|g2s|na|serial|distinct_map|128|1|1||||,data/h100/cuda-13.3-sm90/multi_context/same_direction/g2s/20260803T101340Z__v4__2bc7fb0d1fad/attempt_01.csv
h100,v4,same_direction,intra_cta,tensor,g2s,na,serial,distinct_map,128,1,1,1,570,592,cycles,592.0,592.0,0.216216,,same_direction|intra_cta|tensor|g2s|na|serial|distinct_map|128|1|1||||,data/h100/cuda-13.3-sm90/multi_context/same_direction/g2s/20260803T101340Z__v4__2bc7fb0d1fad/attempt_01.csv
b200,v4,same_direction,intra_cta,tensor,g2s,na,serial,distinct_map,128,1,1,0,915,932,cycles,932.0,932.0,0.137339,,same_direction|intra_cta|tensor|g2s|na|serial|distinct_map|128|1|1||||,data/b200/cuda-13.3-sm100/multi_context/same_direction/g2s/20260803T101432Z__v4__d4bdf8df777c/attempt_01.csv
b200,v4,same_direction,intra_cta,tensor,g2s,na,serial,distinct_map,128,1,1,1,596,613,cycles,613.0,613.0,0.208809,,same_direction|intra_cta|tensor|g2s|na|serial|distinct_map|128|1|1||||,data/b200/cuda-13.3-sm100/multi_context/same_direction/g2s/20260803T101432Z__v4__d4bdf8df777c/attempt_01.csv
ventus,v4,same_direction,intra_cta,tensor,g2s,na,serial,distinct_map,128,1,1,0,230,238,cycles,238.0,238.0,0.537815,,intra_cta_tensor_g2s_alternating_serial_distinct_map_128_1,data/ventus/V3.10/multi_context/same_direction/g2s/20260803T101253Z__v4__326f6a5e4973/raw.csv
ventus,v4,same_direction,intra_cta,tensor,g2s,na,serial,distinct_map,128,1,1,1,194,202,cycles,202.0,202.0,0.633663,,intra_cta_tensor_g2s_alternating_serial_distinct_map_128_1,data/ventus/V3.10/multi_context/same_direction/g2s/20260803T101253Z__v4__326f6a5e4973/raw.csv
h100,v4,same_direction,intra_cta,tensor,g2s,na,serial,distinct_map,128,2,2,0,1392,1414,cycles,707.0,707.0,0.181047,,same_direction|intra_cta|tensor|g2s|na|serial|distinct_map|128|2|2||||,data/h100/cuda-13.3-sm90/multi_context/same_direction/g2s/20260803T101340Z__v4__2bc7fb0d1fad/attempt_01.csv
h100,v4,same_direction,intra_cta,tensor,g2s,na,serial,distinct_map,128,2,2,1,1092,1114,cycles,557.0,557.0,0.229803,,same_direction|intra_cta|tensor|g2s|na|serial|distinct_map|128|2|2||||,data/h100/cuda-13.3-sm90/multi_context/same_direction/g2s/20260803T101340Z__v4__2bc7fb0d1fad/attempt_01.csv
b200,v4,same_direction,intra_cta,tensor,g2s,na,serial,distinct_map,128,2,2,0,1748,1765,cycles,882.5,882.5,0.145042,,same_direction|intra_cta|tensor|g2s|na|serial|distinct_map|128|2|2||||,data/b200/cuda-13.3-sm100/multi_context/same_direction/g2s/20260803T101432Z__v4__d4bdf8df777c/attempt_01.csv
b200,v4,same_direction,intra_cta,tensor,g2s,na,serial,distinct_map,128,2,2,1,1130,1147,cycles,573.5,573.5,0.223191,,same_direction|intra_cta|tensor|g2s|na|serial|distinct_map|128|2|2||||,data/b200/cuda-13.3-sm100/multi_context/same_direction/g2s/20260803T101432Z__v4__d4bdf8df777c/attempt_01.csv
ventus,v4,same_direction,intra_cta,tensor,g2s,na,serial,distinct_map,128,2,2,0,464,472,cycles,236.0,236.0,0.542373,,intra_cta_tensor_g2s_alternating_serial_distinct_map_128_2,data/ventus/V3.10/multi_context/same_direction/g2s/20260803T101253Z__v4__326f6a5e4973/raw.csv
ventus,v4,same_direction,intra_cta,tensor,g2s,na,serial,distinct_map,128,2,2,1,392,400,cycles,200.0,200.0,0.64,,intra_cta_tensor_g2s_alternating_serial_distinct_map_128_2,data/ventus/V3.10/multi_context/same_direction/g2s/20260803T101253Z__v4__326f6a5e4973/raw.csv
h100,v4,same_direction,intra_cta,tensor,g2s,na,serial,distinct_map,128,4,4,0,2767,2789,cycles,697.25,697.25,0.183578,,same_direction|intra_cta|tensor|g2s|na|serial|distinct_map|128|4|4||||,data/h100/cuda-13.3-sm90/multi_context/same_direction/g2s/20260803T101340Z__v4__2bc7fb0d1fad/attempt_01.csv
h100,v4,same_direction,intra_cta,tensor,g2s,na,serial,distinct_map,128,4,4,1,2136,2158,cycles,539.5,539.5,0.237257,,same_direction|intra_cta|tensor|g2s|na|serial|distinct_map|128|4|4||||,data/h100/cuda-13.3-sm90/multi_context/same_direction/g2s/20260803T101340Z__v4__2bc7fb0d1fad/attempt_01.csv
b200,v4,same_direction,intra_cta,tensor,g2s,na,serial,distinct_map,128,4,4,0,3414,3431,cycles,857.75,857.75,0.149228,,same_direction|intra_cta|tensor|g2s|na|serial|distinct_map|128|4|4||||,data/b200/cuda-13.3-sm100/multi_context/same_direction/g2s/20260803T101432Z__v4__d4bdf8df777c/attempt_01.csv
b200,v4,same_direction,intra_cta,tensor,g2s,na,serial,distinct_map,128,4,4,1,2196,2213,cycles,553.25,553.25,0.23136,,same_direction|intra_cta|tensor|g2s|na|serial|distinct_map|128|4|4||||,data/b200/cuda-13.3-sm100/multi_context/same_direction/g2s/20260803T101432Z__v4__d4bdf8df777c/attempt_01.csv
ventus,v4,same_direction,intra_cta,tensor,g2s,na,serial,distinct_map,128,4,4,0,932,940,cycles,235.0,235.0,0.544681,,intra_cta_tensor_g2s_alternating_serial_distinct_map_128_4,data/ventus/V3.10/multi_context/same_direction/g2s/20260803T101253Z__v4__326f6a5e4973/raw.csv
ventus,v4,same_direction,intra_cta,tensor,g2s,na,serial,distinct_map,128,4,4,1,788,796,cycles,199.0,199.0,0.643216,,intra_cta_tensor_g2s_alternating_serial_distinct_map_128_4,data/ventus/V3.10/multi_context/same_direction/g2s/20260803T101253Z__v4__326f6a5e4973/raw.csv
h100,v4,same_direction,intra_cta,tensor,g2s,na,serial,distinct_map,128,8,8,0,5595,5617,cycles,702.125,702.125,0.182304,,same_direction|intra_cta|tensor|g2s|na|serial|distinct_map|128|8|8||||,data/h100/cuda-13.3-sm90/multi_context/same_direction/g2s/20260803T101340Z__v4__2bc7fb0d1fad/attempt_01.csv
h100,v4,same_direction,intra_cta,tensor,g2s,na,serial,distinct_map,128,8,8,1,4224,4246,cycles,530.75,530.75,0.241168,,same_direction|intra_cta|tensor|g2s|na|serial|distinct_map|128|8|8||||,data/h100/cuda-13.3-sm90/multi_context/same_direction/g2s/20260803T101340Z__v4__2bc7fb0d1fad/attempt_01.csv
b200,v4,same_direction,intra_cta,tensor,g2s,na,serial,distinct_map,128,8,8,0,6746,6763,cycles,845.375,845.375,0.151412,,same_direction|intra_cta|tensor|g2s|na|serial|distinct_map|128|8|8||||,data/b200/cuda-13.3-sm100/multi_context/same_direction/g2s/20260803T101432Z__v4__d4bdf8df777c/attempt_01.csv
b200,v4,same_direction,intra_cta,tensor,g2s,na,serial,distinct_map,128,8,8,1,4329,4346,cycles,543.25,543.25,0.235619,,same_direction|intra_cta|tensor|g2s|na|serial|distinct_map|128|8|8||||,data/b200/cuda-13.3-sm100/multi_context/same_direction/g2s/20260803T101432Z__v4__d4bdf8df777c/attempt_01.csv
h100,v4,same_direction,intra_cta,tensor,g2s,na,serial,distinct_map,128,16,16,0,11434,11456,cycles,716.0,716.0,0.178771,,same_direction|intra_cta|tensor|g2s|na|serial|distinct_map|128|16|16||||,data/h100/cuda-13.3-sm90/multi_context/same_direction/g2s/20260803T101340Z__v4__2bc7fb0d1fad/attempt_01.csv
h100,v4,same_direction,intra_cta,tensor,g2s,na,serial,distinct_map,128,16,16,1,8411,8433,cycles,527.0625,527.0625,0.242855,,same_direction|intra_cta|tensor|g2s|na|serial|distinct_map|128|16|16||||,data/h100/cuda-13.3-sm90/multi_context/same_direction/g2s/20260803T101340Z__v4__2bc7fb0d1fad/attempt_01.csv
b200,v4,same_direction,intra_cta,tensor,g2s,na,serial,distinct_map,128,16,16,0,13415,13432,cycles,839.5,839.5,0.152472,,same_direction|intra_cta|tensor|g2s|na|serial|distinct_map|128|16|16||||,data/b200/cuda-13.3-sm100/multi_context/same_direction/g2s/20260803T101432Z__v4__d4bdf8df777c/attempt_01.csv
b200,v4,same_direction,intra_cta,tensor,g2s,na,serial,distinct_map,128,16,16,1,8590,8607,cycles,537.9375,537.9375,0.237946,,same_direction|intra_cta|tensor|g2s|na|serial|distinct_map|128|16|16||||,data/b200/cuda-13.3-sm100/multi_context/same_direction/g2s/20260803T101432Z__v4__d4bdf8df777c/attempt_01.csv
h100,v4,same_direction,intra_cta,tensor,g2s,na,serial,distinct_map,128,32,32,0,22321,22343,cycles,698.21875,698.21875,0.183324,,same_direction|intra_cta|tensor|g2s|na|serial|distinct_map|128|32|32||||,data/h100/cuda-13.3-sm90/multi_context/same_direction/g2s/20260803T101340Z__v4__2bc7fb0d1fad/attempt_01.csv
h100,v4,same_direction,intra_cta,tensor,g2s,na,serial,distinct_map,128,32,32,1,17359,17381,cycles,543.15625,543.15625,0.23566,,same_direction|intra_cta|tensor|g2s|na|serial|distinct_map|128|32|32||||,data/h100/cuda-13.3-sm90/multi_context/same_direction/g2s/20260803T101340Z__v4__2bc7fb0d1fad/attempt_01.csv
b200,v4,same_direction,intra_cta,tensor,g2s,na,serial,distinct_map,128,32,32,0,26743,26760,cycles,836.25,836.25,0.153064,,same_direction|intra_cta|tensor|g2s|na|serial|distinct_map|128|32|32||||,data/b200/cuda-13.3-sm100/multi_context/same_direction/g2s/20260803T101432Z__v4__d4bdf8df777c/attempt_01.csv
b200,v4,same_direction,intra_cta,tensor,g2s,na,serial,distinct_map,128,32,32,1,20118,20135,cycles,629.21875,629.21875,0.203427,,same_direction|intra_cta|tensor|g2s|na|serial|distinct_map|128|32|32||||,data/b200/cuda-13.3-sm100/multi_context/same_direction/g2s/20260803T101432Z__v4__d4bdf8df777c/attempt_01.csv
h100,v4,same_direction,intra_cta,tensor,g2s,na,serial,same_map,128,1,1,0,818,840,cycles,840.0,840.0,0.152381,,same_direction|intra_cta|tensor|g2s|na|serial|same_map|128|1|1||||,data/h100/cuda-13.3-sm90/multi_context/same_direction/g2s/20260803T101340Z__v4__2bc7fb0d1fad/attempt_01.csv
h100,v4,same_direction,intra_cta,tensor,g2s,na,serial,same_map,128,1,1,1,570,592,cycles,592.0,592.0,0.216216,,same_direction|intra_cta|tensor|g2s|na|serial|same_map|128|1|1||||,data/h100/cuda-13.3-sm90/multi_context/same_direction/g2s/20260803T101340Z__v4__2bc7fb0d1fad/attempt_01.csv
b200,v4,same_direction,intra_cta,tensor,g2s,na,serial,same_map,128,1,1,0,1127,1209,cycles,1209.0,1209.0,0.105873,,same_direction|intra_cta|tensor|g2s|na|serial|same_map|128|1|1||||,data/b200/cuda-13.3-sm100/multi_context/same_direction/g2s/20260803T101432Z__v4__d4bdf8df777c/attempt_01.csv
b200,v4,same_direction,intra_cta,tensor,g2s,na,serial,same_map,128,1,1,1,596,613,cycles,613.0,613.0,0.208809,,same_direction|intra_cta|tensor|g2s|na|serial|same_map|128|1|1||||,data/b200/cuda-13.3-sm100/multi_context/same_direction/g2s/20260803T101432Z__v4__d4bdf8df777c/attempt_01.csv
ventus,v4,same_direction,intra_cta,tensor,g2s,na,serial,same_map,128,1,1,0,230,238,cycles,238.0,238.0,0.537815,,intra_cta_tensor_g2s_alternating_serial_same_map_128_1,data/ventus/V3.10/multi_context/same_direction/g2s/20260803T101253Z__v4__326f6a5e4973/raw.csv
ventus,v4,same_direction,intra_cta,tensor,g2s,na,serial,same_map,128,1,1,1,194,202,cycles,202.0,202.0,0.633663,,intra_cta_tensor_g2s_alternating_serial_same_map_128_1,data/ventus/V3.10/multi_context/same_direction/g2s/20260803T101253Z__v4__326f6a5e4973/raw.csv
h100,v4,same_direction,intra_cta,tensor,g2s,na,serial,same_map,128,2,2,0,1242,1264,cycles,632.0,632.0,0.202532,,same_direction|intra_cta|tensor|g2s|na|serial|same_map|128|2|2||||,data/h100/cuda-13.3-sm90/multi_context/same_direction/g2s/20260803T101340Z__v4__2bc7fb0d1fad/attempt_01.csv
h100,v4,same_direction,intra_cta,tensor,g2s,na,serial,same_map,128,2,2,1,1092,1114,cycles,557.0,557.0,0.229803,,same_direction|intra_cta|tensor|g2s|na|serial|same_map|128|2|2||||,data/h100/cuda-13.3-sm90/multi_context/same_direction/g2s/20260803T101340Z__v4__2bc7fb0d1fad/attempt_01.csv
b200,v4,same_direction,intra_cta,tensor,g2s,na,serial,same_map,128,2,2,0,1449,1466,cycles,733.0,733.0,0.174625,,same_direction|intra_cta|tensor|g2s|na|serial|same_map|128|2|2||||,data/b200/cuda-13.3-sm100/multi_context/same_direction/g2s/20260803T101432Z__v4__d4bdf8df777c/attempt_01.csv
b200,v4,same_direction,intra_cta,tensor,g2s,na,serial,same_map,128,2,2,1,1132,1149,cycles,574.5,574.5,0.222802,,same_direction|intra_cta|tensor|g2s|na|serial|same_map|128|2|2||||,data/b200/cuda-13.3-sm100/multi_context/same_direction/g2s/20260803T101432Z__v4__d4bdf8df777c/attempt_01.csv
ventus,v4,same_direction,intra_cta,tensor,g2s,na,serial,same_map,128,2,2,0,432,440,cycles,220.0,220.0,0.581818,,intra_cta_tensor_g2s_alternating_serial_same_map_128_2,data/ventus/V3.10/multi_context/same_direction/g2s/20260803T101253Z__v4__326f6a5e4973/raw.csv
ventus,v4,same_direction,intra_cta,tensor,g2s,na,serial,same_map,128,2,2,1,387,395,cycles,197.5,197.5,0.648101,,intra_cta_tensor_g2s_alternating_serial_same_map_128_2,data/ventus/V3.10/multi_context/same_direction/g2s/20260803T101253Z__v4__326f6a5e4973/raw.csv
h100,v4,same_direction,intra_cta,tensor,g2s,na,serial,same_map,128,4,4,0,2286,2308,cycles,577.0,577.0,0.221837,,same_direction|intra_cta|tensor|g2s|na|serial|same_map|128|4|4||||,data/h100/cuda-13.3-sm90/multi_context/same_direction/g2s/20260803T101340Z__v4__2bc7fb0d1fad/attempt_01.csv
h100,v4,same_direction,intra_cta,tensor,g2s,na,serial,same_map,128,4,4,1,2136,2158,cycles,539.5,539.5,0.237257,,same_direction|intra_cta|tensor|g2s|na|serial|same_map|128|4|4||||,data/h100/cuda-13.3-sm90/multi_context/same_direction/g2s/20260803T101340Z__v4__2bc7fb0d1fad/attempt_01.csv
b200,v4,same_direction,intra_cta,tensor,g2s,na,serial,same_map,128,4,4,0,2514,2531,cycles,632.75,632.75,0.202292,,same_direction|intra_cta|tensor|g2s|na|serial|same_map|128|4|4||||,data/b200/cuda-13.3-sm100/multi_context/same_direction/g2s/20260803T101432Z__v4__d4bdf8df777c/attempt_01.csv
b200,v4,same_direction,intra_cta,tensor,g2s,na,serial,same_map,128,4,4,1,2204,2221,cycles,555.25,555.25,0.230527,,same_direction|intra_cta|tensor|g2s|na|serial|same_map|128|4|4||||,data/b200/cuda-13.3-sm100/multi_context/same_direction/g2s/20260803T101432Z__v4__d4bdf8df777c/attempt_01.csv
ventus,v4,same_direction,intra_cta,tensor,g2s,na,serial,same_map,128,4,4,0,838,846,cycles,211.5,211.5,0.605201,,intra_cta_tensor_g2s_alternating_serial_same_map_128_4,data/ventus/V3.10/multi_context/same_direction/g2s/20260803T101253Z__v4__326f6a5e4973/raw.csv
ventus,v4,same_direction,intra_cta,tensor,g2s,na,serial,same_map,128,4,4,1,775,783,cycles,195.75,195.75,0.653895,,intra_cta_tensor_g2s_alternating_serial_same_map_128_4,data/ventus/V3.10/multi_context/same_direction/g2s/20260803T101253Z__v4__326f6a5e4973/raw.csv
h100,v4,same_direction,intra_cta,tensor,g2s,na,serial,same_map,128,8,8,0,4524,4546,cycles,568.25,568.25,0.225253,,same_direction|intra_cta|tensor|g2s|na|serial|same_map|128|8|8||||,data/h100/cuda-13.3-sm90/multi_context/same_direction/g2s/20260803T101340Z__v4__2bc7fb0d1fad/attempt_01.csv
h100,v4,same_direction,intra_cta,tensor,g2s,na,serial,same_map,128,8,8,1,4224,4246,cycles,530.75,530.75,0.241168,,same_direction|intra_cta|tensor|g2s|na|serial|same_map|128|8|8||||,data/h100/cuda-13.3-sm90/multi_context/same_direction/g2s/20260803T101340Z__v4__2bc7fb0d1fad/attempt_01.csv
b200,v4,same_direction,intra_cta,tensor,g2s,na,serial,same_map,128,8,8,0,4652,4669,cycles,583.625,583.625,0.219319,,same_direction|intra_cta|tensor|g2s|na|serial|same_map|128|8|8||||,data/b200/cuda-13.3-sm100/multi_context/same_direction/g2s/20260803T101432Z__v4__d4bdf8df777c/attempt_01.csv
b200,v4,same_direction,intra_cta,tensor,g2s,na,serial,same_map,128,8,8,1,4330,4347,cycles,543.375,543.375,0.235565,,same_direction|intra_cta|tensor|g2s|na|serial|same_map|128|8|8||||,data/b200/cuda-13.3-sm100/multi_context/same_direction/g2s/20260803T101432Z__v4__d4bdf8df777c/attempt_01.csv
h100,v4,same_direction,intra_cta,tensor,g2s,na,serial,same_map,128,16,16,0,8700,8722,cycles,545.125,545.125,0.234809,,same_direction|intra_cta|tensor|g2s|na|serial|same_map|128|16|16||||,data/h100/cuda-13.3-sm90/multi_context/same_direction/g2s/20260803T101340Z__v4__2bc7fb0d1fad/attempt_01.csv
h100,v4,same_direction,intra_cta,tensor,g2s,na,serial,same_map,128,16,16,1,8400,8422,cycles,526.375,526.375,0.243173,,same_direction|intra_cta|tensor|g2s|na|serial|same_map|128|16|16||||,data/h100/cuda-13.3-sm90/multi_context/same_direction/g2s/20260803T101340Z__v4__2bc7fb0d1fad/attempt_01.csv
b200,v4,same_direction,intra_cta,tensor,g2s,na,serial,same_map,128,16,16,0,8916,8933,cycles,558.3125,558.3125,0.229262,,same_direction|intra_cta|tensor|g2s|na|serial|same_map|128|16|16||||,data/b200/cuda-13.3-sm100/multi_context/same_direction/g2s/20260803T101432Z__v4__d4bdf8df777c/attempt_01.csv
b200,v4,same_direction,intra_cta,tensor,g2s,na,serial,same_map,128,16,16,1,8597,8614,cycles,538.375,538.375,0.237752,,same_direction|intra_cta|tensor|g2s|na|serial|same_map|128|16|16||||,data/b200/cuda-13.3-sm100/multi_context/same_direction/g2s/20260803T101432Z__v4__d4bdf8df777c/attempt_01.csv
h100,v4,same_direction,intra_cta,tensor,g2s,na,serial,same_map,128,32,32,0,16933,16955,cycles,529.84375,529.84375,0.241581,,same_direction|intra_cta|tensor|g2s|na|serial|same_map|128|32|32||||,data/h100/cuda-13.3-sm90/multi_context/same_direction/g2s/20260803T101340Z__v4__2bc7fb0d1fad/attempt_01.csv
h100,v4,same_direction,intra_cta,tensor,g2s,na,serial,same_map,128,32,32,1,16752,16774,cycles,524.1875,524.1875,0.244187,,same_direction|intra_cta|tensor|g2s|na|serial|same_map|128|32|32||||,data/h100/cuda-13.3-sm90/multi_context/same_direction/g2s/20260803T101340Z__v4__2bc7fb0d1fad/attempt_01.csv
b200,v4,same_direction,intra_cta,tensor,g2s,na,serial,same_map,128,32,32,0,17457,17474,cycles,546.0625,546.0625,0.234405,,same_direction|intra_cta|tensor|g2s|na|serial|same_map|128|32|32||||,data/b200/cuda-13.3-sm100/multi_context/same_direction/g2s/20260803T101432Z__v4__d4bdf8df777c/attempt_01.csv
b200,v4,same_direction,intra_cta,tensor,g2s,na,serial,same_map,128,32,32,1,17121,17138,cycles,535.5625,535.5625,0.239001,,same_direction|intra_cta|tensor|g2s|na|serial|same_map|128|32|32||||,data/b200/cuda-13.3-sm100/multi_context/same_direction/g2s/20260803T101432Z__v4__d4bdf8df777c/attempt_01.csv
h100,v4,same_direction,multi_cta,tensor,g2s,na,batched,distinct_map,128,1,1,0,128,384,ns,384.0,,,0.333333,same_direction|multi_cta|tensor|g2s|na|batched|distinct_map|128|1|1||||,data/h100/cuda-13.3-sm90/multi_context/same_direction/g2s/20260803T101340Z__v4__2bc7fb0d1fad/attempt_01.csv
h100,v4,same_direction,multi_cta,tensor,g2s,na,batched,distinct_map,128,1,1,1,96,224,ns,224.0,,,0.571429,same_direction|multi_cta|tensor|g2s|na|batched|distinct_map|128|1|1||||,data/h100/cuda-13.3-sm90/multi_context/same_direction/g2s/20260803T101340Z__v4__2bc7fb0d1fad/attempt_01.csv
b200,v4,same_direction,multi_cta,tensor,g2s,na,batched,distinct_map,128,1,1,0,64,416,ns,416.0,,,0.307692,same_direction|multi_cta|tensor|g2s|na|batched|distinct_map|128|1|1||||,data/b200/cuda-13.3-sm100/multi_context/same_direction/g2s/20260803T101432Z__v4__d4bdf8df777c/attempt_01.csv
b200,v4,same_direction,multi_cta,tensor,g2s,na,batched,distinct_map,128,1,1,1,64,256,ns,256.0,,,0.5,same_direction|multi_cta|tensor|g2s|na|batched|distinct_map|128|1|1||||,data/b200/cuda-13.3-sm100/multi_context/same_direction/g2s/20260803T101432Z__v4__d4bdf8df777c/attempt_01.csv
ventus,v4,same_direction,multi_cta,tensor,g2s,na,batched,distinct_map,128,1,1,0,147,239,cycles,239.0,239.0,0.535565,,multi_cta_tensor_g2s_alternating_batched_distinct_map_128_1,data/ventus/V3.10/multi_context/same_direction/g2s/20260803T101253Z__v4__326f6a5e4973/raw.csv
ventus,v4,same_direction,multi_cta,tensor,g2s,na,batched,distinct_map,128,1,1,1,145,201,cycles,201.0,201.0,0.636816,,multi_cta_tensor_g2s_alternating_batched_distinct_map_128_1,data/ventus/V3.10/multi_context/same_direction/g2s/20260803T101253Z__v4__326f6a5e4973/raw.csv
h100,v4,same_direction,multi_cta,tensor,g2s,na,batched,distinct_map,128,2,2,0,128,384,ns,192.0,,,0.666667,same_direction|multi_cta|tensor|g2s|na|batched|distinct_map|128|2|2||||,data/h100/cuda-13.3-sm90/multi_context/same_direction/g2s/20260803T101340Z__v4__2bc7fb0d1fad/attempt_01.csv
h100,v4,same_direction,multi_cta,tensor,g2s,na,batched,distinct_map,128,2,2,1,128,256,ns,128.0,,,1.0,same_direction|multi_cta|tensor|g2s|na|batched|distinct_map|128|2|2||||,data/h100/cuda-13.3-sm90/multi_context/same_direction/g2s/20260803T101340Z__v4__2bc7fb0d1fad/attempt_01.csv
b200,v4,same_direction,multi_cta,tensor,g2s,na,batched,distinct_map,128,2,2,0,64,416,ns,208.0,,,0.615385,same_direction|multi_cta|tensor|g2s|na|batched|distinct_map|128|2|2||||,data/b200/cuda-13.3-sm100/multi_context/same_direction/g2s/20260803T101432Z__v4__d4bdf8df777c/attempt_01.csv
b200,v4,same_direction,multi_cta,tensor,g2s,na,batched,distinct_map,128,2,2,1,128,320,ns,160.0,,,0.8,same_direction|multi_cta|tensor|g2s|na|batched|distinct_map|128|2|2||||,data/b200/cuda-13.3-sm100/multi_context/same_direction/g2s/20260803T101432Z__v4__d4bdf8df777c/attempt_01.csv
ventus,v4,same_direction,multi_cta,tensor,g2s,na,batched,distinct_map,128,2,2,0,149,241,cycles,120.5,120.5,1.062241,,multi_cta_tensor_g2s_alternating_batched_distinct_map_128_2,data/ventus/V3.10/multi_context/same_direction/g2s/20260803T101253Z__v4__326f6a5e4973/raw.csv
ventus,v4,same_direction,multi_cta,tensor,g2s,na,batched,distinct_map,128,2,2,1,147,207,cycles,103.5,103.5,1.236715,,multi_cta_tensor_g2s_alternating_batched_distinct_map_128_2,data/ventus/V3.10/multi_context/same_direction/g2s/20260803T101253Z__v4__326f6a5e4973/raw.csv
h100,v4,same_direction,multi_cta,tensor,g2s,na,batched,distinct_map,128,4,4,0,96,448,ns,112.0,,,1.142857,same_direction|multi_cta|tensor|g2s|na|batched|distinct_map|128|4|4||||,data/h100/cuda-13.3-sm90/multi_context/same_direction/g2s/20260803T101340Z__v4__2bc7fb0d1fad/attempt_01.csv
h100,v4,same_direction,multi_cta,tensor,g2s,na,batched,distinct_map,128,4,4,1,192,416,ns,104.0,,,1.230769,same_direction|multi_cta|tensor|g2s|na|batched|distinct_map|128|4|4||||,data/h100/cuda-13.3-sm90/multi_context/same_direction/g2s/20260803T101340Z__v4__2bc7fb0d1fad/attempt_01.csv
b200,v4,same_direction,multi_cta,tensor,g2s,na,batched,distinct_map,128,4,4,0,96,448,ns,112.0,,,1.142857,same_direction|multi_cta|tensor|g2s|na|batched|distinct_map|128|4|4||||,data/b200/cuda-13.3-sm100/multi_context/same_direction/g2s/20260803T101432Z__v4__d4bdf8df777c/attempt_01.csv
b200,v4,same_direction,multi_cta,tensor,g2s,na,batched,distinct_map,128,4,4,1,224,416,ns,104.0,,,1.230769,same_direction|multi_cta|tensor|g2s|na|batched|distinct_map|128|4|4||||,data/b200/cuda-13.3-sm100/multi_context/same_direction/g2s/20260803T101432Z__v4__d4bdf8df777c/attempt_01.csv
ventus,v4,same_direction,multi_cta,tensor,g2s,na,batched,distinct_map,128,4,4,0,261,353,cycles,88.25,88.25,1.450425,,multi_cta_tensor_g2s_alternating_batched_distinct_map_128_4,data/ventus/V3.10/multi_context/same_direction/g2s/20260803T101253Z__v4__326f6a5e4973/raw.csv
ventus,v4,same_direction,multi_cta,tensor,g2s,na,batched,distinct_map,128,4,4,1,294,350,cycles,87.5,87.5,1.462857,,multi_cta_tensor_g2s_alternating_batched_distinct_map_128_4,data/ventus/V3.10/multi_context/same_direction/g2s/20260803T101253Z__v4__326f6a5e4973/raw.csv
h100,v4,same_direction,multi_cta,tensor,g2s,na,batched,distinct_map,128,8,8,0,128,480,ns,60.0,,,2.133333,same_direction|multi_cta|tensor|g2s|na|batched|distinct_map|128|8|8||||,data/h100/cuda-13.3-sm90/multi_context/same_direction/g2s/20260803T101340Z__v4__2bc7fb0d1fad/attempt_01.csv
h100,v4,same_direction,multi_cta,tensor,g2s,na,batched,distinct_map,128,8,8,1,64,288,ns,36.0,,,3.555556,same_direction|multi_cta|tensor|g2s|na|batched|distinct_map|128|8|8||||,data/h100/cuda-13.3-sm90/multi_context/same_direction/g2s/20260803T101340Z__v4__2bc7fb0d1fad/attempt_01.csv
b200,v4,same_direction,multi_cta,tensor,g2s,na,batched,distinct_map,128,8,8,0,64,416,ns,52.0,,,2.461538,same_direction|multi_cta|tensor|g2s|na|batched|distinct_map|128|8|8||||,data/b200/cuda-13.3-sm100/multi_context/same_direction/g2s/20260803T101432Z__v4__d4bdf8df777c/attempt_01.csv
b200,v4,same_direction,multi_cta,tensor,g2s,na,batched,distinct_map,128,8,8,1,192,384,ns,48.0,,,2.666667,same_direction|multi_cta|tensor|g2s|na|batched|distinct_map|128|8|8||||,data/b200/cuda-13.3-sm100/multi_context/same_direction/g2s/20260803T101432Z__v4__d4bdf8df777c/attempt_01.csv
ventus,v4,same_direction,multi_cta,tensor,g2s,na,batched,distinct_map,128,8,8,0,7450,7542,cycles,942.75,942.75,0.135773,,multi_cta_tensor_g2s_alternating_batched_distinct_map_128_8,data/ventus/V3.10/multi_context/same_direction/g2s/20260803T101253Z__v4__326f6a5e4973/raw.csv
ventus,v4,same_direction,multi_cta,tensor,g2s,na,batched,distinct_map,128,8,8,1,7424,7480,cycles,935.0,935.0,0.136898,,multi_cta_tensor_g2s_alternating_batched_distinct_map_128_8,data/ventus/V3.10/multi_context/same_direction/g2s/20260803T101253Z__v4__326f6a5e4973/raw.csv
h100,v4,same_direction,multi_cta,tensor,g2s,na,batched,distinct_map,128,16,16,0,288,576,ns,36.0,,,3.555556,same_direction|multi_cta|tensor|g2s|na|batched|distinct_map|128|16|16||||,data/h100/cuda-13.3-sm90/multi_context/same_direction/g2s/20260803T101340Z__v4__2bc7fb0d1fad/attempt_01.csv
h100,v4,same_direction,multi_cta,tensor,g2s,na,batched,distinct_map,128,16,16,1,288,480,ns,30.0,,,4.266667,same_direction|multi_cta|tensor|g2s|na|batched|distinct_map|128|16|16||||,data/h100/cuda-13.3-sm90/multi_context/same_direction/g2s/20260803T101340Z__v4__2bc7fb0d1fad/attempt_01.csv
b200,v4,same_direction,multi_cta,tensor,g2s,na,batched,distinct_map,128,16,16,0,384,864,ns,54.0,,,2.37037,same_direction|multi_cta|tensor|g2s|na|batched|distinct_map|128|16|16||||,data/b200/cuda-13.3-sm100/multi_context/same_direction/g2s/20260803T101432Z__v4__d4bdf8df777c/attempt_01.csv
b200,v4,same_direction,multi_cta,tensor,g2s,na,batched,distinct_map,128,16,16,1,352,512,ns,32.0,,,4.0,same_direction|multi_cta|tensor|g2s|na|batched|distinct_map|128|16|16||||,data/b200/cuda-13.3-sm100/multi_context/same_direction/g2s/20260803T101432Z__v4__d4bdf8df777c/attempt_01.csv
ventus,v4,same_direction,multi_cta,tensor,g2s,na,batched,distinct_map,128,16,16,0,16842,16935,cycles,1058.4375,1058.4375,0.120933,,multi_cta_tensor_g2s_alternating_batched_distinct_map_128_16,data/ventus/V3.10/multi_context/same_direction/g2s/20260803T101253Z__v4__326f6a5e4973/raw.csv
ventus,v4,same_direction,multi_cta,tensor,g2s,na,batched,distinct_map,128,16,16,1,16822,17638,cycles,1102.375,1102.375,0.116113,,multi_cta_tensor_g2s_alternating_batched_distinct_map_128_16,data/ventus/V3.10/multi_context/same_direction/g2s/20260803T101253Z__v4__326f6a5e4973/raw.csv
h100,v4,same_direction,multi_cta,tensor,g2s,na,batched,distinct_map,128,32,32,0,352,736,ns,23.0,,,5.565217,same_direction|multi_cta|tensor|g2s|na|batched|distinct_map|128|32|32||||,data/h100/cuda-13.3-sm90/multi_context/same_direction/g2s/20260803T101340Z__v4__2bc7fb0d1fad/attempt_01.csv
h100,v4,same_direction,multi_cta,tensor,g2s,na,batched,distinct_map,128,32,32,1,224,416,ns,13.0,,,9.846154,same_direction|multi_cta|tensor|g2s|na|batched|distinct_map|128|32|32||||,data/h100/cuda-13.3-sm90/multi_context/same_direction/g2s/20260803T101340Z__v4__2bc7fb0d1fad/attempt_01.csv
b200,v4,same_direction,multi_cta,tensor,g2s,na,batched,distinct_map,128,32,32,0,256,992,ns,31.0,,,4.129032,same_direction|multi_cta|tensor|g2s|na|batched|distinct_map|128|32|32||||,data/b200/cuda-13.3-sm100/multi_context/same_direction/g2s/20260803T101432Z__v4__d4bdf8df777c/attempt_01.csv
b200,v4,same_direction,multi_cta,tensor,g2s,na,batched,distinct_map,128,32,32,1,288,480,ns,15.0,,,8.533333,same_direction|multi_cta|tensor|g2s|na|batched|distinct_map|128|32|32||||,data/b200/cuda-13.3-sm100/multi_context/same_direction/g2s/20260803T101432Z__v4__d4bdf8df777c/attempt_01.csv
ventus,v4,same_direction,multi_cta,tensor,g2s,na,batched,distinct_map,128,32,32,0,28748,30762,cycles,961.3125,961.3125,0.133151,,multi_cta_tensor_g2s_alternating_batched_distinct_map_128_32,data/ventus/V3.10/multi_context/same_direction/g2s/20260803T101253Z__v4__326f6a5e4973/raw.csv
ventus,v4,same_direction,multi_cta,tensor,g2s,na,batched,distinct_map,128,32,32,1,33435,33500,cycles,1046.875,1046.875,0.122269,,multi_cta_tensor_g2s_alternating_batched_distinct_map_128_32,data/ventus/V3.10/multi_context/same_direction/g2s/20260803T101253Z__v4__326f6a5e4973/raw.csv
h100,v4,same_direction,multi_cta,tensor,g2s,na,batched,same_map,128,1,1,0,128,416,ns,416.0,,,0.307692,same_direction|multi_cta|tensor|g2s|na|batched|same_map|128|1|1||||,data/h100/cuda-13.3-sm90/multi_context/same_direction/g2s/20260803T101340Z__v4__2bc7fb0d1fad/attempt_01.csv
h100,v4,same_direction,multi_cta,tensor,g2s,na,batched,same_map,128,1,1,1,128,256,ns,256.0,,,0.5,same_direction|multi_cta|tensor|g2s|na|batched|same_map|128|1|1||||,data/h100/cuda-13.3-sm90/multi_context/same_direction/g2s/20260803T101340Z__v4__2bc7fb0d1fad/attempt_01.csv
b200,v4,same_direction,multi_cta,tensor,g2s,na,batched,same_map,128,1,1,0,32,320,ns,320.0,,,0.4,same_direction|multi_cta|tensor|g2s|na|batched|same_map|128|1|1||||,data/b200/cuda-13.3-sm100/multi_context/same_direction/g2s/20260803T101432Z__v4__d4bdf8df777c/attempt_01.csv
b200,v4,same_direction,multi_cta,tensor,g2s,na,batched,same_map,128,1,1,1,96,224,ns,224.0,,,0.571429,same_direction|multi_cta|tensor|g2s|na|batched|same_map|128|1|1||||,data/b200/cuda-13.3-sm100/multi_context/same_direction/g2s/20260803T101432Z__v4__d4bdf8df777c/attempt_01.csv
ventus,v4,same_direction,multi_cta,tensor,g2s,na,batched,same_map,128,1,1,0,133,225,cycles,225.0,225.0,0.568889,,multi_cta_tensor_g2s_alternating_batched_same_map_128_1,data/ventus/V3.10/multi_context/same_direction/g2s/20260803T101253Z__v4__326f6a5e4973/raw.csv
ventus,v4,same_direction,multi_cta,tensor,g2s,na,batched,same_map,128,1,1,1,133,189,cycles,189.0,189.0,0.677249,,multi_cta_tensor_g2s_alternating_batched_same_map_128_1,data/ventus/V3.10/multi_context/same_direction/g2s/20260803T101253Z__v4__326f6a5e4973/raw.csv
h100,v4,same_direction,multi_cta,tensor,g2s,na,batched,same_map,128,2,2,0,160,384,ns,192.0,,,0.666667,same_direction|multi_cta|tensor|g2s|na|batched|same_map|128|2|2||||,data/h100/cuda-13.3-sm90/multi_context/same_direction/g2s/20260803T101340Z__v4__2bc7fb0d1fad/attempt_01.csv
h100,v4,same_direction,multi_cta,tensor,g2s,na,batched,same_map,128,2,2,1,96,224,ns,112.0,,,1.142857,same_direction|multi_cta|tensor|g2s|na|batched|same_map|128|2|2||||,data/h100/cuda-13.3-sm90/multi_context/same_direction/g2s/20260803T101340Z__v4__2bc7fb0d1fad/attempt_01.csv
b200,v4,same_direction,multi_cta,tensor,g2s,na,batched,same_map,128,2,2,0,64,416,ns,208.0,,,0.615385,same_direction|multi_cta|tensor|g2s|na|batched|same_map|128|2|2||||,data/b200/cuda-13.3-sm100/multi_context/same_direction/g2s/20260803T101432Z__v4__d4bdf8df777c/attempt_01.csv
b200,v4,same_direction,multi_cta,tensor,g2s,na,batched,same_map,128,2,2,1,96,288,ns,144.0,,,0.888889,same_direction|multi_cta|tensor|g2s|na|batched|same_map|128|2|2||||,data/b200/cuda-13.3-sm100/multi_context/same_direction/g2s/20260803T101432Z__v4__d4bdf8df777c/attempt_01.csv
ventus,v4,same_direction,multi_cta,tensor,g2s,na,batched,same_map,128,2,2,0,135,227,cycles,113.5,113.5,1.127753,,multi_cta_tensor_g2s_alternating_batched_same_map_128_2,data/ventus/V3.10/multi_context/same_direction/g2s/20260803T101253Z__v4__326f6a5e4973/raw.csv
ventus,v4,same_direction,multi_cta,tensor,g2s,na,batched,same_map,128,2,2,1,136,192,cycles,96.0,96.0,1.333333,,multi_cta_tensor_g2s_alternating_batched_same_map_128_2,data/ventus/V3.10/multi_context/same_direction/g2s/20260803T101253Z__v4__326f6a5e4973/raw.csv
h100,v4,same_direction,multi_cta,tensor,g2s,na,batched,same_map,128,4,4,0,128,416,ns,104.0,,,1.230769,same_direction|multi_cta|tensor|g2s|na|batched|same_map|128|4|4||||,data/h100/cuda-13.3-sm90/multi_context/same_direction/g2s/20260803T101340Z__v4__2bc7fb0d1fad/attempt_01.csv
h100,v4,same_direction,multi_cta,tensor,g2s,na,batched,same_map,128,4,4,1,96,288,ns,72.0,,,1.777778,same_direction|multi_cta|tensor|g2s|na|batched|same_map|128|4|4||||,data/h100/cuda-13.3-sm90/multi_context/same_direction/g2s/20260803T101340Z__v4__2bc7fb0d1fad/attempt_01.csv
b200,v4,same_direction,multi_cta,tensor,g2s,na,batched,same_map,128,4,4,0,96,416,ns,104.0,,,1.230769,same_direction|multi_cta|tensor|g2s|na|batched|same_map|128|4|4||||,data/b200/cuda-13.3-sm100/multi_context/same_direction/g2s/20260803T101432Z__v4__d4bdf8df777c/attempt_01.csv
b200,v4,same_direction,multi_cta,tensor,g2s,na,batched,same_map,128,4,4,1,320,512,ns,128.0,,,1.0,same_direction|multi_cta|tensor|g2s|na|batched|same_map|128|4|4||||,data/b200/cuda-13.3-sm100/multi_context/same_direction/g2s/20260803T101432Z__v4__d4bdf8df777c/attempt_01.csv
ventus,v4,same_direction,multi_cta,tensor,g2s,na,batched,same_map,128,4,4,0,213,278,cycles,69.5,69.5,1.841727,,multi_cta_tensor_g2s_alternating_batched_same_map_128_4,data/ventus/V3.10/multi_context/same_direction/g2s/20260803T101253Z__v4__326f6a5e4973/raw.csv
ventus,v4,same_direction,multi_cta,tensor,g2s,na,batched,same_map,128,4,4,1,196,252,cycles,63.0,63.0,2.031746,,multi_cta_tensor_g2s_alternating_batched_same_map_128_4,data/ventus/V3.10/multi_context/same_direction/g2s/20260803T101253Z__v4__326f6a5e4973/raw.csv
h100,v4,same_direction,multi_cta,tensor,g2s,na,batched,same_map,128,8,8,0,128,416,ns,52.0,,,2.461538,same_direction|multi_cta|tensor|g2s|na|batched|same_map|128|8|8||||,data/h100/cuda-13.3-sm90/multi_context/same_direction/g2s/20260803T101340Z__v4__2bc7fb0d1fad/attempt_01.csv
h100,v4,same_direction,multi_cta,tensor,g2s,na,batched,same_map,128,8,8,1,192,352,ns,44.0,,,2.909091,same_direction|multi_cta|tensor|g2s|na|batched|same_map|128|8|8||||,data/h100/cuda-13.3-sm90/multi_context/same_direction/g2s/20260803T101340Z__v4__2bc7fb0d1fad/attempt_01.csv
b200,v4,same_direction,multi_cta,tensor,g2s,na,batched,same_map,128,8,8,0,160,448,ns,56.0,,,2.285714,same_direction|multi_cta|tensor|g2s|na|batched|same_map|128|8|8||||,data/b200/cuda-13.3-sm100/multi_context/same_direction/g2s/20260803T101432Z__v4__d4bdf8df777c/attempt_01.csv
b200,v4,same_direction,multi_cta,tensor,g2s,na,batched,same_map,128,8,8,1,256,480,ns,60.0,,,2.133333,same_direction|multi_cta|tensor|g2s|na|batched|same_map|128|8|8||||,data/b200/cuda-13.3-sm100/multi_context/same_direction/g2s/20260803T101432Z__v4__d4bdf8df777c/attempt_01.csv
ventus,v4,same_direction,multi_cta,tensor,g2s,na,batched,same_map,128,8,8,0,7468,7534,cycles,941.75,941.75,0.135917,,multi_cta_tensor_g2s_alternating_batched_same_map_128_8,data/ventus/V3.10/multi_context/same_direction/g2s/20260803T101253Z__v4__326f6a5e4973/raw.csv
ventus,v4,same_direction,multi_cta,tensor,g2s,na,batched,same_map,128,8,8,1,7407,7463,cycles,932.875,932.875,0.13721,,multi_cta_tensor_g2s_alternating_batched_same_map_128_8,data/ventus/V3.10/multi_context/same_direction/g2s/20260803T101253Z__v4__326f6a5e4973/raw.csv
h100,v4,same_direction,multi_cta,tensor,g2s,na,batched,same_map,128,16,16,0,352,672,ns,42.0,,,3.047619,same_direction|multi_cta|tensor|g2s|na|batched|same_map|128|16|16||||,data/h100/cuda-13.3-sm90/multi_context/same_direction/g2s/20260803T101340Z__v4__2bc7fb0d1fad/attempt_01.csv
h100,v4,same_direction,multi_cta,tensor,g2s,na,batched,same_map,128,16,16,1,256,480,ns,30.0,,,4.266667,same_direction|multi_cta|tensor|g2s|na|batched|same_map|128|16|16||||,data/h100/cuda-13.3-sm90/multi_context/same_direction/g2s/20260803T101340Z__v4__2bc7fb0d1fad/attempt_01.csv
b200,v4,same_direction,multi_cta,tensor,g2s,na,batched,same_map,128,16,16,0,288,960,ns,60.0,,,2.133333,same_direction|multi_cta|tensor|g2s|na|batched|same_map|128|16|16||||,data/b200/cuda-13.3-sm100/multi_context/same_direction/g2s/20260803T101432Z__v4__d4bdf8df777c/attempt_01.csv
b200,v4,same_direction,multi_cta,tensor,g2s,na,batched,same_map,128,16,16,1,480,672,ns,42.0,,,3.047619,same_direction|multi_cta|tensor|g2s|na|batched|same_map|128|16|16||||,data/b200/cuda-13.3-sm100/multi_context/same_direction/g2s/20260803T101432Z__v4__d4bdf8df777c/attempt_01.csv
ventus,v4,same_direction,multi_cta,tensor,g2s,na,batched,same_map,128,16,16,0,13120,14181,cycles,886.3125,886.3125,0.144419,,multi_cta_tensor_g2s_alternating_batched_same_map_128_16,data/ventus/V3.10/multi_context/same_direction/g2s/20260803T101253Z__v4__326f6a5e4973/raw.csv
ventus,v4,same_direction,multi_cta,tensor,g2s,na,batched,same_map,128,16,16,1,14929,14994,cycles,937.125,937.125,0.136588,,multi_cta_tensor_g2s_alternating_batched_same_map_128_16,data/ventus/V3.10/multi_context/same_direction/g2s/20260803T101253Z__v4__326f6a5e4973/raw.csv
h100,v4,same_direction,multi_cta,tensor,g2s,na,batched,same_map,128,32,32,0,256,672,ns,21.0,,,6.095238,same_direction|multi_cta|tensor|g2s|na|batched|same_map|128|32|32||||,data/h100/cuda-13.3-sm90/multi_context/same_direction/g2s/20260803T101340Z__v4__2bc7fb0d1fad/attempt_01.csv
h100,v4,same_direction,multi_cta,tensor,g2s,na,batched,same_map,128,32,32,1,224,448,ns,14.0,,,9.142857,same_direction|multi_cta|tensor|g2s|na|batched|same_map|128|32|32||||,data/h100/cuda-13.3-sm90/multi_context/same_direction/g2s/20260803T101340Z__v4__2bc7fb0d1fad/attempt_01.csv
b200,v4,same_direction,multi_cta,tensor,g2s,na,batched,same_map,128,32,32,0,384,928,ns,29.0,,,4.413793,same_direction|multi_cta|tensor|g2s|na|batched|same_map|128|32|32||||,data/b200/cuda-13.3-sm100/multi_context/same_direction/g2s/20260803T101432Z__v4__d4bdf8df777c/attempt_01.csv
b200,v4,same_direction,multi_cta,tensor,g2s,na,batched,same_map,128,32,32,1,416,608,ns,19.0,,,6.736842,same_direction|multi_cta|tensor|g2s|na|batched|same_map|128|32|32||||,data/b200/cuda-13.3-sm100/multi_context/same_direction/g2s/20260803T101432Z__v4__d4bdf8df777c/attempt_01.csv
ventus,v4,same_direction,multi_cta,tensor,g2s,na,batched,same_map,128,32,32,0,30187,30270,cycles,945.9375,945.9375,0.135315,,multi_cta_tensor_g2s_alternating_batched_same_map_128_32,data/ventus/V3.10/multi_context/same_direction/g2s/20260803T101253Z__v4__326f6a5e4973/raw.csv
ventus,v4,same_direction,multi_cta,tensor,g2s,na,batched,same_map,128,32,32,1,33323,34363,cycles,1073.84375,1073.84375,0.119198,,multi_cta_tensor_g2s_alternating_batched_same_map_128_32,data/ventus/V3.10/multi_context/same_direction/g2s/20260803T101253Z__v4__326f6a5e4973/raw.csv
h100,v4,same_direction,intra_cta,tensor,g2s,na,batched,distinct_map,4096,1,1,0,308,901,cycles,901.0,28.15625,4.54606,,same_direction|intra_cta|tensor|g2s|na|batched|distinct_map|4096|1|1||||,data/h100/cuda-13.3-sm90/multi_context/same_direction/g2s/20260803T101340Z__v4__2bc7fb0d1fad/attempt_01.csv
h100,v4,same_direction,intra_cta,tensor,g2s,na,batched,distinct_map,4096,1,1,1,259,675,cycles,675.0,21.09375,6.068148,,same_direction|intra_cta|tensor|g2s|na|batched|distinct_map|4096|1|1||||,data/h100/cuda-13.3-sm90/multi_context/same_direction/g2s/20260803T101340Z__v4__2bc7fb0d1fad/attempt_01.csv
b200,v4,same_direction,intra_cta,tensor,g2s,na,batched,distinct_map,4096,1,1,0,337,1079,cycles,1079.0,33.71875,3.796108,,same_direction|intra_cta|tensor|g2s|na|batched|distinct_map|4096|1|1||||,data/b200/cuda-13.3-sm100/multi_context/same_direction/g2s/20260803T101432Z__v4__d4bdf8df777c/attempt_01.csv
b200,v4,same_direction,intra_cta,tensor,g2s,na,batched,distinct_map,4096,1,1,1,275,755,cycles,755.0,23.59375,5.425166,,same_direction|intra_cta|tensor|g2s|na|batched|distinct_map|4096|1|1||||,data/b200/cuda-13.3-sm100/multi_context/same_direction/g2s/20260803T101432Z__v4__d4bdf8df777c/attempt_01.csv
ventus,v4,same_direction,intra_cta,tensor,g2s,na,batched,distinct_map,4096,1,1,0,140,306,cycles,306.0,9.5625,13.385621,,intra_cta_tensor_g2s_alternating_batched_distinct_map_4096_1,data/ventus/V3.10/multi_context/same_direction/g2s/20260803T101253Z__v4__326f6a5e4973/raw.csv
ventus,v4,same_direction,intra_cta,tensor,g2s,na,batched,distinct_map,4096,1,1,1,140,260,cycles,260.0,8.125,15.753846,,intra_cta_tensor_g2s_alternating_batched_distinct_map_4096_1,data/ventus/V3.10/multi_context/same_direction/g2s/20260803T101253Z__v4__326f6a5e4973/raw.csv
h100,v4,same_direction,intra_cta,tensor,g2s,na,batched,distinct_map,4096,2,2,0,445,979,cycles,489.5,15.296875,8.367722,,same_direction|intra_cta|tensor|g2s|na|batched|distinct_map|4096|2|2||||,data/h100/cuda-13.3-sm90/multi_context/same_direction/g2s/20260803T101340Z__v4__2bc7fb0d1fad/attempt_01.csv
h100,v4,same_direction,intra_cta,tensor,g2s,na,batched,distinct_map,4096,2,2,1,379,732,cycles,366.0,11.4375,11.191257,,same_direction|intra_cta|tensor|g2s|na|batched|distinct_map|4096|2|2||||,data/h100/cuda-13.3-sm90/multi_context/same_direction/g2s/20260803T101340Z__v4__2bc7fb0d1fad/attempt_01.csv
b200,v4,same_direction,intra_cta,tensor,g2s,na,batched,distinct_map,4096,2,2,0,463,1163,cycles,581.5,18.171875,7.043852,,same_direction|intra_cta|tensor|g2s|na|batched|distinct_map|4096|2|2||||,data/b200/cuda-13.3-sm100/multi_context/same_direction/g2s/20260803T101432Z__v4__d4bdf8df777c/attempt_01.csv
b200,v4,same_direction,intra_cta,tensor,g2s,na,batched,distinct_map,4096,2,2,1,385,850,cycles,425.0,13.28125,9.637647,,same_direction|intra_cta|tensor|g2s|na|batched|distinct_map|4096|2|2||||,data/b200/cuda-13.3-sm100/multi_context/same_direction/g2s/20260803T101432Z__v4__d4bdf8df777c/attempt_01.csv
ventus,v4,same_direction,intra_cta,tensor,g2s,na,batched,distinct_map,4096,2,2,0,281,447,cycles,223.5,6.984375,18.326622,,intra_cta_tensor_g2s_alternating_batched_distinct_map_4096_2,data/ventus/V3.10/multi_context/same_direction/g2s/20260803T101253Z__v4__326f6a5e4973/raw.csv
ventus,v4,same_direction,intra_cta,tensor,g2s,na,batched,distinct_map,4096,2,2,1,285,403,cycles,201.5,6.296875,20.327543,,intra_cta_tensor_g2s_alternating_batched_distinct_map_4096_2,data/ventus/V3.10/multi_context/same_direction/g2s/20260803T101253Z__v4__326f6a5e4973/raw.csv
h100,v4,same_direction,intra_cta,tensor,g2s,na,batched,distinct_map,4096,4,4,0,608,1174,cycles,293.5,9.171875,13.955707,,same_direction|intra_cta|tensor|g2s|na|batched|distinct_map|4096|4|4||||,data/h100/cuda-13.3-sm90/multi_context/same_direction/g2s/20260803T101340Z__v4__2bc7fb0d1fad/attempt_01.csv
h100,v4,same_direction,intra_cta,tensor,g2s,na,batched,distinct_map,4096,4,4,1,608,1014,cycles,253.5,7.921875,16.157791,,same_direction|intra_cta|tensor|g2s|na|batched|distinct_map|4096|4|4||||,data/h100/cuda-13.3-sm90/multi_context/same_direction/g2s/20260803T101340Z__v4__2bc7fb0d1fad/attempt_01.csv
b200,v4,same_direction,intra_cta,tensor,g2s,na,batched,distinct_map,4096,4,4,0,626,1284,cycles,321.0,10.03125,12.760125,,same_direction|intra_cta|tensor|g2s|na|batched|distinct_map|4096|4|4||||,data/b200/cuda-13.3-sm100/multi_context/same_direction/g2s/20260803T101432Z__v4__d4bdf8df777c/attempt_01.csv
b200,v4,same_direction,intra_cta,tensor,g2s,na,batched,distinct_map,4096,4,4,1,626,1140,cycles,285.0,8.90625,14.37193,,same_direction|intra_cta|tensor|g2s|na|batched|distinct_map|4096|4|4||||,data/b200/cuda-13.3-sm100/multi_context/same_direction/g2s/20260803T101432Z__v4__d4bdf8df777c/attempt_01.csv
ventus,v4,same_direction,intra_cta,tensor,g2s,na,batched,distinct_map,4096,4,4,0,577,744,cycles,186.0,5.8125,22.021505,,intra_cta_tensor_g2s_alternating_batched_distinct_map_4096_4,data/ventus/V3.10/multi_context/same_direction/g2s/20260803T101253Z__v4__326f6a5e4973/raw.csv
ventus,v4,same_direction,intra_cta,tensor,g2s,na,batched,distinct_map,4096,4,4,1,575,693,cycles,173.25,5.414062,23.642136,,intra_cta_tensor_g2s_alternating_batched_distinct_map_4096_4,data/ventus/V3.10/multi_context/same_direction/g2s/20260803T101253Z__v4__326f6a5e4973/raw.csv
h100,v4,same_direction,intra_cta,tensor,g2s,na,batched,distinct_map,4096,8,8,0,997,1767,cycles,220.875,6.902344,18.544426,,same_direction|intra_cta|tensor|g2s|na|batched|distinct_map|4096|8|8||||,data/h100/cuda-13.3-sm90/multi_context/same_direction/g2s/20260803T101340Z__v4__2bc7fb0d1fad/attempt_01.csv
h100,v4,same_direction,intra_cta,tensor,g2s,na,batched,distinct_map,4096,8,8,1,997,1767,cycles,220.875,6.902344,18.544426,,same_direction|intra_cta|tensor|g2s|na|batched|distinct_map|4096|8|8||||,data/h100/cuda-13.3-sm90/multi_context/same_direction/g2s/20260803T101340Z__v4__2bc7fb0d1fad/attempt_01.csv
b200,v4,same_direction,intra_cta,tensor,g2s,na,batched,distinct_map,4096,8,8,0,1000,2002,cycles,250.25,7.820312,16.367632,,same_direction|intra_cta|tensor|g2s|na|batched|distinct_map|4096|8|8||||,data/b200/cuda-13.3-sm100/multi_context/same_direction/g2s/20260803T101432Z__v4__d4bdf8df777c/attempt_01.csv
b200,v4,same_direction,intra_cta,tensor,g2s,na,batched,distinct_map,4096,8,8,1,1000,2002,cycles,250.25,7.820312,16.367632,,same_direction|intra_cta|tensor|g2s|na|batched|distinct_map|4096|8|8||||,data/b200/cuda-13.3-sm100/multi_context/same_direction/g2s/20260803T101432Z__v4__d4bdf8df777c/attempt_01.csv
h100,v4,same_direction,intra_cta,tensor,g2s,na,batched,distinct_map,4096,16,16,0,1775,3273,cycles,204.5625,6.392578,20.02322,,same_direction|intra_cta|tensor|g2s|na|batched|distinct_map|4096|16|16||||,data/h100/cuda-13.3-sm90/multi_context/same_direction/g2s/20260803T101340Z__v4__2bc7fb0d1fad/attempt_01.csv
h100,v4,same_direction,intra_cta,tensor,g2s,na,batched,distinct_map,4096,16,16,1,1775,3273,cycles,204.5625,6.392578,20.02322,,same_direction|intra_cta|tensor|g2s|na|batched|distinct_map|4096|16|16||||,data/h100/cuda-13.3-sm90/multi_context/same_direction/g2s/20260803T101340Z__v4__2bc7fb0d1fad/attempt_01.csv
b200,v4,same_direction,intra_cta,tensor,g2s,na,batched,distinct_map,4096,16,16,0,1748,3726,cycles,232.875,7.277344,17.588835,,same_direction|intra_cta|tensor|g2s|na|batched|distinct_map|4096|16|16||||,data/b200/cuda-13.3-sm100/multi_context/same_direction/g2s/20260803T101432Z__v4__d4bdf8df777c/attempt_01.csv
b200,v4,same_direction,intra_cta,tensor,g2s,na,batched,distinct_map,4096,16,16,1,1748,3726,cycles,232.875,7.277344,17.588835,,same_direction|intra_cta|tensor|g2s|na|batched|distinct_map|4096|16|16||||,data/b200/cuda-13.3-sm100/multi_context/same_direction/g2s/20260803T101432Z__v4__d4bdf8df777c/attempt_01.csv
h100,v4,same_direction,intra_cta,tensor,g2s,na,batched,distinct_map,4096,32,32,0,3615,6569,cycles,205.28125,6.415039,19.953113,,same_direction|intra_cta|tensor|g2s|na|batched|distinct_map|4096|32|32||||,data/h100/cuda-13.3-sm90/multi_context/same_direction/g2s/20260803T101340Z__v4__2bc7fb0d1fad/attempt_01.csv
h100,v4,same_direction,intra_cta,tensor,g2s,na,batched,distinct_map,4096,32,32,1,3331,6285,cycles,196.40625,6.137695,20.854733,,same_direction|intra_cta|tensor|g2s|na|batched|distinct_map|4096|32|32||||,data/h100/cuda-13.3-sm90/multi_context/same_direction/g2s/20260803T101340Z__v4__2bc7fb0d1fad/attempt_01.csv
b200,v4,same_direction,intra_cta,tensor,g2s,na,batched,distinct_map,4096,32,32,0,3244,7174,cycles,224.1875,7.005859,18.270421,,same_direction|intra_cta|tensor|g2s|na|batched|distinct_map|4096|32|32||||,data/b200/cuda-13.3-sm100/multi_context/same_direction/g2s/20260803T101432Z__v4__d4bdf8df777c/attempt_01.csv
b200,v4,same_direction,intra_cta,tensor,g2s,na,batched,distinct_map,4096,32,32,1,3244,7174,cycles,224.1875,7.005859,18.270421,,same_direction|intra_cta|tensor|g2s|na|batched|distinct_map|4096|32|32||||,data/b200/cuda-13.3-sm100/multi_context/same_direction/g2s/20260803T101432Z__v4__d4bdf8df777c/attempt_01.csv
h100,v4,same_direction,intra_cta,tensor,g2s,na,batched,same_map,4096,1,1,0,308,882,cycles,882.0,27.5625,4.643991,,same_direction|intra_cta|tensor|g2s|na|batched|same_map|4096|1|1||||,data/h100/cuda-13.3-sm90/multi_context/same_direction/g2s/20260803T101340Z__v4__2bc7fb0d1fad/attempt_01.csv
h100,v4,same_direction,intra_cta,tensor,g2s,na,batched,same_map,4096,1,1,1,259,671,cycles,671.0,20.96875,6.104322,,same_direction|intra_cta|tensor|g2s|na|batched|same_map|4096|1|1||||,data/h100/cuda-13.3-sm90/multi_context/same_direction/g2s/20260803T101340Z__v4__2bc7fb0d1fad/attempt_01.csv
b200,v4,same_direction,intra_cta,tensor,g2s,na,batched,same_map,4096,1,1,0,337,1079,cycles,1079.0,33.71875,3.796108,,same_direction|intra_cta|tensor|g2s|na|batched|same_map|4096|1|1||||,data/b200/cuda-13.3-sm100/multi_context/same_direction/g2s/20260803T101432Z__v4__d4bdf8df777c/attempt_01.csv
b200,v4,same_direction,intra_cta,tensor,g2s,na,batched,same_map,4096,1,1,1,275,755,cycles,755.0,23.59375,5.425166,,same_direction|intra_cta|tensor|g2s|na|batched|same_map|4096|1|1||||,data/b200/cuda-13.3-sm100/multi_context/same_direction/g2s/20260803T101432Z__v4__d4bdf8df777c/attempt_01.csv
ventus,v4,same_direction,intra_cta,tensor,g2s,na,batched,same_map,4096,1,1,0,140,306,cycles,306.0,9.5625,13.385621,,intra_cta_tensor_g2s_alternating_batched_same_map_4096_1,data/ventus/V3.10/multi_context/same_direction/g2s/20260803T101253Z__v4__326f6a5e4973/raw.csv
ventus,v4,same_direction,intra_cta,tensor,g2s,na,batched,same_map,4096,1,1,1,140,260,cycles,260.0,8.125,15.753846,,intra_cta_tensor_g2s_alternating_batched_same_map_4096_1,data/ventus/V3.10/multi_context/same_direction/g2s/20260803T101253Z__v4__326f6a5e4973/raw.csv
h100,v4,same_direction,intra_cta,tensor,g2s,na,batched,same_map,4096,2,2,0,445,969,cycles,484.5,15.140625,8.454076,,same_direction|intra_cta|tensor|g2s|na|batched|same_map|4096|2|2||||,data/h100/cuda-13.3-sm90/multi_context/same_direction/g2s/20260803T101340Z__v4__2bc7fb0d1fad/attempt_01.csv
h100,v4,same_direction,intra_cta,tensor,g2s,na,batched,same_map,4096,2,2,1,379,732,cycles,366.0,11.4375,11.191257,,same_direction|intra_cta|tensor|g2s|na|batched|same_map|4096|2|2||||,data/h100/cuda-13.3-sm90/multi_context/same_direction/g2s/20260803T101340Z__v4__2bc7fb0d1fad/attempt_01.csv
b200,v4,same_direction,intra_cta,tensor,g2s,na,batched,same_map,4096,2,2,0,463,1163,cycles,581.5,18.171875,7.043852,,same_direction|intra_cta|tensor|g2s|na|batched|same_map|4096|2|2||||,data/b200/cuda-13.3-sm100/multi_context/same_direction/g2s/20260803T101432Z__v4__d4bdf8df777c/attempt_01.csv
b200,v4,same_direction,intra_cta,tensor,g2s,na,batched,same_map,4096,2,2,1,385,850,cycles,425.0,13.28125,9.637647,,same_direction|intra_cta|tensor|g2s|na|batched|same_map|4096|2|2||||,data/b200/cuda-13.3-sm100/multi_context/same_direction/g2s/20260803T101432Z__v4__d4bdf8df777c/attempt_01.csv
ventus,v4,same_direction,intra_cta,tensor,g2s,na,batched,same_map,4096,2,2,0,276,419,cycles,209.5,6.546875,19.551313,,intra_cta_tensor_g2s_alternating_batched_same_map_4096_2,data/ventus/V3.10/multi_context/same_direction/g2s/20260803T101253Z__v4__326f6a5e4973/raw.csv
ventus,v4,same_direction,intra_cta,tensor,g2s,na,batched,same_map,4096,2,2,1,276,394,cycles,197.0,6.15625,20.791878,,intra_cta_tensor_g2s_alternating_batched_same_map_4096_2,data/ventus/V3.10/multi_context/same_direction/g2s/20260803T101253Z__v4__326f6a5e4973/raw.csv
h100,v4,same_direction,intra_cta,tensor,g2s,na,batched,same_map,4096,4,4,0,608,1174,cycles,293.5,9.171875,13.955707,,same_direction|intra_cta|tensor|g2s|na|batched|same_map|4096|4|4||||,data/h100/cuda-13.3-sm90/multi_context/same_direction/g2s/20260803T101340Z__v4__2bc7fb0d1fad/attempt_01.csv
h100,v4,same_direction,intra_cta,tensor,g2s,na,batched,same_map,4096,4,4,1,608,1014,cycles,253.5,7.921875,16.157791,,same_direction|intra_cta|tensor|g2s|na|batched|same_map|4096|4|4||||,data/h100/cuda-13.3-sm90/multi_context/same_direction/g2s/20260803T101340Z__v4__2bc7fb0d1fad/attempt_01.csv
b200,v4,same_direction,intra_cta,tensor,g2s,na,batched,same_map,4096,4,4,0,626,1284,cycles,321.0,10.03125,12.760125,,same_direction|intra_cta|tensor|g2s|na|batched|same_map|4096|4|4||||,data/b200/cuda-13.3-sm100/multi_context/same_direction/g2s/20260803T101432Z__v4__d4bdf8df777c/attempt_01.csv
b200,v4,same_direction,intra_cta,tensor,g2s,na,batched,same_map,4096,4,4,1,626,1140,cycles,285.0,8.90625,14.37193,,same_direction|intra_cta|tensor|g2s|na|batched|same_map|4096|4|4||||,data/b200/cuda-13.3-sm100/multi_context/same_direction/g2s/20260803T101432Z__v4__d4bdf8df777c/attempt_01.csv
ventus,v4,same_direction,intra_cta,tensor,g2s,na,batched,same_map,4096,4,4,0,568,708,cycles,177.0,5.53125,23.141243,,intra_cta_tensor_g2s_alternating_batched_same_map_4096_4,data/ventus/V3.10/multi_context/same_direction/g2s/20260803T101253Z__v4__326f6a5e4973/raw.csv
ventus,v4,same_direction,intra_cta,tensor,g2s,na,batched,same_map,4096,4,4,1,562,681,cycles,170.25,5.320312,24.058737,,intra_cta_tensor_g2s_alternating_batched_same_map_4096_4,data/ventus/V3.10/multi_context/same_direction/g2s/20260803T101253Z__v4__326f6a5e4973/raw.csv
h100,v4,same_direction,intra_cta,tensor,g2s,na,batched,same_map,4096,8,8,0,997,1767,cycles,220.875,6.902344,18.544426,,same_direction|intra_cta|tensor|g2s|na|batched|same_map|4096|8|8||||,data/h100/cuda-13.3-sm90/multi_context/same_direction/g2s/20260803T101340Z__v4__2bc7fb0d1fad/attempt_01.csv
h100,v4,same_direction,intra_cta,tensor,g2s,na,batched,same_map,4096,8,8,1,997,1767,cycles,220.875,6.902344,18.544426,,same_direction|intra_cta|tensor|g2s|na|batched|same_map|4096|8|8||||,data/h100/cuda-13.3-sm90/multi_context/same_direction/g2s/20260803T101340Z__v4__2bc7fb0d1fad/attempt_01.csv
b200,v4,same_direction,intra_cta,tensor,g2s,na,batched,same_map,4096,8,8,0,1000,2002,cycles,250.25,7.820312,16.367632,,same_direction|intra_cta|tensor|g2s|na|batched|same_map|4096|8|8||||,data/b200/cuda-13.3-sm100/multi_context/same_direction/g2s/20260803T101432Z__v4__d4bdf8df777c/attempt_01.csv
b200,v4,same_direction,intra_cta,tensor,g2s,na,batched,same_map,4096,8,8,1,1000,2002,cycles,250.25,7.820312,16.367632,,same_direction|intra_cta|tensor|g2s|na|batched|same_map|4096|8|8||||,data/b200/cuda-13.3-sm100/multi_context/same_direction/g2s/20260803T101432Z__v4__d4bdf8df777c/attempt_01.csv
h100,v4,same_direction,intra_cta,tensor,g2s,na,batched,same_map,4096,16,16,0,1775,3273,cycles,204.5625,6.392578,20.02322,,same_direction|intra_cta|tensor|g2s|na|batched|same_map|4096|16|16||||,data/h100/cuda-13.3-sm90/multi_context/same_direction/g2s/20260803T101340Z__v4__2bc7fb0d1fad/attempt_01.csv
h100,v4,same_direction,intra_cta,tensor,g2s,na,batched,same_map,4096,16,16,1,1775,3273,cycles,204.5625,6.392578,20.02322,,same_direction|intra_cta|tensor|g2s|na|batched|same_map|4096|16|16||||,data/h100/cuda-13.3-sm90/multi_context/same_direction/g2s/20260803T101340Z__v4__2bc7fb0d1fad/attempt_01.csv
b200,v4,same_direction,intra_cta,tensor,g2s,na,batched,same_map,4096,16,16,0,1748,3726,cycles,232.875,7.277344,17.588835,,same_direction|intra_cta|tensor|g2s|na|batched|same_map|4096|16|16||||,data/b200/cuda-13.3-sm100/multi_context/same_direction/g2s/20260803T101432Z__v4__d4bdf8df777c/attempt_01.csv
b200,v4,same_direction,intra_cta,tensor,g2s,na,batched,same_map,4096,16,16,1,1748,3726,cycles,232.875,7.277344,17.588835,,same_direction|intra_cta|tensor|g2s|na|batched|same_map|4096|16|16||||,data/b200/cuda-13.3-sm100/multi_context/same_direction/g2s/20260803T101432Z__v4__d4bdf8df777c/attempt_01.csv
h100,v4,same_direction,intra_cta,tensor,g2s,na,batched,same_map,4096,32,32,0,3331,6285,cycles,196.40625,6.137695,20.854733,,same_direction|intra_cta|tensor|g2s|na|batched|same_map|4096|32|32||||,data/h100/cuda-13.3-sm90/multi_context/same_direction/g2s/20260803T101340Z__v4__2bc7fb0d1fad/attempt_01.csv
h100,v4,same_direction,intra_cta,tensor,g2s,na,batched,same_map,4096,32,32,1,3331,6285,cycles,196.40625,6.137695,20.854733,,same_direction|intra_cta|tensor|g2s|na|batched|same_map|4096|32|32||||,data/h100/cuda-13.3-sm90/multi_context/same_direction/g2s/20260803T101340Z__v4__2bc7fb0d1fad/attempt_01.csv
b200,v4,same_direction,intra_cta,tensor,g2s,na,batched,same_map,4096,32,32,0,3244,7174,cycles,224.1875,7.005859,18.270421,,same_direction|intra_cta|tensor|g2s|na|batched|same_map|4096|32|32||||,data/b200/cuda-13.3-sm100/multi_context/same_direction/g2s/20260803T101432Z__v4__d4bdf8df777c/attempt_01.csv
b200,v4,same_direction,intra_cta,tensor,g2s,na,batched,same_map,4096,32,32,1,3244,7174,cycles,224.1875,7.005859,18.270421,,same_direction|intra_cta|tensor|g2s|na|batched|same_map|4096|32|32||||,data/b200/cuda-13.3-sm100/multi_context/same_direction/g2s/20260803T101432Z__v4__d4bdf8df777c/attempt_01.csv
h100,v4,same_direction,intra_cta,tensor,g2s,na,serial,distinct_map,4096,1,1,0,889,911,cycles,911.0,28.46875,4.496158,,same_direction|intra_cta|tensor|g2s|na|serial|distinct_map|4096|1|1||||,data/h100/cuda-13.3-sm90/multi_context/same_direction/g2s/20260803T101340Z__v4__2bc7fb0d1fad/attempt_01.csv
h100,v4,same_direction,intra_cta,tensor,g2s,na,serial,distinct_map,4096,1,1,1,570,592,cycles,592.0,18.5,6.918919,,same_direction|intra_cta|tensor|g2s|na|serial|distinct_map|4096|1|1||||,data/h100/cuda-13.3-sm90/multi_context/same_direction/g2s/20260803T101340Z__v4__2bc7fb0d1fad/attempt_01.csv
b200,v4,same_direction,intra_cta,tensor,g2s,na,serial,distinct_map,4096,1,1,0,1065,1082,cycles,1082.0,33.8125,3.785582,,same_direction|intra_cta|tensor|g2s|na|serial|distinct_map|4096|1|1||||,data/b200/cuda-13.3-sm100/multi_context/same_direction/g2s/20260803T101432Z__v4__d4bdf8df777c/attempt_01.csv
b200,v4,same_direction,intra_cta,tensor,g2s,na,serial,distinct_map,4096,1,1,1,745,762,cycles,762.0,23.8125,5.375328,,same_direction|intra_cta|tensor|g2s|na|serial|distinct_map|4096|1|1||||,data/b200/cuda-13.3-sm100/multi_context/same_direction/g2s/20260803T101432Z__v4__d4bdf8df777c/attempt_01.csv
ventus,v4,same_direction,intra_cta,tensor,g2s,na,serial,distinct_map,4096,1,1,0,302,310,cycles,310.0,9.6875,13.212903,,intra_cta_tensor_g2s_alternating_serial_distinct_map_4096_1,data/ventus/V3.10/multi_context/same_direction/g2s/20260803T101253Z__v4__326f6a5e4973/raw.csv
ventus,v4,same_direction,intra_cta,tensor,g2s,na,serial,distinct_map,4096,1,1,1,254,262,cycles,262.0,8.1875,15.633588,,intra_cta_tensor_g2s_alternating_serial_distinct_map_4096_1,data/ventus/V3.10/multi_context/same_direction/g2s/20260803T101253Z__v4__326f6a5e4973/raw.csv
h100,v4,same_direction,intra_cta,tensor,g2s,na,serial,distinct_map,4096,2,2,0,1711,1733,cycles,866.5,27.078125,4.727063,,same_direction|intra_cta|tensor|g2s|na|serial|distinct_map|4096|2|2||||,data/h100/cuda-13.3-sm90/multi_context/same_direction/g2s/20260803T101340Z__v4__2bc7fb0d1fad/attempt_01.csv
h100,v4,same_direction,intra_cta,tensor,g2s,na,serial,distinct_map,4096,2,2,1,1092,1114,cycles,557.0,17.40625,7.35368,,same_direction|intra_cta|tensor|g2s|na|serial|distinct_map|4096|2|2||||,data/h100/cuda-13.3-sm90/multi_context/same_direction/g2s/20260803T101340Z__v4__2bc7fb0d1fad/attempt_01.csv
b200,v4,same_direction,intra_cta,tensor,g2s,na,serial,distinct_map,4096,2,2,0,1898,1915,cycles,957.5,29.921875,4.277807,,same_direction|intra_cta|tensor|g2s|na|serial|distinct_map|4096|2|2||||,data/b200/cuda-13.3-sm100/multi_context/same_direction/g2s/20260803T101432Z__v4__d4bdf8df777c/attempt_01.csv
b200,v4,same_direction,intra_cta,tensor,g2s,na,serial,distinct_map,4096,2,2,1,1289,1306,cycles,653.0,20.40625,6.272588,,same_direction|intra_cta|tensor|g2s|na|serial|distinct_map|4096|2|2||||,data/b200/cuda-13.3-sm100/multi_context/same_direction/g2s/20260803T101432Z__v4__d4bdf8df777c/attempt_01.csv
ventus,v4,same_direction,intra_cta,tensor,g2s,na,serial,distinct_map,4096,2,2,0,608,616,cycles,308.0,9.625,13.298701,,intra_cta_tensor_g2s_alternating_serial_distinct_map_4096_2,data/ventus/V3.10/multi_context/same_direction/g2s/20260803T101253Z__v4__326f6a5e4973/raw.csv
ventus,v4,same_direction,intra_cta,tensor,g2s,na,serial,distinct_map,4096,2,2,1,512,520,cycles,260.0,8.125,15.753846,,intra_cta_tensor_g2s_alternating_serial_distinct_map_4096_2,data/ventus/V3.10/multi_context/same_direction/g2s/20260803T101253Z__v4__326f6a5e4973/raw.csv
h100,v4,same_direction,intra_cta,tensor,g2s,na,serial,distinct_map,4096,4,4,0,3355,3377,cycles,844.25,26.382812,4.851643,,same_direction|intra_cta|tensor|g2s|na|serial|distinct_map|4096|4|4||||,data/h100/cuda-13.3-sm90/multi_context/same_direction/g2s/20260803T101340Z__v4__2bc7fb0d1fad/attempt_01.csv
h100,v4,same_direction,intra_cta,tensor,g2s,na,serial,distinct_map,4096,4,4,1,2148,2170,cycles,542.5,16.953125,7.55023,,same_direction|intra_cta|tensor|g2s|na|serial|distinct_map|4096|4|4||||,data/h100/cuda-13.3-sm90/multi_context/same_direction/g2s/20260803T101340Z__v4__2bc7fb0d1fad/attempt_01.csv
b200,v4,same_direction,intra_cta,tensor,g2s,na,serial,distinct_map,4096,4,4,0,3589,3606,cycles,901.5,28.171875,4.543539,,same_direction|intra_cta|tensor|g2s|na|serial|distinct_map|4096|4|4||||,data/b200/cuda-13.3-sm100/multi_context/same_direction/g2s/20260803T101432Z__v4__d4bdf8df777c/attempt_01.csv
b200,v4,same_direction,intra_cta,tensor,g2s,na,serial,distinct_map,4096,4,4,1,2644,2661,cycles,665.25,20.789062,6.157084,,same_direction|intra_cta|tensor|g2s|na|serial|distinct_map|4096|4|4||||,data/b200/cuda-13.3-sm100/multi_context/same_direction/g2s/20260803T101432Z__v4__d4bdf8df777c/attempt_01.csv
ventus,v4,same_direction,intra_cta,tensor,g2s,na,serial,distinct_map,4096,4,4,0,1227,1235,cycles,308.75,9.648438,13.266397,,intra_cta_tensor_g2s_alternating_serial_distinct_map_4096_4,data/ventus/V3.10/multi_context/same_direction/g2s/20260803T101253Z__v4__326f6a5e4973/raw.csv
ventus,v4,same_direction,intra_cta,tensor,g2s,na,serial,distinct_map,4096,4,4,1,1049,1057,cycles,264.25,8.257812,15.500473,,intra_cta_tensor_g2s_alternating_serial_distinct_map_4096_4,data/ventus/V3.10/multi_context/same_direction/g2s/20260803T101253Z__v4__326f6a5e4973/raw.csv
h100,v4,same_direction,intra_cta,tensor,g2s,na,serial,distinct_map,4096,8,8,0,6668,6690,cycles,836.25,26.132812,4.898057,,same_direction|intra_cta|tensor|g2s|na|serial|distinct_map|4096|8|8||||,data/h100/cuda-13.3-sm90/multi_context/same_direction/g2s/20260803T101340Z__v4__2bc7fb0d1fad/attempt_01.csv
h100,v4,same_direction,intra_cta,tensor,g2s,na,serial,distinct_map,4096,8,8,1,4224,4246,cycles,530.75,16.585938,7.717381,,same_direction|intra_cta|tensor|g2s|na|serial|distinct_map|4096|8|8||||,data/h100/cuda-13.3-sm90/multi_context/same_direction/g2s/20260803T101340Z__v4__2bc7fb0d1fad/attempt_01.csv
b200,v4,same_direction,intra_cta,tensor,g2s,na,serial,distinct_map,4096,8,8,0,6896,6913,cycles,864.125,27.003906,4.740055,,same_direction|intra_cta|tensor|g2s|na|serial|distinct_map|4096|8|8||||,data/b200/cuda-13.3-sm100/multi_context/same_direction/g2s/20260803T101432Z__v4__d4bdf8df777c/attempt_01.csv
b200,v4,same_direction,intra_cta,tensor,g2s,na,serial,distinct_map,4096,8,8,1,5226,5243,cycles,655.375,20.480469,6.249857,,same_direction|intra_cta|tensor|g2s|na|serial|distinct_map|4096|8|8||||,data/b200/cuda-13.3-sm100/multi_context/same_direction/g2s/20260803T101432Z__v4__d4bdf8df777c/attempt_01.csv
h100,v4,same_direction,intra_cta,tensor,g2s,na,serial,distinct_map,4096,16,16,0,13070,13092,cycles,818.25,25.570312,5.005805,,same_direction|intra_cta|tensor|g2s|na|serial|distinct_map|4096|16|16||||,data/h100/cuda-13.3-sm90/multi_context/same_direction/g2s/20260803T101340Z__v4__2bc7fb0d1fad/attempt_01.csv
h100,v4,same_direction,intra_cta,tensor,g2s,na,serial,distinct_map,4096,16,16,1,8550,8572,cycles,535.75,16.742188,7.645357,,same_direction|intra_cta|tensor|g2s|na|serial|distinct_map|4096|16|16||||,data/h100/cuda-13.3-sm90/multi_context/same_direction/g2s/20260803T101340Z__v4__2bc7fb0d1fad/attempt_01.csv
b200,v4,same_direction,intra_cta,tensor,g2s,na,serial,distinct_map,4096,16,16,0,13563,13580,cycles,848.75,26.523438,4.82592,,same_direction|intra_cta|tensor|g2s|na|serial|distinct_map|4096|16|16||||,data/b200/cuda-13.3-sm100/multi_context/same_direction/g2s/20260803T101432Z__v4__d4bdf8df777c/attempt_01.csv
b200,v4,same_direction,intra_cta,tensor,g2s,na,serial,distinct_map,4096,16,16,1,11001,11018,cycles,688.625,21.519531,5.948085,,same_direction|intra_cta|tensor|g2s|na|serial|distinct_map|4096|16|16||||,data/b200/cuda-13.3-sm100/multi_context/same_direction/g2s/20260803T101432Z__v4__d4bdf8df777c/attempt_01.csv
h100,v4,same_direction,intra_cta,tensor,g2s,na,serial,distinct_map,4096,32,32,0,26378,26400,cycles,825.0,25.78125,4.964848,,same_direction|intra_cta|tensor|g2s|na|serial|distinct_map|4096|32|32||||,data/h100/cuda-13.3-sm90/multi_context/same_direction/g2s/20260803T101340Z__v4__2bc7fb0d1fad/attempt_01.csv
h100,v4,same_direction,intra_cta,tensor,g2s,na,serial,distinct_map,4096,32,32,1,17980,18002,cycles,562.5625,17.580078,7.280969,,same_direction|intra_cta|tensor|g2s|na|serial|distinct_map|4096|32|32||||,data/h100/cuda-13.3-sm90/multi_context/same_direction/g2s/20260803T101340Z__v4__2bc7fb0d1fad/attempt_01.csv
b200,v4,same_direction,intra_cta,tensor,g2s,na,serial,distinct_map,4096,32,32,0,27059,27076,cycles,846.125,26.441406,4.840892,,same_direction|intra_cta|tensor|g2s|na|serial|distinct_map|4096|32|32||||,data/b200/cuda-13.3-sm100/multi_context/same_direction/g2s/20260803T101432Z__v4__d4bdf8df777c/attempt_01.csv
b200,v4,same_direction,intra_cta,tensor,g2s,na,serial,distinct_map,4096,32,32,1,22218,22235,cycles,694.84375,21.713867,5.89485,,same_direction|intra_cta|tensor|g2s|na|serial|distinct_map|4096|32|32||||,data/b200/cuda-13.3-sm100/multi_context/same_direction/g2s/20260803T101432Z__v4__d4bdf8df777c/attempt_01.csv
h100,v4,same_direction,intra_cta,tensor,g2s,na,serial,same_map,4096,1,1,0,889,911,cycles,911.0,28.46875,4.496158,,same_direction|intra_cta|tensor|g2s|na|serial|same_map|4096|1|1||||,data/h100/cuda-13.3-sm90/multi_context/same_direction/g2s/20260803T101340Z__v4__2bc7fb0d1fad/attempt_01.csv
h100,v4,same_direction,intra_cta,tensor,g2s,na,serial,same_map,4096,1,1,1,570,592,cycles,592.0,18.5,6.918919,,same_direction|intra_cta|tensor|g2s|na|serial|same_map|4096|1|1||||,data/h100/cuda-13.3-sm90/multi_context/same_direction/g2s/20260803T101340Z__v4__2bc7fb0d1fad/attempt_01.csv
b200,v4,same_direction,intra_cta,tensor,g2s,na,serial,same_map,4096,1,1,0,1065,1082,cycles,1082.0,33.8125,3.785582,,same_direction|intra_cta|tensor|g2s|na|serial|same_map|4096|1|1||||,data/b200/cuda-13.3-sm100/multi_context/same_direction/g2s/20260803T101432Z__v4__d4bdf8df777c/attempt_01.csv
b200,v4,same_direction,intra_cta,tensor,g2s,na,serial,same_map,4096,1,1,1,745,762,cycles,762.0,23.8125,5.375328,,same_direction|intra_cta|tensor|g2s|na|serial|same_map|4096|1|1||||,data/b200/cuda-13.3-sm100/multi_context/same_direction/g2s/20260803T101432Z__v4__d4bdf8df777c/attempt_01.csv
ventus,v4,same_direction,intra_cta,tensor,g2s,na,serial,same_map,4096,1,1,0,302,310,cycles,310.0,9.6875,13.212903,,intra_cta_tensor_g2s_alternating_serial_same_map_4096_1,data/ventus/V3.10/multi_context/same_direction/g2s/20260803T101253Z__v4__326f6a5e4973/raw.csv
ventus,v4,same_direction,intra_cta,tensor,g2s,na,serial,same_map,4096,1,1,1,254,262,cycles,262.0,8.1875,15.633588,,intra_cta_tensor_g2s_alternating_serial_same_map_4096_1,data/ventus/V3.10/multi_context/same_direction/g2s/20260803T101253Z__v4__326f6a5e4973/raw.csv
h100,v4,same_direction,intra_cta,tensor,g2s,na,serial,same_map,4096,2,2,0,1423,1445,cycles,722.5,22.578125,5.669204,,same_direction|intra_cta|tensor|g2s|na|serial|same_map|4096|2|2||||,data/h100/cuda-13.3-sm90/multi_context/same_direction/g2s/20260803T101340Z__v4__2bc7fb0d1fad/attempt_01.csv
h100,v4,same_direction,intra_cta,tensor,g2s,na,serial,same_map,4096,2,2,1,1092,1114,cycles,557.0,17.40625,7.35368,,same_direction|intra_cta|tensor|g2s|na|serial|same_map|4096|2|2||||,data/h100/cuda-13.3-sm90/multi_context/same_direction/g2s/20260803T101340Z__v4__2bc7fb0d1fad/attempt_01.csv
b200,v4,same_direction,intra_cta,tensor,g2s,na,serial,same_map,4096,2,2,0,1616,1633,cycles,816.5,25.515625,5.016534,,same_direction|intra_cta|tensor|g2s|na|serial|same_map|4096|2|2||||,data/b200/cuda-13.3-sm100/multi_context/same_direction/g2s/20260803T101432Z__v4__d4bdf8df777c/attempt_01.csv
b200,v4,same_direction,intra_cta,tensor,g2s,na,serial,same_map,4096,2,2,1,1289,1306,cycles,653.0,20.40625,6.272588,,same_direction|intra_cta|tensor|g2s|na|serial|same_map|4096|2|2||||,data/b200/cuda-13.3-sm100/multi_context/same_direction/g2s/20260803T101432Z__v4__d4bdf8df777c/attempt_01.csv
ventus,v4,same_direction,intra_cta,tensor,g2s,na,serial,same_map,4096,2,2,0,576,584,cycles,292.0,9.125,14.027397,,intra_cta_tensor_g2s_alternating_serial_same_map_4096_2,data/ventus/V3.10/multi_context/same_direction/g2s/20260803T101253Z__v4__326f6a5e4973/raw.csv
ventus,v4,same_direction,intra_cta,tensor,g2s,na,serial,same_map,4096,2,2,1,507,515,cycles,257.5,8.046875,15.906796,,intra_cta_tensor_g2s_alternating_serial_same_map_4096_2,data/ventus/V3.10/multi_context/same_direction/g2s/20260803T101253Z__v4__326f6a5e4973/raw.csv
h100,v4,same_direction,intra_cta,tensor,g2s,na,serial,same_map,4096,4,4,0,2456,2478,cycles,619.5,19.359375,6.611784,,same_direction|intra_cta|tensor|g2s|na|serial|same_map|4096|4|4||||,data/h100/cuda-13.3-sm90/multi_context/same_direction/g2s/20260803T101340Z__v4__2bc7fb0d1fad/attempt_01.csv
h100,v4,same_direction,intra_cta,tensor,g2s,na,serial,same_map,4096,4,4,1,2137,2159,cycles,539.75,16.867188,7.588698,,same_direction|intra_cta|tensor|g2s|na|serial|same_map|4096|4|4||||,data/h100/cuda-13.3-sm90/multi_context/same_direction/g2s/20260803T101340Z__v4__2bc7fb0d1fad/attempt_01.csv
b200,v4,same_direction,intra_cta,tensor,g2s,na,serial,same_map,4096,4,4,0,2975,2992,cycles,748.0,23.375,5.475936,,same_direction|intra_cta|tensor|g2s|na|serial|same_map|4096|4|4||||,data/b200/cuda-13.3-sm100/multi_context/same_direction/g2s/20260803T101432Z__v4__d4bdf8df777c/attempt_01.csv
b200,v4,same_direction,intra_cta,tensor,g2s,na,serial,same_map,4096,4,4,1,2644,2661,cycles,665.25,20.789062,6.157084,,same_direction|intra_cta|tensor|g2s|na|serial|same_map|4096|4|4||||,data/b200/cuda-13.3-sm100/multi_context/same_direction/g2s/20260803T101432Z__v4__d4bdf8df777c/attempt_01.csv
ventus,v4,same_direction,intra_cta,tensor,g2s,na,serial,same_map,4096,4,4,0,1132,1140,cycles,285.0,8.90625,14.37193,,intra_cta_tensor_g2s_alternating_serial_same_map_4096_4,data/ventus/V3.10/multi_context/same_direction/g2s/20260803T101253Z__v4__326f6a5e4973/raw.csv
ventus,v4,same_direction,intra_cta,tensor,g2s,na,serial,same_map,4096,4,4,1,1038,1046,cycles,261.5,8.171875,15.66348,,intra_cta_tensor_g2s_alternating_serial_same_map_4096_4,data/ventus/V3.10/multi_context/same_direction/g2s/20260803T101253Z__v4__326f6a5e4973/raw.csv
h100,v4,same_direction,intra_cta,tensor,g2s,na,serial,same_map,4096,8,8,0,4843,4865,cycles,608.125,19.003906,6.735457,,same_direction|intra_cta|tensor|g2s|na|serial|same_map|4096|8|8||||,data/h100/cuda-13.3-sm90/multi_context/same_direction/g2s/20260803T101340Z__v4__2bc7fb0d1fad/attempt_01.csv
h100,v4,same_direction,intra_cta,tensor,g2s,na,serial,same_map,4096,8,8,1,4224,4246,cycles,530.75,16.585938,7.717381,,same_direction|intra_cta|tensor|g2s|na|serial|same_map|4096|8|8||||,data/h100/cuda-13.3-sm90/multi_context/same_direction/g2s/20260803T101340Z__v4__2bc7fb0d1fad/attempt_01.csv
b200,v4,same_direction,intra_cta,tensor,g2s,na,serial,same_map,4096,8,8,0,5846,5863,cycles,732.875,22.902344,5.588948,,same_direction|intra_cta|tensor|g2s|na|serial|same_map|4096|8|8||||,data/b200/cuda-13.3-sm100/multi_context/same_direction/g2s/20260803T101432Z__v4__d4bdf8df777c/attempt_01.csv
b200,v4,same_direction,intra_cta,tensor,g2s,na,serial,same_map,4096,8,8,1,5226,5243,cycles,655.375,20.480469,6.249857,,same_direction|intra_cta|tensor|g2s|na|serial|same_map|4096|8|8||||,data/b200/cuda-13.3-sm100/multi_context/same_direction/g2s/20260803T101432Z__v4__d4bdf8df777c/attempt_01.csv
h100,v4,same_direction,intra_cta,tensor,g2s,na,serial,same_map,4096,16,16,0,9032,9054,cycles,565.875,17.683594,7.238348,,same_direction|intra_cta|tensor|g2s|na|serial|same_map|4096|16|16||||,data/h100/cuda-13.3-sm90/multi_context/same_direction/g2s/20260803T101340Z__v4__2bc7fb0d1fad/attempt_01.csv
h100,v4,same_direction,intra_cta,tensor,g2s,na,serial,same_map,4096,16,16,1,8401,8423,cycles,526.4375,16.451172,7.780601,,same_direction|intra_cta|tensor|g2s|na|serial|same_map|4096|16|16||||,data/h100/cuda-13.3-sm90/multi_context/same_direction/g2s/20260803T101340Z__v4__2bc7fb0d1fad/attempt_01.csv
b200,v4,same_direction,intra_cta,tensor,g2s,na,serial,same_map,4096,16,16,0,11464,11481,cycles,717.5625,22.423828,5.708214,,same_direction|intra_cta|tensor|g2s|na|serial|same_map|4096|16|16||||,data/b200/cuda-13.3-sm100/multi_context/same_direction/g2s/20260803T101432Z__v4__d4bdf8df777c/attempt_01.csv
b200,v4,same_direction,intra_cta,tensor,g2s,na,serial,same_map,4096,16,16,1,10240,10257,cycles,641.0625,20.033203,6.389393,,same_direction|intra_cta|tensor|g2s|na|serial|same_map|4096|16|16||||,data/b200/cuda-13.3-sm100/multi_context/same_direction/g2s/20260803T101432Z__v4__d4bdf8df777c/attempt_01.csv
h100,v4,same_direction,intra_cta,tensor,g2s,na,serial,same_map,4096,32,32,0,17551,17573,cycles,549.15625,17.161133,7.458715,,same_direction|intra_cta|tensor|g2s|na|serial|same_map|4096|32|32||||,data/h100/cuda-13.3-sm90/multi_context/same_direction/g2s/20260803T101340Z__v4__2bc7fb0d1fad/attempt_01.csv
h100,v4,same_direction,intra_cta,tensor,g2s,na,serial,same_map,4096,32,32,1,16762,16784,cycles,524.5,16.390625,7.809342,,same_direction|intra_cta|tensor|g2s|na|serial|same_map|4096|32|32||||,data/h100/cuda-13.3-sm90/multi_context/same_direction/g2s/20260803T101340Z__v4__2bc7fb0d1fad/attempt_01.csv
b200,v4,same_direction,intra_cta,tensor,g2s,na,serial,same_map,4096,32,32,0,21950,21967,cycles,686.46875,21.452148,5.966768,,same_direction|intra_cta|tensor|g2s|na|serial|same_map|4096|32|32||||,data/b200/cuda-13.3-sm100/multi_context/same_direction/g2s/20260803T101432Z__v4__d4bdf8df777c/attempt_01.csv
b200,v4,same_direction,intra_cta,tensor,g2s,na,serial,same_map,4096,32,32,1,20420,20437,cycles,638.65625,19.958008,6.413466,,same_direction|intra_cta|tensor|g2s|na|serial|same_map|4096|32|32||||,data/b200/cuda-13.3-sm100/multi_context/same_direction/g2s/20260803T101432Z__v4__d4bdf8df777c/attempt_01.csv
h100,v4,same_direction,multi_cta,tensor,g2s,na,batched,distinct_map,4096,1,1,0,128,480,ns,480.0,,,8.533333,same_direction|multi_cta|tensor|g2s|na|batched|distinct_map|4096|1|1||||,data/h100/cuda-13.3-sm90/multi_context/same_direction/g2s/20260803T101340Z__v4__2bc7fb0d1fad/attempt_01.csv
h100,v4,same_direction,multi_cta,tensor,g2s,na,batched,distinct_map,4096,1,1,1,64,288,ns,288.0,,,14.222222,same_direction|multi_cta|tensor|g2s|na|batched|distinct_map|4096|1|1||||,data/h100/cuda-13.3-sm90/multi_context/same_direction/g2s/20260803T101340Z__v4__2bc7fb0d1fad/attempt_01.csv
b200,v4,same_direction,multi_cta,tensor,g2s,na,batched,distinct_map,4096,1,1,0,64,384,ns,384.0,,,10.666667,same_direction|multi_cta|tensor|g2s|na|batched|distinct_map|4096|1|1||||,data/b200/cuda-13.3-sm100/multi_context/same_direction/g2s/20260803T101432Z__v4__d4bdf8df777c/attempt_01.csv
b200,v4,same_direction,multi_cta,tensor,g2s,na,batched,distinct_map,4096,1,1,1,64,256,ns,256.0,,,16.0,same_direction|multi_cta|tensor|g2s|na|batched|distinct_map|4096|1|1||||,data/b200/cuda-13.3-sm100/multi_context/same_direction/g2s/20260803T101432Z__v4__d4bdf8df777c/attempt_01.csv
ventus,v4,same_direction,multi_cta,tensor,g2s,na,batched,distinct_map,4096,1,1,0,145,311,cycles,311.0,9.71875,13.170418,,multi_cta_tensor_g2s_alternating_batched_distinct_map_4096_1,data/ventus/V3.10/multi_context/same_direction/g2s/20260803T101253Z__v4__326f6a5e4973/raw.csv
ventus,v4,same_direction,multi_cta,tensor,g2s,na,batched,distinct_map,4096,1,1,1,143,261,cycles,261.0,8.15625,15.693487,,multi_cta_tensor_g2s_alternating_batched_distinct_map_4096_1,data/ventus/V3.10/multi_context/same_direction/g2s/20260803T101253Z__v4__326f6a5e4973/raw.csv
h100,v4,same_direction,multi_cta,tensor,g2s,na,batched,distinct_map,4096,2,2,0,128,480,ns,240.0,,,17.066667,same_direction|multi_cta|tensor|g2s|na|batched|distinct_map|4096|2|2||||,data/h100/cuda-13.3-sm90/multi_context/same_direction/g2s/20260803T101340Z__v4__2bc7fb0d1fad/attempt_01.csv
h100,v4,same_direction,multi_cta,tensor,g2s,na,batched,distinct_map,4096,2,2,1,128,352,ns,176.0,,,23.272727,same_direction|multi_cta|tensor|g2s|na|batched|distinct_map|4096|2|2||||,data/h100/cuda-13.3-sm90/multi_context/same_direction/g2s/20260803T101340Z__v4__2bc7fb0d1fad/attempt_01.csv
b200,v4,same_direction,multi_cta,tensor,g2s,na,batched,distinct_map,4096,2,2,0,64,416,ns,208.0,,,19.692308,same_direction|multi_cta|tensor|g2s|na|batched|distinct_map|4096|2|2||||,data/b200/cuda-13.3-sm100/multi_context/same_direction/g2s/20260803T101432Z__v4__d4bdf8df777c/attempt_01.csv
b200,v4,same_direction,multi_cta,tensor,g2s,na,batched,distinct_map,4096,2,2,1,96,256,ns,128.0,,,32.0,same_direction|multi_cta|tensor|g2s|na|batched|distinct_map|4096|2|2||||,data/b200/cuda-13.3-sm100/multi_context/same_direction/g2s/20260803T101432Z__v4__d4bdf8df777c/attempt_01.csv
ventus,v4,same_direction,multi_cta,tensor,g2s,na,batched,distinct_map,4096,2,2,0,147,389,cycles,194.5,6.078125,21.059126,,multi_cta_tensor_g2s_alternating_batched_distinct_map_4096_2,data/ventus/V3.10/multi_context/same_direction/g2s/20260803T101253Z__v4__326f6a5e4973/raw.csv
ventus,v4,same_direction,multi_cta,tensor,g2s,na,batched,distinct_map,4096,2,2,1,149,325,cycles,162.5,5.078125,25.206154,,multi_cta_tensor_g2s_alternating_batched_distinct_map_4096_2,data/ventus/V3.10/multi_context/same_direction/g2s/20260803T101253Z__v4__326f6a5e4973/raw.csv
h100,v4,same_direction,multi_cta,tensor,g2s,na,batched,distinct_map,4096,4,4,0,128,480,ns,120.0,,,34.133333,same_direction|multi_cta|tensor|g2s|na|batched|distinct_map|4096|4|4||||,data/h100/cuda-13.3-sm90/multi_context/same_direction/g2s/20260803T101340Z__v4__2bc7fb0d1fad/attempt_01.csv
h100,v4,same_direction,multi_cta,tensor,g2s,na,batched,distinct_map,4096,4,4,1,128,352,ns,88.0,,,46.545455,same_direction|multi_cta|tensor|g2s|na|batched|distinct_map|4096|4|4||||,data/h100/cuda-13.3-sm90/multi_context/same_direction/g2s/20260803T101340Z__v4__2bc7fb0d1fad/attempt_01.csv
b200,v4,same_direction,multi_cta,tensor,g2s,na,batched,distinct_map,4096,4,4,0,96,448,ns,112.0,,,36.571429,same_direction|multi_cta|tensor|g2s|na|batched|distinct_map|4096|4|4||||,data/b200/cuda-13.3-sm100/multi_context/same_direction/g2s/20260803T101432Z__v4__d4bdf8df777c/attempt_01.csv
b200,v4,same_direction,multi_cta,tensor,g2s,na,batched,distinct_map,4096,4,4,1,128,288,ns,72.0,,,56.888889,same_direction|multi_cta|tensor|g2s|na|batched|distinct_map|4096|4|4||||,data/b200/cuda-13.3-sm100/multi_context/same_direction/g2s/20260803T101432Z__v4__d4bdf8df777c/attempt_01.csv
ventus,v4,same_direction,multi_cta,tensor,g2s,na,batched,distinct_map,4096,4,4,0,382,636,cycles,159.0,4.96875,25.761006,,multi_cta_tensor_g2s_alternating_batched_distinct_map_4096_4,data/ventus/V3.10/multi_context/same_direction/g2s/20260803T101253Z__v4__326f6a5e4973/raw.csv
ventus,v4,same_direction,multi_cta,tensor,g2s,na,batched,distinct_map,4096,4,4,1,392,558,cycles,139.5,4.359375,29.362007,,multi_cta_tensor_g2s_alternating_batched_distinct_map_4096_4,data/ventus/V3.10/multi_context/same_direction/g2s/20260803T101253Z__v4__326f6a5e4973/raw.csv
h100,v4,same_direction,multi_cta,tensor,g2s,na,batched,distinct_map,4096,8,8,0,128,480,ns,60.0,,,68.266667,same_direction|multi_cta|tensor|g2s|na|batched|distinct_map|4096|8|8||||,data/h100/cuda-13.3-sm90/multi_context/same_direction/g2s/20260803T101340Z__v4__2bc7fb0d1fad/attempt_01.csv
h100,v4,same_direction,multi_cta,tensor,g2s,na,batched,distinct_map,4096,8,8,1,224,416,ns,52.0,,,78.769231,same_direction|multi_cta|tensor|g2s|na|batched|distinct_map|4096|8|8||||,data/h100/cuda-13.3-sm90/multi_context/same_direction/g2s/20260803T101340Z__v4__2bc7fb0d1fad/attempt_01.csv
b200,v4,same_direction,multi_cta,tensor,g2s,na,batched,distinct_map,4096,8,8,0,96,416,ns,52.0,,,78.769231,same_direction|multi_cta|tensor|g2s|na|batched|distinct_map|4096|8|8||||,data/b200/cuda-13.3-sm100/multi_context/same_direction/g2s/20260803T101432Z__v4__d4bdf8df777c/attempt_01.csv
b200,v4,same_direction,multi_cta,tensor,g2s,na,batched,distinct_map,4096,8,8,1,128,320,ns,40.0,,,102.4,same_direction|multi_cta|tensor|g2s|na|batched|distinct_map|4096|8|8||||,data/b200/cuda-13.3-sm100/multi_context/same_direction/g2s/20260803T101432Z__v4__d4bdf8df777c/attempt_01.csv
ventus,v4,same_direction,multi_cta,tensor,g2s,na,batched,distinct_map,4096,8,8,0,23387,23553,cycles,2944.125,92.003906,1.391245,,multi_cta_tensor_g2s_alternating_batched_distinct_map_4096_8,data/ventus/V3.10/multi_context/same_direction/g2s/20260803T101253Z__v4__326f6a5e4973/raw.csv
ventus,v4,same_direction,multi_cta,tensor,g2s,na,batched,distinct_map,4096,8,8,1,23319,23437,cycles,2929.625,91.550781,1.398131,,multi_cta_tensor_g2s_alternating_batched_distinct_map_4096_8,data/ventus/V3.10/multi_context/same_direction/g2s/20260803T101253Z__v4__326f6a5e4973/raw.csv
h100,v4,same_direction,multi_cta,tensor,g2s,na,batched,distinct_map,4096,16,16,0,320,672,ns,42.0,,,97.52381,same_direction|multi_cta|tensor|g2s|na|batched|distinct_map|4096|16|16||||,data/h100/cuda-13.3-sm90/multi_context/same_direction/g2s/20260803T101340Z__v4__2bc7fb0d1fad/attempt_01.csv
h100,v4,same_direction,multi_cta,tensor,g2s,na,batched,distinct_map,4096,16,16,1,224,416,ns,26.0,,,157.538462,same_direction|multi_cta|tensor|g2s|na|batched|distinct_map|4096|16|16||||,data/h100/cuda-13.3-sm90/multi_context/same_direction/g2s/20260803T101340Z__v4__2bc7fb0d1fad/attempt_01.csv
b200,v4,same_direction,multi_cta,tensor,g2s,na,batched,distinct_map,4096,16,16,0,256,736,ns,46.0,,,89.043478,same_direction|multi_cta|tensor|g2s|na|batched|distinct_map|4096|16|16||||,data/b200/cuda-13.3-sm100/multi_context/same_direction/g2s/20260803T101432Z__v4__d4bdf8df777c/attempt_01.csv
b200,v4,same_direction,multi_cta,tensor,g2s,na,batched,distinct_map,4096,16,16,1,160,352,ns,22.0,,,186.181818,same_direction|multi_cta|tensor|g2s|na|batched|distinct_map|4096|16|16||||,data/b200/cuda-13.3-sm100/multi_context/same_direction/g2s/20260803T101432Z__v4__d4bdf8df777c/attempt_01.csv
ventus,v4,same_direction,multi_cta,tensor,g2s,na,batched,distinct_map,4096,16,16,0,48978,49201,cycles,3075.0625,96.095703,1.332005,,multi_cta_tensor_g2s_alternating_batched_distinct_map_4096_16,data/ventus/V3.10/multi_context/same_direction/g2s/20260803T101253Z__v4__326f6a5e4973/raw.csv
ventus,v4,same_direction,multi_cta,tensor,g2s,na,batched,distinct_map,4096,16,16,1,48952,49070,cycles,3066.875,95.839844,1.335561,,multi_cta_tensor_g2s_alternating_batched_distinct_map_4096_16,data/ventus/V3.10/multi_context/same_direction/g2s/20260803T101253Z__v4__326f6a5e4973/raw.csv
h100,v4,same_direction,multi_cta,tensor,g2s,na,batched,distinct_map,4096,32,32,0,352,704,ns,22.0,,,186.181818,same_direction|multi_cta|tensor|g2s|na|batched|distinct_map|4096|32|32||||,data/h100/cuda-13.3-sm90/multi_context/same_direction/g2s/20260803T101340Z__v4__2bc7fb0d1fad/attempt_01.csv
h100,v4,same_direction,multi_cta,tensor,g2s,na,batched,distinct_map,4096,32,32,1,320,512,ns,16.0,,,256.0,same_direction|multi_cta|tensor|g2s|na|batched|distinct_map|4096|32|32||||,data/h100/cuda-13.3-sm90/multi_context/same_direction/g2s/20260803T101340Z__v4__2bc7fb0d1fad/attempt_01.csv
b200,v4,same_direction,multi_cta,tensor,g2s,na,batched,distinct_map,4096,32,32,0,416,896,ns,28.0,,,146.285714,same_direction|multi_cta|tensor|g2s|na|batched|distinct_map|4096|32|32||||,data/b200/cuda-13.3-sm100/multi_context/same_direction/g2s/20260803T101432Z__v4__d4bdf8df777c/attempt_01.csv
b200,v4,same_direction,multi_cta,tensor,g2s,na,batched,distinct_map,4096,32,32,1,288,480,ns,15.0,,,273.066667,same_direction|multi_cta|tensor|g2s|na|batched|distinct_map|4096|32|32||||,data/b200/cuda-13.3-sm100/multi_context/same_direction/g2s/20260803T101432Z__v4__d4bdf8df777c/attempt_01.csv
h100,v4,same_direction,multi_cta,tensor,g2s,na,batched,same_map,4096,1,1,0,128,416,ns,416.0,,,9.846154,same_direction|multi_cta|tensor|g2s|na|batched|same_map|4096|1|1||||,data/h100/cuda-13.3-sm90/multi_context/same_direction/g2s/20260803T101340Z__v4__2bc7fb0d1fad/attempt_01.csv
h100,v4,same_direction,multi_cta,tensor,g2s,na,batched,same_map,4096,1,1,1,96,320,ns,320.0,,,12.8,same_direction|multi_cta|tensor|g2s|na|batched|same_map|4096|1|1||||,data/h100/cuda-13.3-sm90/multi_context/same_direction/g2s/20260803T101340Z__v4__2bc7fb0d1fad/attempt_01.csv
b200,v4,same_direction,multi_cta,tensor,g2s,na,batched,same_map,4096,1,1,0,64,416,ns,416.0,,,9.846154,same_direction|multi_cta|tensor|g2s|na|batched|same_map|4096|1|1||||,data/b200/cuda-13.3-sm100/multi_context/same_direction/g2s/20260803T101432Z__v4__d4bdf8df777c/attempt_01.csv
b200,v4,same_direction,multi_cta,tensor,g2s,na,batched,same_map,4096,1,1,1,64,256,ns,256.0,,,16.0,same_direction|multi_cta|tensor|g2s|na|batched|same_map|4096|1|1||||,data/b200/cuda-13.3-sm100/multi_context/same_direction/g2s/20260803T101432Z__v4__d4bdf8df777c/attempt_01.csv
ventus,v4,same_direction,multi_cta,tensor,g2s,na,batched,same_map,4096,1,1,0,131,297,cycles,297.0,9.28125,13.791246,,multi_cta_tensor_g2s_alternating_batched_same_map_4096_1,data/ventus/V3.10/multi_context/same_direction/g2s/20260803T101253Z__v4__326f6a5e4973/raw.csv
ventus,v4,same_direction,multi_cta,tensor,g2s,na,batched,same_map,4096,1,1,1,131,249,cycles,249.0,7.78125,16.449799,,multi_cta_tensor_g2s_alternating_batched_same_map_4096_1,data/ventus/V3.10/multi_context/same_direction/g2s/20260803T101253Z__v4__326f6a5e4973/raw.csv
h100,v4,same_direction,multi_cta,tensor,g2s,na,batched,same_map,4096,2,2,0,96,448,ns,224.0,,,18.285714,same_direction|multi_cta|tensor|g2s|na|batched|same_map|4096|2|2||||,data/h100/cuda-13.3-sm90/multi_context/same_direction/g2s/20260803T101340Z__v4__2bc7fb0d1fad/attempt_01.csv
h100,v4,same_direction,multi_cta,tensor,g2s,na,batched,same_map,4096,2,2,1,128,352,ns,176.0,,,23.272727,same_direction|multi_cta|tensor|g2s|na|batched|same_map|4096|2|2||||,data/h100/cuda-13.3-sm90/multi_context/same_direction/g2s/20260803T101340Z__v4__2bc7fb0d1fad/attempt_01.csv
b200,v4,same_direction,multi_cta,tensor,g2s,na,batched,same_map,4096,2,2,0,64,384,ns,192.0,,,21.333333,same_direction|multi_cta|tensor|g2s|na|batched|same_map|4096|2|2||||,data/b200/cuda-13.3-sm100/multi_context/same_direction/g2s/20260803T101432Z__v4__d4bdf8df777c/attempt_01.csv
b200,v4,same_direction,multi_cta,tensor,g2s,na,batched,same_map,4096,2,2,1,64,256,ns,128.0,,,32.0,same_direction|multi_cta|tensor|g2s|na|batched|same_map|4096|2|2||||,data/b200/cuda-13.3-sm100/multi_context/same_direction/g2s/20260803T101432Z__v4__d4bdf8df777c/attempt_01.csv
ventus,v4,same_direction,multi_cta,tensor,g2s,na,batched,same_map,4096,2,2,0,134,376,cycles,188.0,5.875,21.787234,,multi_cta_tensor_g2s_alternating_batched_same_map_4096_2,data/ventus/V3.10/multi_context/same_direction/g2s/20260803T101253Z__v4__326f6a5e4973/raw.csv
ventus,v4,same_direction,multi_cta,tensor,g2s,na,batched,same_map,4096,2,2,1,137,313,cycles,156.5,4.890625,26.172524,,multi_cta_tensor_g2s_alternating_batched_same_map_4096_2,data/ventus/V3.10/multi_context/same_direction/g2s/20260803T101253Z__v4__326f6a5e4973/raw.csv
h100,v4,same_direction,multi_cta,tensor,g2s,na,batched,same_map,4096,4,4,0,128,480,ns,120.0,,,34.133333,same_direction|multi_cta|tensor|g2s|na|batched|same_map|4096|4|4||||,data/h100/cuda-13.3-sm90/multi_context/same_direction/g2s/20260803T101340Z__v4__2bc7fb0d1fad/attempt_01.csv
h100,v4,same_direction,multi_cta,tensor,g2s,na,batched,same_map,4096,4,4,1,160,352,ns,88.0,,,46.545455,same_direction|multi_cta|tensor|g2s|na|batched|same_map|4096|4|4||||,data/h100/cuda-13.3-sm90/multi_context/same_direction/g2s/20260803T101340Z__v4__2bc7fb0d1fad/attempt_01.csv
b200,v4,same_direction,multi_cta,tensor,g2s,na,batched,same_map,4096,4,4,0,128,448,ns,112.0,,,36.571429,same_direction|multi_cta|tensor|g2s|na|batched|same_map|4096|4|4||||,data/b200/cuda-13.3-sm100/multi_context/same_direction/g2s/20260803T101432Z__v4__d4bdf8df777c/attempt_01.csv
b200,v4,same_direction,multi_cta,tensor,g2s,na,batched,same_map,4096,4,4,1,160,320,ns,80.0,,,51.2,same_direction|multi_cta|tensor|g2s|na|batched|same_map|4096|4|4||||,data/b200/cuda-13.3-sm100/multi_context/same_direction/g2s/20260803T101432Z__v4__d4bdf8df777c/attempt_01.csv
ventus,v4,same_direction,multi_cta,tensor,g2s,na,batched,same_map,4096,4,4,0,377,605,cycles,151.25,4.726562,27.080992,,multi_cta_tensor_g2s_alternating_batched_same_map_4096_4,data/ventus/V3.10/multi_context/same_direction/g2s/20260803T101253Z__v4__326f6a5e4973/raw.csv
ventus,v4,same_direction,multi_cta,tensor,g2s,na,batched,same_map,4096,4,4,1,311,484,cycles,121.0,3.78125,33.85124,,multi_cta_tensor_g2s_alternating_batched_same_map_4096_4,data/ventus/V3.10/multi_context/same_direction/g2s/20260803T101253Z__v4__326f6a5e4973/raw.csv
h100,v4,same_direction,multi_cta,tensor,g2s,na,batched,same_map,4096,8,8,0,128,480,ns,60.0,,,68.266667,same_direction|multi_cta|tensor|g2s|na|batched|same_map|4096|8|8||||,data/h100/cuda-13.3-sm90/multi_context/same_direction/g2s/20260803T101340Z__v4__2bc7fb0d1fad/attempt_01.csv
h100,v4,same_direction,multi_cta,tensor,g2s,na,batched,same_map,4096,8,8,1,128,352,ns,44.0,,,93.090909,same_direction|multi_cta|tensor|g2s|na|batched|same_map|4096|8|8||||,data/h100/cuda-13.3-sm90/multi_context/same_direction/g2s/20260803T101340Z__v4__2bc7fb0d1fad/attempt_01.csv
b200,v4,same_direction,multi_cta,tensor,g2s,na,batched,same_map,4096,8,8,0,96,416,ns,52.0,,,78.769231,same_direction|multi_cta|tensor|g2s|na|batched|same_map|4096|8|8||||,data/b200/cuda-13.3-sm100/multi_context/same_direction/g2s/20260803T101432Z__v4__d4bdf8df777c/attempt_01.csv
b200,v4,same_direction,multi_cta,tensor,g2s,na,batched,same_map,4096,8,8,1,192,352,ns,44.0,,,93.090909,same_direction|multi_cta|tensor|g2s|na|batched|same_map|4096|8|8||||,data/b200/cuda-13.3-sm100/multi_context/same_direction/g2s/20260803T101432Z__v4__d4bdf8df777c/attempt_01.csv
ventus,v4,same_direction,multi_cta,tensor,g2s,na,batched,same_map,4096,8,8,0,23479,23618,cycles,2952.25,92.257812,1.387416,,multi_cta_tensor_g2s_alternating_batched_same_map_4096_8,data/ventus/V3.10/multi_context/same_direction/g2s/20260803T101253Z__v4__326f6a5e4973/raw.csv
ventus,v4,same_direction,multi_cta,tensor,g2s,na,batched,same_map,4096,8,8,1,23362,23480,cycles,2935.0,91.71875,1.395571,,multi_cta_tensor_g2s_alternating_batched_same_map_4096_8,data/ventus/V3.10/multi_context/same_direction/g2s/20260803T101253Z__v4__326f6a5e4973/raw.csv
h100,v4,same_direction,multi_cta,tensor,g2s,na,batched,same_map,4096,16,16,0,352,704,ns,44.0,,,93.090909,same_direction|multi_cta|tensor|g2s|na|batched|same_map|4096|16|16||||,data/h100/cuda-13.3-sm90/multi_context/same_direction/g2s/20260803T101340Z__v4__2bc7fb0d1fad/attempt_01.csv
h100,v4,same_direction,multi_cta,tensor,g2s,na,batched,same_map,4096,16,16,1,224,416,ns,26.0,,,157.538462,same_direction|multi_cta|tensor|g2s|na|batched|same_map|4096|16|16||||,data/h100/cuda-13.3-sm90/multi_context/same_direction/g2s/20260803T101340Z__v4__2bc7fb0d1fad/attempt_01.csv
b200,v4,same_direction,multi_cta,tensor,g2s,na,batched,same_map,4096,16,16,0,256,736,ns,46.0,,,89.043478,same_direction|multi_cta|tensor|g2s|na|batched|same_map|4096|16|16||||,data/b200/cuda-13.3-sm100/multi_context/same_direction/g2s/20260803T101432Z__v4__d4bdf8df777c/attempt_01.csv
b200,v4,same_direction,multi_cta,tensor,g2s,na,batched,same_map,4096,16,16,1,320,480,ns,30.0,,,136.533333,same_direction|multi_cta|tensor|g2s|na|batched|same_map|4096|16|16||||,data/b200/cuda-13.3-sm100/multi_context/same_direction/g2s/20260803T101432Z__v4__d4bdf8df777c/attempt_01.csv
ventus,v4,same_direction,multi_cta,tensor,g2s,na,batched,same_map,4096,16,16,0,46793,46938,cycles,2933.625,91.675781,1.396225,,multi_cta_tensor_g2s_alternating_batched_same_map_4096_16,data/ventus/V3.10/multi_context/same_direction/g2s/20260803T101253Z__v4__326f6a5e4973/raw.csv
ventus,v4,same_direction,multi_cta,tensor,g2s,na,batched,same_map,4096,16,16,1,46715,46835,cycles,2927.1875,91.474609,1.399295,,multi_cta_tensor_g2s_alternating_batched_same_map_4096_16,data/ventus/V3.10/multi_context/same_direction/g2s/20260803T101253Z__v4__326f6a5e4973/raw.csv
h100,v4,same_direction,multi_cta,tensor,g2s,na,batched,same_map,4096,32,32,0,320,672,ns,21.0,,,195.047619,same_direction|multi_cta|tensor|g2s|na|batched|same_map|4096|32|32||||,data/h100/cuda-13.3-sm90/multi_context/same_direction/g2s/20260803T101340Z__v4__2bc7fb0d1fad/attempt_01.csv
h100,v4,same_direction,multi_cta,tensor,g2s,na,batched,same_map,4096,32,32,1,256,448,ns,14.0,,,292.571429,same_direction|multi_cta|tensor|g2s|na|batched|same_map|4096|32|32||||,data/h100/cuda-13.3-sm90/multi_context/same_direction/g2s/20260803T101340Z__v4__2bc7fb0d1fad/attempt_01.csv
b200,v4,same_direction,multi_cta,tensor,g2s,na,batched,same_map,4096,32,32,0,416,1152,ns,36.0,,,113.777778,same_direction|multi_cta|tensor|g2s|na|batched|same_map|4096|32|32||||,data/b200/cuda-13.3-sm100/multi_context/same_direction/g2s/20260803T101432Z__v4__d4bdf8df777c/attempt_01.csv
b200,v4,same_direction,multi_cta,tensor,g2s,na,batched,same_map,4096,32,32,1,256,480,ns,15.0,,,273.066667,same_direction|multi_cta|tensor|g2s|na|batched|same_map|4096|32|32||||,data/b200/cuda-13.3-sm100/multi_context/same_direction/g2s/20260803T101432Z__v4__d4bdf8df777c/attempt_01.csv
h100,v4,same_direction,intra_cta,bulk,s2g,na,batched,na,128,1,1,0,258,292,cycles,292.0,292.0,0.438356,,same_direction|intra_cta|bulk|s2g|na|batched|na|128|1|1||||,data/h100/cuda-13.3-sm90/multi_context/same_direction/s2g/20260803T101408Z__v4__f8a1ab2e2e59/attempt_01.csv
h100,v4,same_direction,intra_cta,bulk,s2g,na,batched,na,128,1,1,1,223,257,cycles,257.0,257.0,0.498054,,same_direction|intra_cta|bulk|s2g|na|batched|na|128|1|1||||,data/h100/cuda-13.3-sm90/multi_context/same_direction/s2g/20260803T101408Z__v4__f8a1ab2e2e59/attempt_01.csv
b200,v4,same_direction,intra_cta,bulk,s2g,na,batched,na,128,1,1,0,285,322,cycles,322.0,322.0,0.397516,,same_direction|intra_cta|bulk|s2g|na|batched|na|128|1|1||||,data/b200/cuda-13.3-sm100/multi_context/same_direction/s2g/20260803T101506Z__v4__446d8c69b3c8/attempt_01.csv
b200,v4,same_direction,intra_cta,bulk,s2g,na,batched,na,128,1,1,1,248,277,cycles,277.0,277.0,0.462094,,same_direction|intra_cta|bulk|s2g|na|batched|na|128|1|1||||,data/b200/cuda-13.3-sm100/multi_context/same_direction/s2g/20260803T101506Z__v4__446d8c69b3c8/attempt_01.csv
ventus,v4,same_direction,intra_cta,bulk,s2g,na,batched,na,128,1,1,0,74,107,cycles,107.0,107.0,1.196262,,intra_cta_bulk_s2g_alternating_batched_same_map_128_1,data/ventus/V3.10/multi_context/same_direction/s2g/20260803T101321Z__v4__5028e1f6dcb3/raw.csv
ventus,v4,same_direction,intra_cta,bulk,s2g,na,batched,na,128,1,1,1,80,113,cycles,113.0,113.0,1.132743,,intra_cta_bulk_s2g_alternating_batched_same_map_128_1,data/ventus/V3.10/multi_context/same_direction/s2g/20260803T101321Z__v4__5028e1f6dcb3/raw.csv
h100,v4,same_direction,intra_cta,bulk,s2g,na,batched,na,128,2,2,0,333,367,cycles,183.5,183.5,0.697548,,same_direction|intra_cta|bulk|s2g|na|batched|na|128|2|2||||,data/h100/cuda-13.3-sm90/multi_context/same_direction/s2g/20260803T101408Z__v4__f8a1ab2e2e59/attempt_01.csv
h100,v4,same_direction,intra_cta,bulk,s2g,na,batched,na,128,2,2,1,341,375,cycles,187.5,187.5,0.682667,,same_direction|intra_cta|bulk|s2g|na|batched|na|128|2|2||||,data/h100/cuda-13.3-sm90/multi_context/same_direction/s2g/20260803T101408Z__v4__f8a1ab2e2e59/attempt_01.csv
b200,v4,same_direction,intra_cta,bulk,s2g,na,batched,na,128,2,2,0,390,419,cycles,209.5,209.5,0.610979,,same_direction|intra_cta|bulk|s2g|na|batched|na|128|2|2||||,data/b200/cuda-13.3-sm100/multi_context/same_direction/s2g/20260803T101506Z__v4__446d8c69b3c8/attempt_01.csv
b200,v4,same_direction,intra_cta,bulk,s2g,na,batched,na,128,2,2,1,356,385,cycles,192.5,192.5,0.664935,,same_direction|intra_cta|bulk|s2g|na|batched|na|128|2|2||||,data/b200/cuda-13.3-sm100/multi_context/same_direction/s2g/20260803T101506Z__v4__446d8c69b3c8/attempt_01.csv
ventus,v4,same_direction,intra_cta,bulk,s2g,na,batched,na,128,2,2,0,89,137,cycles,68.5,68.5,1.868613,,intra_cta_bulk_s2g_alternating_batched_same_map_128_2,data/ventus/V3.10/multi_context/same_direction/s2g/20260803T101321Z__v4__5028e1f6dcb3/raw.csv
ventus,v4,same_direction,intra_cta,bulk,s2g,na,batched,na,128,2,2,1,93,141,cycles,70.5,70.5,1.815603,,intra_cta_bulk_s2g_alternating_batched_same_map_128_2,data/ventus/V3.10/multi_context/same_direction/s2g/20260803T101321Z__v4__5028e1f6dcb3/raw.csv
h100,v4,same_direction,intra_cta,bulk,s2g,na,batched,na,128,4,4,0,476,510,cycles,127.5,127.5,1.003922,,same_direction|intra_cta|bulk|s2g|na|batched|na|128|4|4||||,data/h100/cuda-13.3-sm90/multi_context/same_direction/s2g/20260803T101408Z__v4__f8a1ab2e2e59/attempt_01.csv
h100,v4,same_direction,intra_cta,bulk,s2g,na,batched,na,128,4,4,1,468,502,cycles,125.5,125.5,1.01992,,same_direction|intra_cta|bulk|s2g|na|batched|na|128|4|4||||,data/h100/cuda-13.3-sm90/multi_context/same_direction/s2g/20260803T101408Z__v4__f8a1ab2e2e59/attempt_01.csv
b200,v4,same_direction,intra_cta,bulk,s2g,na,batched,na,128,4,4,0,549,586,cycles,146.5,146.5,0.87372,,same_direction|intra_cta|bulk|s2g|na|batched|na|128|4|4||||,data/b200/cuda-13.3-sm100/multi_context/same_direction/s2g/20260803T101506Z__v4__446d8c69b3c8/attempt_01.csv
b200,v4,same_direction,intra_cta,bulk,s2g,na,batched,na,128,4,4,1,520,557,cycles,139.25,139.25,0.91921,,same_direction|intra_cta|bulk|s2g|na|batched|na|128|4|4||||,data/b200/cuda-13.3-sm100/multi_context/same_direction/s2g/20260803T101506Z__v4__446d8c69b3c8/attempt_01.csv
ventus,v4,same_direction,intra_cta,bulk,s2g,na,batched,na,128,4,4,0,134,191,cycles,47.75,47.75,2.680628,,intra_cta_bulk_s2g_alternating_batched_same_map_128_4,data/ventus/V3.10/multi_context/same_direction/s2g/20260803T101321Z__v4__5028e1f6dcb3/raw.csv
ventus,v4,same_direction,intra_cta,bulk,s2g,na,batched,na,128,4,4,1,138,195,cycles,48.75,48.75,2.625641,,intra_cta_bulk_s2g_alternating_batched_same_map_128_4,data/ventus/V3.10/multi_context/same_direction/s2g/20260803T101321Z__v4__5028e1f6dcb3/raw.csv
h100,v4,same_direction,intra_cta,bulk,s2g,na,batched,na,128,8,8,0,819,853,cycles,106.625,106.625,1.200469,,same_direction|intra_cta|bulk|s2g|na|batched|na|128|8|8||||,data/h100/cuda-13.3-sm90/multi_context/same_direction/s2g/20260803T101408Z__v4__f8a1ab2e2e59/attempt_01.csv
h100,v4,same_direction,intra_cta,bulk,s2g,na,batched,na,128,8,8,1,789,823,cycles,102.875,102.875,1.244228,,same_direction|intra_cta|bulk|s2g|na|batched|na|128|8|8||||,data/h100/cuda-13.3-sm90/multi_context/same_direction/s2g/20260803T101408Z__v4__f8a1ab2e2e59/attempt_01.csv
b200,v4,same_direction,intra_cta,bulk,s2g,na,batched,na,128,8,8,0,867,904,cycles,113.0,113.0,1.132743,,same_direction|intra_cta|bulk|s2g|na|batched|na|128|8|8||||,data/b200/cuda-13.3-sm100/multi_context/same_direction/s2g/20260803T101506Z__v4__446d8c69b3c8/attempt_01.csv
b200,v4,same_direction,intra_cta,bulk,s2g,na,batched,na,128,8,8,1,838,875,cycles,109.375,109.375,1.170286,,same_direction|intra_cta|bulk|s2g|na|batched|na|128|8|8||||,data/b200/cuda-13.3-sm100/multi_context/same_direction/s2g/20260803T101506Z__v4__446d8c69b3c8/attempt_01.csv
ventus,v4,same_direction,intra_cta,bulk,s2g,na,batched,na,128,8,8,0,248,305,cycles,38.125,38.125,3.357377,,intra_cta_bulk_s2g_alternating_batched_same_map_128_8,data/ventus/V3.10/multi_context/same_direction/s2g/20260803T101321Z__v4__5028e1f6dcb3/raw.csv
ventus,v4,same_direction,intra_cta,bulk,s2g,na,batched,na,128,8,8,1,252,309,cycles,38.625,38.625,3.313916,,intra_cta_bulk_s2g_alternating_batched_same_map_128_8,data/ventus/V3.10/multi_context/same_direction/s2g/20260803T101321Z__v4__5028e1f6dcb3/raw.csv
h100,v4,same_direction,intra_cta,bulk,s2g,na,batched,na,128,16,16,0,1472,1506,cycles,94.125,94.125,1.359894,,same_direction|intra_cta|bulk|s2g|na|batched|na|128|16|16||||,data/h100/cuda-13.3-sm90/multi_context/same_direction/s2g/20260803T101408Z__v4__f8a1ab2e2e59/attempt_01.csv
h100,v4,same_direction,intra_cta,bulk,s2g,na,batched,na,128,16,16,1,1464,1498,cycles,93.625,93.625,1.367156,,same_direction|intra_cta|bulk|s2g|na|batched|na|128|16|16||||,data/h100/cuda-13.3-sm90/multi_context/same_direction/s2g/20260803T101408Z__v4__f8a1ab2e2e59/attempt_01.csv
b200,v4,same_direction,intra_cta,bulk,s2g,na,batched,na,128,16,16,0,1515,1552,cycles,97.0,97.0,1.319588,,same_direction|intra_cta|bulk|s2g|na|batched|na|128|16|16||||,data/b200/cuda-13.3-sm100/multi_context/same_direction/s2g/20260803T101506Z__v4__446d8c69b3c8/attempt_01.csv
b200,v4,same_direction,intra_cta,bulk,s2g,na,batched,na,128,16,16,1,1474,1511,cycles,94.4375,94.4375,1.355394,,same_direction|intra_cta|bulk|s2g|na|batched|na|128|16|16||||,data/b200/cuda-13.3-sm100/multi_context/same_direction/s2g/20260803T101506Z__v4__446d8c69b3c8/attempt_01.csv
ventus,v4,same_direction,intra_cta,bulk,s2g,na,batched,na,128,16,16,0,471,528,cycles,33.0,33.0,3.878788,,intra_cta_bulk_s2g_alternating_batched_same_map_128_16,data/ventus/V3.10/multi_context/same_direction/s2g/20260803T101321Z__v4__5028e1f6dcb3/raw.csv
ventus,v4,same_direction,intra_cta,bulk,s2g,na,batched,na,128,16,16,1,480,537,cycles,33.5625,33.5625,3.81378,,intra_cta_bulk_s2g_alternating_batched_same_map_128_16,data/ventus/V3.10/multi_context/same_direction/s2g/20260803T101321Z__v4__5028e1f6dcb3/raw.csv
h100,v4,same_direction,intra_cta,bulk,s2g,na,batched,na,128,32,32,0,2803,2837,cycles,88.65625,88.65625,1.443779,,same_direction|intra_cta|bulk|s2g|na|batched|na|128|32|32||||,data/h100/cuda-13.3-sm90/multi_context/same_direction/s2g/20260803T101408Z__v4__f8a1ab2e2e59/attempt_01.csv
h100,v4,same_direction,intra_cta,bulk,s2g,na,batched,na,128,32,32,1,2792,2826,cycles,88.3125,88.3125,1.449398,,same_direction|intra_cta|bulk|s2g|na|batched|na|128|32|32||||,data/h100/cuda-13.3-sm90/multi_context/same_direction/s2g/20260803T101408Z__v4__f8a1ab2e2e59/attempt_01.csv
b200,v4,same_direction,intra_cta,bulk,s2g,na,batched,na,128,32,32,0,2787,2824,cycles,88.25,88.25,1.450425,,same_direction|intra_cta|bulk|s2g|na|batched|na|128|32|32||||,data/b200/cuda-13.3-sm100/multi_context/same_direction/s2g/20260803T101506Z__v4__446d8c69b3c8/attempt_01.csv
b200,v4,same_direction,intra_cta,bulk,s2g,na,batched,na,128,32,32,1,2746,2783,cycles,86.96875,86.96875,1.471793,,same_direction|intra_cta|bulk|s2g|na|batched|na|128|32|32||||,data/b200/cuda-13.3-sm100/multi_context/same_direction/s2g/20260803T101506Z__v4__446d8c69b3c8/attempt_01.csv
ventus,v4,same_direction,intra_cta,bulk,s2g,na,batched,na,128,32,32,0,921,978,cycles,30.5625,30.5625,4.188139,,intra_cta_bulk_s2g_alternating_batched_same_map_128_32,data/ventus/V3.10/multi_context/same_direction/s2g/20260803T101321Z__v4__5028e1f6dcb3/raw.csv
ventus,v4,same_direction,intra_cta,bulk,s2g,na,batched,na,128,32,32,1,929,986,cycles,30.8125,30.8125,4.154158,,intra_cta_bulk_s2g_alternating_batched_same_map_128_32,data/ventus/V3.10/multi_context/same_direction/s2g/20260803T101321Z__v4__5028e1f6dcb3/raw.csv
h100,v4,same_direction,intra_cta,bulk,s2g,na,serial,na,128,1,1,0,256,278,cycles,278.0,278.0,0.460432,,same_direction|intra_cta|bulk|s2g|na|serial|na|128|1|1||||,data/h100/cuda-13.3-sm90/multi_context/same_direction/s2g/20260803T101408Z__v4__f8a1ab2e2e59/attempt_01.csv
h100,v4,same_direction,intra_cta,bulk,s2g,na,serial,na,128,1,1,1,256,278,cycles,278.0,278.0,0.460432,,same_direction|intra_cta|bulk|s2g|na|serial|na|128|1|1||||,data/h100/cuda-13.3-sm90/multi_context/same_direction/s2g/20260803T101408Z__v4__f8a1ab2e2e59/attempt_01.csv
b200,v4,same_direction,intra_cta,bulk,s2g,na,serial,na,128,1,1,0,280,297,cycles,297.0,297.0,0.430976,,same_direction|intra_cta|bulk|s2g|na|serial|na|128|1|1||||,data/b200/cuda-13.3-sm100/multi_context/same_direction/s2g/20260803T101506Z__v4__446d8c69b3c8/attempt_01.csv
b200,v4,same_direction,intra_cta,bulk,s2g,na,serial,na,128,1,1,1,280,297,cycles,297.0,297.0,0.430976,,same_direction|intra_cta|bulk|s2g|na|serial|na|128|1|1||||,data/b200/cuda-13.3-sm100/multi_context/same_direction/s2g/20260803T101506Z__v4__446d8c69b3c8/attempt_01.csv
ventus,v4,same_direction,intra_cta,bulk,s2g,na,serial,na,128,1,1,0,103,111,cycles,111.0,111.0,1.153153,,intra_cta_bulk_s2g_alternating_serial_same_map_128_1,data/ventus/V3.10/multi_context/same_direction/s2g/20260803T101321Z__v4__5028e1f6dcb3/raw.csv
ventus,v4,same_direction,intra_cta,bulk,s2g,na,serial,na,128,1,1,1,109,117,cycles,117.0,117.0,1.094017,,intra_cta_bulk_s2g_alternating_serial_same_map_128_1,data/ventus/V3.10/multi_context/same_direction/s2g/20260803T101321Z__v4__5028e1f6dcb3/raw.csv
h100,v4,same_direction,intra_cta,bulk,s2g,na,serial,na,128,2,2,0,429,451,cycles,225.5,225.5,0.567627,,same_direction|intra_cta|bulk|s2g|na|serial|na|128|2|2||||,data/h100/cuda-13.3-sm90/multi_context/same_direction/s2g/20260803T101408Z__v4__f8a1ab2e2e59/attempt_01.csv
h100,v4,same_direction,intra_cta,bulk,s2g,na,serial,na,128,2,2,1,429,451,cycles,225.5,225.5,0.567627,,same_direction|intra_cta|bulk|s2g|na|serial|na|128|2|2||||,data/h100/cuda-13.3-sm90/multi_context/same_direction/s2g/20260803T101408Z__v4__f8a1ab2e2e59/attempt_01.csv
b200,v4,same_direction,intra_cta,bulk,s2g,na,serial,na,128,2,2,0,521,538,cycles,269.0,269.0,0.475836,,same_direction|intra_cta|bulk|s2g|na|serial|na|128|2|2||||,data/b200/cuda-13.3-sm100/multi_context/same_direction/s2g/20260803T101506Z__v4__446d8c69b3c8/attempt_01.csv
b200,v4,same_direction,intra_cta,bulk,s2g,na,serial,na,128,2,2,1,498,515,cycles,257.5,257.5,0.497087,,same_direction|intra_cta|bulk|s2g|na|serial|na|128|2|2||||,data/b200/cuda-13.3-sm100/multi_context/same_direction/s2g/20260803T101506Z__v4__446d8c69b3c8/attempt_01.csv
ventus,v4,same_direction,intra_cta,bulk,s2g,na,serial,na,128,2,2,0,149,157,cycles,78.5,78.5,1.630573,,intra_cta_bulk_s2g_alternating_serial_same_map_128_2,data/ventus/V3.10/multi_context/same_direction/s2g/20260803T101321Z__v4__5028e1f6dcb3/raw.csv
ventus,v4,same_direction,intra_cta,bulk,s2g,na,serial,na,128,2,2,1,153,161,cycles,80.5,80.5,1.590062,,intra_cta_bulk_s2g_alternating_serial_same_map_128_2,data/ventus/V3.10/multi_context/same_direction/s2g/20260803T101321Z__v4__5028e1f6dcb3/raw.csv
h100,v4,same_direction,intra_cta,bulk,s2g,na,serial,na,128,4,4,0,775,797,cycles,199.25,199.25,0.642409,,same_direction|intra_cta|bulk|s2g|na|serial|na|128|4|4||||,data/h100/cuda-13.3-sm90/multi_context/same_direction/s2g/20260803T101408Z__v4__f8a1ab2e2e59/attempt_01.csv
h100,v4,same_direction,intra_cta,bulk,s2g,na,serial,na,128,4,4,1,775,797,cycles,199.25,199.25,0.642409,,same_direction|intra_cta|bulk|s2g|na|serial|na|128|4|4||||,data/h100/cuda-13.3-sm90/multi_context/same_direction/s2g/20260803T101408Z__v4__f8a1ab2e2e59/attempt_01.csv
b200,v4,same_direction,intra_cta,bulk,s2g,na,serial,na,128,4,4,0,934,951,cycles,237.75,237.75,0.538381,,same_direction|intra_cta|bulk|s2g|na|serial|na|128|4|4||||,data/b200/cuda-13.3-sm100/multi_context/same_direction/s2g/20260803T101506Z__v4__446d8c69b3c8/attempt_01.csv
b200,v4,same_direction,intra_cta,bulk,s2g,na,serial,na,128,4,4,1,934,951,cycles,237.75,237.75,0.538381,,same_direction|intra_cta|bulk|s2g|na|serial|na|128|4|4||||,data/b200/cuda-13.3-sm100/multi_context/same_direction/s2g/20260803T101506Z__v4__446d8c69b3c8/attempt_01.csv
ventus,v4,same_direction,intra_cta,bulk,s2g,na,serial,na,128,4,4,0,235,243,cycles,60.75,60.75,2.106996,,intra_cta_bulk_s2g_alternating_serial_same_map_128_4,data/ventus/V3.10/multi_context/same_direction/s2g/20260803T101321Z__v4__5028e1f6dcb3/raw.csv
ventus,v4,same_direction,intra_cta,bulk,s2g,na,serial,na,128,4,4,1,241,249,cycles,62.25,62.25,2.056225,,intra_cta_bulk_s2g_alternating_serial_same_map_128_4,data/ventus/V3.10/multi_context/same_direction/s2g/20260803T101321Z__v4__5028e1f6dcb3/raw.csv
h100,v4,same_direction,intra_cta,bulk,s2g,na,serial,na,128,8,8,0,1467,1489,cycles,186.125,186.125,0.68771,,same_direction|intra_cta|bulk|s2g|na|serial|na|128|8|8||||,data/h100/cuda-13.3-sm90/multi_context/same_direction/s2g/20260803T101408Z__v4__f8a1ab2e2e59/attempt_01.csv
h100,v4,same_direction,intra_cta,bulk,s2g,na,serial,na,128,8,8,1,1467,1489,cycles,186.125,186.125,0.68771,,same_direction|intra_cta|bulk|s2g|na|serial|na|128|8|8||||,data/h100/cuda-13.3-sm90/multi_context/same_direction/s2g/20260803T101408Z__v4__f8a1ab2e2e59/attempt_01.csv
b200,v4,same_direction,intra_cta,bulk,s2g,na,serial,na,128,8,8,0,1806,1823,cycles,227.875,227.875,0.561711,,same_direction|intra_cta|bulk|s2g|na|serial|na|128|8|8||||,data/b200/cuda-13.3-sm100/multi_context/same_direction/s2g/20260803T101506Z__v4__446d8c69b3c8/attempt_01.csv
b200,v4,same_direction,intra_cta,bulk,s2g,na,serial,na,128,8,8,1,1806,1823,cycles,227.875,227.875,0.561711,,same_direction|intra_cta|bulk|s2g|na|serial|na|128|8|8||||,data/b200/cuda-13.3-sm100/multi_context/same_direction/s2g/20260803T101506Z__v4__446d8c69b3c8/attempt_01.csv
ventus,v4,same_direction,intra_cta,bulk,s2g,na,serial,na,128,8,8,0,413,421,cycles,52.625,52.625,2.432304,,intra_cta_bulk_s2g_alternating_serial_same_map_128_8,data/ventus/V3.10/multi_context/same_direction/s2g/20260803T101321Z__v4__5028e1f6dcb3/raw.csv
ventus,v4,same_direction,intra_cta,bulk,s2g,na,serial,na,128,8,8,1,423,431,cycles,53.875,53.875,2.37587,,intra_cta_bulk_s2g_alternating_serial_same_map_128_8,data/ventus/V3.10/multi_context/same_direction/s2g/20260803T101321Z__v4__5028e1f6dcb3/raw.csv
h100,v4,same_direction,intra_cta,bulk,s2g,na,serial,na,128,16,16,0,2851,2873,cycles,179.5625,179.5625,0.712844,,same_direction|intra_cta|bulk|s2g|na|serial|na|128|16|16||||,data/h100/cuda-13.3-sm90/multi_context/same_direction/s2g/20260803T101408Z__v4__f8a1ab2e2e59/attempt_01.csv
h100,v4,same_direction,intra_cta,bulk,s2g,na,serial,na,128,16,16,1,2851,2873,cycles,179.5625,179.5625,0.712844,,same_direction|intra_cta|bulk|s2g|na|serial|na|128|16|16||||,data/h100/cuda-13.3-sm90/multi_context/same_direction/s2g/20260803T101408Z__v4__f8a1ab2e2e59/attempt_01.csv
b200,v4,same_direction,intra_cta,bulk,s2g,na,serial,na,128,16,16,0,3550,3567,cycles,222.9375,222.9375,0.574152,,same_direction|intra_cta|bulk|s2g|na|serial|na|128|16|16||||,data/b200/cuda-13.3-sm100/multi_context/same_direction/s2g/20260803T101506Z__v4__446d8c69b3c8/attempt_01.csv
b200,v4,same_direction,intra_cta,bulk,s2g,na,serial,na,128,16,16,1,3550,3567,cycles,222.9375,222.9375,0.574152,,same_direction|intra_cta|bulk|s2g|na|serial|na|128|16|16||||,data/b200/cuda-13.3-sm100/multi_context/same_direction/s2g/20260803T101506Z__v4__446d8c69b3c8/attempt_01.csv
ventus,v4,same_direction,intra_cta,bulk,s2g,na,serial,na,128,16,16,0,778,786,cycles,49.125,49.125,2.605598,,intra_cta_bulk_s2g_alternating_serial_same_map_128_16,data/ventus/V3.10/multi_context/same_direction/s2g/20260803T101321Z__v4__5028e1f6dcb3/raw.csv
ventus,v4,same_direction,intra_cta,bulk,s2g,na,serial,na,128,16,16,1,787,795,cycles,49.6875,49.6875,2.576101,,intra_cta_bulk_s2g_alternating_serial_same_map_128_16,data/ventus/V3.10/multi_context/same_direction/s2g/20260803T101321Z__v4__5028e1f6dcb3/raw.csv
h100,v4,same_direction,intra_cta,bulk,s2g,na,serial,na,128,32,32,0,5619,5641,cycles,176.28125,176.28125,0.726112,,same_direction|intra_cta|bulk|s2g|na|serial|na|128|32|32||||,data/h100/cuda-13.3-sm90/multi_context/same_direction/s2g/20260803T101408Z__v4__f8a1ab2e2e59/attempt_01.csv
h100,v4,same_direction,intra_cta,bulk,s2g,na,serial,na,128,32,32,1,5619,5641,cycles,176.28125,176.28125,0.726112,,same_direction|intra_cta|bulk|s2g|na|serial|na|128|32|32||||,data/h100/cuda-13.3-sm90/multi_context/same_direction/s2g/20260803T101408Z__v4__f8a1ab2e2e59/attempt_01.csv
b200,v4,same_direction,intra_cta,bulk,s2g,na,serial,na,128,32,32,0,7061,7078,cycles,221.1875,221.1875,0.578695,,same_direction|intra_cta|bulk|s2g|na|serial|na|128|32|32||||,data/b200/cuda-13.3-sm100/multi_context/same_direction/s2g/20260803T101506Z__v4__446d8c69b3c8/attempt_01.csv
b200,v4,same_direction,intra_cta,bulk,s2g,na,serial,na,128,32,32,1,7038,7055,cycles,220.46875,220.46875,0.580581,,same_direction|intra_cta|bulk|s2g|na|serial|na|128|32|32||||,data/b200/cuda-13.3-sm100/multi_context/same_direction/s2g/20260803T101506Z__v4__446d8c69b3c8/attempt_01.csv
ventus,v4,same_direction,intra_cta,bulk,s2g,na,serial,na,128,32,32,0,1597,1605,cycles,50.15625,50.15625,2.552025,,intra_cta_bulk_s2g_alternating_serial_same_map_128_32,data/ventus/V3.10/multi_context/same_direction/s2g/20260803T101321Z__v4__5028e1f6dcb3/raw.csv
ventus,v4,same_direction,intra_cta,bulk,s2g,na,serial,na,128,32,32,1,1699,1707,cycles,53.34375,53.34375,2.399531,,intra_cta_bulk_s2g_alternating_serial_same_map_128_32,data/ventus/V3.10/multi_context/same_direction/s2g/20260803T101321Z__v4__5028e1f6dcb3/raw.csv
h100,v4,same_direction,multi_cta,bulk,s2g,na,batched,na,128,1,1,0,128,160,ns,160.0,,,0.8,same_direction|multi_cta|bulk|s2g|na|batched|na|128|1|1||||,data/h100/cuda-13.3-sm90/multi_context/same_direction/s2g/20260803T101408Z__v4__f8a1ab2e2e59/attempt_01.csv
h100,v4,same_direction,multi_cta,bulk,s2g,na,batched,na,128,1,1,1,64,96,ns,96.0,,,1.333333,same_direction|multi_cta|bulk|s2g|na|batched|na|128|1|1||||,data/h100/cuda-13.3-sm90/multi_context/same_direction/s2g/20260803T101408Z__v4__f8a1ab2e2e59/attempt_01.csv
b200,v4,same_direction,multi_cta,bulk,s2g,na,batched,na,128,1,1,0,64,128,ns,128.0,,,1.0,same_direction|multi_cta|bulk|s2g|na|batched|na|128|1|1||||,data/b200/cuda-13.3-sm100/multi_context/same_direction/s2g/20260803T101506Z__v4__446d8c69b3c8/attempt_01.csv
b200,v4,same_direction,multi_cta,bulk,s2g,na,batched,na,128,1,1,1,32,64,ns,64.0,,,2.0,same_direction|multi_cta|bulk|s2g|na|batched|na|128|1|1||||,data/b200/cuda-13.3-sm100/multi_context/same_direction/s2g/20260803T101506Z__v4__446d8c69b3c8/attempt_01.csv
ventus,v4,same_direction,multi_cta,bulk,s2g,na,batched,na,128,1,1,0,92,125,cycles,125.0,125.0,1.024,,multi_cta_bulk_s2g_alternating_batched_same_map_128_1,data/ventus/V3.10/multi_context/same_direction/s2g/20260803T101321Z__v4__5028e1f6dcb3/raw.csv
ventus,v4,same_direction,multi_cta,bulk,s2g,na,batched,na,128,1,1,1,98,131,cycles,131.0,131.0,0.977099,,multi_cta_bulk_s2g_alternating_batched_same_map_128_1,data/ventus/V3.10/multi_context/same_direction/s2g/20260803T101321Z__v4__5028e1f6dcb3/raw.csv
h100,v4,same_direction,multi_cta,bulk,s2g,na,batched,na,128,2,2,0,160,192,ns,96.0,,,1.333333,same_direction|multi_cta|bulk|s2g|na|batched|na|128|2|2||||,data/h100/cuda-13.3-sm90/multi_context/same_direction/s2g/20260803T101408Z__v4__f8a1ab2e2e59/attempt_01.csv
h100,v4,same_direction,multi_cta,bulk,s2g,na,batched,na,128,2,2,1,128,160,ns,80.0,,,1.6,same_direction|multi_cta|bulk|s2g|na|batched|na|128|2|2||||,data/h100/cuda-13.3-sm90/multi_context/same_direction/s2g/20260803T101408Z__v4__f8a1ab2e2e59/attempt_01.csv
b200,v4,same_direction,multi_cta,bulk,s2g,na,batched,na,128,2,2,0,64,128,ns,64.0,,,2.0,same_direction|multi_cta|bulk|s2g|na|batched|na|128|2|2||||,data/b200/cuda-13.3-sm100/multi_context/same_direction/s2g/20260803T101506Z__v4__446d8c69b3c8/attempt_01.csv
b200,v4,same_direction,multi_cta,bulk,s2g,na,batched,na,128,2,2,1,32,64,ns,32.0,,,4.0,same_direction|multi_cta|bulk|s2g|na|batched|na|128|2|2||||,data/b200/cuda-13.3-sm100/multi_context/same_direction/s2g/20260803T101506Z__v4__446d8c69b3c8/attempt_01.csv
ventus,v4,same_direction,multi_cta,bulk,s2g,na,batched,na,128,2,2,0,94,127,cycles,63.5,63.5,2.015748,,multi_cta_bulk_s2g_alternating_batched_same_map_128_2,data/ventus/V3.10/multi_context/same_direction/s2g/20260803T101321Z__v4__5028e1f6dcb3/raw.csv
ventus,v4,same_direction,multi_cta,bulk,s2g,na,batched,na,128,2,2,1,100,133,cycles,66.5,66.5,1.924812,,multi_cta_bulk_s2g_alternating_batched_same_map_128_2,data/ventus/V3.10/multi_context/same_direction/s2g/20260803T101321Z__v4__5028e1f6dcb3/raw.csv
h100,v4,same_direction,multi_cta,bulk,s2g,na,batched,na,128,4,4,0,160,192,ns,48.0,,,2.666667,same_direction|multi_cta|bulk|s2g|na|batched|na|128|4|4||||,data/h100/cuda-13.3-sm90/multi_context/same_direction/s2g/20260803T101408Z__v4__f8a1ab2e2e59/attempt_01.csv
h100,v4,same_direction,multi_cta,bulk,s2g,na,batched,na,128,4,4,1,160,192,ns,48.0,,,2.666667,same_direction|multi_cta|bulk|s2g|na|batched|na|128|4|4||||,data/h100/cuda-13.3-sm90/multi_context/same_direction/s2g/20260803T101408Z__v4__f8a1ab2e2e59/attempt_01.csv
b200,v4,same_direction,multi_cta,bulk,s2g,na,batched,na,128,4,4,0,224,288,ns,72.0,,,1.777778,same_direction|multi_cta|bulk|s2g|na|batched|na|128|4|4||||,data/b200/cuda-13.3-sm100/multi_context/same_direction/s2g/20260803T101506Z__v4__446d8c69b3c8/attempt_01.csv
b200,v4,same_direction,multi_cta,bulk,s2g,na,batched,na,128,4,4,1,352,352,ns,88.0,,,1.454545,same_direction|multi_cta|bulk|s2g|na|batched|na|128|4|4||||,data/b200/cuda-13.3-sm100/multi_context/same_direction/s2g/20260803T101506Z__v4__446d8c69b3c8/attempt_01.csv
ventus,v4,same_direction,multi_cta,bulk,s2g,na,batched,na,128,4,4,0,136,169,cycles,42.25,42.25,3.029586,,multi_cta_bulk_s2g_alternating_batched_same_map_128_4,data/ventus/V3.10/multi_context/same_direction/s2g/20260803T101321Z__v4__5028e1f6dcb3/raw.csv
ventus,v4,same_direction,multi_cta,bulk,s2g,na,batched,na,128,4,4,1,157,190,cycles,47.5,47.5,2.694737,,multi_cta_bulk_s2g_alternating_batched_same_map_128_4,data/ventus/V3.10/multi_context/same_direction/s2g/20260803T101321Z__v4__5028e1f6dcb3/raw.csv
h100,v4,same_direction,multi_cta,bulk,s2g,na,batched,na,128,8,8,0,160,192,ns,24.0,,,5.333333,same_direction|multi_cta|bulk|s2g|na|batched|na|128|8|8||||,data/h100/cuda-13.3-sm90/multi_context/same_direction/s2g/20260803T101408Z__v4__f8a1ab2e2e59/attempt_01.csv
h100,v4,same_direction,multi_cta,bulk,s2g,na,batched,na,128,8,8,1,160,192,ns,24.0,,,5.333333,same_direction|multi_cta|bulk|s2g|na|batched|na|128|8|8||||,data/h100/cuda-13.3-sm90/multi_context/same_direction/s2g/20260803T101408Z__v4__f8a1ab2e2e59/attempt_01.csv
b200,v4,same_direction,multi_cta,bulk,s2g,na,batched,na,128,8,8,0,192,256,ns,32.0,,,4.0,same_direction|multi_cta|bulk|s2g|na|batched|na|128|8|8||||,data/b200/cuda-13.3-sm100/multi_context/same_direction/s2g/20260803T101506Z__v4__446d8c69b3c8/attempt_01.csv
b200,v4,same_direction,multi_cta,bulk,s2g,na,batched,na,128,8,8,1,288,320,ns,40.0,,,3.2,same_direction|multi_cta|bulk|s2g|na|batched|na|128|8|8||||,data/b200/cuda-13.3-sm100/multi_context/same_direction/s2g/20260803T101506Z__v4__446d8c69b3c8/attempt_01.csv
ventus,v4,same_direction,multi_cta,bulk,s2g,na,batched,na,128,8,8,0,7411,7444,cycles,930.5,930.5,0.13756,,multi_cta_bulk_s2g_alternating_batched_same_map_128_8,data/ventus/V3.10/multi_context/same_direction/s2g/20260803T101321Z__v4__5028e1f6dcb3/raw.csv
ventus,v4,same_direction,multi_cta,bulk,s2g,na,batched,na,128,8,8,1,7402,7435,cycles,929.375,929.375,0.137727,,multi_cta_bulk_s2g_alternating_batched_same_map_128_8,data/ventus/V3.10/multi_context/same_direction/s2g/20260803T101321Z__v4__5028e1f6dcb3/raw.csv
h100,v4,same_direction,multi_cta,bulk,s2g,na,batched,na,128,16,16,0,320,352,ns,22.0,,,5.818182,same_direction|multi_cta|bulk|s2g|na|batched|na|128|16|16||||,data/h100/cuda-13.3-sm90/multi_context/same_direction/s2g/20260803T101408Z__v4__f8a1ab2e2e59/attempt_01.csv
h100,v4,same_direction,multi_cta,bulk,s2g,na,batched,na,128,16,16,1,224,256,ns,16.0,,,8.0,same_direction|multi_cta|bulk|s2g|na|batched|na|128|16|16||||,data/h100/cuda-13.3-sm90/multi_context/same_direction/s2g/20260803T101408Z__v4__f8a1ab2e2e59/attempt_01.csv
b200,v4,same_direction,multi_cta,bulk,s2g,na,batched,na,128,16,16,0,256,320,ns,20.0,,,6.4,same_direction|multi_cta|bulk|s2g|na|batched|na|128|16|16||||,data/b200/cuda-13.3-sm100/multi_context/same_direction/s2g/20260803T101506Z__v4__446d8c69b3c8/attempt_01.csv
b200,v4,same_direction,multi_cta,bulk,s2g,na,batched,na,128,16,16,1,352,384,ns,24.0,,,5.333333,same_direction|multi_cta|bulk|s2g|na|batched|na|128|16|16||||,data/b200/cuda-13.3-sm100/multi_context/same_direction/s2g/20260803T101506Z__v4__446d8c69b3c8/attempt_01.csv
ventus,v4,same_direction,multi_cta,bulk,s2g,na,batched,na,128,16,16,0,10577,11528,cycles,720.5,720.5,0.177654,,multi_cta_bulk_s2g_alternating_batched_same_map_128_16,data/ventus/V3.10/multi_context/same_direction/s2g/20260803T101321Z__v4__5028e1f6dcb3/raw.csv
ventus,v4,same_direction,multi_cta,bulk,s2g,na,batched,na,128,16,16,1,11566,12447,cycles,777.9375,777.9375,0.164538,,multi_cta_bulk_s2g_alternating_batched_same_map_128_16,data/ventus/V3.10/multi_context/same_direction/s2g/20260803T101321Z__v4__5028e1f6dcb3/raw.csv
h100,v4,same_direction,multi_cta,bulk,s2g,na,batched,na,128,32,32,0,384,416,ns,13.0,,,9.846154,same_direction|multi_cta|bulk|s2g|na|batched|na|128|32|32||||,data/h100/cuda-13.3-sm90/multi_context/same_direction/s2g/20260803T101408Z__v4__f8a1ab2e2e59/attempt_01.csv
h100,v4,same_direction,multi_cta,bulk,s2g,na,batched,na,128,32,32,1,256,288,ns,9.0,,,14.222222,same_direction|multi_cta|bulk|s2g|na|batched|na|128|32|32||||,data/h100/cuda-13.3-sm90/multi_context/same_direction/s2g/20260803T101408Z__v4__f8a1ab2e2e59/attempt_01.csv
b200,v4,same_direction,multi_cta,bulk,s2g,na,batched,na,128,32,32,0,416,480,ns,15.0,,,8.533333,same_direction|multi_cta|bulk|s2g|na|batched|na|128|32|32||||,data/b200/cuda-13.3-sm100/multi_context/same_direction/s2g/20260803T101506Z__v4__446d8c69b3c8/attempt_01.csv
b200,v4,same_direction,multi_cta,bulk,s2g,na,batched,na,128,32,32,1,384,416,ns,13.0,,,9.846154,same_direction|multi_cta|bulk|s2g|na|batched|na|128|32|32||||,data/b200/cuda-13.3-sm100/multi_context/same_direction/s2g/20260803T101506Z__v4__446d8c69b3c8/attempt_01.csv
ventus,v4,same_direction,multi_cta,bulk,s2g,na,batched,na,128,32,32,0,32972,33866,cycles,1058.3125,1058.3125,0.120947,,multi_cta_bulk_s2g_alternating_batched_same_map_128_32,data/ventus/V3.10/multi_context/same_direction/s2g/20260803T101321Z__v4__5028e1f6dcb3/raw.csv
ventus,v4,same_direction,multi_cta,bulk,s2g,na,batched,na,128,32,32,1,36937,37917,cycles,1184.90625,1184.90625,0.108025,,multi_cta_bulk_s2g_alternating_batched_same_map_128_32,data/ventus/V3.10/multi_context/same_direction/s2g/20260803T101321Z__v4__5028e1f6dcb3/raw.csv
h100,v4,same_direction,intra_cta,bulk,s2g,na,batched,na,4096,1,1,0,226,347,cycles,347.0,10.84375,11.804035,,same_direction|intra_cta|bulk|s2g|na|batched|na|4096|1|1||||,data/h100/cuda-13.3-sm90/multi_context/same_direction/s2g/20260803T101408Z__v4__f8a1ab2e2e59/attempt_01.csv
h100,v4,same_direction,intra_cta,bulk,s2g,na,batched,na,4096,1,1,1,244,357,cycles,357.0,11.15625,11.473389,,same_direction|intra_cta|bulk|s2g|na|batched|na|4096|1|1||||,data/h100/cuda-13.3-sm90/multi_context/same_direction/s2g/20260803T101408Z__v4__f8a1ab2e2e59/attempt_01.csv
b200,v4,same_direction,intra_cta,bulk,s2g,na,batched,na,4096,1,1,0,282,374,cycles,374.0,11.6875,10.951872,,same_direction|intra_cta|bulk|s2g|na|batched|na|4096|1|1||||,data/b200/cuda-13.3-sm100/multi_context/same_direction/s2g/20260803T101506Z__v4__446d8c69b3c8/attempt_01.csv
b200,v4,same_direction,intra_cta,bulk,s2g,na,batched,na,4096,1,1,1,259,373,cycles,373.0,11.65625,10.981233,,same_direction|intra_cta|bulk|s2g|na|batched|na|4096|1|1||||,data/b200/cuda-13.3-sm100/multi_context/same_direction/s2g/20260803T101506Z__v4__446d8c69b3c8/attempt_01.csv
ventus,v4,same_direction,intra_cta,bulk,s2g,na,batched,na,4096,1,1,0,72,198,cycles,198.0,6.1875,20.686869,,intra_cta_bulk_s2g_alternating_batched_same_map_4096_1,data/ventus/V3.10/multi_context/same_direction/s2g/20260803T101321Z__v4__5028e1f6dcb3/raw.csv
ventus,v4,same_direction,intra_cta,bulk,s2g,na,batched,na,4096,1,1,1,79,227,cycles,227.0,7.09375,18.044053,,intra_cta_bulk_s2g_alternating_batched_same_map_4096_1,data/ventus/V3.10/multi_context/same_direction/s2g/20260803T101321Z__v4__5028e1f6dcb3/raw.csv
h100,v4,same_direction,intra_cta,bulk,s2g,na,batched,na,4096,2,2,0,339,487,cycles,243.5,7.609375,16.821355,,same_direction|intra_cta|bulk|s2g|na|batched|na|4096|2|2||||,data/h100/cuda-13.3-sm90/multi_context/same_direction/s2g/20260803T101408Z__v4__f8a1ab2e2e59/attempt_01.csv
h100,v4,same_direction,intra_cta,bulk,s2g,na,batched,na,4096,2,2,1,319,476,cycles,238.0,7.4375,17.210084,,same_direction|intra_cta|bulk|s2g|na|batched|na|4096|2|2||||,data/h100/cuda-13.3-sm90/multi_context/same_direction/s2g/20260803T101408Z__v4__f8a1ab2e2e59/attempt_01.csv
b200,v4,same_direction,intra_cta,bulk,s2g,na,batched,na,4096,2,2,0,370,491,cycles,245.5,7.671875,16.684318,,same_direction|intra_cta|bulk|s2g|na|batched|na|4096|2|2||||,data/b200/cuda-13.3-sm100/multi_context/same_direction/s2g/20260803T101506Z__v4__446d8c69b3c8/attempt_01.csv
b200,v4,same_direction,intra_cta,bulk,s2g,na,batched,na,4096,2,2,1,345,491,cycles,245.5,7.671875,16.684318,,same_direction|intra_cta|bulk|s2g|na|batched|na|4096|2|2||||,data/b200/cuda-13.3-sm100/multi_context/same_direction/s2g/20260803T101506Z__v4__446d8c69b3c8/attempt_01.csv
ventus,v4,same_direction,intra_cta,bulk,s2g,na,batched,na,4096,2,2,0,87,343,cycles,171.5,5.359375,23.883382,,intra_cta_bulk_s2g_alternating_batched_same_map_4096_2,data/ventus/V3.10/multi_context/same_direction/s2g/20260803T101321Z__v4__5028e1f6dcb3/raw.csv
ventus,v4,same_direction,intra_cta,bulk,s2g,na,batched,na,4096,2,2,1,97,380,cycles,190.0,5.9375,21.557895,,intra_cta_bulk_s2g_alternating_batched_same_map_4096_2,data/ventus/V3.10/multi_context/same_direction/s2g/20260803T101321Z__v4__5028e1f6dcb3/raw.csv
h100,v4,same_direction,intra_cta,bulk,s2g,na,batched,na,4096,4,4,0,476,737,cycles,184.25,5.757812,22.230665,,same_direction|intra_cta|bulk|s2g|na|batched|na|4096|4|4||||,data/h100/cuda-13.3-sm90/multi_context/same_direction/s2g/20260803T101408Z__v4__f8a1ab2e2e59/attempt_01.csv
h100,v4,same_direction,intra_cta,bulk,s2g,na,batched,na,4096,4,4,1,468,748,cycles,187.0,5.84375,21.903743,,same_direction|intra_cta|bulk|s2g|na|batched|na|4096|4|4||||,data/h100/cuda-13.3-sm90/multi_context/same_direction/s2g/20260803T101408Z__v4__f8a1ab2e2e59/attempt_01.csv
b200,v4,same_direction,intra_cta,bulk,s2g,na,batched,na,4096,4,4,0,561,786,cycles,196.5,6.140625,20.844784,,same_direction|intra_cta|bulk|s2g|na|batched|na|4096|4|4||||,data/b200/cuda-13.3-sm100/multi_context/same_direction/s2g/20260803T101506Z__v4__446d8c69b3c8/attempt_01.csv
b200,v4,same_direction,intra_cta,bulk,s2g,na,batched,na,4096,4,4,1,520,775,cycles,193.75,6.054688,21.140645,,same_direction|intra_cta|bulk|s2g|na|batched|na|4096|4|4||||,data/b200/cuda-13.3-sm100/multi_context/same_direction/s2g/20260803T101506Z__v4__446d8c69b3c8/attempt_01.csv
ventus,v4,same_direction,intra_cta,bulk,s2g,na,batched,na,4096,4,4,0,340,627,cycles,156.75,4.898438,26.130781,,intra_cta_bulk_s2g_alternating_batched_same_map_4096_4,data/ventus/V3.10/multi_context/same_direction/s2g/20260803T101321Z__v4__5028e1f6dcb3/raw.csv
ventus,v4,same_direction,intra_cta,bulk,s2g,na,batched,na,4096,4,4,1,369,656,cycles,164.0,5.125,24.97561,,intra_cta_bulk_s2g_alternating_batched_same_map_4096_4,data/ventus/V3.10/multi_context/same_direction/s2g/20260803T101321Z__v4__5028e1f6dcb3/raw.csv
h100,v4,same_direction,intra_cta,bulk,s2g,na,batched,na,4096,8,8,0,808,1253,cycles,156.625,4.894531,26.151636,,same_direction|intra_cta|bulk|s2g|na|batched|na|4096|8|8||||,data/h100/cuda-13.3-sm90/multi_context/same_direction/s2g/20260803T101408Z__v4__f8a1ab2e2e59/attempt_01.csv
h100,v4,same_direction,intra_cta,bulk,s2g,na,batched,na,4096,8,8,1,800,1264,cycles,158.0,4.9375,25.924051,,same_direction|intra_cta|bulk|s2g|na|batched|na|4096|8|8||||,data/h100/cuda-13.3-sm90/multi_context/same_direction/s2g/20260803T101408Z__v4__f8a1ab2e2e59/attempt_01.csv
b200,v4,same_direction,intra_cta,bulk,s2g,na,batched,na,4096,8,8,0,879,1302,cycles,162.75,5.085938,25.167435,,same_direction|intra_cta|bulk|s2g|na|batched|na|4096|8|8||||,data/b200/cuda-13.3-sm100/multi_context/same_direction/s2g/20260803T101506Z__v4__446d8c69b3c8/attempt_01.csv
b200,v4,same_direction,intra_cta,bulk,s2g,na,batched,na,4096,8,8,1,838,1291,cycles,161.375,5.042969,25.381875,,same_direction|intra_cta|bulk|s2g|na|batched|na|4096|8|8||||,data/b200/cuda-13.3-sm100/multi_context/same_direction/s2g/20260803T101506Z__v4__446d8c69b3c8/attempt_01.csv
ventus,v4,same_direction,intra_cta,bulk,s2g,na,batched,na,4096,8,8,0,914,1201,cycles,150.125,4.691406,27.28393,,intra_cta_bulk_s2g_alternating_batched_same_map_4096_8,data/ventus/V3.10/multi_context/same_direction/s2g/20260803T101321Z__v4__5028e1f6dcb3/raw.csv
ventus,v4,same_direction,intra_cta,bulk,s2g,na,batched,na,4096,8,8,1,943,1230,cycles,153.75,4.804688,26.64065,,intra_cta_bulk_s2g_alternating_batched_same_map_4096_8,data/ventus/V3.10/multi_context/same_direction/s2g/20260803T101321Z__v4__5028e1f6dcb3/raw.csv
h100,v4,same_direction,intra_cta,bulk,s2g,na,batched,na,4096,16,16,0,1727,2285,cycles,142.8125,4.462891,28.680963,,same_direction|intra_cta|bulk|s2g|na|batched|na|4096|16|16||||,data/h100/cuda-13.3-sm90/multi_context/same_direction/s2g/20260803T101408Z__v4__f8a1ab2e2e59/attempt_01.csv
h100,v4,same_direction,intra_cta,bulk,s2g,na,batched,na,4096,16,16,1,1727,2296,cycles,143.5,4.484375,28.543554,,same_direction|intra_cta|bulk|s2g|na|batched|na|4096|16|16||||,data/h100/cuda-13.3-sm90/multi_context/same_direction/s2g/20260803T101408Z__v4__f8a1ab2e2e59/attempt_01.csv
b200,v4,same_direction,intra_cta,bulk,s2g,na,batched,na,4096,16,16,0,1529,2334,cycles,145.875,4.558594,28.078835,,same_direction|intra_cta|bulk|s2g|na|batched|na|4096|16|16||||,data/b200/cuda-13.3-sm100/multi_context/same_direction/s2g/20260803T101506Z__v4__446d8c69b3c8/attempt_01.csv
b200,v4,same_direction,intra_cta,bulk,s2g,na,batched,na,4096,16,16,1,1518,2323,cycles,145.1875,4.537109,28.211795,,same_direction|intra_cta|bulk|s2g|na|batched|na|4096|16|16||||,data/b200/cuda-13.3-sm100/multi_context/same_direction/s2g/20260803T101506Z__v4__446d8c69b3c8/attempt_01.csv
h100,v4,same_direction,intra_cta,bulk,s2g,na,batched,na,4096,32,32,0,3791,4349,cycles,135.90625,4.24707,30.138423,,same_direction|intra_cta|bulk|s2g|na|batched|na|4096|32|32||||,data/h100/cuda-13.3-sm90/multi_context/same_direction/s2g/20260803T101408Z__v4__f8a1ab2e2e59/attempt_01.csv
h100,v4,same_direction,intra_cta,bulk,s2g,na,batched,na,4096,32,32,1,3791,4360,cycles,136.25,4.257812,30.062385,,same_direction|intra_cta|bulk|s2g|na|batched|na|4096|32|32||||,data/h100/cuda-13.3-sm90/multi_context/same_direction/s2g/20260803T101408Z__v4__f8a1ab2e2e59/attempt_01.csv
b200,v4,same_direction,intra_cta,bulk,s2g,na,batched,na,4096,32,32,0,3593,4398,cycles,137.4375,4.294922,29.802638,,same_direction|intra_cta|bulk|s2g|na|batched|na|4096|32|32||||,data/b200/cuda-13.3-sm100/multi_context/same_direction/s2g/20260803T101506Z__v4__446d8c69b3c8/attempt_01.csv
b200,v4,same_direction,intra_cta,bulk,s2g,na,batched,na,4096,32,32,1,3582,4387,cycles,137.09375,4.28418,29.877365,,same_direction|intra_cta|bulk|s2g|na|batched|na|4096|32|32||||,data/b200/cuda-13.3-sm100/multi_context/same_direction/s2g/20260803T101506Z__v4__446d8c69b3c8/attempt_01.csv
h100,v4,same_direction,intra_cta,bulk,s2g,na,serial,na,4096,1,1,0,380,402,cycles,402.0,12.5625,10.189055,,same_direction|intra_cta|bulk|s2g|na|serial|na|4096|1|1||||,data/h100/cuda-13.3-sm90/multi_context/same_direction/s2g/20260803T101408Z__v4__f8a1ab2e2e59/attempt_01.csv
h100,v4,same_direction,intra_cta,bulk,s2g,na,serial,na,4096,1,1,1,380,402,cycles,402.0,12.5625,10.189055,,same_direction|intra_cta|bulk|s2g|na|serial|na|4096|1|1||||,data/h100/cuda-13.3-sm90/multi_context/same_direction/s2g/20260803T101408Z__v4__f8a1ab2e2e59/attempt_01.csv
b200,v4,same_direction,intra_cta,bulk,s2g,na,serial,na,4096,1,1,0,404,421,cycles,421.0,13.15625,9.729216,,same_direction|intra_cta|bulk|s2g|na|serial|na|4096|1|1||||,data/b200/cuda-13.3-sm100/multi_context/same_direction/s2g/20260803T101506Z__v4__446d8c69b3c8/attempt_01.csv
b200,v4,same_direction,intra_cta,bulk,s2g,na,serial,na,4096,1,1,1,404,421,cycles,421.0,13.15625,9.729216,,same_direction|intra_cta|bulk|s2g|na|serial|na|4096|1|1||||,data/b200/cuda-13.3-sm100/multi_context/same_direction/s2g/20260803T101506Z__v4__446d8c69b3c8/attempt_01.csv
ventus,v4,same_direction,intra_cta,bulk,s2g,na,serial,na,4096,1,1,0,194,202,cycles,202.0,6.3125,20.277228,,intra_cta_bulk_s2g_alternating_serial_same_map_4096_1,data/ventus/V3.10/multi_context/same_direction/s2g/20260803T101321Z__v4__5028e1f6dcb3/raw.csv
ventus,v4,same_direction,intra_cta,bulk,s2g,na,serial,na,4096,1,1,1,223,231,cycles,231.0,7.21875,17.731602,,intra_cta_bulk_s2g_alternating_serial_same_map_4096_1,data/ventus/V3.10/multi_context/same_direction/s2g/20260803T101321Z__v4__5028e1f6dcb3/raw.csv
h100,v4,same_direction,intra_cta,bulk,s2g,na,serial,na,4096,2,2,0,677,699,cycles,349.5,10.921875,11.719599,,same_direction|intra_cta|bulk|s2g|na|serial|na|4096|2|2||||,data/h100/cuda-13.3-sm90/multi_context/same_direction/s2g/20260803T101408Z__v4__f8a1ab2e2e59/attempt_01.csv
h100,v4,same_direction,intra_cta,bulk,s2g,na,serial,na,4096,2,2,1,677,699,cycles,349.5,10.921875,11.719599,,same_direction|intra_cta|bulk|s2g|na|serial|na|4096|2|2||||,data/h100/cuda-13.3-sm90/multi_context/same_direction/s2g/20260803T101408Z__v4__f8a1ab2e2e59/attempt_01.csv
b200,v4,same_direction,intra_cta,bulk,s2g,na,serial,na,4096,2,2,0,746,763,cycles,381.5,11.921875,10.736566,,same_direction|intra_cta|bulk|s2g|na|serial|na|4096|2|2||||,data/b200/cuda-13.3-sm100/multi_context/same_direction/s2g/20260803T101506Z__v4__446d8c69b3c8/attempt_01.csv
b200,v4,same_direction,intra_cta,bulk,s2g,na,serial,na,4096,2,2,1,746,763,cycles,381.5,11.921875,10.736566,,same_direction|intra_cta|bulk|s2g|na|serial|na|4096|2|2||||,data/b200/cuda-13.3-sm100/multi_context/same_direction/s2g/20260803T101506Z__v4__446d8c69b3c8/attempt_01.csv
ventus,v4,same_direction,intra_cta,bulk,s2g,na,serial,na,4096,2,2,0,355,363,cycles,181.5,5.671875,22.567493,,intra_cta_bulk_s2g_alternating_serial_same_map_4096_2,data/ventus/V3.10/multi_context/same_direction/s2g/20260803T101321Z__v4__5028e1f6dcb3/raw.csv
ventus,v4,same_direction,intra_cta,bulk,s2g,na,serial,na,4096,2,2,1,387,395,cycles,197.5,6.171875,20.739241,,intra_cta_bulk_s2g_alternating_serial_same_map_4096_2,data/ventus/V3.10/multi_context/same_direction/s2g/20260803T101321Z__v4__5028e1f6dcb3/raw.csv
h100,v4,same_direction,intra_cta,bulk,s2g,na,serial,na,4096,4,4,0,1271,1293,cycles,323.25,10.101562,12.671307,,same_direction|intra_cta|bulk|s2g|na|serial|na|4096|4|4||||,data/h100/cuda-13.3-sm90/multi_context/same_direction/s2g/20260803T101408Z__v4__f8a1ab2e2e59/attempt_01.csv
h100,v4,same_direction,intra_cta,bulk,s2g,na,serial,na,4096,4,4,1,1271,1293,cycles,323.25,10.101562,12.671307,,same_direction|intra_cta|bulk|s2g|na|serial|na|4096|4|4||||,data/h100/cuda-13.3-sm90/multi_context/same_direction/s2g/20260803T101408Z__v4__f8a1ab2e2e59/attempt_01.csv
b200,v4,same_direction,intra_cta,bulk,s2g,na,serial,na,4096,4,4,0,1430,1447,cycles,361.75,11.304688,11.322737,,same_direction|intra_cta|bulk|s2g|na|serial|na|4096|4|4||||,data/b200/cuda-13.3-sm100/multi_context/same_direction/s2g/20260803T101506Z__v4__446d8c69b3c8/attempt_01.csv
b200,v4,same_direction,intra_cta,bulk,s2g,na,serial,na,4096,4,4,1,1430,1447,cycles,361.75,11.304688,11.322737,,same_direction|intra_cta|bulk|s2g|na|serial|na|4096|4|4||||,data/b200/cuda-13.3-sm100/multi_context/same_direction/s2g/20260803T101506Z__v4__446d8c69b3c8/attempt_01.csv
ventus,v4,same_direction,intra_cta,bulk,s2g,na,serial,na,4096,4,4,0,678,686,cycles,171.5,5.359375,23.883382,,intra_cta_bulk_s2g_alternating_serial_same_map_4096_4,data/ventus/V3.10/multi_context/same_direction/s2g/20260803T101321Z__v4__5028e1f6dcb3/raw.csv
ventus,v4,same_direction,intra_cta,bulk,s2g,na,serial,na,4096,4,4,1,717,725,cycles,181.25,5.664062,22.598621,,intra_cta_bulk_s2g_alternating_serial_same_map_4096_4,data/ventus/V3.10/multi_context/same_direction/s2g/20260803T101321Z__v4__5028e1f6dcb3/raw.csv
h100,v4,same_direction,intra_cta,bulk,s2g,na,serial,na,4096,8,8,0,2459,2481,cycles,310.125,9.691406,13.207578,,same_direction|intra_cta|bulk|s2g|na|serial|na|4096|8|8||||,data/h100/cuda-13.3-sm90/multi_context/same_direction/s2g/20260803T101408Z__v4__f8a1ab2e2e59/attempt_01.csv
h100,v4,same_direction,intra_cta,bulk,s2g,na,serial,na,4096,8,8,1,2459,2481,cycles,310.125,9.691406,13.207578,,same_direction|intra_cta|bulk|s2g|na|serial|na|4096|8|8||||,data/h100/cuda-13.3-sm90/multi_context/same_direction/s2g/20260803T101408Z__v4__f8a1ab2e2e59/attempt_01.csv
b200,v4,same_direction,intra_cta,bulk,s2g,na,serial,na,4096,8,8,0,2798,2815,cycles,351.875,10.996094,11.640497,,same_direction|intra_cta|bulk|s2g|na|serial|na|4096|8|8||||,data/b200/cuda-13.3-sm100/multi_context/same_direction/s2g/20260803T101506Z__v4__446d8c69b3c8/attempt_01.csv
b200,v4,same_direction,intra_cta,bulk,s2g,na,serial,na,4096,8,8,1,2798,2815,cycles,351.875,10.996094,11.640497,,same_direction|intra_cta|bulk|s2g|na|serial|na|4096|8|8||||,data/b200/cuda-13.3-sm100/multi_context/same_direction/s2g/20260803T101506Z__v4__446d8c69b3c8/attempt_01.csv
ventus,v4,same_direction,intra_cta,bulk,s2g,na,serial,na,4096,8,8,0,1334,1342,cycles,167.75,5.242188,24.417288,,intra_cta_bulk_s2g_alternating_serial_same_map_4096_8,data/ventus/V3.10/multi_context/same_direction/s2g/20260803T101321Z__v4__5028e1f6dcb3/raw.csv
ventus,v4,same_direction,intra_cta,bulk,s2g,na,serial,na,4096,8,8,1,1383,1391,cycles,173.875,5.433594,23.557153,,intra_cta_bulk_s2g_alternating_serial_same_map_4096_8,data/ventus/V3.10/multi_context/same_direction/s2g/20260803T101321Z__v4__5028e1f6dcb3/raw.csv
h100,v4,same_direction,intra_cta,bulk,s2g,na,serial,na,4096,16,16,0,4835,4857,cycles,303.5625,9.486328,13.493103,,same_direction|intra_cta|bulk|s2g|na|serial|na|4096|16|16||||,data/h100/cuda-13.3-sm90/multi_context/same_direction/s2g/20260803T101408Z__v4__f8a1ab2e2e59/attempt_01.csv
h100,v4,same_direction,intra_cta,bulk,s2g,na,serial,na,4096,16,16,1,4835,4857,cycles,303.5625,9.486328,13.493103,,same_direction|intra_cta|bulk|s2g|na|serial|na|4096|16|16||||,data/h100/cuda-13.3-sm90/multi_context/same_direction/s2g/20260803T101408Z__v4__f8a1ab2e2e59/attempt_01.csv
b200,v4,same_direction,intra_cta,bulk,s2g,na,serial,na,4096,16,16,0,5534,5551,cycles,346.9375,10.841797,11.806161,,same_direction|intra_cta|bulk|s2g|na|serial|na|4096|16|16||||,data/b200/cuda-13.3-sm100/multi_context/same_direction/s2g/20260803T101506Z__v4__446d8c69b3c8/attempt_01.csv
b200,v4,same_direction,intra_cta,bulk,s2g,na,serial,na,4096,16,16,1,5534,5551,cycles,346.9375,10.841797,11.806161,,same_direction|intra_cta|bulk|s2g|na|serial|na|4096|16|16||||,data/b200/cuda-13.3-sm100/multi_context/same_direction/s2g/20260803T101506Z__v4__446d8c69b3c8/attempt_01.csv
h100,v4,same_direction,intra_cta,bulk,s2g,na,serial,na,4096,32,32,0,9587,9609,cycles,300.28125,9.383789,13.640545,,same_direction|intra_cta|bulk|s2g|na|serial|na|4096|32|32||||,data/h100/cuda-13.3-sm90/multi_context/same_direction/s2g/20260803T101408Z__v4__f8a1ab2e2e59/attempt_01.csv
h100,v4,same_direction,intra_cta,bulk,s2g,na,serial,na,4096,32,32,1,9587,9609,cycles,300.28125,9.383789,13.640545,,same_direction|intra_cta|bulk|s2g|na|serial|na|4096|32|32||||,data/h100/cuda-13.3-sm90/multi_context/same_direction/s2g/20260803T101408Z__v4__f8a1ab2e2e59/attempt_01.csv
b200,v4,same_direction,intra_cta,bulk,s2g,na,serial,na,4096,32,32,0,11006,11023,cycles,344.46875,10.764648,11.890774,,same_direction|intra_cta|bulk|s2g|na|serial|na|4096|32|32||||,data/b200/cuda-13.3-sm100/multi_context/same_direction/s2g/20260803T101506Z__v4__446d8c69b3c8/attempt_01.csv
b200,v4,same_direction,intra_cta,bulk,s2g,na,serial,na,4096,32,32,1,11006,11023,cycles,344.46875,10.764648,11.890774,,same_direction|intra_cta|bulk|s2g|na|serial|na|4096|32|32||||,data/b200/cuda-13.3-sm100/multi_context/same_direction/s2g/20260803T101506Z__v4__446d8c69b3c8/attempt_01.csv
h100,v4,same_direction,multi_cta,bulk,s2g,na,batched,na,4096,1,1,0,128,224,ns,224.0,,,18.285714,same_direction|multi_cta|bulk|s2g|na|batched|na|4096|1|1||||,data/h100/cuda-13.3-sm90/multi_context/same_direction/s2g/20260803T101408Z__v4__f8a1ab2e2e59/attempt_01.csv
h100,v4,same_direction,multi_cta,bulk,s2g,na,batched,na,4096,1,1,1,64,160,ns,160.0,,,25.6,same_direction|multi_cta|bulk|s2g|na|batched|na|4096|1|1||||,data/h100/cuda-13.3-sm90/multi_context/same_direction/s2g/20260803T101408Z__v4__f8a1ab2e2e59/attempt_01.csv
b200,v4,same_direction,multi_cta,bulk,s2g,na,batched,na,4096,1,1,0,64,160,ns,160.0,,,25.6,same_direction|multi_cta|bulk|s2g|na|batched|na|4096|1|1||||,data/b200/cuda-13.3-sm100/multi_context/same_direction/s2g/20260803T101506Z__v4__446d8c69b3c8/attempt_01.csv
b200,v4,same_direction,multi_cta,bulk,s2g,na,batched,na,4096,1,1,1,64,160,ns,160.0,,,25.6,same_direction|multi_cta|bulk|s2g|na|batched|na|4096|1|1||||,data/b200/cuda-13.3-sm100/multi_context/same_direction/s2g/20260803T101506Z__v4__446d8c69b3c8/attempt_01.csv
ventus,v4,same_direction,multi_cta,bulk,s2g,na,batched,na,4096,1,1,0,90,218,cycles,218.0,6.8125,18.788991,,multi_cta_bulk_s2g_alternating_batched_same_map_4096_1,data/ventus/V3.10/multi_context/same_direction/s2g/20260803T101321Z__v4__5028e1f6dcb3/raw.csv
ventus,v4,same_direction,multi_cta,bulk,s2g,na,batched,na,4096,1,1,1,96,233,cycles,233.0,7.28125,17.579399,,multi_cta_bulk_s2g_alternating_batched_same_map_4096_1,data/ventus/V3.10/multi_context/same_direction/s2g/20260803T101321Z__v4__5028e1f6dcb3/raw.csv
h100,v4,same_direction,multi_cta,bulk,s2g,na,batched,na,4096,2,2,0,160,256,ns,128.0,,,32.0,same_direction|multi_cta|bulk|s2g|na|batched|na|4096|2|2||||,data/h100/cuda-13.3-sm90/multi_context/same_direction/s2g/20260803T101408Z__v4__f8a1ab2e2e59/attempt_01.csv
h100,v4,same_direction,multi_cta,bulk,s2g,na,batched,na,4096,2,2,1,128,224,ns,112.0,,,36.571429,same_direction|multi_cta|bulk|s2g|na|batched|na|4096|2|2||||,data/h100/cuda-13.3-sm90/multi_context/same_direction/s2g/20260803T101408Z__v4__f8a1ab2e2e59/attempt_01.csv
b200,v4,same_direction,multi_cta,bulk,s2g,na,batched,na,4096,2,2,0,64,160,ns,80.0,,,51.2,same_direction|multi_cta|bulk|s2g|na|batched|na|4096|2|2||||,data/b200/cuda-13.3-sm100/multi_context/same_direction/s2g/20260803T101506Z__v4__446d8c69b3c8/attempt_01.csv
b200,v4,same_direction,multi_cta,bulk,s2g,na,batched,na,4096,2,2,1,64,128,ns,64.0,,,64.0,same_direction|multi_cta|bulk|s2g|na|batched|na|4096|2|2||||,data/b200/cuda-13.3-sm100/multi_context/same_direction/s2g/20260803T101506Z__v4__446d8c69b3c8/attempt_01.csv
ventus,v4,same_direction,multi_cta,bulk,s2g,na,batched,na,4096,2,2,0,92,312,cycles,156.0,4.875,26.25641,,multi_cta_bulk_s2g_alternating_batched_same_map_4096_2,data/ventus/V3.10/multi_context/same_direction/s2g/20260803T101321Z__v4__5028e1f6dcb3/raw.csv
ventus,v4,same_direction,multi_cta,bulk,s2g,na,batched,na,4096,2,2,1,116,336,cycles,168.0,5.25,24.380952,,multi_cta_bulk_s2g_alternating_batched_same_map_4096_2,data/ventus/V3.10/multi_context/same_direction/s2g/20260803T101321Z__v4__5028e1f6dcb3/raw.csv
h100,v4,same_direction,multi_cta,bulk,s2g,na,batched,na,4096,4,4,0,128,224,ns,56.0,,,73.142857,same_direction|multi_cta|bulk|s2g|na|batched|na|4096|4|4||||,data/h100/cuda-13.3-sm90/multi_context/same_direction/s2g/20260803T101408Z__v4__f8a1ab2e2e59/attempt_01.csv
h100,v4,same_direction,multi_cta,bulk,s2g,na,batched,na,4096,4,4,1,160,256,ns,64.0,,,64.0,same_direction|multi_cta|bulk|s2g|na|batched|na|4096|4|4||||,data/h100/cuda-13.3-sm90/multi_context/same_direction/s2g/20260803T101408Z__v4__f8a1ab2e2e59/attempt_01.csv
b200,v4,same_direction,multi_cta,bulk,s2g,na,batched,na,4096,4,4,0,224,320,ns,80.0,,,51.2,same_direction|multi_cta|bulk|s2g|na|batched|na|4096|4|4||||,data/b200/cuda-13.3-sm100/multi_context/same_direction/s2g/20260803T101506Z__v4__446d8c69b3c8/attempt_01.csv
b200,v4,same_direction,multi_cta,bulk,s2g,na,batched,na,4096,4,4,1,352,448,ns,112.0,,,36.571429,same_direction|multi_cta|bulk|s2g|na|batched|na|4096|4|4||||,data/b200/cuda-13.3-sm100/multi_context/same_direction/s2g/20260803T101506Z__v4__446d8c69b3c8/attempt_01.csv
ventus,v4,same_direction,multi_cta,bulk,s2g,na,batched,na,4096,4,4,0,250,540,cycles,135.0,4.21875,30.340741,,multi_cta_bulk_s2g_alternating_batched_same_map_4096_4,data/ventus/V3.10/multi_context/same_direction/s2g/20260803T101321Z__v4__5028e1f6dcb3/raw.csv
ventus,v4,same_direction,multi_cta,bulk,s2g,na,batched,na,4096,4,4,1,229,559,cycles,139.75,4.367188,29.309481,,multi_cta_bulk_s2g_alternating_batched_same_map_4096_4,data/ventus/V3.10/multi_context/same_direction/s2g/20260803T101321Z__v4__5028e1f6dcb3/raw.csv
h100,v4,same_direction,multi_cta,bulk,s2g,na,batched,na,4096,8,8,0,160,224,ns,28.0,,,146.285714,same_direction|multi_cta|bulk|s2g|na|batched|na|4096|8|8||||,data/h100/cuda-13.3-sm90/multi_context/same_direction/s2g/20260803T101408Z__v4__f8a1ab2e2e59/attempt_01.csv
h100,v4,same_direction,multi_cta,bulk,s2g,na,batched,na,4096,8,8,1,160,256,ns,32.0,,,128.0,same_direction|multi_cta|bulk|s2g|na|batched|na|4096|8|8||||,data/h100/cuda-13.3-sm90/multi_context/same_direction/s2g/20260803T101408Z__v4__f8a1ab2e2e59/attempt_01.csv
b200,v4,same_direction,multi_cta,bulk,s2g,na,batched,na,4096,8,8,0,416,480,ns,60.0,,,68.266667,same_direction|multi_cta|bulk|s2g|na|batched|na|4096|8|8||||,data/b200/cuda-13.3-sm100/multi_context/same_direction/s2g/20260803T101506Z__v4__446d8c69b3c8/attempt_01.csv
b200,v4,same_direction,multi_cta,bulk,s2g,na,batched,na,4096,8,8,1,288,384,ns,48.0,,,85.333333,same_direction|multi_cta|bulk|s2g|na|batched|na|4096|8|8||||,data/b200/cuda-13.3-sm100/multi_context/same_direction/s2g/20260803T101506Z__v4__446d8c69b3c8/attempt_01.csv
ventus,v4,same_direction,multi_cta,bulk,s2g,na,batched,na,4096,8,8,0,23385,23535,cycles,2941.875,91.933594,1.392309,,multi_cta_bulk_s2g_alternating_batched_same_map_4096_8,data/ventus/V3.10/multi_context/same_direction/s2g/20260803T101321Z__v4__5028e1f6dcb3/raw.csv
ventus,v4,same_direction,multi_cta,bulk,s2g,na,batched,na,4096,8,8,1,23352,23489,cycles,2936.125,91.753906,1.395036,,multi_cta_bulk_s2g_alternating_batched_same_map_4096_8,data/ventus/V3.10/multi_context/same_direction/s2g/20260803T101321Z__v4__5028e1f6dcb3/raw.csv
h100,v4,same_direction,multi_cta,bulk,s2g,na,batched,na,4096,16,16,0,320,416,ns,26.0,,,157.538462,same_direction|multi_cta|bulk|s2g|na|batched|na|4096|16|16||||,data/h100/cuda-13.3-sm90/multi_context/same_direction/s2g/20260803T101408Z__v4__f8a1ab2e2e59/attempt_01.csv
h100,v4,same_direction,multi_cta,bulk,s2g,na,batched,na,4096,16,16,1,256,352,ns,22.0,,,186.181818,same_direction|multi_cta|bulk|s2g|na|batched|na|4096|16|16||||,data/h100/cuda-13.3-sm90/multi_context/same_direction/s2g/20260803T101408Z__v4__f8a1ab2e2e59/attempt_01.csv
b200,v4,same_direction,multi_cta,bulk,s2g,na,batched,na,4096,16,16,0,352,448,ns,28.0,,,146.285714,same_direction|multi_cta|bulk|s2g|na|batched|na|4096|16|16||||,data/b200/cuda-13.3-sm100/multi_context/same_direction/s2g/20260803T101506Z__v4__446d8c69b3c8/attempt_01.csv
b200,v4,same_direction,multi_cta,bulk,s2g,na,batched,na,4096,16,16,1,320,416,ns,26.0,,,157.538462,same_direction|multi_cta|bulk|s2g|na|batched|na|4096|16|16||||,data/b200/cuda-13.3-sm100/multi_context/same_direction/s2g/20260803T101506Z__v4__446d8c69b3c8/attempt_01.csv
ventus,v4,same_direction,multi_cta,bulk,s2g,na,batched,na,4096,16,16,0,51468,51607,cycles,3225.4375,100.794922,1.269905,,multi_cta_bulk_s2g_alternating_batched_same_map_4096_16,data/ventus/V3.10/multi_context/same_direction/s2g/20260803T101321Z__v4__5028e1f6dcb3/raw.csv
ventus,v4,same_direction,multi_cta,bulk,s2g,na,batched,na,4096,16,16,1,51453,51590,cycles,3224.375,100.761719,1.270324,,multi_cta_bulk_s2g_alternating_batched_same_map_4096_16,data/ventus/V3.10/multi_context/same_direction/s2g/20260803T101321Z__v4__5028e1f6dcb3/raw.csv
h100,v4,same_direction,multi_cta,bulk,s2g,na,batched,na,4096,32,32,0,352,448,ns,14.0,,,292.571429,same_direction|multi_cta|bulk|s2g|na|batched|na|4096|32|32||||,data/h100/cuda-13.3-sm90/multi_context/same_direction/s2g/20260803T101408Z__v4__f8a1ab2e2e59/attempt_01.csv
h100,v4,same_direction,multi_cta,bulk,s2g,na,batched,na,4096,32,32,1,224,320,ns,10.0,,,409.6,same_direction|multi_cta|bulk|s2g|na|batched|na|4096|32|32||||,data/h100/cuda-13.3-sm90/multi_context/same_direction/s2g/20260803T101408Z__v4__f8a1ab2e2e59/attempt_01.csv
b200,v4,same_direction,multi_cta,bulk,s2g,na,batched,na,4096,32,32,0,224,320,ns,10.0,,,409.6,same_direction|multi_cta|bulk|s2g|na|batched|na|4096|32|32||||,data/b200/cuda-13.3-sm100/multi_context/same_direction/s2g/20260803T101506Z__v4__446d8c69b3c8/attempt_01.csv
b200,v4,same_direction,multi_cta,bulk,s2g,na,batched,na,4096,32,32,1,352,448,ns,14.0,,,292.571429,same_direction|multi_cta|bulk|s2g|na|batched|na|4096|32|32||||,data/b200/cuda-13.3-sm100/multi_context/same_direction/s2g/20260803T101506Z__v4__446d8c69b3c8/attempt_01.csv
ventus,v4,same_direction,multi_cta,bulk,s2g,na,batched,na,4096,32,32,0,117263,117413,cycles,3669.15625,114.661133,1.116333,,multi_cta_bulk_s2g_alternating_batched_same_map_4096_32,data/ventus/V3.10/multi_context/same_direction/s2g/20260803T101321Z__v4__5028e1f6dcb3/raw.csv
ventus,v4,same_direction,multi_cta,bulk,s2g,na,batched,na,4096,32,32,1,117170,117306,cycles,3665.8125,114.556641,1.117351,,multi_cta_bulk_s2g_alternating_batched_same_map_4096_32,data/ventus/V3.10/multi_context/same_direction/s2g/20260803T101321Z__v4__5028e1f6dcb3/raw.csv
h100,v4,same_direction,intra_cta,tensor,s2g,na,batched,distinct_map,128,1,1,0,215,448,cycles,448.0,448.0,0.285714,,same_direction|intra_cta|tensor|s2g|na|batched|distinct_map|128|1|1||||,data/h100/cuda-13.3-sm90/multi_context/same_direction/s2g/20260803T101408Z__v4__f8a1ab2e2e59/attempt_01.csv
h100,v4,same_direction,intra_cta,tensor,s2g,na,batched,distinct_map,128,1,1,1,215,249,cycles,249.0,249.0,0.514056,,same_direction|intra_cta|tensor|s2g|na|batched|distinct_map|128|1|1||||,data/h100/cuda-13.3-sm90/multi_context/same_direction/s2g/20260803T101408Z__v4__f8a1ab2e2e59/attempt_01.csv
b200,v4,same_direction,intra_cta,tensor,s2g,na,batched,distinct_map,128,1,1,0,245,541,cycles,541.0,541.0,0.236599,,same_direction|intra_cta|tensor|s2g|na|batched|distinct_map|128|1|1||||,data/b200/cuda-13.3-sm100/multi_context/same_direction/s2g/20260803T101506Z__v4__446d8c69b3c8/attempt_01.csv
b200,v4,same_direction,intra_cta,tensor,s2g,na,batched,distinct_map,128,1,1,1,245,274,cycles,274.0,274.0,0.467153,,same_direction|intra_cta|tensor|s2g|na|batched|distinct_map|128|1|1||||,data/b200/cuda-13.3-sm100/multi_context/same_direction/s2g/20260803T101506Z__v4__446d8c69b3c8/attempt_01.csv
ventus,v4,same_direction,intra_cta,tensor,s2g,na,batched,distinct_map,128,1,1,0,112,188,cycles,188.0,188.0,0.680851,,intra_cta_tensor_s2g_alternating_batched_distinct_map_128_1,data/ventus/V3.10/multi_context/same_direction/s2g/20260803T101321Z__v4__5028e1f6dcb3/raw.csv
ventus,v4,same_direction,intra_cta,tensor,s2g,na,batched,distinct_map,128,1,1,1,112,161,cycles,161.0,161.0,0.795031,,intra_cta_tensor_s2g_alternating_batched_distinct_map_128_1,data/ventus/V3.10/multi_context/same_direction/s2g/20260803T101321Z__v4__5028e1f6dcb3/raw.csv
h100,v4,same_direction,intra_cta,tensor,s2g,na,batched,distinct_map,128,2,2,0,331,722,cycles,361.0,361.0,0.354571,,same_direction|intra_cta|tensor|s2g|na|batched|distinct_map|128|2|2||||,data/h100/cuda-13.3-sm90/multi_context/same_direction/s2g/20260803T101408Z__v4__f8a1ab2e2e59/attempt_01.csv
h100,v4,same_direction,intra_cta,tensor,s2g,na,batched,distinct_map,128,2,2,1,303,337,cycles,168.5,168.5,0.759644,,same_direction|intra_cta|tensor|s2g|na|batched|distinct_map|128|2|2||||,data/h100/cuda-13.3-sm90/multi_context/same_direction/s2g/20260803T101408Z__v4__f8a1ab2e2e59/attempt_01.csv
b200,v4,same_direction,intra_cta,tensor,s2g,na,batched,distinct_map,128,2,2,0,334,607,cycles,303.5,303.5,0.421746,,same_direction|intra_cta|tensor|s2g|na|batched|distinct_map|128|2|2||||,data/b200/cuda-13.3-sm100/multi_context/same_direction/s2g/20260803T101506Z__v4__446d8c69b3c8/attempt_01.csv
b200,v4,same_direction,intra_cta,tensor,s2g,na,batched,distinct_map,128,2,2,1,334,363,cycles,181.5,181.5,0.705234,,same_direction|intra_cta|tensor|s2g|na|batched|distinct_map|128|2|2||||,data/b200/cuda-13.3-sm100/multi_context/same_direction/s2g/20260803T101506Z__v4__446d8c69b3c8/attempt_01.csv
ventus,v4,same_direction,intra_cta,tensor,s2g,na,batched,distinct_map,128,2,2,0,230,306,cycles,153.0,153.0,0.836601,,intra_cta_tensor_s2g_alternating_batched_distinct_map_128_2,data/ventus/V3.10/multi_context/same_direction/s2g/20260803T101321Z__v4__5028e1f6dcb3/raw.csv
ventus,v4,same_direction,intra_cta,tensor,s2g,na,batched,distinct_map,128,2,2,1,230,279,cycles,139.5,139.5,0.917563,,intra_cta_tensor_s2g_alternating_batched_distinct_map_128_2,data/ventus/V3.10/multi_context/same_direction/s2g/20260803T101321Z__v4__5028e1f6dcb3/raw.csv
h100,v4,same_direction,intra_cta,tensor,s2g,na,batched,distinct_map,128,4,4,0,473,1235,cycles,308.75,308.75,0.414575,,same_direction|intra_cta|tensor|s2g|na|batched|distinct_map|128|4|4||||,data/h100/cuda-13.3-sm90/multi_context/same_direction/s2g/20260803T101408Z__v4__f8a1ab2e2e59/attempt_01.csv
h100,v4,same_direction,intra_cta,tensor,s2g,na,batched,distinct_map,128,4,4,1,410,444,cycles,111.0,111.0,1.153153,,same_direction|intra_cta|tensor|s2g|na|batched|distinct_map|128|4|4||||,data/h100/cuda-13.3-sm90/multi_context/same_direction/s2g/20260803T101408Z__v4__f8a1ab2e2e59/attempt_01.csv
b200,v4,same_direction,intra_cta,tensor,s2g,na,batched,distinct_map,128,4,4,0,475,866,cycles,216.5,216.5,0.591224,,same_direction|intra_cta|tensor|s2g|na|batched|distinct_map|128|4|4||||,data/b200/cuda-13.3-sm100/multi_context/same_direction/s2g/20260803T101506Z__v4__446d8c69b3c8/attempt_01.csv
b200,v4,same_direction,intra_cta,tensor,s2g,na,batched,distinct_map,128,4,4,1,451,480,cycles,120.0,120.0,1.066667,,same_direction|intra_cta|tensor|s2g|na|batched|distinct_map|128|4|4||||,data/b200/cuda-13.3-sm100/multi_context/same_direction/s2g/20260803T101506Z__v4__446d8c69b3c8/attempt_01.csv
ventus,v4,same_direction,intra_cta,tensor,s2g,na,batched,distinct_map,128,4,4,0,466,542,cycles,135.5,135.5,0.944649,,intra_cta_tensor_s2g_alternating_batched_distinct_map_128_4,data/ventus/V3.10/multi_context/same_direction/s2g/20260803T101321Z__v4__5028e1f6dcb3/raw.csv
ventus,v4,same_direction,intra_cta,tensor,s2g,na,batched,distinct_map,128,4,4,1,466,515,cycles,128.75,128.75,0.994175,,intra_cta_tensor_s2g_alternating_batched_distinct_map_128_4,data/ventus/V3.10/multi_context/same_direction/s2g/20260803T101321Z__v4__5028e1f6dcb3/raw.csv
h100,v4,same_direction,intra_cta,tensor,s2g,na,batched,distinct_map,128,8,8,0,1245,2222,cycles,277.75,277.75,0.460846,,same_direction|intra_cta|tensor|s2g|na|batched|distinct_map|128|8|8||||,data/h100/cuda-13.3-sm90/multi_context/same_direction/s2g/20260803T101408Z__v4__f8a1ab2e2e59/attempt_01.csv
h100,v4,same_direction,intra_cta,tensor,s2g,na,batched,distinct_map,128,8,8,1,695,729,cycles,91.125,91.125,1.404664,,same_direction|intra_cta|tensor|s2g|na|batched|distinct_map|128|8|8||||,data/h100/cuda-13.3-sm90/multi_context/same_direction/s2g/20260803T101408Z__v4__f8a1ab2e2e59/attempt_01.csv
b200,v4,same_direction,intra_cta,tensor,s2g,na,batched,distinct_map,128,8,8,0,773,1399,cycles,174.875,174.875,0.731951,,same_direction|intra_cta|tensor|s2g|na|batched|distinct_map|128|8|8||||,data/b200/cuda-13.3-sm100/multi_context/same_direction/s2g/20260803T101506Z__v4__446d8c69b3c8/attempt_01.csv
b200,v4,same_direction,intra_cta,tensor,s2g,na,batched,distinct_map,128,8,8,1,773,802,cycles,100.25,100.25,1.276808,,same_direction|intra_cta|tensor|s2g|na|batched|distinct_map|128|8|8||||,data/b200/cuda-13.3-sm100/multi_context/same_direction/s2g/20260803T101506Z__v4__446d8c69b3c8/attempt_01.csv
ventus,v4,same_direction,intra_cta,tensor,s2g,na,batched,distinct_map,128,8,8,0,938,1014,cycles,126.75,126.75,1.009862,,intra_cta_tensor_s2g_alternating_batched_distinct_map_128_8,data/ventus/V3.10/multi_context/same_direction/s2g/20260803T101321Z__v4__5028e1f6dcb3/raw.csv
ventus,v4,same_direction,intra_cta,tensor,s2g,na,batched,distinct_map,128,8,8,1,938,1005,cycles,125.625,125.625,1.018905,,intra_cta_tensor_s2g_alternating_batched_distinct_map_128_8,data/ventus/V3.10/multi_context/same_direction/s2g/20260803T101321Z__v4__5028e1f6dcb3/raw.csv
h100,v4,same_direction,intra_cta,tensor,s2g,na,batched,distinct_map,128,16,16,0,3282,4277,cycles,267.3125,267.3125,0.47884,,same_direction|intra_cta|tensor|s2g|na|batched|distinct_map|128|16|16||||,data/h100/cuda-13.3-sm90/multi_context/same_direction/s2g/20260803T101408Z__v4__f8a1ab2e2e59/attempt_01.csv
h100,v4,same_direction,intra_cta,tensor,s2g,na,batched,distinct_map,128,16,16,1,1265,1306,cycles,81.625,81.625,1.568147,,same_direction|intra_cta|tensor|s2g|na|batched|distinct_map|128|16|16||||,data/h100/cuda-13.3-sm90/multi_context/same_direction/s2g/20260803T101408Z__v4__f8a1ab2e2e59/attempt_01.csv
b200,v4,same_direction,intra_cta,tensor,s2g,na,batched,distinct_map,128,16,16,0,1757,2490,cycles,155.625,155.625,0.82249,,same_direction|intra_cta|tensor|s2g|na|batched|distinct_map|128|16|16||||,data/b200/cuda-13.3-sm100/multi_context/same_direction/s2g/20260803T101506Z__v4__446d8c69b3c8/attempt_01.csv
b200,v4,same_direction,intra_cta,tensor,s2g,na,batched,distinct_map,128,16,16,1,1295,1334,cycles,83.375,83.375,1.535232,,same_direction|intra_cta|tensor|s2g|na|batched|distinct_map|128|16|16||||,data/b200/cuda-13.3-sm100/multi_context/same_direction/s2g/20260803T101506Z__v4__446d8c69b3c8/attempt_01.csv
ventus,v4,same_direction,intra_cta,tensor,s2g,na,batched,distinct_map,128,16,16,0,1882,1958,cycles,122.375,122.375,1.045965,,intra_cta_tensor_s2g_alternating_batched_distinct_map_128_16,data/ventus/V3.10/multi_context/same_direction/s2g/20260803T101321Z__v4__5028e1f6dcb3/raw.csv
ventus,v4,same_direction,intra_cta,tensor,s2g,na,batched,distinct_map,128,16,16,1,1882,1949,cycles,121.8125,121.8125,1.050795,,intra_cta_tensor_s2g_alternating_batched_distinct_map_128_16,data/ventus/V3.10/multi_context/same_direction/s2g/20260803T101321Z__v4__5028e1f6dcb3/raw.csv
h100,v4,same_direction,intra_cta,tensor,s2g,na,batched,distinct_map,128,32,32,0,7273,8278,cycles,258.6875,258.6875,0.494806,,same_direction|intra_cta|tensor|s2g|na|batched|distinct_map|128|32|32||||,data/h100/cuda-13.3-sm90/multi_context/same_direction/s2g/20260803T101408Z__v4__f8a1ab2e2e59/attempt_01.csv
h100,v4,same_direction,intra_cta,tensor,s2g,na,batched,distinct_map,128,32,32,1,2823,2864,cycles,89.5,89.5,1.430168,,same_direction|intra_cta|tensor|s2g|na|batched|distinct_map|128|32|32||||,data/h100/cuda-13.3-sm90/multi_context/same_direction/s2g/20260803T101408Z__v4__f8a1ab2e2e59/attempt_01.csv
b200,v4,same_direction,intra_cta,tensor,s2g,na,batched,distinct_map,128,32,32,0,3990,4702,cycles,146.9375,146.9375,0.871119,,same_direction|intra_cta|tensor|s2g|na|batched|distinct_map|128|32|32||||,data/b200/cuda-13.3-sm100/multi_context/same_direction/s2g/20260803T101506Z__v4__446d8c69b3c8/attempt_01.csv
b200,v4,same_direction,intra_cta,tensor,s2g,na,batched,distinct_map,128,32,32,1,2328,2367,cycles,73.96875,73.96875,1.73046,,same_direction|intra_cta|tensor|s2g|na|batched|distinct_map|128|32|32||||,data/b200/cuda-13.3-sm100/multi_context/same_direction/s2g/20260803T101506Z__v4__446d8c69b3c8/attempt_01.csv
ventus,v4,same_direction,intra_cta,tensor,s2g,na,batched,distinct_map,128,32,32,0,3834,3910,cycles,122.1875,122.1875,1.04757,,intra_cta_tensor_s2g_alternating_batched_distinct_map_128_32,data/ventus/V3.10/multi_context/same_direction/s2g/20260803T101321Z__v4__5028e1f6dcb3/raw.csv
ventus,v4,same_direction,intra_cta,tensor,s2g,na,batched,distinct_map,128,32,32,1,3834,3901,cycles,121.90625,121.90625,1.049987,,intra_cta_tensor_s2g_alternating_batched_distinct_map_128_32,data/ventus/V3.10/multi_context/same_direction/s2g/20260803T101321Z__v4__5028e1f6dcb3/raw.csv
h100,v1,s2g_size_sweep,intra_cta,tensor,s2g,na,batched,same_map,128,1,1,0,444,582,cycles,582.0,582.0,0.219931,,s2g_size_sweep|intra_cta|tensor|s2g|na|batched|same_map|128|1|1||||,data/h100/cuda-13.3-sm90/multi_context/s2g_size_sweep/s2g/20260805T095353Z__v1__6dddca765498/attempt_01.csv
h100,v4,same_direction,intra_cta,tensor,s2g,na,batched,same_map,128,1,1,0,377,537,cycles,537.0,537.0,0.238361,,same_direction|intra_cta|tensor|s2g|na|batched|same_map|128|1|1||||,data/h100/cuda-13.3-sm90/multi_context/same_direction/s2g/20260803T101408Z__v4__f8a1ab2e2e59/attempt_01.csv
h100,v1,s2g_size_sweep,intra_cta,tensor,s2g,na,batched,same_map,128,1,1,1,215,249,cycles,249.0,249.0,0.514056,,s2g_size_sweep|intra_cta|tensor|s2g|na|batched|same_map|128|1|1||||,data/h100/cuda-13.3-sm90/multi_context/s2g_size_sweep/s2g/20260805T095353Z__v1__6dddca765498/attempt_01.csv
h100,v4,same_direction,intra_cta,tensor,s2g,na,batched,same_map,128,1,1,1,215,249,cycles,249.0,249.0,0.514056,,same_direction|intra_cta|tensor|s2g|na|batched|same_map|128|1|1||||,data/h100/cuda-13.3-sm90/multi_context/same_direction/s2g/20260803T101408Z__v4__f8a1ab2e2e59/attempt_01.csv
b200,v1,s2g_size_sweep,intra_cta,tensor,s2g,na,batched,same_map,128,1,1,0,520,763,cycles,763.0,763.0,0.167759,,s2g_size_sweep|intra_cta|tensor|s2g|na|batched|same_map|128|1|1||||,data/b200/cuda-13.3-sm100/multi_context/s2g_size_sweep/s2g/20260805T095353Z__v1__2a9db18b1fda/attempt_01.csv
b200,v4,same_direction,intra_cta,tensor,s2g,na,batched,same_map,128,1,1,0,487,604,cycles,604.0,604.0,0.211921,,same_direction|intra_cta|tensor|s2g|na|batched|same_map|128|1|1||||,data/b200/cuda-13.3-sm100/multi_context/same_direction/s2g/20260803T101506Z__v4__446d8c69b3c8/attempt_01.csv
b200,v1,s2g_size_sweep,intra_cta,tensor,s2g,na,batched,same_map,128,1,1,1,245,274,cycles,274.0,274.0,0.467153,,s2g_size_sweep|intra_cta|tensor|s2g|na|batched|same_map|128|1|1||||,data/b200/cuda-13.3-sm100/multi_context/s2g_size_sweep/s2g/20260805T095353Z__v1__2a9db18b1fda/attempt_01.csv
b200,v4,same_direction,intra_cta,tensor,s2g,na,batched,same_map,128,1,1,1,245,274,cycles,274.0,274.0,0.467153,,same_direction|intra_cta|tensor|s2g|na|batched|same_map|128|1|1||||,data/b200/cuda-13.3-sm100/multi_context/same_direction/s2g/20260803T101506Z__v4__446d8c69b3c8/attempt_01.csv
ventus,v4,same_direction,intra_cta,tensor,s2g,na,batched,same_map,128,1,1,0,112,188,cycles,188.0,188.0,0.680851,,intra_cta_tensor_s2g_alternating_batched_same_map_128_1,data/ventus/V3.10/multi_context/same_direction/s2g/20260803T101321Z__v4__5028e1f6dcb3/raw.csv
ventus,v4,same_direction,intra_cta,tensor,s2g,na,batched,same_map,128,1,1,1,112,161,cycles,161.0,161.0,0.795031,,intra_cta_tensor_s2g_alternating_batched_same_map_128_1,data/ventus/V3.10/multi_context/same_direction/s2g/20260803T101321Z__v4__5028e1f6dcb3/raw.csv
h100,v1,s2g_size_sweep,intra_cta,tensor,s2g,na,batched,same_map,128,2,2,0,391,496,cycles,248.0,248.0,0.516129,,s2g_size_sweep|intra_cta|tensor|s2g|na|batched|same_map|128|2|2||||,data/h100/cuda-13.3-sm90/multi_context/s2g_size_sweep/s2g/20260805T095353Z__v1__6dddca765498/attempt_01.csv
h100,v4,same_direction,intra_cta,tensor,s2g,na,batched,same_map,128,2,2,0,352,472,cycles,236.0,236.0,0.542373,,same_direction|intra_cta|tensor|s2g|na|batched|same_map|128|2|2||||,data/h100/cuda-13.3-sm90/multi_context/same_direction/s2g/20260803T101408Z__v4__f8a1ab2e2e59/attempt_01.csv
h100,v1,s2g_size_sweep,intra_cta,tensor,s2g,na,batched,same_map,128,2,2,1,303,337,cycles,168.5,168.5,0.759644,,s2g_size_sweep|intra_cta|tensor|s2g|na|batched|same_map|128|2|2||||,data/h100/cuda-13.3-sm90/multi_context/s2g_size_sweep/s2g/20260805T095353Z__v1__6dddca765498/attempt_01.csv
h100,v4,same_direction,intra_cta,tensor,s2g,na,batched,same_map,128,2,2,1,303,337,cycles,168.5,168.5,0.759644,,same_direction|intra_cta|tensor|s2g|na|batched|same_map|128|2|2||||,data/h100/cuda-13.3-sm90/multi_context/same_direction/s2g/20260803T101408Z__v4__f8a1ab2e2e59/attempt_01.csv
b200,v1,s2g_size_sweep,intra_cta,tensor,s2g,na,batched,same_map,128,2,2,0,432,529,cycles,264.5,264.5,0.483932,,s2g_size_sweep|intra_cta|tensor|s2g|na|batched|same_map|128|2|2||||,data/b200/cuda-13.3-sm100/multi_context/s2g_size_sweep/s2g/20260805T095353Z__v1__2a9db18b1fda/attempt_01.csv
b200,v4,same_direction,intra_cta,tensor,s2g,na,batched,same_map,128,2,2,0,395,506,cycles,253.0,253.0,0.505929,,same_direction|intra_cta|tensor|s2g|na|batched|same_map|128|2|2||||,data/b200/cuda-13.3-sm100/multi_context/same_direction/s2g/20260803T101506Z__v4__446d8c69b3c8/attempt_01.csv
b200,v1,s2g_size_sweep,intra_cta,tensor,s2g,na,batched,same_map,128,2,2,1,334,363,cycles,181.5,181.5,0.705234,,s2g_size_sweep|intra_cta|tensor|s2g|na|batched|same_map|128|2|2||||,data/b200/cuda-13.3-sm100/multi_context/s2g_size_sweep/s2g/20260805T095353Z__v1__2a9db18b1fda/attempt_01.csv
b200,v4,same_direction,intra_cta,tensor,s2g,na,batched,same_map,128,2,2,1,334,363,cycles,181.5,181.5,0.705234,,same_direction|intra_cta|tensor|s2g|na|batched|same_map|128|2|2||||,data/b200/cuda-13.3-sm100/multi_context/same_direction/s2g/20260803T101506Z__v4__446d8c69b3c8/attempt_01.csv
ventus,v4,same_direction,intra_cta,tensor,s2g,na,batched,same_map,128,2,2,0,225,274,cycles,137.0,137.0,0.934307,,intra_cta_tensor_s2g_alternating_batched_same_map_128_2,data/ventus/V3.10/multi_context/same_direction/s2g/20260803T101321Z__v4__5028e1f6dcb3/raw.csv
ventus,v4,same_direction,intra_cta,tensor,s2g,na,batched,same_map,128,2,2,1,225,274,cycles,137.0,137.0,0.934307,,intra_cta_tensor_s2g_alternating_batched_same_map_128_2,data/ventus/V3.10/multi_context/same_direction/s2g/20260803T101321Z__v4__5028e1f6dcb3/raw.csv
h100,v1,s2g_size_sweep,intra_cta,tensor,s2g,na,batched,same_map,128,4,4,0,588,622,cycles,155.5,155.5,0.823151,,s2g_size_sweep|intra_cta|tensor|s2g|na|batched|same_map|128|4|4||||,data/h100/cuda-13.3-sm90/multi_context/s2g_size_sweep/s2g/20260805T095353Z__v1__6dddca765498/attempt_01.csv
h100,v4,same_direction,intra_cta,tensor,s2g,na,batched,same_map,128,4,4,0,570,604,cycles,151.0,151.0,0.847682,,same_direction|intra_cta|tensor|s2g|na|batched|same_map|128|4|4||||,data/h100/cuda-13.3-sm90/multi_context/same_direction/s2g/20260803T101408Z__v4__f8a1ab2e2e59/attempt_01.csv
h100,v1,s2g_size_sweep,intra_cta,tensor,s2g,na,batched,same_map,128,4,4,1,410,444,cycles,111.0,111.0,1.153153,,s2g_size_sweep|intra_cta|tensor|s2g|na|batched|same_map|128|4|4||||,data/h100/cuda-13.3-sm90/multi_context/s2g_size_sweep/s2g/20260805T095353Z__v1__6dddca765498/attempt_01.csv
h100,v4,same_direction,intra_cta,tensor,s2g,na,batched,same_map,128,4,4,1,410,444,cycles,111.0,111.0,1.153153,,same_direction|intra_cta|tensor|s2g|na|batched|same_map|128|4|4||||,data/h100/cuda-13.3-sm90/multi_context/same_direction/s2g/20260803T101408Z__v4__f8a1ab2e2e59/attempt_01.csv
b200,v1,s2g_size_sweep,intra_cta,tensor,s2g,na,batched,same_map,128,4,4,0,752,781,cycles,195.25,195.25,0.65557,,s2g_size_sweep|intra_cta|tensor|s2g|na|batched|same_map|128|4|4||||,data/b200/cuda-13.3-sm100/multi_context/s2g_size_sweep/s2g/20260805T095353Z__v1__2a9db18b1fda/attempt_01.csv
b200,v4,same_direction,intra_cta,tensor,s2g,na,batched,same_map,128,4,4,0,852,881,cycles,220.25,220.25,0.581158,,same_direction|intra_cta|tensor|s2g|na|batched|same_map|128|4|4||||,data/b200/cuda-13.3-sm100/multi_context/same_direction/s2g/20260803T101506Z__v4__446d8c69b3c8/attempt_01.csv
b200,v1,s2g_size_sweep,intra_cta,tensor,s2g,na,batched,same_map,128,4,4,1,451,488,cycles,122.0,122.0,1.04918,,s2g_size_sweep|intra_cta|tensor|s2g|na|batched|same_map|128|4|4||||,data/b200/cuda-13.3-sm100/multi_context/s2g_size_sweep/s2g/20260805T095353Z__v1__2a9db18b1fda/attempt_01.csv
b200,v4,same_direction,intra_cta,tensor,s2g,na,batched,same_map,128,4,4,1,451,480,cycles,120.0,120.0,1.066667,,same_direction|intra_cta|tensor|s2g|na|batched|same_map|128|4|4||||,data/b200/cuda-13.3-sm100/multi_context/same_direction/s2g/20260803T101506Z__v4__446d8c69b3c8/attempt_01.csv
ventus,v4,same_direction,intra_cta,tensor,s2g,na,batched,same_map,128,4,4,0,449,498,cycles,124.5,124.5,1.028112,,intra_cta_tensor_s2g_alternating_batched_same_map_128_4,data/ventus/V3.10/multi_context/same_direction/s2g/20260803T101321Z__v4__5028e1f6dcb3/raw.csv
ventus,v4,same_direction,intra_cta,tensor,s2g,na,batched,same_map,128,4,4,1,449,498,cycles,124.5,124.5,1.028112,,intra_cta_tensor_s2g_alternating_batched_same_map_128_4,data/ventus/V3.10/multi_context/same_direction/s2g/20260803T101321Z__v4__5028e1f6dcb3/raw.csv
h100,v1,s2g_size_sweep,intra_cta,tensor,s2g,na,batched,same_map,128,8,8,0,768,802,cycles,100.25,100.25,1.276808,,s2g_size_sweep|intra_cta|tensor|s2g|na|batched|same_map|128|8|8||||,data/h100/cuda-13.3-sm90/multi_context/s2g_size_sweep/s2g/20260805T095353Z__v1__6dddca765498/attempt_01.csv
h100,v4,same_direction,intra_cta,tensor,s2g,na,batched,same_map,128,8,8,0,768,802,cycles,100.25,100.25,1.276808,,same_direction|intra_cta|tensor|s2g|na|batched|same_map|128|8|8||||,data/h100/cuda-13.3-sm90/multi_context/same_direction/s2g/20260803T101408Z__v4__f8a1ab2e2e59/attempt_01.csv
h100,v1,s2g_size_sweep,intra_cta,tensor,s2g,na,batched,same_map,128,8,8,1,695,729,cycles,91.125,91.125,1.404664,,s2g_size_sweep|intra_cta|tensor|s2g|na|batched|same_map|128|8|8||||,data/h100/cuda-13.3-sm90/multi_context/s2g_size_sweep/s2g/20260805T095353Z__v1__6dddca765498/attempt_01.csv
h100,v4,same_direction,intra_cta,tensor,s2g,na,batched,same_map,128,8,8,1,695,729,cycles,91.125,91.125,1.404664,,same_direction|intra_cta|tensor|s2g|na|batched|same_map|128|8|8||||,data/h100/cuda-13.3-sm90/multi_context/same_direction/s2g/20260803T101408Z__v4__f8a1ab2e2e59/attempt_01.csv
b200,v1,s2g_size_sweep,intra_cta,tensor,s2g,na,batched,same_map,128,8,8,0,746,775,cycles,96.875,96.875,1.32129,,s2g_size_sweep|intra_cta|tensor|s2g|na|batched|same_map|128|8|8||||,data/b200/cuda-13.3-sm100/multi_context/s2g_size_sweep/s2g/20260805T095353Z__v1__2a9db18b1fda/attempt_01.csv
b200,v4,same_direction,intra_cta,tensor,s2g,na,batched,same_map,128,8,8,0,747,776,cycles,97.0,97.0,1.319588,,same_direction|intra_cta|tensor|s2g|na|batched|same_map|128|8|8||||,data/b200/cuda-13.3-sm100/multi_context/same_direction/s2g/20260803T101506Z__v4__446d8c69b3c8/attempt_01.csv
b200,v1,s2g_size_sweep,intra_cta,tensor,s2g,na,batched,same_map,128,8,8,1,712,741,cycles,92.625,92.625,1.381916,,s2g_size_sweep|intra_cta|tensor|s2g|na|batched|same_map|128|8|8||||,data/b200/cuda-13.3-sm100/multi_context/s2g_size_sweep/s2g/20260805T095353Z__v1__2a9db18b1fda/attempt_01.csv
b200,v4,same_direction,intra_cta,tensor,s2g,na,batched,same_map,128,8,8,1,766,795,cycles,99.375,99.375,1.28805,,same_direction|intra_cta|tensor|s2g|na|batched|same_map|128|8|8||||,data/b200/cuda-13.3-sm100/multi_context/same_direction/s2g/20260803T101506Z__v4__446d8c69b3c8/attempt_01.csv
ventus,v4,same_direction,intra_cta,tensor,s2g,na,batched,same_map,128,8,8,0,897,946,cycles,118.25,118.25,1.082452,,intra_cta_tensor_s2g_alternating_batched_same_map_128_8,data/ventus/V3.10/multi_context/same_direction/s2g/20260803T101321Z__v4__5028e1f6dcb3/raw.csv
ventus,v4,same_direction,intra_cta,tensor,s2g,na,batched,same_map,128,8,8,1,897,946,cycles,118.25,118.25,1.082452,,intra_cta_tensor_s2g_alternating_batched_same_map_128_8,data/ventus/V3.10/multi_context/same_direction/s2g/20260803T101321Z__v4__5028e1f6dcb3/raw.csv
h100,v1,s2g_size_sweep,intra_cta,tensor,s2g,na,batched,same_map,128,16,16,0,1296,1330,cycles,83.125,83.125,1.53985,,s2g_size_sweep|intra_cta|tensor|s2g|na|batched|same_map|128|16|16||||,data/h100/cuda-13.3-sm90/multi_context/s2g_size_sweep/s2g/20260805T095353Z__v1__6dddca765498/attempt_01.csv
h100,v4,same_direction,intra_cta,tensor,s2g,na,batched,same_map,128,16,16,0,1338,1372,cycles,85.75,85.75,1.492711,,same_direction|intra_cta|tensor|s2g|na|batched|same_map|128|16|16||||,data/h100/cuda-13.3-sm90/multi_context/same_direction/s2g/20260803T101408Z__v4__f8a1ab2e2e59/attempt_01.csv
h100,v1,s2g_size_sweep,intra_cta,tensor,s2g,na,batched,same_map,128,16,16,1,1316,1350,cycles,84.375,84.375,1.517037,,s2g_size_sweep|intra_cta|tensor|s2g|na|batched|same_map|128|16|16||||,data/h100/cuda-13.3-sm90/multi_context/s2g_size_sweep/s2g/20260805T095353Z__v1__6dddca765498/attempt_01.csv
h100,v4,same_direction,intra_cta,tensor,s2g,na,batched,same_map,128,16,16,1,1265,1299,cycles,81.1875,81.1875,1.576597,,same_direction|intra_cta|tensor|s2g|na|batched|same_map|128|16|16||||,data/h100/cuda-13.3-sm90/multi_context/same_direction/s2g/20260803T101408Z__v4__f8a1ab2e2e59/attempt_01.csv
b200,v1,s2g_size_sweep,intra_cta,tensor,s2g,na,batched,same_map,128,16,16,0,1283,1320,cycles,82.5,82.5,1.551515,,s2g_size_sweep|intra_cta|tensor|s2g|na|batched|same_map|128|16|16||||,data/b200/cuda-13.3-sm100/multi_context/s2g_size_sweep/s2g/20260805T095353Z__v1__2a9db18b1fda/attempt_01.csv
b200,v4,same_direction,intra_cta,tensor,s2g,na,batched,same_map,128,16,16,0,1295,1332,cycles,83.25,83.25,1.537538,,same_direction|intra_cta|tensor|s2g|na|batched|same_map|128|16|16||||,data/b200/cuda-13.3-sm100/multi_context/same_direction/s2g/20260803T101506Z__v4__446d8c69b3c8/attempt_01.csv
b200,v1,s2g_size_sweep,intra_cta,tensor,s2g,na,batched,same_map,128,16,16,1,1297,1334,cycles,83.375,83.375,1.535232,,s2g_size_sweep|intra_cta|tensor|s2g|na|batched|same_map|128|16|16||||,data/b200/cuda-13.3-sm100/multi_context/s2g_size_sweep/s2g/20260805T095353Z__v1__2a9db18b1fda/attempt_01.csv
b200,v4,same_direction,intra_cta,tensor,s2g,na,batched,same_map,128,16,16,1,1281,1318,cycles,82.375,82.375,1.553869,,same_direction|intra_cta|tensor|s2g|na|batched|same_map|128|16|16||||,data/b200/cuda-13.3-sm100/multi_context/same_direction/s2g/20260803T101506Z__v4__446d8c69b3c8/attempt_01.csv
ventus,v4,same_direction,intra_cta,tensor,s2g,na,batched,same_map,128,16,16,0,1793,1842,cycles,115.125,115.125,1.111835,,intra_cta_tensor_s2g_alternating_batched_same_map_128_16,data/ventus/V3.10/multi_context/same_direction/s2g/20260803T101321Z__v4__5028e1f6dcb3/raw.csv
ventus,v4,same_direction,intra_cta,tensor,s2g,na,batched,same_map,128,16,16,1,1793,1842,cycles,115.125,115.125,1.111835,,intra_cta_tensor_s2g_alternating_batched_same_map_128_16,data/ventus/V3.10/multi_context/same_direction/s2g/20260803T101321Z__v4__5028e1f6dcb3/raw.csv
h100,v1,s2g_size_sweep,intra_cta,tensor,s2g,na,batched,same_map,128,32,32,0,2478,2512,cycles,78.5,78.5,1.630573,,s2g_size_sweep|intra_cta|tensor|s2g|na|batched|same_map|128|32|32||||,data/h100/cuda-13.3-sm90/multi_context/s2g_size_sweep/s2g/20260805T095353Z__v1__6dddca765498/attempt_01.csv
h100,v4,same_direction,intra_cta,tensor,s2g,na,batched,same_map,128,32,32,0,2467,2501,cycles,78.15625,78.15625,1.637745,,same_direction|intra_cta|tensor|s2g|na|batched|same_map|128|32|32||||,data/h100/cuda-13.3-sm90/multi_context/same_direction/s2g/20260803T101408Z__v4__f8a1ab2e2e59/attempt_01.csv
h100,v1,s2g_size_sweep,intra_cta,tensor,s2g,na,batched,same_map,128,32,32,1,2405,2439,cycles,76.21875,76.21875,1.679377,,s2g_size_sweep|intra_cta|tensor|s2g|na|batched|same_map|128|32|32||||,data/h100/cuda-13.3-sm90/multi_context/s2g_size_sweep/s2g/20260805T095353Z__v1__6dddca765498/attempt_01.csv
h100,v4,same_direction,intra_cta,tensor,s2g,na,batched,same_map,128,32,32,1,2416,2450,cycles,76.5625,76.5625,1.671837,,same_direction|intra_cta|tensor|s2g|na|batched|same_map|128|32|32||||,data/h100/cuda-13.3-sm90/multi_context/same_direction/s2g/20260803T101408Z__v4__f8a1ab2e2e59/attempt_01.csv
b200,v1,s2g_size_sweep,intra_cta,tensor,s2g,na,batched,same_map,128,32,32,0,2327,2364,cycles,73.875,73.875,1.732657,,s2g_size_sweep|intra_cta|tensor|s2g|na|batched|same_map|128|32|32||||,data/b200/cuda-13.3-sm100/multi_context/s2g_size_sweep/s2g/20260805T095353Z__v1__2a9db18b1fda/attempt_01.csv
b200,v4,same_direction,intra_cta,tensor,s2g,na,batched,same_map,128,32,32,0,2315,2344,cycles,73.25,73.25,1.74744,,same_direction|intra_cta|tensor|s2g|na|batched|same_map|128|32|32||||,data/b200/cuda-13.3-sm100/multi_context/same_direction/s2g/20260803T101506Z__v4__446d8c69b3c8/attempt_01.csv
b200,v1,s2g_size_sweep,intra_cta,tensor,s2g,na,batched,same_map,128,32,32,1,2328,2365,cycles,73.90625,73.90625,1.731924,,s2g_size_sweep|intra_cta|tensor|s2g|na|batched|same_map|128|32|32||||,data/b200/cuda-13.3-sm100/multi_context/s2g_size_sweep/s2g/20260805T095353Z__v1__2a9db18b1fda/attempt_01.csv
b200,v4,same_direction,intra_cta,tensor,s2g,na,batched,same_map,128,32,32,1,2294,2323,cycles,72.59375,72.59375,1.763237,,same_direction|intra_cta|tensor|s2g|na|batched|same_map|128|32|32||||,data/b200/cuda-13.3-sm100/multi_context/same_direction/s2g/20260803T101506Z__v4__446d8c69b3c8/attempt_01.csv
ventus,v4,same_direction,intra_cta,tensor,s2g,na,batched,same_map,128,32,32,0,3653,3702,cycles,115.6875,115.6875,1.106429,,intra_cta_tensor_s2g_alternating_batched_same_map_128_32,data/ventus/V3.10/multi_context/same_direction/s2g/20260803T101321Z__v4__5028e1f6dcb3/raw.csv
ventus,v4,same_direction,intra_cta,tensor,s2g,na,batched,same_map,128,32,32,1,3681,3730,cycles,116.5625,116.5625,1.098123,,intra_cta_tensor_s2g_alternating_batched_same_map_128_32,data/ventus/V3.10/multi_context/same_direction/s2g/20260803T101321Z__v4__5028e1f6dcb3/raw.csv
h100,v4,same_direction,intra_cta,tensor,s2g,na,serial,distinct_map,128,1,1,0,510,532,cycles,532.0,532.0,0.240602,,same_direction|intra_cta|tensor|s2g|na|serial|distinct_map|128|1|1||||,data/h100/cuda-13.3-sm90/multi_context/same_direction/s2g/20260803T101408Z__v4__f8a1ab2e2e59/attempt_01.csv
h100,v4,same_direction,intra_cta,tensor,s2g,na,serial,distinct_map,128,1,1,1,249,271,cycles,271.0,271.0,0.472325,,same_direction|intra_cta|tensor|s2g|na|serial|distinct_map|128|1|1||||,data/h100/cuda-13.3-sm90/multi_context/same_direction/s2g/20260803T101408Z__v4__f8a1ab2e2e59/attempt_01.csv
b200,v4,same_direction,intra_cta,tensor,s2g,na,serial,distinct_map,128,1,1,0,653,670,cycles,670.0,670.0,0.191045,,same_direction|intra_cta|tensor|s2g|na|serial|distinct_map|128|1|1||||,data/b200/cuda-13.3-sm100/multi_context/same_direction/s2g/20260803T101506Z__v4__446d8c69b3c8/attempt_01.csv
b200,v4,same_direction,intra_cta,tensor,s2g,na,serial,distinct_map,128,1,1,1,294,311,cycles,311.0,311.0,0.411576,,same_direction|intra_cta|tensor|s2g|na|serial|distinct_map|128|1|1||||,data/b200/cuda-13.3-sm100/multi_context/same_direction/s2g/20260803T101506Z__v4__446d8c69b3c8/attempt_01.csv
ventus,v4,same_direction,intra_cta,tensor,s2g,na,serial,distinct_map,128,1,1,0,184,192,cycles,192.0,192.0,0.666667,,intra_cta_tensor_s2g_alternating_serial_distinct_map_128_1,data/ventus/V3.10/multi_context/same_direction/s2g/20260803T101321Z__v4__5028e1f6dcb3/raw.csv
ventus,v4,same_direction,intra_cta,tensor,s2g,na,serial,distinct_map,128,1,1,1,157,165,cycles,165.0,165.0,0.775758,,intra_cta_tensor_s2g_alternating_serial_distinct_map_128_1,data/ventus/V3.10/multi_context/same_direction/s2g/20260803T101321Z__v4__5028e1f6dcb3/raw.csv
h100,v4,same_direction,intra_cta,tensor,s2g,na,serial,distinct_map,128,2,2,0,930,952,cycles,476.0,476.0,0.268908,,same_direction|intra_cta|tensor|s2g|na|serial|distinct_map|128|2|2||||,data/h100/cuda-13.3-sm90/multi_context/same_direction/s2g/20260803T101408Z__v4__f8a1ab2e2e59/attempt_01.csv
h100,v4,same_direction,intra_cta,tensor,s2g,na,serial,distinct_map,128,2,2,1,415,437,cycles,218.5,218.5,0.585812,,same_direction|intra_cta|tensor|s2g|na|serial|distinct_map|128|2|2||||,data/h100/cuda-13.3-sm90/multi_context/same_direction/s2g/20260803T101408Z__v4__f8a1ab2e2e59/attempt_01.csv
b200,v4,same_direction,intra_cta,tensor,s2g,na,serial,distinct_map,128,2,2,0,1136,1153,cycles,576.5,576.5,0.222029,,same_direction|intra_cta|tensor|s2g|na|serial|distinct_map|128|2|2||||,data/b200/cuda-13.3-sm100/multi_context/same_direction/s2g/20260803T101506Z__v4__446d8c69b3c8/attempt_01.csv
b200,v4,same_direction,intra_cta,tensor,s2g,na,serial,distinct_map,128,2,2,1,526,543,cycles,271.5,271.5,0.471455,,same_direction|intra_cta|tensor|s2g|na|serial|distinct_map|128|2|2||||,data/b200/cuda-13.3-sm100/multi_context/same_direction/s2g/20260803T101506Z__v4__446d8c69b3c8/attempt_01.csv
ventus,v4,same_direction,intra_cta,tensor,s2g,na,serial,distinct_map,128,2,2,0,376,384,cycles,192.0,192.0,0.666667,,intra_cta_tensor_s2g_alternating_serial_distinct_map_128_2,data/ventus/V3.10/multi_context/same_direction/s2g/20260803T101321Z__v4__5028e1f6dcb3/raw.csv
ventus,v4,same_direction,intra_cta,tensor,s2g,na,serial,distinct_map,128,2,2,1,322,330,cycles,165.0,165.0,0.775758,,intra_cta_tensor_s2g_alternating_serial_distinct_map_128_2,data/ventus/V3.10/multi_context/same_direction/s2g/20260803T101321Z__v4__5028e1f6dcb3/raw.csv
h100,v4,same_direction,intra_cta,tensor,s2g,na,serial,distinct_map,128,4,4,0,1696,1718,cycles,429.5,429.5,0.298021,,same_direction|intra_cta|tensor|s2g|na|serial|distinct_map|128|4|4||||,data/h100/cuda-13.3-sm90/multi_context/same_direction/s2g/20260803T101408Z__v4__f8a1ab2e2e59/attempt_01.csv
h100,v4,same_direction,intra_cta,tensor,s2g,na,serial,distinct_map,128,4,4,1,747,769,cycles,192.25,192.25,0.6658,,same_direction|intra_cta|tensor|s2g|na|serial|distinct_map|128|4|4||||,data/h100/cuda-13.3-sm90/multi_context/same_direction/s2g/20260803T101408Z__v4__f8a1ab2e2e59/attempt_01.csv
b200,v4,same_direction,intra_cta,tensor,s2g,na,serial,distinct_map,128,4,4,0,2131,2148,cycles,537.0,537.0,0.238361,,same_direction|intra_cta|tensor|s2g|na|serial|distinct_map|128|4|4||||,data/b200/cuda-13.3-sm100/multi_context/same_direction/s2g/20260803T101506Z__v4__446d8c69b3c8/attempt_01.csv
b200,v4,same_direction,intra_cta,tensor,s2g,na,serial,distinct_map,128,4,4,1,990,1007,cycles,251.75,251.75,0.508441,,same_direction|intra_cta|tensor|s2g|na|serial|distinct_map|128|4|4||||,data/b200/cuda-13.3-sm100/multi_context/same_direction/s2g/20260803T101506Z__v4__446d8c69b3c8/attempt_01.csv
ventus,v4,same_direction,intra_cta,tensor,s2g,na,serial,distinct_map,128,4,4,0,760,768,cycles,192.0,192.0,0.666667,,intra_cta_tensor_s2g_alternating_serial_distinct_map_128_4,data/ventus/V3.10/multi_context/same_direction/s2g/20260803T101321Z__v4__5028e1f6dcb3/raw.csv
ventus,v4,same_direction,intra_cta,tensor,s2g,na,serial,distinct_map,128,4,4,1,652,660,cycles,165.0,165.0,0.775758,,intra_cta_tensor_s2g_alternating_serial_distinct_map_128_4,data/ventus/V3.10/multi_context/same_direction/s2g/20260803T101321Z__v4__5028e1f6dcb3/raw.csv
h100,v4,same_direction,intra_cta,tensor,s2g,na,serial,distinct_map,128,8,8,0,3335,3357,cycles,419.625,419.625,0.305034,,same_direction|intra_cta|tensor|s2g|na|serial|distinct_map|128|8|8||||,data/h100/cuda-13.3-sm90/multi_context/same_direction/s2g/20260803T101408Z__v4__f8a1ab2e2e59/attempt_01.csv
h100,v4,same_direction,intra_cta,tensor,s2g,na,serial,distinct_map,128,8,8,1,1411,1433,cycles,179.125,179.125,0.714585,,same_direction|intra_cta|tensor|s2g|na|serial|distinct_map|128|8|8||||,data/h100/cuda-13.3-sm90/multi_context/same_direction/s2g/20260803T101408Z__v4__f8a1ab2e2e59/attempt_01.csv
b200,v4,same_direction,intra_cta,tensor,s2g,na,serial,distinct_map,128,8,8,0,4093,4110,cycles,513.75,513.75,0.249148,,same_direction|intra_cta|tensor|s2g|na|serial|distinct_map|128|8|8||||,data/b200/cuda-13.3-sm100/multi_context/same_direction/s2g/20260803T101506Z__v4__446d8c69b3c8/attempt_01.csv
b200,v4,same_direction,intra_cta,tensor,s2g,na,serial,distinct_map,128,8,8,1,1918,1935,cycles,241.875,241.875,0.529199,,same_direction|intra_cta|tensor|s2g|na|serial|distinct_map|128|8|8||||,data/b200/cuda-13.3-sm100/multi_context/same_direction/s2g/20260803T101506Z__v4__446d8c69b3c8/attempt_01.csv
ventus,v4,same_direction,intra_cta,tensor,s2g,na,serial,distinct_map,128,8,8,0,1528,1536,cycles,192.0,192.0,0.666667,,intra_cta_tensor_s2g_alternating_serial_distinct_map_128_8,data/ventus/V3.10/multi_context/same_direction/s2g/20260803T101321Z__v4__5028e1f6dcb3/raw.csv
ventus,v4,same_direction,intra_cta,tensor,s2g,na,serial,distinct_map,128,8,8,1,1456,1464,cycles,183.0,183.0,0.699454,,intra_cta_tensor_s2g_alternating_serial_distinct_map_128_8,data/ventus/V3.10/multi_context/same_direction/s2g/20260803T101321Z__v4__5028e1f6dcb3/raw.csv
h100,v4,same_direction,intra_cta,tensor,s2g,na,serial,distinct_map,128,16,16,0,6666,6688,cycles,418.0,418.0,0.30622,,same_direction|intra_cta|tensor|s2g|na|serial|distinct_map|128|16|16||||,data/h100/cuda-13.3-sm90/multi_context/same_direction/s2g/20260803T101408Z__v4__f8a1ab2e2e59/attempt_01.csv
h100,v4,same_direction,intra_cta,tensor,s2g,na,serial,distinct_map,128,16,16,1,3331,3353,cycles,209.5625,209.5625,0.610796,,same_direction|intra_cta|tensor|s2g|na|serial|distinct_map|128|16|16||||,data/h100/cuda-13.3-sm90/multi_context/same_direction/s2g/20260803T101408Z__v4__f8a1ab2e2e59/attempt_01.csv
b200,v4,same_direction,intra_cta,tensor,s2g,na,serial,distinct_map,128,16,16,0,8143,8160,cycles,510.0,510.0,0.25098,,same_direction|intra_cta|tensor|s2g|na|serial|distinct_map|128|16|16||||,data/b200/cuda-13.3-sm100/multi_context/same_direction/s2g/20260803T101506Z__v4__446d8c69b3c8/attempt_01.csv
b200,v4,same_direction,intra_cta,tensor,s2g,na,serial,distinct_map,128,16,16,1,4782,4799,cycles,299.9375,299.9375,0.426756,,same_direction|intra_cta|tensor|s2g|na|serial|distinct_map|128|16|16||||,data/b200/cuda-13.3-sm100/multi_context/same_direction/s2g/20260803T101506Z__v4__446d8c69b3c8/attempt_01.csv
ventus,v4,same_direction,intra_cta,tensor,s2g,na,serial,distinct_map,128,16,16,0,3064,3072,cycles,192.0,192.0,0.666667,,intra_cta_tensor_s2g_alternating_serial_distinct_map_128_16,data/ventus/V3.10/multi_context/same_direction/s2g/20260803T101321Z__v4__5028e1f6dcb3/raw.csv
ventus,v4,same_direction,intra_cta,tensor,s2g,na,serial,distinct_map,128,16,16,1,2920,2928,cycles,183.0,183.0,0.699454,,intra_cta_tensor_s2g_alternating_serial_distinct_map_128_16,data/ventus/V3.10/multi_context/same_direction/s2g/20260803T101321Z__v4__5028e1f6dcb3/raw.csv
h100,v4,same_direction,intra_cta,tensor,s2g,na,serial,distinct_map,128,32,32,0,13123,13155,cycles,411.09375,411.09375,0.311365,,same_direction|intra_cta|tensor|s2g|na|serial|distinct_map|128|32|32||||,data/h100/cuda-13.3-sm90/multi_context/same_direction/s2g/20260803T101408Z__v4__f8a1ab2e2e59/attempt_01.csv
h100,v4,same_direction,intra_cta,tensor,s2g,na,serial,distinct_map,128,32,32,1,7461,7483,cycles,233.84375,233.84375,0.547374,,same_direction|intra_cta|tensor|s2g|na|serial|distinct_map|128|32|32||||,data/h100/cuda-13.3-sm90/multi_context/same_direction/s2g/20260803T101408Z__v4__f8a1ab2e2e59/attempt_01.csv
b200,v4,same_direction,intra_cta,tensor,s2g,na,serial,distinct_map,128,32,32,0,16149,16177,cycles,505.53125,505.53125,0.253199,,same_direction|intra_cta|tensor|s2g|na|serial|distinct_map|128|32|32||||,data/b200/cuda-13.3-sm100/multi_context/same_direction/s2g/20260803T101506Z__v4__446d8c69b3c8/attempt_01.csv
b200,v4,same_direction,intra_cta,tensor,s2g,na,serial,distinct_map,128,32,32,1,9917,9934,cycles,310.4375,310.4375,0.412321,,same_direction|intra_cta|tensor|s2g|na|serial|distinct_map|128|32|32||||,data/b200/cuda-13.3-sm100/multi_context/same_direction/s2g/20260803T101506Z__v4__446d8c69b3c8/attempt_01.csv
ventus,v4,same_direction,intra_cta,tensor,s2g,na,serial,distinct_map,128,32,32,0,6200,6208,cycles,194.0,194.0,0.659794,,intra_cta_tensor_s2g_alternating_serial_distinct_map_128_32,data/ventus/V3.10/multi_context/same_direction/s2g/20260803T101321Z__v4__5028e1f6dcb3/raw.csv
ventus,v4,same_direction,intra_cta,tensor,s2g,na,serial,distinct_map,128,32,32,1,5921,5929,cycles,185.28125,185.28125,0.690842,,intra_cta_tensor_s2g_alternating_serial_distinct_map_128_32,data/ventus/V3.10/multi_context/same_direction/s2g/20260803T101321Z__v4__5028e1f6dcb3/raw.csv
h100,v4,same_direction,intra_cta,tensor,s2g,na,serial,same_map,128,1,1,0,518,599,cycles,599.0,599.0,0.213689,,same_direction|intra_cta|tensor|s2g|na|serial|same_map|128|1|1||||,data/h100/cuda-13.3-sm90/multi_context/same_direction/s2g/20260803T101408Z__v4__f8a1ab2e2e59/attempt_01.csv
h100,v4,same_direction,intra_cta,tensor,s2g,na,serial,same_map,128,1,1,1,249,271,cycles,271.0,271.0,0.472325,,same_direction|intra_cta|tensor|s2g|na|serial|same_map|128|1|1||||,data/h100/cuda-13.3-sm90/multi_context/same_direction/s2g/20260803T101408Z__v4__f8a1ab2e2e59/attempt_01.csv
b200,v4,same_direction,intra_cta,tensor,s2g,na,serial,same_map,128,1,1,0,824,924,cycles,924.0,924.0,0.138528,,same_direction|intra_cta|tensor|s2g|na|serial|same_map|128|1|1||||,data/b200/cuda-13.3-sm100/multi_context/same_direction/s2g/20260803T101506Z__v4__446d8c69b3c8/attempt_01.csv
b200,v4,same_direction,intra_cta,tensor,s2g,na,serial,same_map,128,1,1,1,294,311,cycles,311.0,311.0,0.411576,,same_direction|intra_cta|tensor|s2g|na|serial|same_map|128|1|1||||,data/b200/cuda-13.3-sm100/multi_context/same_direction/s2g/20260803T101506Z__v4__446d8c69b3c8/attempt_01.csv
ventus,v4,same_direction,intra_cta,tensor,s2g,na,serial,same_map,128,1,1,0,184,192,cycles,192.0,192.0,0.666667,,intra_cta_tensor_s2g_alternating_serial_same_map_128_1,data/ventus/V3.10/multi_context/same_direction/s2g/20260803T101321Z__v4__5028e1f6dcb3/raw.csv
ventus,v4,same_direction,intra_cta,tensor,s2g,na,serial,same_map,128,1,1,1,157,165,cycles,165.0,165.0,0.775758,,intra_cta_tensor_s2g_alternating_serial_same_map_128_1,data/ventus/V3.10/multi_context/same_direction/s2g/20260803T101321Z__v4__5028e1f6dcb3/raw.csv
h100,v4,same_direction,intra_cta,tensor,s2g,na,serial,same_map,128,2,2,0,674,696,cycles,348.0,348.0,0.367816,,same_direction|intra_cta|tensor|s2g|na|serial|same_map|128|2|2||||,data/h100/cuda-13.3-sm90/multi_context/same_direction/s2g/20260803T101408Z__v4__f8a1ab2e2e59/attempt_01.csv
h100,v4,same_direction,intra_cta,tensor,s2g,na,serial,same_map,128,2,2,1,415,437,cycles,218.5,218.5,0.585812,,same_direction|intra_cta|tensor|s2g|na|serial|same_map|128|2|2||||,data/h100/cuda-13.3-sm90/multi_context/same_direction/s2g/20260803T101408Z__v4__f8a1ab2e2e59/attempt_01.csv
b200,v4,same_direction,intra_cta,tensor,s2g,na,serial,same_map,128,2,2,0,865,882,cycles,441.0,441.0,0.290249,,same_direction|intra_cta|tensor|s2g|na|serial|same_map|128|2|2||||,data/b200/cuda-13.3-sm100/multi_context/same_direction/s2g/20260803T101506Z__v4__446d8c69b3c8/attempt_01.csv
b200,v4,same_direction,intra_cta,tensor,s2g,na,serial,same_map,128,2,2,1,526,543,cycles,271.5,271.5,0.471455,,same_direction|intra_cta|tensor|s2g|na|serial|same_map|128|2|2||||,data/b200/cuda-13.3-sm100/multi_context/same_direction/s2g/20260803T101506Z__v4__446d8c69b3c8/attempt_01.csv
ventus,v4,same_direction,intra_cta,tensor,s2g,na,serial,same_map,128,2,2,0,344,352,cycles,176.0,176.0,0.727273,,intra_cta_tensor_s2g_alternating_serial_same_map_128_2,data/ventus/V3.10/multi_context/same_direction/s2g/20260803T101321Z__v4__5028e1f6dcb3/raw.csv
ventus,v4,same_direction,intra_cta,tensor,s2g,na,serial,same_map,128,2,2,1,317,325,cycles,162.5,162.5,0.787692,,intra_cta_tensor_s2g_alternating_serial_same_map_128_2,data/ventus/V3.10/multi_context/same_direction/s2g/20260803T101321Z__v4__5028e1f6dcb3/raw.csv
h100,v4,same_direction,intra_cta,tensor,s2g,na,serial,same_map,128,4,4,0,997,1019,cycles,254.75,254.75,0.502453,,same_direction|intra_cta|tensor|s2g|na|serial|same_map|128|4|4||||,data/h100/cuda-13.3-sm90/multi_context/same_direction/s2g/20260803T101408Z__v4__f8a1ab2e2e59/attempt_01.csv
h100,v4,same_direction,intra_cta,tensor,s2g,na,serial,same_map,128,4,4,1,747,769,cycles,192.25,192.25,0.6658,,same_direction|intra_cta|tensor|s2g|na|serial|same_map|128|4|4||||,data/h100/cuda-13.3-sm90/multi_context/same_direction/s2g/20260803T101408Z__v4__f8a1ab2e2e59/attempt_01.csv
b200,v4,same_direction,intra_cta,tensor,s2g,na,serial,same_map,128,4,4,0,1335,1352,cycles,338.0,338.0,0.378698,,same_direction|intra_cta|tensor|s2g|na|serial|same_map|128|4|4||||,data/b200/cuda-13.3-sm100/multi_context/same_direction/s2g/20260803T101506Z__v4__446d8c69b3c8/attempt_01.csv
b200,v4,same_direction,intra_cta,tensor,s2g,na,serial,same_map,128,4,4,1,990,1007,cycles,251.75,251.75,0.508441,,same_direction|intra_cta|tensor|s2g|na|serial|same_map|128|4|4||||,data/b200/cuda-13.3-sm100/multi_context/same_direction/s2g/20260803T101506Z__v4__446d8c69b3c8/attempt_01.csv
ventus,v4,same_direction,intra_cta,tensor,s2g,na,serial,same_map,128,4,4,0,662,670,cycles,167.5,167.5,0.764179,,intra_cta_tensor_s2g_alternating_serial_same_map_128_4,data/ventus/V3.10/multi_context/same_direction/s2g/20260803T101321Z__v4__5028e1f6dcb3/raw.csv
ventus,v4,same_direction,intra_cta,tensor,s2g,na,serial,same_map,128,4,4,1,635,643,cycles,160.75,160.75,0.796267,,intra_cta_tensor_s2g_alternating_serial_same_map_128_4,data/ventus/V3.10/multi_context/same_direction/s2g/20260803T101321Z__v4__5028e1f6dcb3/raw.csv
h100,v4,same_direction,intra_cta,tensor,s2g,na,serial,same_map,128,8,8,0,1662,1684,cycles,210.5,210.5,0.608076,,same_direction|intra_cta|tensor|s2g|na|serial|same_map|128|8|8||||,data/h100/cuda-13.3-sm90/multi_context/same_direction/s2g/20260803T101408Z__v4__f8a1ab2e2e59/attempt_01.csv
h100,v4,same_direction,intra_cta,tensor,s2g,na,serial,same_map,128,8,8,1,1411,1433,cycles,179.125,179.125,0.714585,,same_direction|intra_cta|tensor|s2g|na|serial|same_map|128|8|8||||,data/h100/cuda-13.3-sm90/multi_context/same_direction/s2g/20260803T101408Z__v4__f8a1ab2e2e59/attempt_01.csv
b200,v4,same_direction,intra_cta,tensor,s2g,na,serial,same_map,128,8,8,0,2274,2291,cycles,286.375,286.375,0.446966,,same_direction|intra_cta|tensor|s2g|na|serial|same_map|128|8|8||||,data/b200/cuda-13.3-sm100/multi_context/same_direction/s2g/20260803T101506Z__v4__446d8c69b3c8/attempt_01.csv
b200,v4,same_direction,intra_cta,tensor,s2g,na,serial,same_map,128,8,8,1,1918,1935,cycles,241.875,241.875,0.529199,,same_direction|intra_cta|tensor|s2g|na|serial|same_map|128|8|8||||,data/b200/cuda-13.3-sm100/multi_context/same_direction/s2g/20260803T101506Z__v4__446d8c69b3c8/attempt_01.csv
ventus,v4,same_direction,intra_cta,tensor,s2g,na,serial,same_map,128,8,8,0,1299,1307,cycles,163.375,163.375,0.783474,,intra_cta_tensor_s2g_alternating_serial_same_map_128_8,data/ventus/V3.10/multi_context/same_direction/s2g/20260803T101321Z__v4__5028e1f6dcb3/raw.csv
ventus,v4,same_direction,intra_cta,tensor,s2g,na,serial,same_map,128,8,8,1,1271,1279,cycles,159.875,159.875,0.800625,,intra_cta_tensor_s2g_alternating_serial_same_map_128_8,data/ventus/V3.10/multi_context/same_direction/s2g/20260803T101321Z__v4__5028e1f6dcb3/raw.csv
h100,v4,same_direction,intra_cta,tensor,s2g,na,serial,same_map,128,16,16,0,2958,2980,cycles,186.25,186.25,0.687248,,same_direction|intra_cta|tensor|s2g|na|serial|same_map|128|16|16||||,data/h100/cuda-13.3-sm90/multi_context/same_direction/s2g/20260803T101408Z__v4__f8a1ab2e2e59/attempt_01.csv
h100,v4,same_direction,intra_cta,tensor,s2g,na,serial,same_map,128,16,16,1,2739,2761,cycles,172.5625,172.5625,0.74176,,same_direction|intra_cta|tensor|s2g|na|serial|same_map|128|16|16||||,data/h100/cuda-13.3-sm90/multi_context/same_direction/s2g/20260803T101408Z__v4__f8a1ab2e2e59/attempt_01.csv
b200,v4,same_direction,intra_cta,tensor,s2g,na,serial,same_map,128,16,16,0,4132,4149,cycles,259.3125,259.3125,0.493613,,same_direction|intra_cta|tensor|s2g|na|serial|same_map|128|16|16||||,data/b200/cuda-13.3-sm100/multi_context/same_direction/s2g/20260803T101506Z__v4__446d8c69b3c8/attempt_01.csv
b200,v4,same_direction,intra_cta,tensor,s2g,na,serial,same_map,128,16,16,1,3774,3791,cycles,236.9375,236.9375,0.540227,,same_direction|intra_cta|tensor|s2g|na|serial|same_map|128|16|16||||,data/b200/cuda-13.3-sm100/multi_context/same_direction/s2g/20260803T101506Z__v4__446d8c69b3c8/attempt_01.csv
ventus,v4,same_direction,intra_cta,tensor,s2g,na,serial,same_map,128,16,16,0,2570,2578,cycles,161.125,161.125,0.794414,,intra_cta_tensor_s2g_alternating_serial_same_map_128_16,data/ventus/V3.10/multi_context/same_direction/s2g/20260803T101321Z__v4__5028e1f6dcb3/raw.csv
ventus,v4,same_direction,intra_cta,tensor,s2g,na,serial,same_map,128,16,16,1,2543,2551,cycles,159.4375,159.4375,0.802822,,intra_cta_tensor_s2g_alternating_serial_same_map_128_16,data/ventus/V3.10/multi_context/same_direction/s2g/20260803T101321Z__v4__5028e1f6dcb3/raw.csv
h100,v4,same_direction,intra_cta,tensor,s2g,na,serial,same_map,128,32,32,0,5649,5681,cycles,177.53125,177.53125,0.721,,same_direction|intra_cta|tensor|s2g|na|serial|same_map|128|32|32||||,data/h100/cuda-13.3-sm90/multi_context/same_direction/s2g/20260803T101408Z__v4__f8a1ab2e2e59/attempt_01.csv
h100,v4,same_direction,intra_cta,tensor,s2g,na,serial,same_map,128,32,32,1,5395,5417,cycles,169.28125,169.28125,0.756138,,same_direction|intra_cta|tensor|s2g|na|serial|same_map|128|32|32||||,data/h100/cuda-13.3-sm90/multi_context/same_direction/s2g/20260803T101408Z__v4__f8a1ab2e2e59/attempt_01.csv
b200,v4,same_direction,intra_cta,tensor,s2g,na,serial,same_map,128,32,32,0,7834,7862,cycles,245.6875,245.6875,0.520987,,same_direction|intra_cta|tensor|s2g|na|serial|same_map|128|32|32||||,data/b200/cuda-13.3-sm100/multi_context/same_direction/s2g/20260803T101506Z__v4__446d8c69b3c8/attempt_01.csv
b200,v4,same_direction,intra_cta,tensor,s2g,na,serial,same_map,128,32,32,1,7486,7503,cycles,234.46875,234.46875,0.545915,,same_direction|intra_cta|tensor|s2g|na|serial|same_map|128|32|32||||,data/b200/cuda-13.3-sm100/multi_context/same_direction/s2g/20260803T101506Z__v4__446d8c69b3c8/attempt_01.csv
ventus,v4,same_direction,intra_cta,tensor,s2g,na,serial,same_map,128,32,32,0,5180,5188,cycles,162.125,162.125,0.789514,,intra_cta_tensor_s2g_alternating_serial_same_map_128_32,data/ventus/V3.10/multi_context/same_direction/s2g/20260803T101321Z__v4__5028e1f6dcb3/raw.csv
ventus,v4,same_direction,intra_cta,tensor,s2g,na,serial,same_map,128,32,32,1,5183,5191,cycles,162.21875,162.21875,0.789058,,intra_cta_tensor_s2g_alternating_serial_same_map_128_32,data/ventus/V3.10/multi_context/same_direction/s2g/20260803T101321Z__v4__5028e1f6dcb3/raw.csv
h100,v4,same_direction,multi_cta,tensor,s2g,na,batched,distinct_map,128,1,1,0,96,256,ns,256.0,,,0.5,same_direction|multi_cta|tensor|s2g|na|batched|distinct_map|128|1|1||||,data/h100/cuda-13.3-sm90/multi_context/same_direction/s2g/20260803T101408Z__v4__f8a1ab2e2e59/attempt_01.csv
h100,v4,same_direction,multi_cta,tensor,s2g,na,batched,distinct_map,128,1,1,1,64,96,ns,96.0,,,1.333333,same_direction|multi_cta|tensor|s2g|na|batched|distinct_map|128|1|1||||,data/h100/cuda-13.3-sm90/multi_context/same_direction/s2g/20260803T101408Z__v4__f8a1ab2e2e59/attempt_01.csv
b200,v4,same_direction,multi_cta,tensor,s2g,na,batched,distinct_map,128,1,1,0,64,224,ns,224.0,,,0.571429,same_direction|multi_cta|tensor|s2g|na|batched|distinct_map|128|1|1||||,data/b200/cuda-13.3-sm100/multi_context/same_direction/s2g/20260803T101506Z__v4__446d8c69b3c8/attempt_01.csv
b200,v4,same_direction,multi_cta,tensor,s2g,na,batched,distinct_map,128,1,1,1,32,64,ns,64.0,,,2.0,same_direction|multi_cta|tensor|s2g|na|batched|distinct_map|128|1|1||||,data/b200/cuda-13.3-sm100/multi_context/same_direction/s2g/20260803T101506Z__v4__446d8c69b3c8/attempt_01.csv
ventus,v4,same_direction,multi_cta,tensor,s2g,na,batched,distinct_map,128,1,1,0,119,195,cycles,195.0,195.0,0.65641,,multi_cta_tensor_s2g_alternating_batched_distinct_map_128_1,data/ventus/V3.10/multi_context/same_direction/s2g/20260803T101321Z__v4__5028e1f6dcb3/raw.csv
ventus,v4,same_direction,multi_cta,tensor,s2g,na,batched,distinct_map,128,1,1,1,117,166,cycles,166.0,166.0,0.771084,,multi_cta_tensor_s2g_alternating_batched_distinct_map_128_1,data/ventus/V3.10/multi_context/same_direction/s2g/20260803T101321Z__v4__5028e1f6dcb3/raw.csv
h100,v4,same_direction,multi_cta,tensor,s2g,na,batched,distinct_map,128,2,2,0,128,288,ns,144.0,,,0.888889,same_direction|multi_cta|tensor|s2g|na|batched|distinct_map|128|2|2||||,data/h100/cuda-13.3-sm90/multi_context/same_direction/s2g/20260803T101408Z__v4__f8a1ab2e2e59/attempt_01.csv
h100,v4,same_direction,multi_cta,tensor,s2g,na,batched,distinct_map,128,2,2,1,96,128,ns,64.0,,,2.0,same_direction|multi_cta|tensor|s2g|na|batched|distinct_map|128|2|2||||,data/h100/cuda-13.3-sm90/multi_context/same_direction/s2g/20260803T101408Z__v4__f8a1ab2e2e59/attempt_01.csv
b200,v4,same_direction,multi_cta,tensor,s2g,na,batched,distinct_map,128,2,2,0,64,224,ns,112.0,,,1.142857,same_direction|multi_cta|tensor|s2g|na|batched|distinct_map|128|2|2||||,data/b200/cuda-13.3-sm100/multi_context/same_direction/s2g/20260803T101506Z__v4__446d8c69b3c8/attempt_01.csv
b200,v4,same_direction,multi_cta,tensor,s2g,na,batched,distinct_map,128,2,2,1,32,64,ns,32.0,,,4.0,same_direction|multi_cta|tensor|s2g|na|batched|distinct_map|128|2|2||||,data/b200/cuda-13.3-sm100/multi_context/same_direction/s2g/20260803T101506Z__v4__446d8c69b3c8/attempt_01.csv
ventus,v4,same_direction,multi_cta,tensor,s2g,na,batched,distinct_map,128,2,2,0,121,197,cycles,98.5,98.5,1.299492,,multi_cta_tensor_s2g_alternating_batched_distinct_map_128_2,data/ventus/V3.10/multi_context/same_direction/s2g/20260803T101321Z__v4__5028e1f6dcb3/raw.csv
ventus,v4,same_direction,multi_cta,tensor,s2g,na,batched,distinct_map,128,2,2,1,119,168,cycles,84.0,84.0,1.52381,,multi_cta_tensor_s2g_alternating_batched_distinct_map_128_2,data/ventus/V3.10/multi_context/same_direction/s2g/20260803T101321Z__v4__5028e1f6dcb3/raw.csv
h100,v4,same_direction,multi_cta,tensor,s2g,na,batched,distinct_map,128,4,4,0,160,320,ns,80.0,,,1.6,same_direction|multi_cta|tensor|s2g|na|batched|distinct_map|128|4|4||||,data/h100/cuda-13.3-sm90/multi_context/same_direction/s2g/20260803T101408Z__v4__f8a1ab2e2e59/attempt_01.csv
h100,v4,same_direction,multi_cta,tensor,s2g,na,batched,distinct_map,128,4,4,1,128,160,ns,40.0,,,3.2,same_direction|multi_cta|tensor|s2g|na|batched|distinct_map|128|4|4||||,data/h100/cuda-13.3-sm90/multi_context/same_direction/s2g/20260803T101408Z__v4__f8a1ab2e2e59/attempt_01.csv
b200,v4,same_direction,multi_cta,tensor,s2g,na,batched,distinct_map,128,4,4,0,224,384,ns,96.0,,,1.333333,same_direction|multi_cta|tensor|s2g|na|batched|distinct_map|128|4|4||||,data/b200/cuda-13.3-sm100/multi_context/same_direction/s2g/20260803T101506Z__v4__446d8c69b3c8/attempt_01.csv
b200,v4,same_direction,multi_cta,tensor,s2g,na,batched,distinct_map,128,4,4,1,352,384,ns,96.0,,,1.333333,same_direction|multi_cta|tensor|s2g|na|batched|distinct_map|128|4|4||||,data/b200/cuda-13.3-sm100/multi_context/same_direction/s2g/20260803T101506Z__v4__446d8c69b3c8/attempt_01.csv
ventus,v4,same_direction,multi_cta,tensor,s2g,na,batched,distinct_map,128,4,4,0,196,280,cycles,70.0,70.0,1.828571,,multi_cta_tensor_s2g_alternating_batched_distinct_map_128_4,data/ventus/V3.10/multi_context/same_direction/s2g/20260803T101321Z__v4__5028e1f6dcb3/raw.csv
ventus,v4,same_direction,multi_cta,tensor,s2g,na,batched,distinct_map,128,4,4,1,217,273,cycles,68.25,68.25,1.875458,,multi_cta_tensor_s2g_alternating_batched_distinct_map_128_4,data/ventus/V3.10/multi_context/same_direction/s2g/20260803T101321Z__v4__5028e1f6dcb3/raw.csv
h100,v4,same_direction,multi_cta,tensor,s2g,na,batched,distinct_map,128,8,8,0,160,320,ns,40.0,,,3.2,same_direction|multi_cta|tensor|s2g|na|batched|distinct_map|128|8|8||||,data/h100/cuda-13.3-sm90/multi_context/same_direction/s2g/20260803T101408Z__v4__f8a1ab2e2e59/attempt_01.csv
h100,v4,same_direction,multi_cta,tensor,s2g,na,batched,distinct_map,128,8,8,1,128,160,ns,20.0,,,6.4,same_direction|multi_cta|tensor|s2g|na|batched|distinct_map|128|8|8||||,data/h100/cuda-13.3-sm90/multi_context/same_direction/s2g/20260803T101408Z__v4__f8a1ab2e2e59/attempt_01.csv
b200,v4,same_direction,multi_cta,tensor,s2g,na,batched,distinct_map,128,8,8,0,384,544,ns,68.0,,,1.882353,same_direction|multi_cta|tensor|s2g|na|batched|distinct_map|128|8|8||||,data/b200/cuda-13.3-sm100/multi_context/same_direction/s2g/20260803T101506Z__v4__446d8c69b3c8/attempt_01.csv
b200,v4,same_direction,multi_cta,tensor,s2g,na,batched,distinct_map,128,8,8,1,256,288,ns,36.0,,,3.555556,same_direction|multi_cta|tensor|s2g|na|batched|distinct_map|128|8|8||||,data/b200/cuda-13.3-sm100/multi_context/same_direction/s2g/20260803T101506Z__v4__446d8c69b3c8/attempt_01.csv
ventus,v4,same_direction,multi_cta,tensor,s2g,na,batched,distinct_map,128,8,8,0,7377,7453,cycles,931.625,931.625,0.137394,,multi_cta_tensor_s2g_alternating_batched_distinct_map_128_8,data/ventus/V3.10/multi_context/same_direction/s2g/20260803T101321Z__v4__5028e1f6dcb3/raw.csv
ventus,v4,same_direction,multi_cta,tensor,s2g,na,batched,distinct_map,128,8,8,1,7363,7412,cycles,926.5,926.5,0.138154,,multi_cta_tensor_s2g_alternating_batched_distinct_map_128_8,data/ventus/V3.10/multi_context/same_direction/s2g/20260803T101321Z__v4__5028e1f6dcb3/raw.csv
h100,v4,same_direction,multi_cta,tensor,s2g,na,batched,distinct_map,128,16,16,0,288,544,ns,34.0,,,3.764706,same_direction|multi_cta|tensor|s2g|na|batched|distinct_map|128|16|16||||,data/h100/cuda-13.3-sm90/multi_context/same_direction/s2g/20260803T101408Z__v4__f8a1ab2e2e59/attempt_01.csv
h100,v4,same_direction,multi_cta,tensor,s2g,na,batched,distinct_map,128,16,16,1,224,256,ns,16.0,,,8.0,same_direction|multi_cta|tensor|s2g|na|batched|distinct_map|128|16|16||||,data/h100/cuda-13.3-sm90/multi_context/same_direction/s2g/20260803T101408Z__v4__f8a1ab2e2e59/attempt_01.csv
b200,v4,same_direction,multi_cta,tensor,s2g,na,batched,distinct_map,128,16,16,0,352,544,ns,34.0,,,3.764706,same_direction|multi_cta|tensor|s2g|na|batched|distinct_map|128|16|16||||,data/b200/cuda-13.3-sm100/multi_context/same_direction/s2g/20260803T101506Z__v4__446d8c69b3c8/attempt_01.csv
b200,v4,same_direction,multi_cta,tensor,s2g,na,batched,distinct_map,128,16,16,1,352,384,ns,24.0,,,5.333333,same_direction|multi_cta|tensor|s2g|na|batched|distinct_map|128|16|16||||,data/b200/cuda-13.3-sm100/multi_context/same_direction/s2g/20260803T101506Z__v4__446d8c69b3c8/attempt_01.csv
ventus,v4,same_direction,multi_cta,tensor,s2g,na,batched,distinct_map,128,16,16,0,15266,16358,cycles,1022.375,1022.375,0.125199,,multi_cta_tensor_s2g_alternating_batched_distinct_map_128_16,data/ventus/V3.10/multi_context/same_direction/s2g/20260803T101321Z__v4__5028e1f6dcb3/raw.csv
ventus,v4,same_direction,multi_cta,tensor,s2g,na,batched,distinct_map,128,16,16,1,17250,17299,cycles,1081.1875,1081.1875,0.118388,,multi_cta_tensor_s2g_alternating_batched_distinct_map_128_16,data/ventus/V3.10/multi_context/same_direction/s2g/20260803T101321Z__v4__5028e1f6dcb3/raw.csv
h100,v4,same_direction,multi_cta,tensor,s2g,na,batched,distinct_map,128,32,32,0,320,640,ns,20.0,,,6.4,same_direction|multi_cta|tensor|s2g|na|batched|distinct_map|128|32|32||||,data/h100/cuda-13.3-sm90/multi_context/same_direction/s2g/20260803T101408Z__v4__f8a1ab2e2e59/attempt_01.csv
h100,v4,same_direction,multi_cta,tensor,s2g,na,batched,distinct_map,128,32,32,1,256,288,ns,9.0,,,14.222222,same_direction|multi_cta|tensor|s2g|na|batched|distinct_map|128|32|32||||,data/h100/cuda-13.3-sm90/multi_context/same_direction/s2g/20260803T101408Z__v4__f8a1ab2e2e59/attempt_01.csv
b200,v4,same_direction,multi_cta,tensor,s2g,na,batched,distinct_map,128,32,32,0,224,480,ns,15.0,,,8.533333,same_direction|multi_cta|tensor|s2g|na|batched|distinct_map|128|32|32||||,data/b200/cuda-13.3-sm100/multi_context/same_direction/s2g/20260803T101506Z__v4__446d8c69b3c8/attempt_01.csv
b200,v4,same_direction,multi_cta,tensor,s2g,na,batched,distinct_map,128,32,32,1,352,384,ns,12.0,,,10.666667,same_direction|multi_cta|tensor|s2g|na|batched|distinct_map|128|32|32||||,data/b200/cuda-13.3-sm100/multi_context/same_direction/s2g/20260803T101506Z__v4__446d8c69b3c8/attempt_01.csv
h100,v4,same_direction,multi_cta,tensor,s2g,na,batched,same_map,128,1,1,0,64,224,ns,224.0,,,0.571429,same_direction|multi_cta|tensor|s2g|na|batched|same_map|128|1|1||||,data/h100/cuda-13.3-sm90/multi_context/same_direction/s2g/20260803T101408Z__v4__f8a1ab2e2e59/attempt_01.csv
h100,v4,same_direction,multi_cta,tensor,s2g,na,batched,same_map,128,1,1,1,64,96,ns,96.0,,,1.333333,same_direction|multi_cta|tensor|s2g|na|batched|same_map|128|1|1||||,data/h100/cuda-13.3-sm90/multi_context/same_direction/s2g/20260803T101408Z__v4__f8a1ab2e2e59/attempt_01.csv
b200,v4,same_direction,multi_cta,tensor,s2g,na,batched,same_map,128,1,1,0,64,224,ns,224.0,,,0.571429,same_direction|multi_cta|tensor|s2g|na|batched|same_map|128|1|1||||,data/b200/cuda-13.3-sm100/multi_context/same_direction/s2g/20260803T101506Z__v4__446d8c69b3c8/attempt_01.csv
b200,v4,same_direction,multi_cta,tensor,s2g,na,batched,same_map,128,1,1,1,32,64,ns,64.0,,,2.0,same_direction|multi_cta|tensor|s2g|na|batched|same_map|128|1|1||||,data/b200/cuda-13.3-sm100/multi_context/same_direction/s2g/20260803T101506Z__v4__446d8c69b3c8/attempt_01.csv
ventus,v4,same_direction,multi_cta,tensor,s2g,na,batched,same_map,128,1,1,0,105,181,cycles,181.0,181.0,0.707182,,multi_cta_tensor_s2g_alternating_batched_same_map_128_1,data/ventus/V3.10/multi_context/same_direction/s2g/20260803T101321Z__v4__5028e1f6dcb3/raw.csv
ventus,v4,same_direction,multi_cta,tensor,s2g,na,batched,same_map,128,1,1,1,105,154,cycles,154.0,154.0,0.831169,,multi_cta_tensor_s2g_alternating_batched_same_map_128_1,data/ventus/V3.10/multi_context/same_direction/s2g/20260803T101321Z__v4__5028e1f6dcb3/raw.csv
h100,v4,same_direction,multi_cta,tensor,s2g,na,batched,same_map,128,2,2,0,256,416,ns,208.0,,,0.615385,same_direction|multi_cta|tensor|s2g|na|batched|same_map|128|2|2||||,data/h100/cuda-13.3-sm90/multi_context/same_direction/s2g/20260803T101408Z__v4__f8a1ab2e2e59/attempt_01.csv
h100,v4,same_direction,multi_cta,tensor,s2g,na,batched,same_map,128,2,2,1,64,96,ns,48.0,,,2.666667,same_direction|multi_cta|tensor|s2g|na|batched|same_map|128|2|2||||,data/h100/cuda-13.3-sm90/multi_context/same_direction/s2g/20260803T101408Z__v4__f8a1ab2e2e59/attempt_01.csv
b200,v4,same_direction,multi_cta,tensor,s2g,na,batched,same_map,128,2,2,0,32,192,ns,96.0,,,1.333333,same_direction|multi_cta|tensor|s2g|na|batched|same_map|128|2|2||||,data/b200/cuda-13.3-sm100/multi_context/same_direction/s2g/20260803T101506Z__v4__446d8c69b3c8/attempt_01.csv
b200,v4,same_direction,multi_cta,tensor,s2g,na,batched,same_map,128,2,2,1,64,96,ns,48.0,,,2.666667,same_direction|multi_cta|tensor|s2g|na|batched|same_map|128|2|2||||,data/b200/cuda-13.3-sm100/multi_context/same_direction/s2g/20260803T101506Z__v4__446d8c69b3c8/attempt_01.csv
ventus,v4,same_direction,multi_cta,tensor,s2g,na,batched,same_map,128,2,2,0,107,183,cycles,91.5,91.5,1.398907,,multi_cta_tensor_s2g_alternating_batched_same_map_128_2,data/ventus/V3.10/multi_context/same_direction/s2g/20260803T101321Z__v4__5028e1f6dcb3/raw.csv
ventus,v4,same_direction,multi_cta,tensor,s2g,na,batched,same_map,128,2,2,1,107,156,cycles,78.0,78.0,1.641026,,multi_cta_tensor_s2g_alternating_batched_same_map_128_2,data/ventus/V3.10/multi_context/same_direction/s2g/20260803T101321Z__v4__5028e1f6dcb3/raw.csv
h100,v4,same_direction,multi_cta,tensor,s2g,na,batched,same_map,128,4,4,0,288,448,ns,112.0,,,1.142857,same_direction|multi_cta|tensor|s2g|na|batched|same_map|128|4|4||||,data/h100/cuda-13.3-sm90/multi_context/same_direction/s2g/20260803T101408Z__v4__f8a1ab2e2e59/attempt_01.csv
h100,v4,same_direction,multi_cta,tensor,s2g,na,batched,same_map,128,4,4,1,128,160,ns,40.0,,,3.2,same_direction|multi_cta|tensor|s2g|na|batched|same_map|128|4|4||||,data/h100/cuda-13.3-sm90/multi_context/same_direction/s2g/20260803T101408Z__v4__f8a1ab2e2e59/attempt_01.csv
b200,v4,same_direction,multi_cta,tensor,s2g,na,batched,same_map,128,4,4,0,320,480,ns,120.0,,,1.066667,same_direction|multi_cta|tensor|s2g|na|batched|same_map|128|4|4||||,data/b200/cuda-13.3-sm100/multi_context/same_direction/s2g/20260803T101506Z__v4__446d8c69b3c8/attempt_01.csv
b200,v4,same_direction,multi_cta,tensor,s2g,na,batched,same_map,128,4,4,1,256,288,ns,72.0,,,1.777778,same_direction|multi_cta|tensor|s2g|na|batched|same_map|128|4|4||||,data/b200/cuda-13.3-sm100/multi_context/same_direction/s2g/20260803T101506Z__v4__446d8c69b3c8/attempt_01.csv
ventus,v4,same_direction,multi_cta,tensor,s2g,na,batched,same_map,128,4,4,0,197,248,cycles,62.0,62.0,2.064516,,multi_cta_tensor_s2g_alternating_batched_same_map_128_4,data/ventus/V3.10/multi_context/same_direction/s2g/20260803T101321Z__v4__5028e1f6dcb3/raw.csv
ventus,v4,same_direction,multi_cta,tensor,s2g,na,batched,same_map,128,4,4,1,191,246,cycles,61.5,61.5,2.081301,,multi_cta_tensor_s2g_alternating_batched_same_map_128_4,data/ventus/V3.10/multi_context/same_direction/s2g/20260803T101321Z__v4__5028e1f6dcb3/raw.csv
h100,v4,same_direction,multi_cta,tensor,s2g,na,batched,same_map,128,8,8,0,160,288,ns,36.0,,,3.555556,same_direction|multi_cta|tensor|s2g|na|batched|same_map|128|8|8||||,data/h100/cuda-13.3-sm90/multi_context/same_direction/s2g/20260803T101408Z__v4__f8a1ab2e2e59/attempt_01.csv
h100,v4,same_direction,multi_cta,tensor,s2g,na,batched,same_map,128,8,8,1,160,192,ns,24.0,,,5.333333,same_direction|multi_cta|tensor|s2g|na|batched|same_map|128|8|8||||,data/h100/cuda-13.3-sm90/multi_context/same_direction/s2g/20260803T101408Z__v4__f8a1ab2e2e59/attempt_01.csv
b200,v4,same_direction,multi_cta,tensor,s2g,na,batched,same_map,128,8,8,0,192,384,ns,48.0,,,2.666667,same_direction|multi_cta|tensor|s2g|na|batched|same_map|128|8|8||||,data/b200/cuda-13.3-sm100/multi_context/same_direction/s2g/20260803T101506Z__v4__446d8c69b3c8/attempt_01.csv
b200,v4,same_direction,multi_cta,tensor,s2g,na,batched,same_map,128,8,8,1,224,256,ns,32.0,,,4.0,same_direction|multi_cta|tensor|s2g|na|batched|same_map|128|8|8||||,data/b200/cuda-13.3-sm100/multi_context/same_direction/s2g/20260803T101506Z__v4__446d8c69b3c8/attempt_01.csv
ventus,v4,same_direction,multi_cta,tensor,s2g,na,batched,same_map,128,8,8,0,7446,7497,cycles,937.125,937.125,0.136588,,multi_cta_tensor_s2g_alternating_batched_same_map_128_8,data/ventus/V3.10/multi_context/same_direction/s2g/20260803T101321Z__v4__5028e1f6dcb3/raw.csv
ventus,v4,same_direction,multi_cta,tensor,s2g,na,batched,same_map,128,8,8,1,7400,7450,cycles,931.25,931.25,0.13745,,multi_cta_tensor_s2g_alternating_batched_same_map_128_8,data/ventus/V3.10/multi_context/same_direction/s2g/20260803T101321Z__v4__5028e1f6dcb3/raw.csv
h100,v4,same_direction,multi_cta,tensor,s2g,na,batched,same_map,128,16,16,0,384,544,ns,34.0,,,3.764706,same_direction|multi_cta|tensor|s2g|na|batched|same_map|128|16|16||||,data/h100/cuda-13.3-sm90/multi_context/same_direction/s2g/20260803T101408Z__v4__f8a1ab2e2e59/attempt_01.csv
h100,v4,same_direction,multi_cta,tensor,s2g,na,batched,same_map,128,16,16,1,320,352,ns,22.0,,,5.818182,same_direction|multi_cta|tensor|s2g|na|batched|same_map|128|16|16||||,data/h100/cuda-13.3-sm90/multi_context/same_direction/s2g/20260803T101408Z__v4__f8a1ab2e2e59/attempt_01.csv
b200,v4,same_direction,multi_cta,tensor,s2g,na,batched,same_map,128,16,16,0,192,320,ns,20.0,,,6.4,same_direction|multi_cta|tensor|s2g|na|batched|same_map|128|16|16||||,data/b200/cuda-13.3-sm100/multi_context/same_direction/s2g/20260803T101506Z__v4__446d8c69b3c8/attempt_01.csv
b200,v4,same_direction,multi_cta,tensor,s2g,na,batched,same_map,128,16,16,1,320,352,ns,22.0,,,5.818182,same_direction|multi_cta|tensor|s2g|na|batched|same_map|128|16|16||||,data/b200/cuda-13.3-sm100/multi_context/same_direction/s2g/20260803T101506Z__v4__446d8c69b3c8/attempt_01.csv
ventus,v4,same_direction,multi_cta,tensor,s2g,na,batched,same_map,128,16,16,0,17578,17626,cycles,1101.625,1101.625,0.116192,,multi_cta_tensor_s2g_alternating_batched_same_map_128_16,data/ventus/V3.10/multi_context/same_direction/s2g/20260803T101321Z__v4__5028e1f6dcb3/raw.csv
ventus,v4,same_direction,multi_cta,tensor,s2g,na,batched,same_map,128,16,16,1,17546,17592,cycles,1099.5,1099.5,0.116417,,multi_cta_tensor_s2g_alternating_batched_same_map_128_16,data/ventus/V3.10/multi_context/same_direction/s2g/20260803T101321Z__v4__5028e1f6dcb3/raw.csv
h100,v4,same_direction,multi_cta,tensor,s2g,na,batched,same_map,128,32,32,0,320,448,ns,14.0,,,9.142857,same_direction|multi_cta|tensor|s2g|na|batched|same_map|128|32|32||||,data/h100/cuda-13.3-sm90/multi_context/same_direction/s2g/20260803T101408Z__v4__f8a1ab2e2e59/attempt_01.csv
h100,v4,same_direction,multi_cta,tensor,s2g,na,batched,same_map,128,32,32,1,352,384,ns,12.0,,,10.666667,same_direction|multi_cta|tensor|s2g|na|batched|same_map|128|32|32||||,data/h100/cuda-13.3-sm90/multi_context/same_direction/s2g/20260803T101408Z__v4__f8a1ab2e2e59/attempt_01.csv
b200,v4,same_direction,multi_cta,tensor,s2g,na,batched,same_map,128,32,32,0,384,576,ns,18.0,,,7.111111,same_direction|multi_cta|tensor|s2g|na|batched|same_map|128|32|32||||,data/b200/cuda-13.3-sm100/multi_context/same_direction/s2g/20260803T101506Z__v4__446d8c69b3c8/attempt_01.csv
b200,v4,same_direction,multi_cta,tensor,s2g,na,batched,same_map,128,32,32,1,288,320,ns,10.0,,,12.8,same_direction|multi_cta|tensor|s2g|na|batched|same_map|128|32|32||||,data/b200/cuda-13.3-sm100/multi_context/same_direction/s2g/20260803T101506Z__v4__446d8c69b3c8/attempt_01.csv
ventus,v4,same_direction,multi_cta,tensor,s2g,na,batched,same_map,128,32,32,0,34694,35780,cycles,1118.125,1118.125,0.114477,,multi_cta_tensor_s2g_alternating_batched_same_map_128_32,data/ventus/V3.10/multi_context/same_direction/s2g/20260803T101321Z__v4__5028e1f6dcb3/raw.csv
ventus,v4,same_direction,multi_cta,tensor,s2g,na,batched,same_map,128,32,32,1,36645,36694,cycles,1146.6875,1146.6875,0.111626,,multi_cta_tensor_s2g_alternating_batched_same_map_128_32,data/ventus/V3.10/multi_context/same_direction/s2g/20260803T101321Z__v4__5028e1f6dcb3/raw.csv
h100,v1,s2g_size_sweep,intra_cta,tensor,s2g,na,batched,same_map,256,1,1,0,249,498,cycles,498.0,249.0,0.514056,,s2g_size_sweep|intra_cta|tensor|s2g|na|batched|same_map|256|1|1||||,data/h100/cuda-13.3-sm90/multi_context/s2g_size_sweep/s2g/20260805T095353Z__v1__6dddca765498/attempt_01.csv
h100,v1,s2g_size_sweep,intra_cta,tensor,s2g,na,batched,same_map,256,1,1,1,215,249,cycles,249.0,124.5,1.028112,,s2g_size_sweep|intra_cta|tensor|s2g|na|batched|same_map|256|1|1||||,data/h100/cuda-13.3-sm90/multi_context/s2g_size_sweep/s2g/20260805T095353Z__v1__6dddca765498/attempt_01.csv
b200,v1,s2g_size_sweep,intra_cta,tensor,s2g,na,batched,same_map,256,1,1,0,293,539,cycles,539.0,269.5,0.474954,,s2g_size_sweep|intra_cta|tensor|s2g|na|batched|same_map|256|1|1||||,data/b200/cuda-13.3-sm100/multi_context/s2g_size_sweep/s2g/20260805T095353Z__v1__2a9db18b1fda/attempt_01.csv
b200,v1,s2g_size_sweep,intra_cta,tensor,s2g,na,batched,same_map,256,1,1,1,245,274,cycles,274.0,137.0,0.934307,,s2g_size_sweep|intra_cta|tensor|s2g|na|batched|same_map|256|1|1||||,data/b200/cuda-13.3-sm100/multi_context/s2g_size_sweep/s2g/20260805T095353Z__v1__2a9db18b1fda/attempt_01.csv
h100,v1,s2g_size_sweep,intra_cta,tensor,s2g,na,batched,same_map,256,2,2,0,326,507,cycles,253.5,126.75,1.009862,,s2g_size_sweep|intra_cta|tensor|s2g|na|batched|same_map|256|2|2||||,data/h100/cuda-13.3-sm90/multi_context/s2g_size_sweep/s2g/20260805T095353Z__v1__6dddca765498/attempt_01.csv
h100,v1,s2g_size_sweep,intra_cta,tensor,s2g,na,batched,same_map,256,2,2,1,303,337,cycles,168.5,84.25,1.519288,,s2g_size_sweep|intra_cta|tensor|s2g|na|batched|same_map|256|2|2||||,data/h100/cuda-13.3-sm90/multi_context/s2g_size_sweep/s2g/20260805T095353Z__v1__6dddca765498/attempt_01.csv
b200,v1,s2g_size_sweep,intra_cta,tensor,s2g,na,batched,same_map,256,2,2,0,353,553,cycles,276.5,138.25,0.925859,,s2g_size_sweep|intra_cta|tensor|s2g|na|batched|same_map|256|2|2||||,data/b200/cuda-13.3-sm100/multi_context/s2g_size_sweep/s2g/20260805T095353Z__v1__2a9db18b1fda/attempt_01.csv
b200,v1,s2g_size_sweep,intra_cta,tensor,s2g,na,batched,same_map,256,2,2,1,345,374,cycles,187.0,93.5,1.368984,,s2g_size_sweep|intra_cta|tensor|s2g|na|batched|same_map|256|2|2||||,data/b200/cuda-13.3-sm100/multi_context/s2g_size_sweep/s2g/20260805T095353Z__v1__2a9db18b1fda/attempt_01.csv
h100,v1,s2g_size_sweep,intra_cta,tensor,s2g,na,batched,same_map,256,4,4,0,472,506,cycles,126.5,63.25,2.023715,,s2g_size_sweep|intra_cta|tensor|s2g|na|batched|same_map|256|4|4||||,data/h100/cuda-13.3-sm90/multi_context/s2g_size_sweep/s2g/20260805T095353Z__v1__6dddca765498/attempt_01.csv
h100,v1,s2g_size_sweep,intra_cta,tensor,s2g,na,batched,same_map,256,4,4,1,421,455,cycles,113.75,56.875,2.250549,,s2g_size_sweep|intra_cta|tensor|s2g|na|batched|same_map|256|4|4||||,data/h100/cuda-13.3-sm90/multi_context/s2g_size_sweep/s2g/20260805T095353Z__v1__6dddca765498/attempt_01.csv
b200,v1,s2g_size_sweep,intra_cta,tensor,s2g,na,batched,same_map,256,4,4,0,488,548,cycles,137.0,68.5,1.868613,,s2g_size_sweep|intra_cta|tensor|s2g|na|batched|same_map|256|4|4||||,data/b200/cuda-13.3-sm100/multi_context/s2g_size_sweep/s2g/20260805T095353Z__v1__2a9db18b1fda/attempt_01.csv
b200,v1,s2g_size_sweep,intra_cta,tensor,s2g,na,batched,same_map,256,4,4,1,437,466,cycles,116.5,58.25,2.197425,,s2g_size_sweep|intra_cta|tensor|s2g|na|batched|same_map|256|4|4||||,data/b200/cuda-13.3-sm100/multi_context/s2g_size_sweep/s2g/20260805T095353Z__v1__2a9db18b1fda/attempt_01.csv
h100,v1,s2g_size_sweep,intra_cta,tensor,s2g,na,batched,same_map,256,8,8,0,757,791,cycles,98.875,49.4375,2.589128,,s2g_size_sweep|intra_cta|tensor|s2g|na|batched|same_map|256|8|8||||,data/h100/cuda-13.3-sm90/multi_context/s2g_size_sweep/s2g/20260805T095353Z__v1__6dddca765498/attempt_01.csv
h100,v1,s2g_size_sweep,intra_cta,tensor,s2g,na,batched,same_map,256,8,8,1,706,740,cycles,92.5,46.25,2.767568,,s2g_size_sweep|intra_cta|tensor|s2g|na|batched|same_map|256|8|8||||,data/h100/cuda-13.3-sm90/multi_context/s2g_size_sweep/s2g/20260805T095353Z__v1__6dddca765498/attempt_01.csv
b200,v1,s2g_size_sweep,intra_cta,tensor,s2g,na,batched,same_map,256,8,8,0,749,786,cycles,98.25,49.125,2.605598,,s2g_size_sweep|intra_cta|tensor|s2g|na|batched|same_map|256|8|8||||,data/b200/cuda-13.3-sm100/multi_context/s2g_size_sweep/s2g/20260805T095353Z__v1__2a9db18b1fda/attempt_01.csv
b200,v1,s2g_size_sweep,intra_cta,tensor,s2g,na,batched,same_map,256,8,8,1,748,777,cycles,97.125,48.5625,2.635779,,s2g_size_sweep|intra_cta|tensor|s2g|na|batched|same_map|256|8|8||||,data/b200/cuda-13.3-sm100/multi_context/s2g_size_sweep/s2g/20260805T095353Z__v1__2a9db18b1fda/attempt_01.csv
h100,v1,s2g_size_sweep,intra_cta,tensor,s2g,na,batched,same_map,256,16,16,0,1338,1372,cycles,85.75,42.875,2.985423,,s2g_size_sweep|intra_cta|tensor|s2g|na|batched|same_map|256|16|16||||,data/h100/cuda-13.3-sm90/multi_context/s2g_size_sweep/s2g/20260805T095353Z__v1__6dddca765498/attempt_01.csv
h100,v1,s2g_size_sweep,intra_cta,tensor,s2g,na,batched,same_map,256,16,16,1,1265,1299,cycles,81.1875,40.59375,3.153195,,s2g_size_sweep|intra_cta|tensor|s2g|na|batched|same_map|256|16|16||||,data/h100/cuda-13.3-sm90/multi_context/s2g_size_sweep/s2g/20260805T095353Z__v1__6dddca765498/attempt_01.csv
b200,v1,s2g_size_sweep,intra_cta,tensor,s2g,na,batched,same_map,256,16,16,0,1283,1320,cycles,82.5,41.25,3.10303,,s2g_size_sweep|intra_cta|tensor|s2g|na|batched|same_map|256|16|16||||,data/b200/cuda-13.3-sm100/multi_context/s2g_size_sweep/s2g/20260805T095353Z__v1__2a9db18b1fda/attempt_01.csv
b200,v1,s2g_size_sweep,intra_cta,tensor,s2g,na,batched,same_map,256,16,16,1,1284,1321,cycles,82.5625,41.28125,3.100681,,s2g_size_sweep|intra_cta|tensor|s2g|na|batched|same_map|256|16|16||||,data/b200/cuda-13.3-sm100/multi_context/s2g_size_sweep/s2g/20260805T095353Z__v1__2a9db18b1fda/attempt_01.csv
h100,v1,s2g_size_sweep,intra_cta,tensor,s2g,na,batched,same_map,256,32,32,0,2477,2511,cycles,78.46875,39.234375,3.262445,,s2g_size_sweep|intra_cta|tensor|s2g|na|batched|same_map|256|32|32||||,data/h100/cuda-13.3-sm90/multi_context/s2g_size_sweep/s2g/20260805T095353Z__v1__6dddca765498/attempt_01.csv
h100,v1,s2g_size_sweep,intra_cta,tensor,s2g,na,batched,same_map,256,32,32,1,2416,2450,cycles,76.5625,38.28125,3.343673,,s2g_size_sweep|intra_cta|tensor|s2g|na|batched|same_map|256|32|32||||,data/h100/cuda-13.3-sm90/multi_context/s2g_size_sweep/s2g/20260805T095353Z__v1__6dddca765498/attempt_01.csv
b200,v1,s2g_size_sweep,intra_cta,tensor,s2g,na,batched,same_map,256,32,32,0,2327,2364,cycles,73.875,36.9375,3.465313,,s2g_size_sweep|intra_cta|tensor|s2g|na|batched|same_map|256|32|32||||,data/b200/cuda-13.3-sm100/multi_context/s2g_size_sweep/s2g/20260805T095353Z__v1__2a9db18b1fda/attempt_01.csv
b200,v1,s2g_size_sweep,intra_cta,tensor,s2g,na,batched,same_map,256,32,32,1,2339,2376,cycles,74.25,37.125,3.447811,,s2g_size_sweep|intra_cta|tensor|s2g|na|batched|same_map|256|32|32||||,data/b200/cuda-13.3-sm100/multi_context/s2g_size_sweep/s2g/20260805T095353Z__v1__2a9db18b1fda/attempt_01.csv
h100,v1,s2g_size_sweep,intra_cta,tensor,s2g,na,batched,same_map,512,1,1,0,238,482,cycles,482.0,120.5,1.062241,,s2g_size_sweep|intra_cta|tensor|s2g|na|batched|same_map|512|1|1||||,data/h100/cuda-13.3-sm90/multi_context/s2g_size_sweep/s2g/20260805T095353Z__v1__6dddca765498/attempt_01.csv
h100,v1,s2g_size_sweep,intra_cta,tensor,s2g,na,batched,same_map,512,1,1,1,226,260,cycles,260.0,65.0,1.969231,,s2g_size_sweep|intra_cta|tensor|s2g|na|batched|same_map|512|1|1||||,data/h100/cuda-13.3-sm90/multi_context/s2g_size_sweep/s2g/20260805T095353Z__v1__6dddca765498/attempt_01.csv
b200,v1,s2g_size_sweep,intra_cta,tensor,s2g,na,batched,same_map,512,1,1,0,293,531,cycles,531.0,132.75,0.964218,,s2g_size_sweep|intra_cta|tensor|s2g|na|batched|same_map|512|1|1||||,data/b200/cuda-13.3-sm100/multi_context/s2g_size_sweep/s2g/20260805T095353Z__v1__2a9db18b1fda/attempt_01.csv
b200,v1,s2g_size_sweep,intra_cta,tensor,s2g,na,batched,same_map,512,1,1,1,245,274,cycles,274.0,68.5,1.868613,,s2g_size_sweep|intra_cta|tensor|s2g|na|batched|same_map|512|1|1||||,data/b200/cuda-13.3-sm100/multi_context/s2g_size_sweep/s2g/20260805T095353Z__v1__2a9db18b1fda/attempt_01.csv
h100,v1,s2g_size_sweep,intra_cta,tensor,s2g,na,batched,same_map,512,2,2,0,315,489,cycles,244.5,61.125,2.09407,,s2g_size_sweep|intra_cta|tensor|s2g|na|batched|same_map|512|2|2||||,data/h100/cuda-13.3-sm90/multi_context/s2g_size_sweep/s2g/20260805T095353Z__v1__6dddca765498/attempt_01.csv
h100,v1,s2g_size_sweep,intra_cta,tensor,s2g,na,batched,same_map,512,2,2,1,303,337,cycles,168.5,42.125,3.038576,,s2g_size_sweep|intra_cta|tensor|s2g|na|batched|same_map|512|2|2||||,data/h100/cuda-13.3-sm90/multi_context/s2g_size_sweep/s2g/20260805T095353Z__v1__6dddca765498/attempt_01.csv
b200,v1,s2g_size_sweep,intra_cta,tensor,s2g,na,batched,same_map,512,2,2,0,353,558,cycles,279.0,69.75,1.835125,,s2g_size_sweep|intra_cta|tensor|s2g|na|batched|same_map|512|2|2||||,data/b200/cuda-13.3-sm100/multi_context/s2g_size_sweep/s2g/20260805T095353Z__v1__2a9db18b1fda/attempt_01.csv
b200,v1,s2g_size_sweep,intra_cta,tensor,s2g,na,batched,same_map,512,2,2,1,345,374,cycles,187.0,46.75,2.737968,,s2g_size_sweep|intra_cta|tensor|s2g|na|batched|same_map|512|2|2||||,data/b200/cuda-13.3-sm100/multi_context/s2g_size_sweep/s2g/20260805T095353Z__v1__2a9db18b1fda/attempt_01.csv
h100,v1,s2g_size_sweep,intra_cta,tensor,s2g,na,batched,same_map,512,4,4,0,472,542,cycles,135.5,33.875,3.778598,,s2g_size_sweep|intra_cta|tensor|s2g|na|batched|same_map|512|4|4||||,data/h100/cuda-13.3-sm90/multi_context/s2g_size_sweep/s2g/20260805T095353Z__v1__6dddca765498/attempt_01.csv
h100,v1,s2g_size_sweep,intra_cta,tensor,s2g,na,batched,same_map,512,4,4,1,421,455,cycles,113.75,28.4375,4.501099,,s2g_size_sweep|intra_cta|tensor|s2g|na|batched|same_map|512|4|4||||,data/h100/cuda-13.3-sm90/multi_context/s2g_size_sweep/s2g/20260805T095353Z__v1__6dddca765498/attempt_01.csv
b200,v1,s2g_size_sweep,intra_cta,tensor,s2g,na,batched,same_map,512,4,4,0,488,563,cycles,140.75,35.1875,3.637655,,s2g_size_sweep|intra_cta|tensor|s2g|na|batched|same_map|512|4|4||||,data/b200/cuda-13.3-sm100/multi_context/s2g_size_sweep/s2g/20260805T095353Z__v1__2a9db18b1fda/attempt_01.csv
b200,v1,s2g_size_sweep,intra_cta,tensor,s2g,na,batched,same_map,512,4,4,1,437,466,cycles,116.5,29.125,4.39485,,s2g_size_sweep|intra_cta|tensor|s2g|na|batched|same_map|512|4|4||||,data/b200/cuda-13.3-sm100/multi_context/s2g_size_sweep/s2g/20260805T095353Z__v1__2a9db18b1fda/attempt_01.csv
h100,v1,s2g_size_sweep,intra_cta,tensor,s2g,na,batched,same_map,512,8,8,0,768,802,cycles,100.25,25.0625,5.107232,,s2g_size_sweep|intra_cta|tensor|s2g|na|batched|same_map|512|8|8||||,data/h100/cuda-13.3-sm90/multi_context/s2g_size_sweep/s2g/20260805T095353Z__v1__6dddca765498/attempt_01.csv
h100,v1,s2g_size_sweep,intra_cta,tensor,s2g,na,batched,same_map,512,8,8,1,695,729,cycles,91.125,22.78125,5.618656,,s2g_size_sweep|intra_cta|tensor|s2g|na|batched|same_map|512|8|8||||,data/h100/cuda-13.3-sm90/multi_context/s2g_size_sweep/s2g/20260805T095353Z__v1__6dddca765498/attempt_01.csv
b200,v1,s2g_size_sweep,intra_cta,tensor,s2g,na,batched,same_map,512,8,8,0,761,798,cycles,99.75,24.9375,5.132832,,s2g_size_sweep|intra_cta|tensor|s2g|na|batched|same_map|512|8|8||||,data/b200/cuda-13.3-sm100/multi_context/s2g_size_sweep/s2g/20260805T095353Z__v1__2a9db18b1fda/attempt_01.csv
b200,v1,s2g_size_sweep,intra_cta,tensor,s2g,na,batched,same_map,512,8,8,1,762,799,cycles,99.875,24.96875,5.126408,,s2g_size_sweep|intra_cta|tensor|s2g|na|batched|same_map|512|8|8||||,data/b200/cuda-13.3-sm100/multi_context/s2g_size_sweep/s2g/20260805T095353Z__v1__2a9db18b1fda/attempt_01.csv
h100,v1,s2g_size_sweep,intra_cta,tensor,s2g,na,batched,same_map,512,16,16,0,1327,1361,cycles,85.0625,21.265625,6.019104,,s2g_size_sweep|intra_cta|tensor|s2g|na|batched|same_map|512|16|16||||,data/h100/cuda-13.3-sm90/multi_context/s2g_size_sweep/s2g/20260805T095353Z__v1__6dddca765498/attempt_01.csv
h100,v1,s2g_size_sweep,intra_cta,tensor,s2g,na,batched,same_map,512,16,16,1,1276,1310,cycles,81.875,20.46875,6.253435,,s2g_size_sweep|intra_cta|tensor|s2g|na|batched|same_map|512|16|16||||,data/h100/cuda-13.3-sm90/multi_context/s2g_size_sweep/s2g/20260805T095353Z__v1__6dddca765498/attempt_01.csv
b200,v1,s2g_size_sweep,intra_cta,tensor,s2g,na,batched,same_map,512,16,16,0,1271,1308,cycles,81.75,20.4375,6.262997,,s2g_size_sweep|intra_cta|tensor|s2g|na|batched|same_map|512|16|16||||,data/b200/cuda-13.3-sm100/multi_context/s2g_size_sweep/s2g/20260805T095353Z__v1__2a9db18b1fda/attempt_01.csv
b200,v1,s2g_size_sweep,intra_cta,tensor,s2g,na,batched,same_map,512,16,16,1,1284,1321,cycles,82.5625,20.640625,6.201363,,s2g_size_sweep|intra_cta|tensor|s2g|na|batched|same_map|512|16|16||||,data/b200/cuda-13.3-sm100/multi_context/s2g_size_sweep/s2g/20260805T095353Z__v1__2a9db18b1fda/attempt_01.csv
h100,v1,s2g_size_sweep,intra_cta,tensor,s2g,na,batched,same_map,512,32,32,0,2478,2512,cycles,78.5,19.625,6.522293,,s2g_size_sweep|intra_cta|tensor|s2g|na|batched|same_map|512|32|32||||,data/h100/cuda-13.3-sm90/multi_context/s2g_size_sweep/s2g/20260805T095353Z__v1__6dddca765498/attempt_01.csv
h100,v1,s2g_size_sweep,intra_cta,tensor,s2g,na,batched,same_map,512,32,32,1,2405,2439,cycles,76.21875,19.054688,6.717507,,s2g_size_sweep|intra_cta|tensor|s2g|na|batched|same_map|512|32|32||||,data/h100/cuda-13.3-sm90/multi_context/s2g_size_sweep/s2g/20260805T095353Z__v1__6dddca765498/attempt_01.csv
b200,v1,s2g_size_sweep,intra_cta,tensor,s2g,na,batched,same_map,512,32,32,0,2327,2364,cycles,73.875,18.46875,6.930626,,s2g_size_sweep|intra_cta|tensor|s2g|na|batched|same_map|512|32|32||||,data/b200/cuda-13.3-sm100/multi_context/s2g_size_sweep/s2g/20260805T095353Z__v1__2a9db18b1fda/attempt_01.csv
b200,v1,s2g_size_sweep,intra_cta,tensor,s2g,na,batched,same_map,512,32,32,1,2328,2365,cycles,73.90625,18.476562,6.927696,,s2g_size_sweep|intra_cta|tensor|s2g|na|batched|same_map|512|32|32||||,data/b200/cuda-13.3-sm100/multi_context/s2g_size_sweep/s2g/20260805T095353Z__v1__2a9db18b1fda/attempt_01.csv
h100,v1,s2g_size_sweep,intra_cta,tensor,s2g,na,batched,same_map,1024,1,1,0,249,508,cycles,508.0,63.5,2.015748,,s2g_size_sweep|intra_cta|tensor|s2g|na|batched|same_map|1024|1|1||||,data/h100/cuda-13.3-sm90/multi_context/s2g_size_sweep/s2g/20260805T095353Z__v1__6dddca765498/attempt_01.csv
h100,v1,s2g_size_sweep,intra_cta,tensor,s2g,na,batched,same_map,1024,1,1,1,215,253,cycles,253.0,31.625,4.047431,,s2g_size_sweep|intra_cta|tensor|s2g|na|batched|same_map|1024|1|1||||,data/h100/cuda-13.3-sm90/multi_context/s2g_size_sweep/s2g/20260805T095353Z__v1__6dddca765498/attempt_01.csv
b200,v1,s2g_size_sweep,intra_cta,tensor,s2g,na,batched,same_map,1024,1,1,0,293,561,cycles,561.0,70.125,1.825312,,s2g_size_sweep|intra_cta|tensor|s2g|na|batched|same_map|1024|1|1||||,data/b200/cuda-13.3-sm100/multi_context/s2g_size_sweep/s2g/20260805T095353Z__v1__2a9db18b1fda/attempt_01.csv
b200,v1,s2g_size_sweep,intra_cta,tensor,s2g,na,batched,same_map,1024,1,1,1,245,275,cycles,275.0,34.375,3.723636,,s2g_size_sweep|intra_cta|tensor|s2g|na|batched|same_map|1024|1|1||||,data/b200/cuda-13.3-sm100/multi_context/s2g_size_sweep/s2g/20260805T095353Z__v1__2a9db18b1fda/attempt_01.csv
h100,v1,s2g_size_sweep,intra_cta,tensor,s2g,na,batched,same_map,1024,2,2,0,326,550,cycles,275.0,34.375,3.723636,,s2g_size_sweep|intra_cta|tensor|s2g|na|batched|same_map|1024|2|2||||,data/h100/cuda-13.3-sm90/multi_context/s2g_size_sweep/s2g/20260805T095353Z__v1__6dddca765498/attempt_01.csv
h100,v1,s2g_size_sweep,intra_cta,tensor,s2g,na,batched,same_map,1024,2,2,1,303,341,cycles,170.5,21.3125,6.005865,,s2g_size_sweep|intra_cta|tensor|s2g|na|batched|same_map|1024|2|2||||,data/h100/cuda-13.3-sm90/multi_context/s2g_size_sweep/s2g/20260805T095353Z__v1__6dddca765498/attempt_01.csv
b200,v1,s2g_size_sweep,intra_cta,tensor,s2g,na,batched,same_map,1024,2,2,0,353,569,cycles,284.5,35.5625,3.599297,,s2g_size_sweep|intra_cta|tensor|s2g|na|batched|same_map|1024|2|2||||,data/b200/cuda-13.3-sm100/multi_context/s2g_size_sweep/s2g/20260805T095353Z__v1__2a9db18b1fda/attempt_01.csv
b200,v1,s2g_size_sweep,intra_cta,tensor,s2g,na,batched,same_map,1024,2,2,1,345,375,cycles,187.5,23.4375,5.461333,,s2g_size_sweep|intra_cta|tensor|s2g|na|batched|same_map|1024|2|2||||,data/b200/cuda-13.3-sm100/multi_context/s2g_size_sweep/s2g/20260805T095353Z__v1__2a9db18b1fda/attempt_01.csv
h100,v1,s2g_size_sweep,intra_cta,tensor,s2g,na,batched,same_map,1024,4,4,0,472,611,cycles,152.75,19.09375,6.703764,,s2g_size_sweep|intra_cta|tensor|s2g|na|batched|same_map|1024|4|4||||,data/h100/cuda-13.3-sm90/multi_context/s2g_size_sweep/s2g/20260805T095353Z__v1__6dddca765498/attempt_01.csv
h100,v1,s2g_size_sweep,intra_cta,tensor,s2g,na,batched,same_map,1024,4,4,1,421,455,cycles,113.75,14.21875,9.002198,,s2g_size_sweep|intra_cta|tensor|s2g|na|batched|same_map|1024|4|4||||,data/h100/cuda-13.3-sm90/multi_context/s2g_size_sweep/s2g/20260805T095353Z__v1__6dddca765498/attempt_01.csv
b200,v1,s2g_size_sweep,intra_cta,tensor,s2g,na,batched,same_map,1024,4,4,0,488,634,cycles,158.5,19.8125,6.460568,,s2g_size_sweep|intra_cta|tensor|s2g|na|batched|same_map|1024|4|4||||,data/b200/cuda-13.3-sm100/multi_context/s2g_size_sweep/s2g/20260805T095353Z__v1__2a9db18b1fda/attempt_01.csv
b200,v1,s2g_size_sweep,intra_cta,tensor,s2g,na,batched,same_map,1024,4,4,1,437,466,cycles,116.5,14.5625,8.7897,,s2g_size_sweep|intra_cta|tensor|s2g|na|batched|same_map|1024|4|4||||,data/b200/cuda-13.3-sm100/multi_context/s2g_size_sweep/s2g/20260805T095353Z__v1__2a9db18b1fda/attempt_01.csv
h100,v1,s2g_size_sweep,intra_cta,tensor,s2g,na,batched,same_map,1024,8,8,0,768,802,cycles,100.25,12.53125,10.214464,,s2g_size_sweep|intra_cta|tensor|s2g|na|batched|same_map|1024|8|8||||,data/h100/cuda-13.3-sm90/multi_context/s2g_size_sweep/s2g/20260805T095353Z__v1__6dddca765498/attempt_01.csv
h100,v1,s2g_size_sweep,intra_cta,tensor,s2g,na,batched,same_map,1024,8,8,1,695,729,cycles,91.125,11.390625,11.237311,,s2g_size_sweep|intra_cta|tensor|s2g|na|batched|same_map|1024|8|8||||,data/h100/cuda-13.3-sm90/multi_context/s2g_size_sweep/s2g/20260805T095353Z__v1__6dddca765498/attempt_01.csv
b200,v1,s2g_size_sweep,intra_cta,tensor,s2g,na,batched,same_map,1024,8,8,0,761,798,cycles,99.75,12.46875,10.265664,,s2g_size_sweep|intra_cta|tensor|s2g|na|batched|same_map|1024|8|8||||,data/b200/cuda-13.3-sm100/multi_context/s2g_size_sweep/s2g/20260805T095353Z__v1__2a9db18b1fda/attempt_01.csv
b200,v1,s2g_size_sweep,intra_cta,tensor,s2g,na,batched,same_map,1024,8,8,1,762,799,cycles,99.875,12.484375,10.252816,,s2g_size_sweep|intra_cta|tensor|s2g|na|batched|same_map|1024|8|8||||,data/b200/cuda-13.3-sm100/multi_context/s2g_size_sweep/s2g/20260805T095353Z__v1__2a9db18b1fda/attempt_01.csv
h100,v1,s2g_size_sweep,intra_cta,tensor,s2g,na,batched,same_map,1024,16,16,0,1327,1361,cycles,85.0625,10.632812,12.038207,,s2g_size_sweep|intra_cta|tensor|s2g|na|batched|same_map|1024|16|16||||,data/h100/cuda-13.3-sm90/multi_context/s2g_size_sweep/s2g/20260805T095353Z__v1__6dddca765498/attempt_01.csv
h100,v1,s2g_size_sweep,intra_cta,tensor,s2g,na,batched,same_map,1024,16,16,1,1276,1310,cycles,81.875,10.234375,12.50687,,s2g_size_sweep|intra_cta|tensor|s2g|na|batched|same_map|1024|16|16||||,data/h100/cuda-13.3-sm90/multi_context/s2g_size_sweep/s2g/20260805T095353Z__v1__6dddca765498/attempt_01.csv
b200,v1,s2g_size_sweep,intra_cta,tensor,s2g,na,batched,same_map,1024,16,16,0,1283,1320,cycles,82.5,10.3125,12.412121,,s2g_size_sweep|intra_cta|tensor|s2g|na|batched|same_map|1024|16|16||||,data/b200/cuda-13.3-sm100/multi_context/s2g_size_sweep/s2g/20260805T095353Z__v1__2a9db18b1fda/attempt_01.csv
b200,v1,s2g_size_sweep,intra_cta,tensor,s2g,na,batched,same_map,1024,16,16,1,1284,1321,cycles,82.5625,10.320312,12.402725,,s2g_size_sweep|intra_cta|tensor|s2g|na|batched|same_map|1024|16|16||||,data/b200/cuda-13.3-sm100/multi_context/s2g_size_sweep/s2g/20260805T095353Z__v1__2a9db18b1fda/attempt_01.csv
h100,v1,s2g_size_sweep,intra_cta,tensor,s2g,na,batched,same_map,1024,32,32,0,2478,2512,cycles,78.5,9.8125,13.044586,,s2g_size_sweep|intra_cta|tensor|s2g|na|batched|same_map|1024|32|32||||,data/h100/cuda-13.3-sm90/multi_context/s2g_size_sweep/s2g/20260805T095353Z__v1__6dddca765498/attempt_01.csv
h100,v1,s2g_size_sweep,intra_cta,tensor,s2g,na,batched,same_map,1024,32,32,1,2405,2439,cycles,76.21875,9.527344,13.435014,,s2g_size_sweep|intra_cta|tensor|s2g|na|batched|same_map|1024|32|32||||,data/h100/cuda-13.3-sm90/multi_context/s2g_size_sweep/s2g/20260805T095353Z__v1__6dddca765498/attempt_01.csv
b200,v1,s2g_size_sweep,intra_cta,tensor,s2g,na,batched,same_map,1024,32,32,0,2327,2356,cycles,73.625,9.203125,13.908319,,s2g_size_sweep|intra_cta|tensor|s2g|na|batched|same_map|1024|32|32||||,data/b200/cuda-13.3-sm100/multi_context/s2g_size_sweep/s2g/20260805T095353Z__v1__2a9db18b1fda/attempt_01.csv
b200,v1,s2g_size_sweep,intra_cta,tensor,s2g,na,batched,same_map,1024,32,32,1,2252,2281,cycles,71.28125,8.910156,14.365629,,s2g_size_sweep|intra_cta|tensor|s2g|na|batched|same_map|1024|32|32||||,data/b200/cuda-13.3-sm100/multi_context/s2g_size_sweep/s2g/20260805T095353Z__v1__2a9db18b1fda/attempt_01.csv
h100,v1,s2g_size_sweep,intra_cta,tensor,s2g,na,batched,same_map,1536,1,1,0,249,528,cycles,528.0,44.0,2.909091,,s2g_size_sweep|intra_cta|tensor|s2g|na|batched|same_map|1536|1|1||||,data/h100/cuda-13.3-sm90/multi_context/s2g_size_sweep/s2g/20260805T095353Z__v1__6dddca765498/attempt_01.csv
h100,v1,s2g_size_sweep,intra_cta,tensor,s2g,na,batched,same_map,1536,1,1,1,215,269,cycles,269.0,22.416667,5.710037,,s2g_size_sweep|intra_cta|tensor|s2g|na|batched|same_map|1536|1|1||||,data/h100/cuda-13.3-sm90/multi_context/s2g_size_sweep/s2g/20260805T095353Z__v1__6dddca765498/attempt_01.csv
b200,v1,s2g_size_sweep,intra_cta,tensor,s2g,na,batched,same_map,1536,1,1,0,293,585,cycles,585.0,48.75,2.625641,,s2g_size_sweep|intra_cta|tensor|s2g|na|batched|same_map|1536|1|1||||,data/b200/cuda-13.3-sm100/multi_context/s2g_size_sweep/s2g/20260805T095353Z__v1__2a9db18b1fda/attempt_01.csv
b200,v1,s2g_size_sweep,intra_cta,tensor,s2g,na,batched,same_map,1536,1,1,1,245,291,cycles,291.0,24.25,5.278351,,s2g_size_sweep|intra_cta|tensor|s2g|na|batched|same_map|1536|1|1||||,data/b200/cuda-13.3-sm100/multi_context/s2g_size_sweep/s2g/20260805T095353Z__v1__2a9db18b1fda/attempt_01.csv
h100,v1,s2g_size_sweep,intra_cta,tensor,s2g,na,batched,same_map,1536,2,2,0,336,584,cycles,292.0,24.333333,5.260274,,s2g_size_sweep|intra_cta|tensor|s2g|na|batched|same_map|1536|2|2||||,data/h100/cuda-13.3-sm90/multi_context/s2g_size_sweep/s2g/20260805T095353Z__v1__6dddca765498/attempt_01.csv
h100,v1,s2g_size_sweep,intra_cta,tensor,s2g,na,batched,same_map,1536,2,2,1,314,368,cycles,184.0,15.333333,8.347826,,s2g_size_sweep|intra_cta|tensor|s2g|na|batched|same_map|1536|2|2||||,data/h100/cuda-13.3-sm90/multi_context/s2g_size_sweep/s2g/20260805T095353Z__v1__6dddca765498/attempt_01.csv
b200,v1,s2g_size_sweep,intra_cta,tensor,s2g,na,batched,same_map,1536,2,2,0,382,636,cycles,318.0,26.5,4.830189,,s2g_size_sweep|intra_cta|tensor|s2g|na|batched|same_map|1536|2|2||||,data/b200/cuda-13.3-sm100/multi_context/s2g_size_sweep/s2g/20260805T095353Z__v1__2a9db18b1fda/attempt_01.csv
b200,v1,s2g_size_sweep,intra_cta,tensor,s2g,na,batched,same_map,1536,2,2,1,334,380,cycles,190.0,15.833333,8.084211,,s2g_size_sweep|intra_cta|tensor|s2g|na|batched|same_map|1536|2|2||||,data/b200/cuda-13.3-sm100/multi_context/s2g_size_sweep/s2g/20260805T095353Z__v1__2a9db18b1fda/attempt_01.csv
h100,v1,s2g_size_sweep,intra_cta,tensor,s2g,na,batched,same_map,1536,4,4,0,483,659,cycles,164.75,13.729167,9.323217,,s2g_size_sweep|intra_cta|tensor|s2g|na|batched|same_map|1536|4|4||||,data/h100/cuda-13.3-sm90/multi_context/s2g_size_sweep/s2g/20260805T095353Z__v1__6dddca765498/attempt_01.csv
h100,v1,s2g_size_sweep,intra_cta,tensor,s2g,na,batched,same_map,1536,4,4,1,410,458,cycles,114.5,9.541667,13.414847,,s2g_size_sweep|intra_cta|tensor|s2g|na|batched|same_map|1536|4|4||||,data/h100/cuda-13.3-sm90/multi_context/s2g_size_sweep/s2g/20260805T095353Z__v1__6dddca765498/attempt_01.csv
b200,v1,s2g_size_sweep,intra_cta,tensor,s2g,na,batched,same_map,1536,4,4,0,500,692,cycles,173.0,14.416667,8.878613,,s2g_size_sweep|intra_cta|tensor|s2g|na|batched|same_map|1536|4|4||||,data/b200/cuda-13.3-sm100/multi_context/s2g_size_sweep/s2g/20260805T095353Z__v1__2a9db18b1fda/attempt_01.csv
b200,v1,s2g_size_sweep,intra_cta,tensor,s2g,na,batched,same_map,1536,4,4,1,425,459,cycles,114.75,9.5625,13.385621,,s2g_size_sweep|intra_cta|tensor|s2g|na|batched|same_map|1536|4|4||||,data/b200/cuda-13.3-sm100/multi_context/s2g_size_sweep/s2g/20260805T095353Z__v1__2a9db18b1fda/attempt_01.csv
h100,v1,s2g_size_sweep,intra_cta,tensor,s2g,na,batched,same_map,1536,8,8,0,767,882,cycles,110.25,9.1875,13.931973,,s2g_size_sweep|intra_cta|tensor|s2g|na|batched|same_map|1536|8|8||||,data/h100/cuda-13.3-sm90/multi_context/s2g_size_sweep/s2g/20260805T095353Z__v1__6dddca765498/attempt_01.csv
h100,v1,s2g_size_sweep,intra_cta,tensor,s2g,na,batched,same_map,1536,8,8,1,706,754,cycles,94.25,7.854167,16.297082,,s2g_size_sweep|intra_cta|tensor|s2g|na|batched|same_map|1536|8|8||||,data/h100/cuda-13.3-sm90/multi_context/s2g_size_sweep/s2g/20260805T095353Z__v1__6dddca765498/attempt_01.csv
b200,v1,s2g_size_sweep,intra_cta,tensor,s2g,na,batched,same_map,1536,8,8,0,761,881,cycles,110.125,9.177083,13.947787,,s2g_size_sweep|intra_cta|tensor|s2g|na|batched|same_map|1536|8|8||||,data/b200/cuda-13.3-sm100/multi_context/s2g_size_sweep/s2g/20260805T095353Z__v1__2a9db18b1fda/attempt_01.csv
b200,v1,s2g_size_sweep,intra_cta,tensor,s2g,na,batched,same_map,1536,8,8,1,739,773,cycles,96.625,8.052083,15.896507,,s2g_size_sweep|intra_cta|tensor|s2g|na|batched|same_map|1536|8|8||||,data/b200/cuda-13.3-sm100/multi_context/s2g_size_sweep/s2g/20260805T095353Z__v1__2a9db18b1fda/attempt_01.csv
h100,v1,s2g_size_sweep,intra_cta,tensor,s2g,na,batched,same_map,1536,16,16,0,1338,1375,cycles,85.9375,7.161458,17.873455,,s2g_size_sweep|intra_cta|tensor|s2g|na|batched|same_map|1536|16|16||||,data/h100/cuda-13.3-sm90/multi_context/s2g_size_sweep/s2g/20260805T095353Z__v1__6dddca765498/attempt_01.csv
h100,v1,s2g_size_sweep,intra_cta,tensor,s2g,na,batched,same_map,1536,16,16,1,1265,1313,cycles,82.0625,6.838542,18.717441,,s2g_size_sweep|intra_cta|tensor|s2g|na|batched|same_map|1536|16|16||||,data/h100/cuda-13.3-sm90/multi_context/s2g_size_sweep/s2g/20260805T095353Z__v1__6dddca765498/attempt_01.csv
b200,v1,s2g_size_sweep,intra_cta,tensor,s2g,na,batched,same_map,1536,16,16,0,1283,1320,cycles,82.5,6.875,18.618182,,s2g_size_sweep|intra_cta|tensor|s2g|na|batched|same_map|1536|16|16||||,data/b200/cuda-13.3-sm100/multi_context/s2g_size_sweep/s2g/20260805T095353Z__v1__2a9db18b1fda/attempt_01.csv
b200,v1,s2g_size_sweep,intra_cta,tensor,s2g,na,batched,same_map,1536,16,16,1,1284,1321,cycles,82.5625,6.880208,18.604088,,s2g_size_sweep|intra_cta|tensor|s2g|na|batched|same_map|1536|16|16||||,data/b200/cuda-13.3-sm100/multi_context/s2g_size_sweep/s2g/20260805T095353Z__v1__2a9db18b1fda/attempt_01.csv
h100,v1,s2g_size_sweep,intra_cta,tensor,s2g,na,batched,same_map,1536,32,32,0,2467,2504,cycles,78.25,6.520833,19.629393,,s2g_size_sweep|intra_cta|tensor|s2g|na|batched|same_map|1536|32|32||||,data/h100/cuda-13.3-sm90/multi_context/s2g_size_sweep/s2g/20260805T095353Z__v1__6dddca765498/attempt_01.csv
h100,v1,s2g_size_sweep,intra_cta,tensor,s2g,na,batched,same_map,1536,32,32,1,2416,2464,cycles,77.0,6.416667,19.948052,,s2g_size_sweep|intra_cta|tensor|s2g|na|batched|same_map|1536|32|32||||,data/h100/cuda-13.3-sm90/multi_context/s2g_size_sweep/s2g/20260805T095353Z__v1__6dddca765498/attempt_01.csv
b200,v1,s2g_size_sweep,intra_cta,tensor,s2g,na,batched,same_map,1536,32,32,0,2327,2364,cycles,73.875,6.15625,20.791878,,s2g_size_sweep|intra_cta|tensor|s2g|na|batched|same_map|1536|32|32||||,data/b200/cuda-13.3-sm100/multi_context/s2g_size_sweep/s2g/20260805T095353Z__v1__2a9db18b1fda/attempt_01.csv
b200,v1,s2g_size_sweep,intra_cta,tensor,s2g,na,batched,same_map,1536,32,32,1,2328,2365,cycles,73.90625,6.158854,20.783087,,s2g_size_sweep|intra_cta|tensor|s2g|na|batched|same_map|1536|32|32||||,data/b200/cuda-13.3-sm100/multi_context/s2g_size_sweep/s2g/20260805T095353Z__v1__2a9db18b1fda/attempt_01.csv
h100,v1,s2g_size_sweep,intra_cta,tensor,s2g,na,batched,same_map,2048,1,1,0,238,524,cycles,524.0,32.75,3.908397,,s2g_size_sweep|intra_cta|tensor|s2g|na|batched|same_map|2048|1|1||||,data/h100/cuda-13.3-sm90/multi_context/s2g_size_sweep/s2g/20260805T095353Z__v1__6dddca765498/attempt_01.csv
h100,v1,s2g_size_sweep,intra_cta,tensor,s2g,na,batched,same_map,2048,1,1,1,226,296,cycles,296.0,18.5,6.918919,,s2g_size_sweep|intra_cta|tensor|s2g|na|batched|same_map|2048|1|1||||,data/h100/cuda-13.3-sm90/multi_context/s2g_size_sweep/s2g/20260805T095353Z__v1__6dddca765498/attempt_01.csv
b200,v1,s2g_size_sweep,intra_cta,tensor,s2g,na,batched,same_map,2048,1,1,0,289,569,cycles,569.0,35.5625,3.599297,,s2g_size_sweep|intra_cta|tensor|s2g|na|batched|same_map|2048|1|1||||,data/b200/cuda-13.3-sm100/multi_context/s2g_size_sweep/s2g/20260805T095353Z__v1__2a9db18b1fda/attempt_01.csv
b200,v1,s2g_size_sweep,intra_cta,tensor,s2g,na,batched,same_map,2048,1,1,1,245,307,cycles,307.0,19.1875,6.67101,,s2g_size_sweep|intra_cta|tensor|s2g|na|batched|same_map|2048|1|1||||,data/b200/cuda-13.3-sm100/multi_context/s2g_size_sweep/s2g/20260805T095353Z__v1__2a9db18b1fda/attempt_01.csv
h100,v1,s2g_size_sweep,intra_cta,tensor,s2g,na,batched,same_map,2048,2,2,0,347,626,cycles,313.0,19.5625,6.543131,,s2g_size_sweep|intra_cta|tensor|s2g|na|batched|same_map|2048|2|2||||,data/h100/cuda-13.3-sm90/multi_context/s2g_size_sweep/s2g/20260805T095353Z__v1__6dddca765498/attempt_01.csv
h100,v1,s2g_size_sweep,intra_cta,tensor,s2g,na,batched,same_map,2048,2,2,1,303,373,cycles,186.5,11.65625,10.981233,,s2g_size_sweep|intra_cta|tensor|s2g|na|batched|same_map|2048|2|2||||,data/h100/cuda-13.3-sm90/multi_context/s2g_size_sweep/s2g/20260805T095353Z__v1__6dddca765498/attempt_01.csv
b200,v1,s2g_size_sweep,intra_cta,tensor,s2g,na,batched,same_map,2048,2,2,0,382,678,cycles,339.0,21.1875,6.041298,,s2g_size_sweep|intra_cta|tensor|s2g|na|batched|same_map|2048|2|2||||,data/b200/cuda-13.3-sm100/multi_context/s2g_size_sweep/s2g/20260805T095353Z__v1__2a9db18b1fda/attempt_01.csv
b200,v1,s2g_size_sweep,intra_cta,tensor,s2g,na,batched,same_map,2048,2,2,1,334,396,cycles,198.0,12.375,10.343434,,s2g_size_sweep|intra_cta|tensor|s2g|na|batched|same_map|2048|2|2||||,data/b200/cuda-13.3-sm100/multi_context/s2g_size_sweep/s2g/20260805T095353Z__v1__2a9db18b1fda/attempt_01.csv
h100,v1,s2g_size_sweep,intra_cta,tensor,s2g,na,batched,same_map,2048,4,4,0,472,719,cycles,179.75,11.234375,11.393602,,s2g_size_sweep|intra_cta|tensor|s2g|na|batched|same_map|2048|4|4||||,data/h100/cuda-13.3-sm90/multi_context/s2g_size_sweep/s2g/20260805T095353Z__v1__6dddca765498/attempt_01.csv
h100,v1,s2g_size_sweep,intra_cta,tensor,s2g,na,batched,same_map,2048,4,4,1,421,491,cycles,122.75,7.671875,16.684318,,s2g_size_sweep|intra_cta|tensor|s2g|na|batched|same_map|2048|4|4||||,data/h100/cuda-13.3-sm90/multi_context/s2g_size_sweep/s2g/20260805T095353Z__v1__6dddca765498/attempt_01.csv
b200,v1,s2g_size_sweep,intra_cta,tensor,s2g,na,batched,same_map,2048,4,4,0,500,777,cycles,194.25,12.140625,10.543115,,s2g_size_sweep|intra_cta|tensor|s2g|na|batched|same_map|2048|4|4||||,data/b200/cuda-13.3-sm100/multi_context/s2g_size_sweep/s2g/20260805T095353Z__v1__2a9db18b1fda/attempt_01.csv
b200,v1,s2g_size_sweep,intra_cta,tensor,s2g,na,batched,same_map,2048,4,4,1,425,487,cycles,121.75,7.609375,16.821355,,s2g_size_sweep|intra_cta|tensor|s2g|na|batched|same_map|2048|4|4||||,data/b200/cuda-13.3-sm100/multi_context/s2g_size_sweep/s2g/20260805T095353Z__v1__2a9db18b1fda/attempt_01.csv
h100,v1,s2g_size_sweep,intra_cta,tensor,s2g,na,batched,same_map,2048,8,8,0,768,1011,cycles,126.375,7.898438,16.205737,,s2g_size_sweep|intra_cta|tensor|s2g|na|batched|same_map|2048|8|8||||,data/h100/cuda-13.3-sm90/multi_context/s2g_size_sweep/s2g/20260805T095353Z__v1__6dddca765498/attempt_01.csv
h100,v1,s2g_size_sweep,intra_cta,tensor,s2g,na,batched,same_map,2048,8,8,1,695,765,cycles,95.625,5.976562,21.416993,,s2g_size_sweep|intra_cta|tensor|s2g|na|batched|same_map|2048|8|8||||,data/h100/cuda-13.3-sm90/multi_context/s2g_size_sweep/s2g/20260805T095353Z__v1__6dddca765498/attempt_01.csv
b200,v1,s2g_size_sweep,intra_cta,tensor,s2g,na,batched,same_map,2048,8,8,0,762,1036,cycles,129.5,8.09375,15.814672,,s2g_size_sweep|intra_cta|tensor|s2g|na|batched|same_map|2048|8|8||||,data/b200/cuda-13.3-sm100/multi_context/s2g_size_sweep/s2g/20260805T095353Z__v1__2a9db18b1fda/attempt_01.csv
b200,v1,s2g_size_sweep,intra_cta,tensor,s2g,na,batched,same_map,2048,8,8,1,762,810,cycles,101.25,6.328125,20.22716,,s2g_size_sweep|intra_cta|tensor|s2g|na|batched|same_map|2048|8|8||||,data/b200/cuda-13.3-sm100/multi_context/s2g_size_sweep/s2g/20260805T095353Z__v1__2a9db18b1fda/attempt_01.csv
h100,v1,s2g_size_sweep,intra_cta,tensor,s2g,na,batched,same_map,2048,16,16,0,1327,1491,cycles,93.1875,5.824219,21.977197,,s2g_size_sweep|intra_cta|tensor|s2g|na|batched|same_map|2048|16|16||||,data/h100/cuda-13.3-sm90/multi_context/s2g_size_sweep/s2g/20260805T095353Z__v1__6dddca765498/attempt_01.csv
h100,v1,s2g_size_sweep,intra_cta,tensor,s2g,na,batched,same_map,2048,16,16,1,1276,1346,cycles,84.125,5.257812,24.344725,,s2g_size_sweep|intra_cta|tensor|s2g|na|batched|same_map|2048|16|16||||,data/h100/cuda-13.3-sm90/multi_context/s2g_size_sweep/s2g/20260805T095353Z__v1__6dddca765498/attempt_01.csv
b200,v1,s2g_size_sweep,intra_cta,tensor,s2g,na,batched,same_map,2048,16,16,0,1294,1547,cycles,96.6875,6.042969,21.181642,,s2g_size_sweep|intra_cta|tensor|s2g|na|batched|same_map|2048|16|16||||,data/b200/cuda-13.3-sm100/multi_context/s2g_size_sweep/s2g/20260805T095353Z__v1__2a9db18b1fda/attempt_01.csv
b200,v1,s2g_size_sweep,intra_cta,tensor,s2g,na,batched,same_map,2048,16,16,1,1281,1343,cycles,83.9375,5.246094,24.399106,,s2g_size_sweep|intra_cta|tensor|s2g|na|batched|same_map|2048|16|16||||,data/b200/cuda-13.3-sm100/multi_context/s2g_size_sweep/s2g/20260805T095353Z__v1__2a9db18b1fda/attempt_01.csv
h100,v1,s2g_size_sweep,intra_cta,tensor,s2g,na,batched,same_map,2048,32,32,0,2478,2570,cycles,80.3125,5.019531,25.500389,,s2g_size_sweep|intra_cta|tensor|s2g|na|batched|same_map|2048|32|32||||,data/h100/cuda-13.3-sm90/multi_context/s2g_size_sweep/s2g/20260805T095353Z__v1__6dddca765498/attempt_01.csv
h100,v1,s2g_size_sweep,intra_cta,tensor,s2g,na,batched,same_map,2048,32,32,1,2405,2475,cycles,77.34375,4.833984,26.479192,,s2g_size_sweep|intra_cta|tensor|s2g|na|batched|same_map|2048|32|32||||,data/h100/cuda-13.3-sm90/multi_context/s2g_size_sweep/s2g/20260805T095353Z__v1__6dddca765498/attempt_01.csv
b200,v1,s2g_size_sweep,intra_cta,tensor,s2g,na,batched,same_map,2048,32,32,0,2327,2563,cycles,80.09375,5.005859,25.570035,,s2g_size_sweep|intra_cta|tensor|s2g|na|batched|same_map|2048|32|32||||,data/b200/cuda-13.3-sm100/multi_context/s2g_size_sweep/s2g/20260805T095353Z__v1__2a9db18b1fda/attempt_01.csv
b200,v1,s2g_size_sweep,intra_cta,tensor,s2g,na,batched,same_map,2048,32,32,1,2328,2376,cycles,74.25,4.640625,27.582492,,s2g_size_sweep|intra_cta|tensor|s2g|na|batched|same_map|2048|32|32||||,data/b200/cuda-13.3-sm100/multi_context/s2g_size_sweep/s2g/20260805T095353Z__v1__2a9db18b1fda/attempt_01.csv
h100,v1,s2g_size_sweep,intra_cta,tensor,s2g,na,batched,same_map,2560,1,1,0,228,549,cycles,549.0,27.45,4.663024,,s2g_size_sweep|intra_cta|tensor|s2g|na|batched|same_map|2560|1|1||||,data/h100/cuda-13.3-sm90/multi_context/s2g_size_sweep/s2g/20260805T095353Z__v1__6dddca765498/attempt_01.csv
h100,v1,s2g_size_sweep,intra_cta,tensor,s2g,na,batched,same_map,2560,1,1,1,236,311,cycles,311.0,15.55,8.231511,,s2g_size_sweep|intra_cta|tensor|s2g|na|batched|same_map|2560|1|1||||,data/h100/cuda-13.3-sm90/multi_context/s2g_size_sweep/s2g/20260805T095353Z__v1__6dddca765498/attempt_01.csv
b200,v1,s2g_size_sweep,intra_cta,tensor,s2g,na,batched,same_map,2560,1,1,0,264,599,cycles,599.0,29.95,4.27379,,s2g_size_sweep|intra_cta|tensor|s2g|na|batched|same_map|2560|1|1||||,data/b200/cuda-13.3-sm100/multi_context/s2g_size_sweep/s2g/20260805T095353Z__v1__2a9db18b1fda/attempt_01.csv
b200,v1,s2g_size_sweep,intra_cta,tensor,s2g,na,batched,same_map,2560,1,1,1,256,334,cycles,334.0,16.7,7.664671,,s2g_size_sweep|intra_cta|tensor|s2g|na|batched|same_map|2560|1|1||||,data/b200/cuda-13.3-sm100/multi_context/s2g_size_sweep/s2g/20260805T095353Z__v1__2a9db18b1fda/attempt_01.csv
h100,v1,s2g_size_sweep,intra_cta,tensor,s2g,na,batched,same_map,2560,2,2,0,336,644,cycles,322.0,16.1,7.950311,,s2g_size_sweep|intra_cta|tensor|s2g|na|batched|same_map|2560|2|2||||,data/h100/cuda-13.3-sm90/multi_context/s2g_size_sweep/s2g/20260805T095353Z__v1__6dddca765498/attempt_01.csv
h100,v1,s2g_size_sweep,intra_cta,tensor,s2g,na,batched,same_map,2560,2,2,1,314,400,cycles,200.0,10.0,12.8,,s2g_size_sweep|intra_cta|tensor|s2g|na|batched|same_map|2560|2|2||||,data/h100/cuda-13.3-sm90/multi_context/s2g_size_sweep/s2g/20260805T095353Z__v1__6dddca765498/attempt_01.csv
b200,v1,s2g_size_sweep,intra_cta,tensor,s2g,na,batched,same_map,2560,2,2,0,382,695,cycles,347.5,17.375,7.366906,,s2g_size_sweep|intra_cta|tensor|s2g|na|batched|same_map|2560|2|2||||,data/b200/cuda-13.3-sm100/multi_context/s2g_size_sweep/s2g/20260805T095353Z__v1__2a9db18b1fda/attempt_01.csv
b200,v1,s2g_size_sweep,intra_cta,tensor,s2g,na,batched,same_map,2560,2,2,1,334,412,cycles,206.0,10.3,12.427184,,s2g_size_sweep|intra_cta|tensor|s2g|na|batched|same_map|2560|2|2||||,data/b200/cuda-13.3-sm100/multi_context/s2g_size_sweep/s2g/20260805T095353Z__v1__2a9db18b1fda/attempt_01.csv
h100,v1,s2g_size_sweep,intra_cta,tensor,s2g,na,batched,same_map,2560,4,4,0,483,789,cycles,197.25,9.8625,12.978454,,s2g_size_sweep|intra_cta|tensor|s2g|na|batched|same_map|2560|4|4||||,data/h100/cuda-13.3-sm90/multi_context/s2g_size_sweep/s2g/20260805T095353Z__v1__6dddca765498/attempt_01.csv
h100,v1,s2g_size_sweep,intra_cta,tensor,s2g,na,batched,same_map,2560,4,4,1,410,544,cycles,136.0,6.8,18.823529,,s2g_size_sweep|intra_cta|tensor|s2g|na|batched|same_map|2560|4|4||||,data/h100/cuda-13.3-sm90/multi_context/s2g_size_sweep/s2g/20260805T095353Z__v1__6dddca765498/attempt_01.csv
b200,v1,s2g_size_sweep,intra_cta,tensor,s2g,na,batched,same_map,2560,4,4,0,500,836,cycles,209.0,10.45,12.248804,,s2g_size_sweep|intra_cta|tensor|s2g|na|batched|same_map|2560|4|4||||,data/b200/cuda-13.3-sm100/multi_context/s2g_size_sweep/s2g/20260805T095353Z__v1__2a9db18b1fda/attempt_01.csv
b200,v1,s2g_size_sweep,intra_cta,tensor,s2g,na,batched,same_map,2560,4,4,1,425,549,cycles,137.25,6.8625,18.652095,,s2g_size_sweep|intra_cta|tensor|s2g|na|batched|same_map|2560|4|4||||,data/b200/cuda-13.3-sm100/multi_context/s2g_size_sweep/s2g/20260805T095353Z__v1__2a9db18b1fda/attempt_01.csv
h100,v1,s2g_size_sweep,intra_cta,tensor,s2g,na,batched,same_map,2560,8,8,0,789,1116,cycles,139.5,6.975,18.351254,,s2g_size_sweep|intra_cta|tensor|s2g|na|batched|same_map|2560|8|8||||,data/h100/cuda-13.3-sm90/multi_context/s2g_size_sweep/s2g/20260805T095353Z__v1__6dddca765498/attempt_01.csv
h100,v1,s2g_size_sweep,intra_cta,tensor,s2g,na,batched,same_map,2560,8,8,1,706,879,cycles,109.875,5.49375,23.299204,,s2g_size_sweep|intra_cta|tensor|s2g|na|batched|same_map|2560|8|8||||,data/h100/cuda-13.3-sm90/multi_context/s2g_size_sweep/s2g/20260805T095353Z__v1__6dddca765498/attempt_01.csv
b200,v1,s2g_size_sweep,intra_cta,tensor,s2g,na,batched,same_map,2560,8,8,0,761,1137,cycles,142.125,7.10625,18.012313,,s2g_size_sweep|intra_cta|tensor|s2g|na|batched|same_map|2560|8|8||||,data/b200/cuda-13.3-sm100/multi_context/s2g_size_sweep/s2g/20260805T095353Z__v1__2a9db18b1fda/attempt_01.csv
b200,v1,s2g_size_sweep,intra_cta,tensor,s2g,na,batched,same_map,2560,8,8,1,762,897,cycles,112.125,5.60625,22.831661,,s2g_size_sweep|intra_cta|tensor|s2g|na|batched|same_map|2560|8|8||||,data/b200/cuda-13.3-sm100/multi_context/s2g_size_sweep/s2g/20260805T095353Z__v1__2a9db18b1fda/attempt_01.csv
h100,v1,s2g_size_sweep,intra_cta,tensor,s2g,na,batched,same_map,2560,16,16,0,1447,1774,cycles,110.875,5.54375,23.089064,,s2g_size_sweep|intra_cta|tensor|s2g|na|batched|same_map|2560|16|16||||,data/h100/cuda-13.3-sm90/multi_context/s2g_size_sweep/s2g/20260805T095353Z__v1__6dddca765498/attempt_01.csv
h100,v1,s2g_size_sweep,intra_cta,tensor,s2g,na,batched,same_map,2560,16,16,1,1265,1516,cycles,94.75,4.7375,27.01847,,s2g_size_sweep|intra_cta|tensor|s2g|na|batched|same_map|2560|16|16||||,data/h100/cuda-13.3-sm90/multi_context/s2g_size_sweep/s2g/20260805T095353Z__v1__6dddca765498/attempt_01.csv
b200,v1,s2g_size_sweep,intra_cta,tensor,s2g,na,batched,same_map,2560,16,16,0,1290,1785,cycles,111.5625,5.578125,22.946779,,s2g_size_sweep|intra_cta|tensor|s2g|na|batched|same_map|2560|16|16||||,data/b200/cuda-13.3-sm100/multi_context/s2g_size_sweep/s2g/20260805T095353Z__v1__2a9db18b1fda/attempt_01.csv
b200,v1,s2g_size_sweep,intra_cta,tensor,s2g,na,batched,same_map,2560,16,16,1,1208,1521,cycles,95.0625,4.753125,26.929652,,s2g_size_sweep|intra_cta|tensor|s2g|na|batched|same_map|2560|16|16||||,data/b200/cuda-13.3-sm100/multi_context/s2g_size_sweep/s2g/20260805T095353Z__v1__2a9db18b1fda/attempt_01.csv
h100,v1,s2g_size_sweep,intra_cta,tensor,s2g,na,batched,same_map,2560,32,32,0,2739,3066,cycles,95.8125,4.790625,26.718852,,s2g_size_sweep|intra_cta|tensor|s2g|na|batched|same_map|2560|32|32||||,data/h100/cuda-13.3-sm90/multi_context/s2g_size_sweep/s2g/20260805T095353Z__v1__6dddca765498/attempt_01.csv
h100,v1,s2g_size_sweep,intra_cta,tensor,s2g,na,batched,same_map,2560,32,32,1,2485,2823,cycles,88.21875,4.410938,29.018774,,s2g_size_sweep|intra_cta|tensor|s2g|na|batched|same_map|2560|32|32||||,data/h100/cuda-13.3-sm90/multi_context/s2g_size_sweep/s2g/20260805T095353Z__v1__6dddca765498/attempt_01.csv
b200,v1,s2g_size_sweep,intra_cta,tensor,s2g,na,batched,same_map,2560,32,32,0,2605,3100,cycles,96.875,4.84375,26.425806,,s2g_size_sweep|intra_cta|tensor|s2g|na|batched|same_map|2560|32|32||||,data/b200/cuda-13.3-sm100/multi_context/s2g_size_sweep/s2g/20260805T095353Z__v1__2a9db18b1fda/attempt_01.csv
b200,v1,s2g_size_sweep,intra_cta,tensor,s2g,na,batched,same_map,2560,32,32,1,2346,2841,cycles,88.78125,4.439063,28.834917,,s2g_size_sweep|intra_cta|tensor|s2g|na|batched|same_map|2560|32|32||||,data/b200/cuda-13.3-sm100/multi_context/s2g_size_sweep/s2g/20260805T095353Z__v1__2a9db18b1fda/attempt_01.csv
h100,v1,s2g_size_sweep,intra_cta,tensor,s2g,na,batched,same_map,3072,1,1,0,249,575,cycles,575.0,23.958333,5.342609,,s2g_size_sweep|intra_cta|tensor|s2g|na|batched|same_map|3072|1|1||||,data/h100/cuda-13.3-sm90/multi_context/s2g_size_sweep/s2g/20260805T095353Z__v1__6dddca765498/attempt_01.csv
h100,v1,s2g_size_sweep,intra_cta,tensor,s2g,na,batched,same_map,3072,1,1,1,215,317,cycles,317.0,13.208333,9.690852,,s2g_size_sweep|intra_cta|tensor|s2g|na|batched|same_map|3072|1|1||||,data/h100/cuda-13.3-sm90/multi_context/s2g_size_sweep/s2g/20260805T095353Z__v1__6dddca765498/attempt_01.csv
b200,v1,s2g_size_sweep,intra_cta,tensor,s2g,na,batched,same_map,3072,1,1,0,293,615,cycles,615.0,25.625,4.995122,,s2g_size_sweep|intra_cta|tensor|s2g|na|batched|same_map|3072|1|1||||,data/b200/cuda-13.3-sm100/multi_context/s2g_size_sweep/s2g/20260805T095353Z__v1__2a9db18b1fda/attempt_01.csv
b200,v1,s2g_size_sweep,intra_cta,tensor,s2g,na,batched,same_map,3072,1,1,1,245,339,cycles,339.0,14.125,9.061947,,s2g_size_sweep|intra_cta|tensor|s2g|na|batched|same_map|3072|1|1||||,data/b200/cuda-13.3-sm100/multi_context/s2g_size_sweep/s2g/20260805T095353Z__v1__2a9db18b1fda/attempt_01.csv
h100,v1,s2g_size_sweep,intra_cta,tensor,s2g,na,batched,same_map,3072,2,2,0,336,666,cycles,333.0,13.875,9.225225,,s2g_size_sweep|intra_cta|tensor|s2g|na|batched|same_map|3072|2|2||||,data/h100/cuda-13.3-sm90/multi_context/s2g_size_sweep/s2g/20260805T095353Z__v1__6dddca765498/attempt_01.csv
h100,v1,s2g_size_sweep,intra_cta,tensor,s2g,na,batched,same_map,3072,2,2,1,314,425,cycles,212.5,8.854167,14.456471,,s2g_size_sweep|intra_cta|tensor|s2g|na|batched|same_map|3072|2|2||||,data/h100/cuda-13.3-sm90/multi_context/s2g_size_sweep/s2g/20260805T095353Z__v1__6dddca765498/attempt_01.csv
b200,v1,s2g_size_sweep,intra_cta,tensor,s2g,na,batched,same_map,3072,2,2,0,382,727,cycles,363.5,15.145833,8.451169,,s2g_size_sweep|intra_cta|tensor|s2g|na|batched|same_map|3072|2|2||||,data/b200/cuda-13.3-sm100/multi_context/s2g_size_sweep/s2g/20260805T095353Z__v1__2a9db18b1fda/attempt_01.csv
b200,v1,s2g_size_sweep,intra_cta,tensor,s2g,na,batched,same_map,3072,2,2,1,334,436,cycles,218.0,9.083333,14.091743,,s2g_size_sweep|intra_cta|tensor|s2g|na|batched|same_map|3072|2|2||||,data/b200/cuda-13.3-sm100/multi_context/s2g_size_sweep/s2g/20260805T095353Z__v1__2a9db18b1fda/attempt_01.csv
h100,v1,s2g_size_sweep,intra_cta,tensor,s2g,na,batched,same_map,3072,4,4,0,483,873,cycles,218.25,9.09375,14.075601,,s2g_size_sweep|intra_cta|tensor|s2g|na|batched|same_map|3072|4|4||||,data/h100/cuda-13.3-sm90/multi_context/s2g_size_sweep/s2g/20260805T095353Z__v1__6dddca765498/attempt_01.csv
h100,v1,s2g_size_sweep,intra_cta,tensor,s2g,na,batched,same_map,3072,4,4,1,410,608,cycles,152.0,6.333333,20.210526,,s2g_size_sweep|intra_cta|tensor|s2g|na|batched|same_map|3072|4|4||||,data/h100/cuda-13.3-sm90/multi_context/s2g_size_sweep/s2g/20260805T095353Z__v1__6dddca765498/attempt_01.csv
b200,v1,s2g_size_sweep,intra_cta,tensor,s2g,na,batched,same_map,3072,4,4,0,500,913,cycles,228.25,9.510417,13.458927,,s2g_size_sweep|intra_cta|tensor|s2g|na|batched|same_map|3072|4|4||||,data/b200/cuda-13.3-sm100/multi_context/s2g_size_sweep/s2g/20260805T095353Z__v1__2a9db18b1fda/attempt_01.csv
b200,v1,s2g_size_sweep,intra_cta,tensor,s2g,na,batched,same_map,3072,4,4,1,425,613,cycles,153.25,6.385417,20.045677,,s2g_size_sweep|intra_cta|tensor|s2g|na|batched|same_map|3072|4|4||||,data/b200/cuda-13.3-sm100/multi_context/s2g_size_sweep/s2g/20260805T095353Z__v1__2a9db18b1fda/attempt_01.csv
h100,v1,s2g_size_sweep,intra_cta,tensor,s2g,na,batched,same_map,3072,8,8,0,844,1251,cycles,156.375,6.515625,19.645084,,s2g_size_sweep|intra_cta|tensor|s2g|na|batched|same_map|3072|8|8||||,data/h100/cuda-13.3-sm90/multi_context/s2g_size_sweep/s2g/20260805T095353Z__v1__6dddca765498/attempt_01.csv
h100,v1,s2g_size_sweep,intra_cta,tensor,s2g,na,batched,same_map,3072,8,8,1,706,1007,cycles,125.875,5.244792,24.405164,,s2g_size_sweep|intra_cta|tensor|s2g|na|batched|same_map|3072|8|8||||,data/h100/cuda-13.3-sm90/multi_context/s2g_size_sweep/s2g/20260805T095353Z__v1__6dddca765498/attempt_01.csv
b200,v1,s2g_size_sweep,intra_cta,tensor,s2g,na,batched,same_map,3072,8,8,0,761,1277,cycles,159.625,6.651042,19.245106,,s2g_size_sweep|intra_cta|tensor|s2g|na|batched|same_map|3072|8|8||||,data/b200/cuda-13.3-sm100/multi_context/s2g_size_sweep/s2g/20260805T095353Z__v1__2a9db18b1fda/attempt_01.csv
b200,v1,s2g_size_sweep,intra_cta,tensor,s2g,na,batched,same_map,3072,8,8,1,762,1025,cycles,128.125,5.338542,23.976585,,s2g_size_sweep|intra_cta|tensor|s2g|na|batched|same_map|3072|8|8||||,data/b200/cuda-13.3-sm100/multi_context/s2g_size_sweep/s2g/20260805T095353Z__v1__2a9db18b1fda/attempt_01.csv
h100,v1,s2g_size_sweep,intra_cta,tensor,s2g,na,batched,same_map,3072,16,16,0,1613,2020,cycles,126.25,5.260417,24.332673,,s2g_size_sweep|intra_cta|tensor|s2g|na|batched|same_map|3072|16|16||||,data/h100/cuda-13.3-sm90/multi_context/s2g_size_sweep/s2g/20260805T095353Z__v1__6dddca765498/attempt_01.csv
h100,v1,s2g_size_sweep,intra_cta,tensor,s2g,na,batched,same_map,3072,16,16,1,1354,1772,cycles,110.75,4.614583,27.738149,,s2g_size_sweep|intra_cta|tensor|s2g|na|batched|same_map|3072|16|16||||,data/h100/cuda-13.3-sm90/multi_context/s2g_size_sweep/s2g/20260805T095353Z__v1__6dddca765498/attempt_01.csv
b200,v1,s2g_size_sweep,intra_cta,tensor,s2g,na,batched,same_map,3072,16,16,0,1448,2055,cycles,128.4375,5.351562,23.918248,,s2g_size_sweep|intra_cta|tensor|s2g|na|batched|same_map|3072|16|16||||,data/b200/cuda-13.3-sm100/multi_context/s2g_size_sweep/s2g/20260805T095353Z__v1__2a9db18b1fda/attempt_01.csv
b200,v1,s2g_size_sweep,intra_cta,tensor,s2g,na,batched,same_map,3072,16,16,1,1284,1801,cycles,112.5625,4.690104,27.291505,,s2g_size_sweep|intra_cta|tensor|s2g|na|batched|same_map|3072|16|16||||,data/b200/cuda-13.3-sm100/multi_context/s2g_size_sweep/s2g/20260805T095353Z__v1__2a9db18b1fda/attempt_01.csv
h100,v1,s2g_size_sweep,intra_cta,tensor,s2g,na,batched,same_map,3072,32,32,0,3176,3583,cycles,111.96875,4.665365,27.436227,,s2g_size_sweep|intra_cta|tensor|s2g|na|batched|same_map|3072|32|32||||,data/h100/cuda-13.3-sm90/multi_context/s2g_size_sweep/s2g/20260805T095353Z__v1__6dddca765498/attempt_01.csv
h100,v1,s2g_size_sweep,intra_cta,tensor,s2g,na,batched,same_map,3072,32,32,1,2917,3335,cycles,104.21875,4.342448,29.476462,,s2g_size_sweep|intra_cta|tensor|s2g|na|batched|same_map|3072|32|32||||,data/h100/cuda-13.3-sm90/multi_context/s2g_size_sweep/s2g/20260805T095353Z__v1__6dddca765498/attempt_01.csv
b200,v1,s2g_size_sweep,intra_cta,tensor,s2g,na,batched,same_map,3072,32,32,0,2984,3591,cycles,112.21875,4.675781,27.375104,,s2g_size_sweep|intra_cta|tensor|s2g|na|batched|same_map|3072|32|32||||,data/b200/cuda-13.3-sm100/multi_context/s2g_size_sweep/s2g/20260805T095353Z__v1__2a9db18b1fda/attempt_01.csv
b200,v1,s2g_size_sweep,intra_cta,tensor,s2g,na,batched,same_map,3072,32,32,1,2746,3353,cycles,104.78125,4.365885,29.318222,,s2g_size_sweep|intra_cta|tensor|s2g|na|batched|same_map|3072|32|32||||,data/b200/cuda-13.3-sm100/multi_context/s2g_size_sweep/s2g/20260805T095353Z__v1__2a9db18b1fda/attempt_01.csv
h100,v1,s2g_size_sweep,intra_cta,tensor,s2g,na,batched,same_map,3584,1,1,0,217,572,cycles,572.0,20.428571,6.265734,,s2g_size_sweep|intra_cta|tensor|s2g|na|batched|same_map|3584|1|1||||,data/h100/cuda-13.3-sm90/multi_context/s2g_size_sweep/s2g/20260805T095353Z__v1__6dddca765498/attempt_01.csv
h100,v1,s2g_size_sweep,intra_cta,tensor,s2g,na,batched,same_map,3584,1,1,1,236,343,cycles,343.0,12.25,10.44898,,s2g_size_sweep|intra_cta|tensor|s2g|na|batched|same_map|3584|1|1||||,data/h100/cuda-13.3-sm90/multi_context/s2g_size_sweep/s2g/20260805T095353Z__v1__6dddca765498/attempt_01.csv
b200,v1,s2g_size_sweep,intra_cta,tensor,s2g,na,batched,same_map,3584,1,1,0,264,638,cycles,638.0,22.785714,5.617555,,s2g_size_sweep|intra_cta|tensor|s2g|na|batched|same_map|3584|1|1||||,data/b200/cuda-13.3-sm100/multi_context/s2g_size_sweep/s2g/20260805T095353Z__v1__2a9db18b1fda/attempt_01.csv
b200,v1,s2g_size_sweep,intra_cta,tensor,s2g,na,batched,same_map,3584,1,1,1,256,366,cycles,366.0,13.071429,9.79235,,s2g_size_sweep|intra_cta|tensor|s2g|na|batched|same_map|3584|1|1||||,data/b200/cuda-13.3-sm100/multi_context/s2g_size_sweep/s2g/20260805T095353Z__v1__2a9db18b1fda/attempt_01.csv
h100,v1,s2g_size_sweep,intra_cta,tensor,s2g,na,batched,same_map,3584,2,2,0,347,715,cycles,357.5,12.767857,10.025175,,s2g_size_sweep|intra_cta|tensor|s2g|na|batched|same_map|3584|2|2||||,data/h100/cuda-13.3-sm90/multi_context/s2g_size_sweep/s2g/20260805T095353Z__v1__6dddca765498/attempt_01.csv
h100,v1,s2g_size_sweep,intra_cta,tensor,s2g,na,batched,same_map,3584,2,2,1,303,446,cycles,223.0,7.964286,16.071749,,s2g_size_sweep|intra_cta|tensor|s2g|na|batched|same_map|3584|2|2||||,data/h100/cuda-13.3-sm90/multi_context/s2g_size_sweep/s2g/20260805T095353Z__v1__6dddca765498/attempt_01.csv
b200,v1,s2g_size_sweep,intra_cta,tensor,s2g,na,batched,same_map,3584,2,2,0,382,743,cycles,371.5,13.267857,9.647376,,s2g_size_sweep|intra_cta|tensor|s2g|na|batched|same_map|3584|2|2||||,data/b200/cuda-13.3-sm100/multi_context/s2g_size_sweep/s2g/20260805T095353Z__v1__2a9db18b1fda/attempt_01.csv
b200,v1,s2g_size_sweep,intra_cta,tensor,s2g,na,batched,same_map,3584,2,2,1,334,468,cycles,234.0,8.357143,15.316239,,s2g_size_sweep|intra_cta|tensor|s2g|na|batched|same_map|3584|2|2||||,data/b200/cuda-13.3-sm100/multi_context/s2g_size_sweep/s2g/20260805T095353Z__v1__2a9db18b1fda/attempt_01.csv
h100,v1,s2g_size_sweep,intra_cta,tensor,s2g,na,batched,same_map,3584,4,4,0,472,941,cycles,235.25,8.401786,15.234857,,s2g_size_sweep|intra_cta|tensor|s2g|na|batched|same_map|3584|4|4||||,data/h100/cuda-13.3-sm90/multi_context/s2g_size_sweep/s2g/20260805T095353Z__v1__6dddca765498/attempt_01.csv
h100,v1,s2g_size_sweep,intra_cta,tensor,s2g,na,batched,same_map,3584,4,4,1,421,683,cycles,170.75,6.098214,20.989751,,s2g_size_sweep|intra_cta|tensor|s2g|na|batched|same_map|3584|4|4||||,data/h100/cuda-13.3-sm90/multi_context/s2g_size_sweep/s2g/20260805T095353Z__v1__6dddca765498/attempt_01.csv
b200,v1,s2g_size_sweep,intra_cta,tensor,s2g,na,batched,same_map,3584,4,4,0,500,959,cycles,239.75,8.5625,14.948905,,s2g_size_sweep|intra_cta|tensor|s2g|na|batched|same_map|3584|4|4||||,data/b200/cuda-13.3-sm100/multi_context/s2g_size_sweep/s2g/20260805T095353Z__v1__2a9db18b1fda/attempt_01.csv
b200,v1,s2g_size_sweep,intra_cta,tensor,s2g,na,batched,same_map,3584,4,4,1,425,677,cycles,169.25,6.044643,21.175775,,s2g_size_sweep|intra_cta|tensor|s2g|na|batched|same_map|3584|4|4||||,data/b200/cuda-13.3-sm100/multi_context/s2g_size_sweep/s2g/20260805T095353Z__v1__2a9db18b1fda/attempt_01.csv
h100,v1,s2g_size_sweep,intra_cta,tensor,s2g,na,batched,same_map,3584,8,8,0,902,1386,cycles,173.25,6.1875,20.686869,,s2g_size_sweep|intra_cta|tensor|s2g|na|batched|same_map|3584|8|8||||,data/h100/cuda-13.3-sm90/multi_context/s2g_size_sweep/s2g/20260805T095353Z__v1__6dddca765498/attempt_01.csv
h100,v1,s2g_size_sweep,intra_cta,tensor,s2g,na,batched,same_map,3584,8,8,1,695,1124,cycles,140.5,5.017857,25.508897,,s2g_size_sweep|intra_cta|tensor|s2g|na|batched|same_map|3584|8|8||||,data/h100/cuda-13.3-sm90/multi_context/s2g_size_sweep/s2g/20260805T095353Z__v1__6dddca765498/attempt_01.csv
b200,v1,s2g_size_sweep,intra_cta,tensor,s2g,na,batched,same_map,3584,8,8,0,761,1427,cycles,178.375,6.370536,20.092502,,s2g_size_sweep|intra_cta|tensor|s2g|na|batched|same_map|3584|8|8||||,data/b200/cuda-13.3-sm100/multi_context/s2g_size_sweep/s2g/20260805T095353Z__v1__2a9db18b1fda/attempt_01.csv
b200,v1,s2g_size_sweep,intra_cta,tensor,s2g,na,batched,same_map,3584,8,8,1,762,1153,cycles,144.125,5.147321,24.867303,,s2g_size_sweep|intra_cta|tensor|s2g|na|batched|same_map|3584|8|8||||,data/b200/cuda-13.3-sm100/multi_context/s2g_size_sweep/s2g/20260805T095353Z__v1__2a9db18b1fda/attempt_01.csv
h100,v1,s2g_size_sweep,intra_cta,tensor,s2g,na,batched,same_map,3584,16,16,0,1807,2291,cycles,143.1875,5.113839,25.030118,,s2g_size_sweep|intra_cta|tensor|s2g|na|batched|same_map|3584|16|16||||,data/h100/cuda-13.3-sm90/multi_context/s2g_size_sweep/s2g/20260805T095353Z__v1__6dddca765498/attempt_01.csv
h100,v1,s2g_size_sweep,intra_cta,tensor,s2g,na,batched,same_map,3584,16,16,1,1544,2028,cycles,126.75,4.526786,28.276134,,s2g_size_sweep|intra_cta|tensor|s2g|na|batched|same_map|3584|16|16||||,data/h100/cuda-13.3-sm90/multi_context/s2g_size_sweep/s2g/20260805T095353Z__v1__6dddca765498/attempt_01.csv
b200,v1,s2g_size_sweep,intra_cta,tensor,s2g,na,batched,same_map,3584,16,16,0,1587,2306,cycles,144.125,5.147321,24.867303,,s2g_size_sweep|intra_cta|tensor|s2g|na|batched|same_map|3584|16|16||||,data/b200/cuda-13.3-sm100/multi_context/s2g_size_sweep/s2g/20260805T095353Z__v1__2a9db18b1fda/attempt_01.csv
b200,v1,s2g_size_sweep,intra_cta,tensor,s2g,na,batched,same_map,3584,16,16,1,1300,2033,cycles,127.0625,4.537946,28.206591,,s2g_size_sweep|intra_cta|tensor|s2g|na|batched|same_map|3584|16|16||||,data/b200/cuda-13.3-sm100/multi_context/s2g_size_sweep/s2g/20260805T095353Z__v1__2a9db18b1fda/attempt_01.csv
h100,v1,s2g_size_sweep,intra_cta,tensor,s2g,na,batched,same_map,3584,32,32,0,3612,4096,cycles,128.0,4.571429,28.0,,s2g_size_sweep|intra_cta|tensor|s2g|na|batched|same_map|3584|32|32||||,data/h100/cuda-13.3-sm90/multi_context/s2g_size_sweep/s2g/20260805T095353Z__v1__6dddca765498/attempt_01.csv
h100,v1,s2g_size_sweep,intra_cta,tensor,s2g,na,batched,same_map,3584,32,32,1,3352,3836,cycles,119.875,4.28125,29.89781,,s2g_size_sweep|intra_cta|tensor|s2g|na|batched|same_map|3584|32|32||||,data/h100/cuda-13.3-sm90/multi_context/s2g_size_sweep/s2g/20260805T095353Z__v1__6dddca765498/attempt_01.csv
b200,v1,s2g_size_sweep,intra_cta,tensor,s2g,na,batched,same_map,3584,32,32,0,3382,4101,cycles,128.15625,4.577009,27.965862,,s2g_size_sweep|intra_cta|tensor|s2g|na|batched|same_map|3584|32|32||||,data/b200/cuda-13.3-sm100/multi_context/s2g_size_sweep/s2g/20260805T095353Z__v1__2a9db18b1fda/attempt_01.csv
b200,v1,s2g_size_sweep,intra_cta,tensor,s2g,na,batched,same_map,3584,32,32,1,3146,3865,cycles,120.78125,4.313616,29.67348,,s2g_size_sweep|intra_cta|tensor|s2g|na|batched|same_map|3584|32|32||||,data/b200/cuda-13.3-sm100/multi_context/s2g_size_sweep/s2g/20260805T095353Z__v1__2a9db18b1fda/attempt_01.csv
h100,v4,same_direction,intra_cta,tensor,s2g,na,batched,distinct_map,4096,1,1,0,249,605,cycles,605.0,18.90625,6.770248,,same_direction|intra_cta|tensor|s2g|na|batched|distinct_map|4096|1|1||||,data/h100/cuda-13.3-sm90/multi_context/same_direction/s2g/20260803T101408Z__v4__f8a1ab2e2e59/attempt_01.csv
h100,v4,same_direction,intra_cta,tensor,s2g,na,batched,distinct_map,4096,1,1,1,215,349,cycles,349.0,10.90625,11.73639,,same_direction|intra_cta|tensor|s2g|na|batched|distinct_map|4096|1|1||||,data/h100/cuda-13.3-sm90/multi_context/same_direction/s2g/20260803T101408Z__v4__f8a1ab2e2e59/attempt_01.csv
b200,v4,same_direction,intra_cta,tensor,s2g,na,batched,distinct_map,4096,1,1,0,293,671,cycles,671.0,20.96875,6.104322,,same_direction|intra_cta|tensor|s2g|na|batched|distinct_map|4096|1|1||||,data/b200/cuda-13.3-sm100/multi_context/same_direction/s2g/20260803T101506Z__v4__446d8c69b3c8/attempt_01.csv
b200,v4,same_direction,intra_cta,tensor,s2g,na,batched,distinct_map,4096,1,1,1,245,371,cycles,371.0,11.59375,11.040431,,same_direction|intra_cta|tensor|s2g|na|batched|distinct_map|4096|1|1||||,data/b200/cuda-13.3-sm100/multi_context/same_direction/s2g/20260803T101506Z__v4__446d8c69b3c8/attempt_01.csv
ventus,v4,same_direction,intra_cta,tensor,s2g,na,batched,distinct_map,4096,1,1,0,112,281,cycles,281.0,8.78125,14.576512,,intra_cta_tensor_s2g_alternating_batched_distinct_map_4096_1,data/ventus/V3.10/multi_context/same_direction/s2g/20260803T101321Z__v4__5028e1f6dcb3/raw.csv
ventus,v4,same_direction,intra_cta,tensor,s2g,na,batched,distinct_map,4096,1,1,1,112,276,cycles,276.0,8.625,14.84058,,intra_cta_tensor_s2g_alternating_batched_distinct_map_4096_1,data/ventus/V3.10/multi_context/same_direction/s2g/20260803T101321Z__v4__5028e1f6dcb3/raw.csv
h100,v4,same_direction,intra_cta,tensor,s2g,na,batched,distinct_map,4096,2,2,0,347,873,cycles,436.5,13.640625,9.383734,,same_direction|intra_cta|tensor|s2g|na|batched|distinct_map|4096|2|2||||,data/h100/cuda-13.3-sm90/multi_context/same_direction/s2g/20260803T101408Z__v4__f8a1ab2e2e59/attempt_01.csv
h100,v4,same_direction,intra_cta,tensor,s2g,na,batched,distinct_map,4096,2,2,1,303,478,cycles,239.0,7.46875,17.138075,,same_direction|intra_cta|tensor|s2g|na|batched|distinct_map|4096|2|2||||,data/h100/cuda-13.3-sm90/multi_context/same_direction/s2g/20260803T101408Z__v4__f8a1ab2e2e59/attempt_01.csv
b200,v4,same_direction,intra_cta,tensor,s2g,na,batched,distinct_map,4096,2,2,0,382,806,cycles,403.0,12.59375,10.163772,,same_direction|intra_cta|tensor|s2g|na|batched|distinct_map|4096|2|2||||,data/b200/cuda-13.3-sm100/multi_context/same_direction/s2g/20260803T101506Z__v4__446d8c69b3c8/attempt_01.csv
b200,v4,same_direction,intra_cta,tensor,s2g,na,batched,distinct_map,4096,2,2,1,334,500,cycles,250.0,7.8125,16.384,,same_direction|intra_cta|tensor|s2g|na|batched|distinct_map|4096|2|2||||,data/b200/cuda-13.3-sm100/multi_context/same_direction/s2g/20260803T101506Z__v4__446d8c69b3c8/attempt_01.csv
ventus,v4,same_direction,intra_cta,tensor,s2g,na,batched,distinct_map,4096,2,2,0,251,452,cycles,226.0,7.0625,18.123894,,intra_cta_tensor_s2g_alternating_batched_distinct_map_4096_2,data/ventus/V3.10/multi_context/same_direction/s2g/20260803T101321Z__v4__5028e1f6dcb3/raw.csv
ventus,v4,same_direction,intra_cta,tensor,s2g,na,batched,distinct_map,4096,2,2,1,233,437,cycles,218.5,6.828125,18.745995,,intra_cta_tensor_s2g_alternating_batched_distinct_map_4096_2,data/ventus/V3.10/multi_context/same_direction/s2g/20260803T101321Z__v4__5028e1f6dcb3/raw.csv
h100,v4,same_direction,intra_cta,tensor,s2g,na,batched,distinct_map,4096,4,4,0,483,1327,cycles,331.75,10.367188,12.346647,,same_direction|intra_cta|tensor|s2g|na|batched|distinct_map|4096|4|4||||,data/h100/cuda-13.3-sm90/multi_context/same_direction/s2g/20260803T101408Z__v4__f8a1ab2e2e59/attempt_01.csv
h100,v4,same_direction,intra_cta,tensor,s2g,na,batched,distinct_map,4096,4,4,1,410,736,cycles,184.0,5.75,22.26087,,same_direction|intra_cta|tensor|s2g|na|batched|distinct_map|4096|4|4||||,data/h100/cuda-13.3-sm90/multi_context/same_direction/s2g/20260803T101408Z__v4__f8a1ab2e2e59/attempt_01.csv
b200,v4,same_direction,intra_cta,tensor,s2g,na,batched,distinct_map,4096,4,4,0,500,1153,cycles,288.25,9.007812,14.209887,,same_direction|intra_cta|tensor|s2g|na|batched|distinct_map|4096|4|4||||,data/b200/cuda-13.3-sm100/multi_context/same_direction/s2g/20260803T101506Z__v4__446d8c69b3c8/attempt_01.csv
b200,v4,same_direction,intra_cta,tensor,s2g,na,batched,distinct_map,4096,4,4,1,425,741,cycles,185.25,5.789062,22.110661,,same_direction|intra_cta|tensor|s2g|na|batched|distinct_map|4096|4|4||||,data/b200/cuda-13.3-sm100/multi_context/same_direction/s2g/20260803T101506Z__v4__446d8c69b3c8/attempt_01.csv
ventus,v4,same_direction,intra_cta,tensor,s2g,na,batched,distinct_map,4096,4,4,0,487,762,cycles,190.5,5.953125,21.501312,,intra_cta_tensor_s2g_alternating_batched_distinct_map_4096_4,data/ventus/V3.10/multi_context/same_direction/s2g/20260803T101321Z__v4__5028e1f6dcb3/raw.csv
ventus,v4,same_direction,intra_cta,tensor,s2g,na,batched,distinct_map,4096,4,4,1,476,735,cycles,183.75,5.742188,22.291156,,intra_cta_tensor_s2g_alternating_batched_distinct_map_4096_4,data/ventus/V3.10/multi_context/same_direction/s2g/20260803T101321Z__v4__5028e1f6dcb3/raw.csv
h100,v4,same_direction,intra_cta,tensor,s2g,na,batched,distinct_map,4096,8,8,0,1341,2344,cycles,293.0,9.15625,13.979522,,same_direction|intra_cta|tensor|s2g|na|batched|distinct_map|4096|8|8||||,data/h100/cuda-13.3-sm90/multi_context/same_direction/s2g/20260803T101408Z__v4__f8a1ab2e2e59/attempt_01.csv
h100,v4,same_direction,intra_cta,tensor,s2g,na,batched,distinct_map,4096,8,8,1,704,1252,cycles,156.5,4.890625,26.172524,,same_direction|intra_cta|tensor|s2g|na|batched|distinct_map|4096|8|8||||,data/h100/cuda-13.3-sm90/multi_context/same_direction/s2g/20260803T101408Z__v4__f8a1ab2e2e59/attempt_01.csv
b200,v4,same_direction,intra_cta,tensor,s2g,na,batched,distinct_map,4096,8,8,0,762,1869,cycles,233.625,7.300781,17.53237,,same_direction|intra_cta|tensor|s2g|na|batched|distinct_map|4096|8|8||||,data/b200/cuda-13.3-sm100/multi_context/same_direction/s2g/20260803T101506Z__v4__446d8c69b3c8/attempt_01.csv
b200,v4,same_direction,intra_cta,tensor,s2g,na,batched,distinct_map,4096,8,8,1,748,1281,cycles,160.125,5.003906,25.580016,,same_direction|intra_cta|tensor|s2g|na|batched|distinct_map|4096|8|8||||,data/b200/cuda-13.3-sm100/multi_context/same_direction/s2g/20260803T101506Z__v4__446d8c69b3c8/attempt_01.csv
ventus,v4,same_direction,intra_cta,tensor,s2g,na,batched,distinct_map,4096,8,8,0,1075,1366,cycles,170.75,5.335938,23.988287,,intra_cta_tensor_s2g_alternating_batched_distinct_map_4096_8,data/ventus/V3.10/multi_context/same_direction/s2g/20260803T101321Z__v4__5028e1f6dcb3/raw.csv
ventus,v4,same_direction,intra_cta,tensor,s2g,na,batched,distinct_map,4096,8,8,1,1056,1358,cycles,169.75,5.304688,24.129602,,intra_cta_tensor_s2g_alternating_batched_distinct_map_4096_8,data/ventus/V3.10/multi_context/same_direction/s2g/20260803T101321Z__v4__5028e1f6dcb3/raw.csv
h100,v4,same_direction,intra_cta,tensor,s2g,na,batched,distinct_map,4096,16,16,0,3381,4394,cycles,274.625,8.582031,14.914884,,same_direction|intra_cta|tensor|s2g|na|batched|distinct_map|4096|16|16||||,data/h100/cuda-13.3-sm90/multi_context/same_direction/s2g/20260803T101408Z__v4__f8a1ab2e2e59/attempt_01.csv
h100,v4,same_direction,intra_cta,tensor,s2g,na,batched,distinct_map,4096,16,16,1,1773,2321,cycles,145.0625,4.533203,28.236105,,same_direction|intra_cta|tensor|s2g|na|batched|distinct_map|4096|16|16||||,data/h100/cuda-13.3-sm90/multi_context/same_direction/s2g/20260803T101408Z__v4__f8a1ab2e2e59/attempt_01.csv
b200,v4,same_direction,intra_cta,tensor,s2g,na,batched,distinct_map,4096,16,16,0,2214,3376,cycles,211.0,6.59375,19.412322,,same_direction|intra_cta|tensor|s2g|na|batched|distinct_map|4096|16|16||||,data/b200/cuda-13.3-sm100/multi_context/same_direction/s2g/20260803T101506Z__v4__446d8c69b3c8/attempt_01.csv
b200,v4,same_direction,intra_cta,tensor,s2g,na,batched,distinct_map,4096,16,16,1,1545,2376,cycles,148.5,4.640625,27.582492,,same_direction|intra_cta|tensor|s2g|na|batched|distinct_map|4096|16|16||||,data/b200/cuda-13.3-sm100/multi_context/same_direction/s2g/20260803T101506Z__v4__446d8c69b3c8/attempt_01.csv
h100,v4,same_direction,intra_cta,tensor,s2g,na,batched,distinct_map,4096,32,32,0,7394,8435,cycles,263.59375,8.237305,15.539063,,same_direction|intra_cta|tensor|s2g|na|batched|distinct_map|4096|32|32||||,data/h100/cuda-13.3-sm90/multi_context/same_direction/s2g/20260803T101408Z__v4__f8a1ab2e2e59/attempt_01.csv
h100,v4,same_direction,intra_cta,tensor,s2g,na,batched,distinct_map,4096,32,32,1,4292,4840,cycles,151.25,4.726562,27.080992,,same_direction|intra_cta|tensor|s2g|na|batched|distinct_map|4096|32|32||||,data/h100/cuda-13.3-sm90/multi_context/same_direction/s2g/20260803T101408Z__v4__f8a1ab2e2e59/attempt_01.csv
b200,v4,same_direction,intra_cta,tensor,s2g,na,batched,distinct_map,4096,32,32,0,5086,6241,cycles,195.03125,6.094727,21.001763,,same_direction|intra_cta|tensor|s2g|na|batched|distinct_map|4096|32|32||||,data/b200/cuda-13.3-sm100/multi_context/same_direction/s2g/20260803T101506Z__v4__446d8c69b3c8/attempt_01.csv
b200,v4,same_direction,intra_cta,tensor,s2g,na,batched,distinct_map,4096,32,32,1,3814,4645,cycles,145.15625,4.536133,28.217869,,same_direction|intra_cta|tensor|s2g|na|batched|distinct_map|4096|32|32||||,data/b200/cuda-13.3-sm100/multi_context/same_direction/s2g/20260803T101506Z__v4__446d8c69b3c8/attempt_01.csv
h100,v1,s2g_size_sweep,intra_cta,tensor,s2g,na,batched,same_map,4096,1,1,0,238,621,cycles,621.0,19.40625,6.595813,,s2g_size_sweep|intra_cta|tensor|s2g|na|batched|same_map|4096|1|1||||,data/h100/cuda-13.3-sm90/multi_context/s2g_size_sweep/s2g/20260805T095353Z__v1__6dddca765498/attempt_01.csv
h100,v4,same_direction,intra_cta,tensor,s2g,na,batched,same_map,4096,1,1,0,249,606,cycles,606.0,18.9375,6.759076,,same_direction|intra_cta|tensor|s2g|na|batched|same_map|4096|1|1||||,data/h100/cuda-13.3-sm90/multi_context/same_direction/s2g/20260803T101408Z__v4__f8a1ab2e2e59/attempt_01.csv
h100,v1,s2g_size_sweep,intra_cta,tensor,s2g,na,batched,same_map,4096,1,1,1,226,360,cycles,360.0,11.25,11.377778,,s2g_size_sweep|intra_cta|tensor|s2g|na|batched|same_map|4096|1|1||||,data/h100/cuda-13.3-sm90/multi_context/s2g_size_sweep/s2g/20260805T095353Z__v1__6dddca765498/attempt_01.csv
h100,v4,same_direction,intra_cta,tensor,s2g,na,batched,same_map,4096,1,1,1,215,349,cycles,349.0,10.90625,11.73639,,same_direction|intra_cta|tensor|s2g|na|batched|same_map|4096|1|1||||,data/h100/cuda-13.3-sm90/multi_context/same_direction/s2g/20260803T101408Z__v4__f8a1ab2e2e59/attempt_01.csv
b200,v1,s2g_size_sweep,intra_cta,tensor,s2g,na,batched,same_map,4096,1,1,0,293,667,cycles,667.0,20.84375,6.14093,,s2g_size_sweep|intra_cta|tensor|s2g|na|batched|same_map|4096|1|1||||,data/b200/cuda-13.3-sm100/multi_context/s2g_size_sweep/s2g/20260805T095353Z__v1__2a9db18b1fda/attempt_01.csv
b200,v4,same_direction,intra_cta,tensor,s2g,na,batched,same_map,4096,1,1,0,293,667,cycles,667.0,20.84375,6.14093,,same_direction|intra_cta|tensor|s2g|na|batched|same_map|4096|1|1||||,data/b200/cuda-13.3-sm100/multi_context/same_direction/s2g/20260803T101506Z__v4__446d8c69b3c8/attempt_01.csv
b200,v1,s2g_size_sweep,intra_cta,tensor,s2g,na,batched,same_map,4096,1,1,1,245,371,cycles,371.0,11.59375,11.040431,,s2g_size_sweep|intra_cta|tensor|s2g|na|batched|same_map|4096|1|1||||,data/b200/cuda-13.3-sm100/multi_context/s2g_size_sweep/s2g/20260805T095353Z__v1__2a9db18b1fda/attempt_01.csv
b200,v4,same_direction,intra_cta,tensor,s2g,na,batched,same_map,4096,1,1,1,245,371,cycles,371.0,11.59375,11.040431,,same_direction|intra_cta|tensor|s2g|na|batched|same_map|4096|1|1||||,data/b200/cuda-13.3-sm100/multi_context/same_direction/s2g/20260803T101506Z__v4__446d8c69b3c8/attempt_01.csv
ventus,v4,same_direction,intra_cta,tensor,s2g,na,batched,same_map,4096,1,1,0,112,281,cycles,281.0,8.78125,14.576512,,intra_cta_tensor_s2g_alternating_batched_same_map_4096_1,data/ventus/V3.10/multi_context/same_direction/s2g/20260803T101321Z__v4__5028e1f6dcb3/raw.csv
ventus,v4,same_direction,intra_cta,tensor,s2g,na,batched,same_map,4096,1,1,1,112,276,cycles,276.0,8.625,14.84058,,intra_cta_tensor_s2g_alternating_batched_same_map_4096_1,data/ventus/V3.10/multi_context/same_direction/s2g/20260803T101321Z__v4__5028e1f6dcb3/raw.csv
h100,v1,s2g_size_sweep,intra_cta,tensor,s2g,na,batched,same_map,4096,2,2,0,347,759,cycles,379.5,11.859375,10.793149,,s2g_size_sweep|intra_cta|tensor|s2g|na|batched|same_map|4096|2|2||||,data/h100/cuda-13.3-sm90/multi_context/s2g_size_sweep/s2g/20260805T095353Z__v1__6dddca765498/attempt_01.csv
h100,v4,same_direction,intra_cta,tensor,s2g,na,batched,same_map,4096,2,2,0,347,736,cycles,368.0,11.5,11.130435,,same_direction|intra_cta|tensor|s2g|na|batched|same_map|4096|2|2||||,data/h100/cuda-13.3-sm90/multi_context/same_direction/s2g/20260803T101408Z__v4__f8a1ab2e2e59/attempt_01.csv
h100,v1,s2g_size_sweep,intra_cta,tensor,s2g,na,batched,same_map,4096,2,2,1,303,478,cycles,239.0,7.46875,17.138075,,s2g_size_sweep|intra_cta|tensor|s2g|na|batched|same_map|4096|2|2||||,data/h100/cuda-13.3-sm90/multi_context/s2g_size_sweep/s2g/20260805T095353Z__v1__6dddca765498/attempt_01.csv
h100,v4,same_direction,intra_cta,tensor,s2g,na,batched,same_map,4096,2,2,1,303,478,cycles,239.0,7.46875,17.138075,,same_direction|intra_cta|tensor|s2g|na|batched|same_map|4096|2|2||||,data/h100/cuda-13.3-sm90/multi_context/same_direction/s2g/20260803T101408Z__v4__f8a1ab2e2e59/attempt_01.csv
b200,v1,s2g_size_sweep,intra_cta,tensor,s2g,na,batched,same_map,4096,2,2,0,382,791,cycles,395.5,12.359375,10.356511,,s2g_size_sweep|intra_cta|tensor|s2g|na|batched|same_map|4096|2|2||||,data/b200/cuda-13.3-sm100/multi_context/s2g_size_sweep/s2g/20260805T095353Z__v1__2a9db18b1fda/attempt_01.csv
b200,v4,same_direction,intra_cta,tensor,s2g,na,batched,same_map,4096,2,2,0,382,808,cycles,404.0,12.625,10.138614,,same_direction|intra_cta|tensor|s2g|na|batched|same_map|4096|2|2||||,data/b200/cuda-13.3-sm100/multi_context/same_direction/s2g/20260803T101506Z__v4__446d8c69b3c8/attempt_01.csv
b200,v1,s2g_size_sweep,intra_cta,tensor,s2g,na,batched,same_map,4096,2,2,1,334,500,cycles,250.0,7.8125,16.384,,s2g_size_sweep|intra_cta|tensor|s2g|na|batched|same_map|4096|2|2||||,data/b200/cuda-13.3-sm100/multi_context/s2g_size_sweep/s2g/20260805T095353Z__v1__2a9db18b1fda/attempt_01.csv
b200,v4,same_direction,intra_cta,tensor,s2g,na,batched,same_map,4096,2,2,1,334,500,cycles,250.0,7.8125,16.384,,same_direction|intra_cta|tensor|s2g|na|batched|same_map|4096|2|2||||,data/b200/cuda-13.3-sm100/multi_context/same_direction/s2g/20260803T101506Z__v4__446d8c69b3c8/attempt_01.csv
ventus,v4,same_direction,intra_cta,tensor,s2g,na,batched,same_map,4096,2,2,0,228,421,cycles,210.5,6.578125,19.458432,,intra_cta_tensor_s2g_alternating_batched_same_map_4096_2,data/ventus/V3.10/multi_context/same_direction/s2g/20260803T101321Z__v4__5028e1f6dcb3/raw.csv
ventus,v4,same_direction,intra_cta,tensor,s2g,na,batched,same_map,4096,2,2,1,228,434,cycles,217.0,6.78125,18.875576,,intra_cta_tensor_s2g_alternating_batched_same_map_4096_2,data/ventus/V3.10/multi_context/same_direction/s2g/20260803T101321Z__v4__5028e1f6dcb3/raw.csv
h100,v1,s2g_size_sweep,intra_cta,tensor,s2g,na,batched,same_map,4096,4,4,0,483,989,cycles,247.25,7.726562,16.566229,,s2g_size_sweep|intra_cta|tensor|s2g|na|batched|same_map|4096|4|4||||,data/h100/cuda-13.3-sm90/multi_context/s2g_size_sweep/s2g/20260805T095353Z__v1__6dddca765498/attempt_01.csv
h100,v4,same_direction,intra_cta,tensor,s2g,na,batched,same_map,4096,4,4,0,483,1011,cycles,252.75,7.898438,16.205737,,same_direction|intra_cta|tensor|s2g|na|batched|same_map|4096|4|4||||,data/h100/cuda-13.3-sm90/multi_context/same_direction/s2g/20260803T101408Z__v4__f8a1ab2e2e59/attempt_01.csv
h100,v1,s2g_size_sweep,intra_cta,tensor,s2g,na,batched,same_map,4096,4,4,1,410,736,cycles,184.0,5.75,22.26087,,s2g_size_sweep|intra_cta|tensor|s2g|na|batched|same_map|4096|4|4||||,data/h100/cuda-13.3-sm90/multi_context/s2g_size_sweep/s2g/20260805T095353Z__v1__6dddca765498/attempt_01.csv
h100,v4,same_direction,intra_cta,tensor,s2g,na,batched,same_map,4096,4,4,1,410,736,cycles,184.0,5.75,22.26087,,same_direction|intra_cta|tensor|s2g|na|batched|same_map|4096|4|4||||,data/h100/cuda-13.3-sm90/multi_context/same_direction/s2g/20260803T101408Z__v4__f8a1ab2e2e59/attempt_01.csv
b200,v1,s2g_size_sweep,intra_cta,tensor,s2g,na,batched,same_map,4096,4,4,0,500,1014,cycles,253.5,7.921875,16.157791,,s2g_size_sweep|intra_cta|tensor|s2g|na|batched|same_map|4096|4|4||||,data/b200/cuda-13.3-sm100/multi_context/s2g_size_sweep/s2g/20260805T095353Z__v1__2a9db18b1fda/attempt_01.csv
b200,v4,same_direction,intra_cta,tensor,s2g,na,batched,same_map,4096,4,4,0,500,1043,cycles,260.75,8.148438,15.708533,,same_direction|intra_cta|tensor|s2g|na|batched|same_map|4096|4|4||||,data/b200/cuda-13.3-sm100/multi_context/same_direction/s2g/20260803T101506Z__v4__446d8c69b3c8/attempt_01.csv
b200,v1,s2g_size_sweep,intra_cta,tensor,s2g,na,batched,same_map,4096,4,4,1,425,741,cycles,185.25,5.789062,22.110661,,s2g_size_sweep|intra_cta|tensor|s2g|na|batched|same_map|4096|4|4||||,data/b200/cuda-13.3-sm100/multi_context/s2g_size_sweep/s2g/20260805T095353Z__v1__2a9db18b1fda/attempt_01.csv
b200,v4,same_direction,intra_cta,tensor,s2g,na,batched,same_map,4096,4,4,1,425,741,cycles,185.25,5.789062,22.110661,,same_direction|intra_cta|tensor|s2g|na|batched|same_map|4096|4|4||||,data/b200/cuda-13.3-sm100/multi_context/same_direction/s2g/20260803T101506Z__v4__446d8c69b3c8/attempt_01.csv
ventus,v4,same_direction,intra_cta,tensor,s2g,na,batched,same_map,4096,4,4,0,482,736,cycles,184.0,5.75,22.26087,,intra_cta_tensor_s2g_alternating_batched_same_map_4096_4,data/ventus/V3.10/multi_context/same_direction/s2g/20260803T101321Z__v4__5028e1f6dcb3/raw.csv
ventus,v4,same_direction,intra_cta,tensor,s2g,na,batched,same_map,4096,4,4,1,457,729,cycles,182.25,5.695312,22.474623,,intra_cta_tensor_s2g_alternating_batched_same_map_4096_4,data/ventus/V3.10/multi_context/same_direction/s2g/20260803T101321Z__v4__5028e1f6dcb3/raw.csv
h100,v1,s2g_size_sweep,intra_cta,tensor,s2g,na,batched,same_map,4096,8,8,0,965,1513,cycles,189.125,5.910156,21.657634,,s2g_size_sweep|intra_cta|tensor|s2g|na|batched|same_map|4096|8|8||||,data/h100/cuda-13.3-sm90/multi_context/s2g_size_sweep/s2g/20260805T095353Z__v1__6dddca765498/attempt_01.csv
h100,v4,same_direction,intra_cta,tensor,s2g,na,batched,same_map,4096,8,8,0,947,1495,cycles,186.875,5.839844,21.918395,,same_direction|intra_cta|tensor|s2g|na|batched|same_map|4096|8|8||||,data/h100/cuda-13.3-sm90/multi_context/same_direction/s2g/20260803T101408Z__v4__f8a1ab2e2e59/attempt_01.csv
h100,v1,s2g_size_sweep,intra_cta,tensor,s2g,na,batched,same_map,4096,8,8,1,704,1252,cycles,156.5,4.890625,26.172524,,s2g_size_sweep|intra_cta|tensor|s2g|na|batched|same_map|4096|8|8||||,data/h100/cuda-13.3-sm90/multi_context/s2g_size_sweep/s2g/20260805T095353Z__v1__6dddca765498/attempt_01.csv
h100,v4,same_direction,intra_cta,tensor,s2g,na,batched,same_map,4096,8,8,1,704,1252,cycles,156.5,4.890625,26.172524,,same_direction|intra_cta|tensor|s2g|na|batched|same_map|4096|8|8||||,data/h100/cuda-13.3-sm90/multi_context/same_direction/s2g/20260803T101408Z__v4__f8a1ab2e2e59/attempt_01.csv
b200,v1,s2g_size_sweep,intra_cta,tensor,s2g,na,batched,same_map,4096,8,8,0,761,1535,cycles,191.875,5.996094,21.347231,,s2g_size_sweep|intra_cta|tensor|s2g|na|batched|same_map|4096|8|8||||,data/b200/cuda-13.3-sm100/multi_context/s2g_size_sweep/s2g/20260805T095353Z__v1__2a9db18b1fda/attempt_01.csv
b200,v4,same_direction,intra_cta,tensor,s2g,na,batched,same_map,4096,8,8,0,761,1560,cycles,195.0,6.09375,21.005128,,same_direction|intra_cta|tensor|s2g|na|batched|same_map|4096|8|8||||,data/b200/cuda-13.3-sm100/multi_context/same_direction/s2g/20260803T101506Z__v4__446d8c69b3c8/attempt_01.csv
b200,v1,s2g_size_sweep,intra_cta,tensor,s2g,na,batched,same_map,4096,8,8,1,762,1281,cycles,160.125,5.003906,25.580016,,s2g_size_sweep|intra_cta|tensor|s2g|na|batched|same_map|4096|8|8||||,data/b200/cuda-13.3-sm100/multi_context/s2g_size_sweep/s2g/20260805T095353Z__v1__2a9db18b1fda/attempt_01.csv
b200,v4,same_direction,intra_cta,tensor,s2g,na,batched,same_map,4096,8,8,1,728,1281,cycles,160.125,5.003906,25.580016,,same_direction|intra_cta|tensor|s2g|na|batched|same_map|4096|8|8||||,data/b200/cuda-13.3-sm100/multi_context/same_direction/s2g/20260803T101506Z__v4__446d8c69b3c8/attempt_01.csv
ventus,v4,same_direction,intra_cta,tensor,s2g,na,batched,same_map,4096,8,8,0,1031,1322,cycles,165.25,5.164062,24.786687,,intra_cta_tensor_s2g_alternating_batched_same_map_4096_8,data/ventus/V3.10/multi_context/same_direction/s2g/20260803T101321Z__v4__5028e1f6dcb3/raw.csv
ventus,v4,same_direction,intra_cta,tensor,s2g,na,batched,same_map,4096,8,8,1,1037,1339,cycles,167.375,5.230469,24.471994,,intra_cta_tensor_s2g_alternating_batched_same_map_4096_8,data/ventus/V3.10/multi_context/same_direction/s2g/20260803T101321Z__v4__5028e1f6dcb3/raw.csv
h100,v1,s2g_size_sweep,intra_cta,tensor,s2g,na,batched,same_map,4096,16,16,0,1996,2544,cycles,159.0,4.96875,25.761006,,s2g_size_sweep|intra_cta|tensor|s2g|na|batched|same_map|4096|16|16||||,data/h100/cuda-13.3-sm90/multi_context/s2g_size_sweep/s2g/20260805T095353Z__v1__6dddca765498/attempt_01.csv
h100,v4,same_direction,intra_cta,tensor,s2g,na,batched,same_map,4096,16,16,0,1999,2547,cycles,159.1875,4.974609,25.730664,,same_direction|intra_cta|tensor|s2g|na|batched|same_map|4096|16|16||||,data/h100/cuda-13.3-sm90/multi_context/same_direction/s2g/20260803T101408Z__v4__f8a1ab2e2e59/attempt_01.csv
h100,v1,s2g_size_sweep,intra_cta,tensor,s2g,na,batched,same_map,4096,16,16,1,1747,2295,cycles,143.4375,4.482422,28.555991,,s2g_size_sweep|intra_cta|tensor|s2g|na|batched|same_map|4096|16|16||||,data/h100/cuda-13.3-sm90/multi_context/s2g_size_sweep/s2g/20260805T095353Z__v1__6dddca765498/attempt_01.csv
h100,v4,same_direction,intra_cta,tensor,s2g,na,batched,same_map,4096,16,16,1,1736,2284,cycles,142.75,4.460938,28.69352,,same_direction|intra_cta|tensor|s2g|na|batched|same_map|4096|16|16||||,data/h100/cuda-13.3-sm90/multi_context/same_direction/s2g/20260803T101408Z__v4__f8a1ab2e2e59/attempt_01.csv
b200,v1,s2g_size_sweep,intra_cta,tensor,s2g,na,batched,same_map,4096,16,16,0,1761,2592,cycles,162.0,5.0625,25.283951,,s2g_size_sweep|intra_cta|tensor|s2g|na|batched|same_map|4096|16|16||||,data/b200/cuda-13.3-sm100/multi_context/s2g_size_sweep/s2g/20260805T095353Z__v1__2a9db18b1fda/attempt_01.csv
b200,v4,same_direction,intra_cta,tensor,s2g,na,batched,same_map,4096,16,16,0,1761,2592,cycles,162.0,5.0625,25.283951,,same_direction|intra_cta|tensor|s2g|na|batched|same_map|4096|16|16||||,data/b200/cuda-13.3-sm100/multi_context/same_direction/s2g/20260803T101506Z__v4__446d8c69b3c8/attempt_01.csv
b200,v1,s2g_size_sweep,intra_cta,tensor,s2g,na,batched,same_map,4096,16,16,1,1482,2313,cycles,144.5625,4.517578,28.333766,,s2g_size_sweep|intra_cta|tensor|s2g|na|batched|same_map|4096|16|16||||,data/b200/cuda-13.3-sm100/multi_context/s2g_size_sweep/s2g/20260805T095353Z__v1__2a9db18b1fda/attempt_01.csv
b200,v4,same_direction,intra_cta,tensor,s2g,na,batched,same_map,4096,16,16,1,1482,2313,cycles,144.5625,4.517578,28.333766,,same_direction|intra_cta|tensor|s2g|na|batched|same_map|4096|16|16||||,data/b200/cuda-13.3-sm100/multi_context/same_direction/s2g/20260803T101506Z__v4__446d8c69b3c8/attempt_01.csv
h100,v1,s2g_size_sweep,intra_cta,tensor,s2g,na,batched,same_map,4096,32,32,0,4073,4621,cycles,144.40625,4.512695,28.364423,,s2g_size_sweep|intra_cta|tensor|s2g|na|batched|same_map|4096|32|32||||,data/h100/cuda-13.3-sm90/multi_context/s2g_size_sweep/s2g/20260805T095353Z__v1__6dddca765498/attempt_01.csv
h100,v4,same_direction,intra_cta,tensor,s2g,na,batched,same_map,4096,32,32,0,4066,4614,cycles,144.1875,4.505859,28.407456,,same_direction|intra_cta|tensor|s2g|na|batched|same_map|4096|32|32||||,data/h100/cuda-13.3-sm90/multi_context/same_direction/s2g/20260803T101408Z__v4__f8a1ab2e2e59/attempt_01.csv
h100,v1,s2g_size_sweep,intra_cta,tensor,s2g,na,batched,same_map,4096,32,32,1,3800,4348,cycles,135.875,4.246094,30.145354,,s2g_size_sweep|intra_cta|tensor|s2g|na|batched|same_map|4096|32|32||||,data/h100/cuda-13.3-sm90/multi_context/s2g_size_sweep/s2g/20260805T095353Z__v1__6dddca765498/attempt_01.csv
h100,v4,same_direction,intra_cta,tensor,s2g,na,batched,same_map,4096,32,32,1,3800,4348,cycles,135.875,4.246094,30.145354,,same_direction|intra_cta|tensor|s2g|na|batched|same_map|4096|32|32||||,data/h100/cuda-13.3-sm90/multi_context/same_direction/s2g/20260803T101408Z__v4__f8a1ab2e2e59/attempt_01.csv
b200,v1,s2g_size_sweep,intra_cta,tensor,s2g,na,batched,same_map,4096,32,32,0,3811,4642,cycles,145.0625,4.533203,28.236105,,s2g_size_sweep|intra_cta|tensor|s2g|na|batched|same_map|4096|32|32||||,data/b200/cuda-13.3-sm100/multi_context/s2g_size_sweep/s2g/20260805T095353Z__v1__2a9db18b1fda/attempt_01.csv
b200,v4,same_direction,intra_cta,tensor,s2g,na,batched,same_map,4096,32,32,0,3799,4630,cycles,144.6875,4.521484,28.309287,,same_direction|intra_cta|tensor|s2g|na|batched|same_map|4096|32|32||||,data/b200/cuda-13.3-sm100/multi_context/same_direction/s2g/20260803T101506Z__v4__446d8c69b3c8/attempt_01.csv
b200,v1,s2g_size_sweep,intra_cta,tensor,s2g,na,batched,same_map,4096,32,32,1,3546,4377,cycles,136.78125,4.274414,29.945625,,s2g_size_sweep|intra_cta|tensor|s2g|na|batched|same_map|4096|32|32||||,data/b200/cuda-13.3-sm100/multi_context/s2g_size_sweep/s2g/20260805T095353Z__v1__2a9db18b1fda/attempt_01.csv
b200,v4,same_direction,intra_cta,tensor,s2g,na,batched,same_map,4096,32,32,1,3546,4377,cycles,136.78125,4.274414,29.945625,,same_direction|intra_cta|tensor|s2g|na|batched|same_map|4096|32|32||||,data/b200/cuda-13.3-sm100/multi_context/same_direction/s2g/20260803T101506Z__v4__446d8c69b3c8/attempt_01.csv
h100,v4,same_direction,intra_cta,tensor,s2g,na,serial,distinct_map,4096,1,1,0,625,657,cycles,657.0,20.53125,6.234399,,same_direction|intra_cta|tensor|s2g|na|serial|distinct_map|4096|1|1||||,data/h100/cuda-13.3-sm90/multi_context/same_direction/s2g/20260803T101408Z__v4__f8a1ab2e2e59/attempt_01.csv
h100,v4,same_direction,intra_cta,tensor,s2g,na,serial,distinct_map,4096,1,1,1,373,395,cycles,395.0,12.34375,10.36962,,same_direction|intra_cta|tensor|s2g|na|serial|distinct_map|4096|1|1||||,data/h100/cuda-13.3-sm90/multi_context/same_direction/s2g/20260803T101408Z__v4__f8a1ab2e2e59/attempt_01.csv
b200,v4,same_direction,intra_cta,tensor,s2g,na,serial,distinct_map,4096,1,1,0,758,786,cycles,786.0,24.5625,5.211196,,same_direction|intra_cta|tensor|s2g|na|serial|distinct_map|4096|1|1||||,data/b200/cuda-13.3-sm100/multi_context/same_direction/s2g/20260803T101506Z__v4__446d8c69b3c8/attempt_01.csv
b200,v4,same_direction,intra_cta,tensor,s2g,na,serial,distinct_map,4096,1,1,1,418,435,cycles,435.0,13.59375,9.416092,,same_direction|intra_cta|tensor|s2g|na|serial|distinct_map|4096|1|1||||,data/b200/cuda-13.3-sm100/multi_context/same_direction/s2g/20260803T101506Z__v4__446d8c69b3c8/attempt_01.csv
ventus,v4,same_direction,intra_cta,tensor,s2g,na,serial,distinct_map,4096,1,1,0,277,285,cycles,285.0,8.90625,14.37193,,intra_cta_tensor_s2g_alternating_serial_distinct_map_4096_1,data/ventus/V3.10/multi_context/same_direction/s2g/20260803T101321Z__v4__5028e1f6dcb3/raw.csv
ventus,v4,same_direction,intra_cta,tensor,s2g,na,serial,distinct_map,4096,1,1,1,272,280,cycles,280.0,8.75,14.628571,,intra_cta_tensor_s2g_alternating_serial_distinct_map_4096_1,data/ventus/V3.10/multi_context/same_direction/s2g/20260803T101321Z__v4__5028e1f6dcb3/raw.csv
h100,v4,same_direction,intra_cta,tensor,s2g,na,serial,distinct_map,4096,2,2,0,1192,1224,cycles,612.0,19.125,6.69281,,same_direction|intra_cta|tensor|s2g|na|serial|distinct_map|4096|2|2||||,data/h100/cuda-13.3-sm90/multi_context/same_direction/s2g/20260803T101408Z__v4__f8a1ab2e2e59/attempt_01.csv
h100,v4,same_direction,intra_cta,tensor,s2g,na,serial,distinct_map,4096,2,2,1,663,685,cycles,342.5,10.703125,11.959124,,same_direction|intra_cta|tensor|s2g|na|serial|distinct_map|4096|2|2||||,data/h100/cuda-13.3-sm90/multi_context/same_direction/s2g/20260803T101408Z__v4__f8a1ab2e2e59/attempt_01.csv
b200,v4,same_direction,intra_cta,tensor,s2g,na,serial,distinct_map,4096,2,2,0,1391,1419,cycles,709.5,22.171875,5.77308,,same_direction|intra_cta|tensor|s2g|na|serial|distinct_map|4096|2|2||||,data/b200/cuda-13.3-sm100/multi_context/same_direction/s2g/20260803T101506Z__v4__446d8c69b3c8/attempt_01.csv
b200,v4,same_direction,intra_cta,tensor,s2g,na,serial,distinct_map,4096,2,2,1,774,791,cycles,395.5,12.359375,10.356511,,same_direction|intra_cta|tensor|s2g|na|serial|distinct_map|4096|2|2||||,data/b200/cuda-13.3-sm100/multi_context/same_direction/s2g/20260803T101506Z__v4__446d8c69b3c8/attempt_01.csv
ventus,v4,same_direction,intra_cta,tensor,s2g,na,serial,distinct_map,4096,2,2,0,577,585,cycles,292.5,9.140625,14.003419,,intra_cta_tensor_s2g_alternating_serial_distinct_map_4096_2,data/ventus/V3.10/multi_context/same_direction/s2g/20260803T101321Z__v4__5028e1f6dcb3/raw.csv
ventus,v4,same_direction,intra_cta,tensor,s2g,na,serial,distinct_map,4096,2,2,1,554,562,cycles,281.0,8.78125,14.576512,,intra_cta_tensor_s2g_alternating_serial_distinct_map_4096_2,data/ventus/V3.10/multi_context/same_direction/s2g/20260803T101321Z__v4__5028e1f6dcb3/raw.csv
h100,v4,same_direction,intra_cta,tensor,s2g,na,serial,distinct_map,4096,4,4,0,2222,2254,cycles,563.5,17.609375,7.268855,,same_direction|intra_cta|tensor|s2g|na|serial|distinct_map|4096|4|4||||,data/h100/cuda-13.3-sm90/multi_context/same_direction/s2g/20260803T101408Z__v4__f8a1ab2e2e59/attempt_01.csv
h100,v4,same_direction,intra_cta,tensor,s2g,na,serial,distinct_map,4096,4,4,1,1243,1265,cycles,316.25,9.882812,12.951779,,same_direction|intra_cta|tensor|s2g|na|serial|distinct_map|4096|4|4||||,data/h100/cuda-13.3-sm90/multi_context/same_direction/s2g/20260803T101408Z__v4__f8a1ab2e2e59/attempt_01.csv
b200,v4,same_direction,intra_cta,tensor,s2g,na,serial,distinct_map,4096,4,4,0,2648,2676,cycles,669.0,20.90625,6.122571,,same_direction|intra_cta|tensor|s2g|na|serial|distinct_map|4096|4|4||||,data/b200/cuda-13.3-sm100/multi_context/same_direction/s2g/20260803T101506Z__v4__446d8c69b3c8/attempt_01.csv
b200,v4,same_direction,intra_cta,tensor,s2g,na,serial,distinct_map,4096,4,4,1,1486,1503,cycles,375.75,11.742188,10.900865,,same_direction|intra_cta|tensor|s2g|na|serial|distinct_map|4096|4|4||||,data/b200/cuda-13.3-sm100/multi_context/same_direction/s2g/20260803T101506Z__v4__446d8c69b3c8/attempt_01.csv
ventus,v4,same_direction,intra_cta,tensor,s2g,na,serial,distinct_map,4096,4,4,0,1193,1201,cycles,300.25,9.382812,13.641965,,intra_cta_tensor_s2g_alternating_serial_distinct_map_4096_4,data/ventus/V3.10/multi_context/same_direction/s2g/20260803T101321Z__v4__5028e1f6dcb3/raw.csv
ventus,v4,same_direction,intra_cta,tensor,s2g,na,serial,distinct_map,4096,4,4,1,1116,1124,cycles,281.0,8.78125,14.576512,,intra_cta_tensor_s2g_alternating_serial_distinct_map_4096_4,data/ventus/V3.10/multi_context/same_direction/s2g/20260803T101321Z__v4__5028e1f6dcb3/raw.csv
h100,v4,same_direction,intra_cta,tensor,s2g,na,serial,distinct_map,4096,8,8,0,4340,4372,cycles,546.5,17.078125,7.494968,,same_direction|intra_cta|tensor|s2g|na|serial|distinct_map|4096|8|8||||,data/h100/cuda-13.3-sm90/multi_context/same_direction/s2g/20260803T101408Z__v4__f8a1ab2e2e59/attempt_01.csv
h100,v4,same_direction,intra_cta,tensor,s2g,na,serial,distinct_map,4096,8,8,1,2403,2425,cycles,303.125,9.472656,13.512577,,same_direction|intra_cta|tensor|s2g|na|serial|distinct_map|4096|8|8||||,data/h100/cuda-13.3-sm90/multi_context/same_direction/s2g/20260803T101408Z__v4__f8a1ab2e2e59/attempt_01.csv
b200,v4,same_direction,intra_cta,tensor,s2g,na,serial,distinct_map,4096,8,8,0,5140,5168,cycles,646.0,20.1875,6.340557,,same_direction|intra_cta|tensor|s2g|na|serial|distinct_map|4096|8|8||||,data/b200/cuda-13.3-sm100/multi_context/same_direction/s2g/20260803T101506Z__v4__446d8c69b3c8/attempt_01.csv
b200,v4,same_direction,intra_cta,tensor,s2g,na,serial,distinct_map,4096,8,8,1,2910,2927,cycles,365.875,11.433594,11.19508,,same_direction|intra_cta|tensor|s2g|na|serial|distinct_map|4096|8|8||||,data/b200/cuda-13.3-sm100/multi_context/same_direction/s2g/20260803T101506Z__v4__446d8c69b3c8/attempt_01.csv
ventus,v4,same_direction,intra_cta,tensor,s2g,na,serial,distinct_map,4096,8,8,0,2434,2442,cycles,305.25,9.539062,13.418509,,intra_cta_tensor_s2g_alternating_serial_distinct_map_4096_8,data/ventus/V3.10/multi_context/same_direction/s2g/20260803T101321Z__v4__5028e1f6dcb3/raw.csv
ventus,v4,same_direction,intra_cta,tensor,s2g,na,serial,distinct_map,4096,8,8,1,2384,2392,cycles,299.0,9.34375,13.698997,,intra_cta_tensor_s2g_alternating_serial_distinct_map_4096_8,data/ventus/V3.10/multi_context/same_direction/s2g/20260803T101321Z__v4__5028e1f6dcb3/raw.csv
h100,v4,same_direction,intra_cta,tensor,s2g,na,serial,distinct_map,4096,16,16,0,8659,8691,cycles,543.1875,16.974609,7.540674,,same_direction|intra_cta|tensor|s2g|na|serial|distinct_map|4096|16|16||||,data/h100/cuda-13.3-sm90/multi_context/same_direction/s2g/20260803T101408Z__v4__f8a1ab2e2e59/attempt_01.csv
h100,v4,same_direction,intra_cta,tensor,s2g,na,serial,distinct_map,4096,16,16,1,5315,5337,cycles,333.5625,10.423828,12.279558,,same_direction|intra_cta|tensor|s2g|na|serial|distinct_map|4096|16|16||||,data/h100/cuda-13.3-sm90/multi_context/same_direction/s2g/20260803T101408Z__v4__f8a1ab2e2e59/attempt_01.csv
b200,v4,same_direction,intra_cta,tensor,s2g,na,serial,distinct_map,4096,16,16,0,10170,10198,cycles,637.375,19.917969,6.426358,,same_direction|intra_cta|tensor|s2g|na|serial|distinct_map|4096|16|16||||,data/b200/cuda-13.3-sm100/multi_context/same_direction/s2g/20260803T101506Z__v4__446d8c69b3c8/attempt_01.csv
b200,v4,same_direction,intra_cta,tensor,s2g,na,serial,distinct_map,4096,16,16,1,6766,6783,cycles,423.9375,13.248047,9.661802,,same_direction|intra_cta|tensor|s2g|na|serial|distinct_map|4096|16|16||||,data/b200/cuda-13.3-sm100/multi_context/same_direction/s2g/20260803T101506Z__v4__446d8c69b3c8/attempt_01.csv
h100,v4,same_direction,intra_cta,tensor,s2g,na,serial,distinct_map,4096,32,32,0,17076,17108,cycles,534.625,16.707031,7.661445,,same_direction|intra_cta|tensor|s2g|na|serial|distinct_map|4096|32|32||||,data/h100/cuda-13.3-sm90/multi_context/same_direction/s2g/20260803T101408Z__v4__f8a1ab2e2e59/attempt_01.csv
h100,v4,same_direction,intra_cta,tensor,s2g,na,serial,distinct_map,4096,32,32,1,11412,11434,cycles,357.3125,11.166016,11.463355,,same_direction|intra_cta|tensor|s2g|na|serial|distinct_map|4096|32|32||||,data/h100/cuda-13.3-sm90/multi_context/same_direction/s2g/20260803T101408Z__v4__f8a1ab2e2e59/attempt_01.csv
b200,v4,same_direction,intra_cta,tensor,s2g,na,serial,distinct_map,4096,32,32,0,20123,20151,cycles,629.71875,19.678711,6.504491,,same_direction|intra_cta|tensor|s2g|na|serial|distinct_map|4096|32|32||||,data/b200/cuda-13.3-sm100/multi_context/same_direction/s2g/20260803T101506Z__v4__446d8c69b3c8/attempt_01.csv
b200,v4,same_direction,intra_cta,tensor,s2g,na,serial,distinct_map,4096,32,32,1,13905,13922,cycles,435.0625,13.595703,9.414739,,same_direction|intra_cta|tensor|s2g|na|serial|distinct_map|4096|32|32||||,data/b200/cuda-13.3-sm100/multi_context/same_direction/s2g/20260803T101506Z__v4__446d8c69b3c8/attempt_01.csv
h100,v4,same_direction,intra_cta,tensor,s2g,na,serial,same_map,4096,1,1,0,624,656,cycles,656.0,20.5,6.243902,,same_direction|intra_cta|tensor|s2g|na|serial|same_map|4096|1|1||||,data/h100/cuda-13.3-sm90/multi_context/same_direction/s2g/20260803T101408Z__v4__f8a1ab2e2e59/attempt_01.csv
h100,v4,same_direction,intra_cta,tensor,s2g,na,serial,same_map,4096,1,1,1,373,395,cycles,395.0,12.34375,10.36962,,same_direction|intra_cta|tensor|s2g|na|serial|same_map|4096|1|1||||,data/h100/cuda-13.3-sm90/multi_context/same_direction/s2g/20260803T101408Z__v4__f8a1ab2e2e59/attempt_01.csv
b200,v4,same_direction,intra_cta,tensor,s2g,na,serial,same_map,4096,1,1,0,761,789,cycles,789.0,24.65625,5.191381,,same_direction|intra_cta|tensor|s2g|na|serial|same_map|4096|1|1||||,data/b200/cuda-13.3-sm100/multi_context/same_direction/s2g/20260803T101506Z__v4__446d8c69b3c8/attempt_01.csv
b200,v4,same_direction,intra_cta,tensor,s2g,na,serial,same_map,4096,1,1,1,418,435,cycles,435.0,13.59375,9.416092,,same_direction|intra_cta|tensor|s2g|na|serial|same_map|4096|1|1||||,data/b200/cuda-13.3-sm100/multi_context/same_direction/s2g/20260803T101506Z__v4__446d8c69b3c8/attempt_01.csv
ventus,v4,same_direction,intra_cta,tensor,s2g,na,serial,same_map,4096,1,1,0,277,285,cycles,285.0,8.90625,14.37193,,intra_cta_tensor_s2g_alternating_serial_same_map_4096_1,data/ventus/V3.10/multi_context/same_direction/s2g/20260803T101321Z__v4__5028e1f6dcb3/raw.csv
ventus,v4,same_direction,intra_cta,tensor,s2g,na,serial,same_map,4096,1,1,1,272,280,cycles,280.0,8.75,14.628571,,intra_cta_tensor_s2g_alternating_serial_same_map_4096_1,data/ventus/V3.10/multi_context/same_direction/s2g/20260803T101321Z__v4__5028e1f6dcb3/raw.csv
h100,v4,same_direction,intra_cta,tensor,s2g,na,serial,same_map,4096,2,2,0,908,940,cycles,470.0,14.6875,8.714894,,same_direction|intra_cta|tensor|s2g|na|serial|same_map|4096|2|2||||,data/h100/cuda-13.3-sm90/multi_context/same_direction/s2g/20260803T101408Z__v4__f8a1ab2e2e59/attempt_01.csv
h100,v4,same_direction,intra_cta,tensor,s2g,na,serial,same_map,4096,2,2,1,663,685,cycles,342.5,10.703125,11.959124,,same_direction|intra_cta|tensor|s2g|na|serial|same_map|4096|2|2||||,data/h100/cuda-13.3-sm90/multi_context/same_direction/s2g/20260803T101408Z__v4__f8a1ab2e2e59/attempt_01.csv
b200,v4,same_direction,intra_cta,tensor,s2g,na,serial,same_map,4096,2,2,0,1134,1162,cycles,581.0,18.15625,7.049914,,same_direction|intra_cta|tensor|s2g|na|serial|same_map|4096|2|2||||,data/b200/cuda-13.3-sm100/multi_context/same_direction/s2g/20260803T101506Z__v4__446d8c69b3c8/attempt_01.csv
b200,v4,same_direction,intra_cta,tensor,s2g,na,serial,same_map,4096,2,2,1,774,791,cycles,395.5,12.359375,10.356511,,same_direction|intra_cta|tensor|s2g|na|serial|same_map|4096|2|2||||,data/b200/cuda-13.3-sm100/multi_context/same_direction/s2g/20260803T101506Z__v4__446d8c69b3c8/attempt_01.csv
ventus,v4,same_direction,intra_cta,tensor,s2g,na,serial,same_map,4096,2,2,0,556,564,cycles,282.0,8.8125,14.524823,,intra_cta_tensor_s2g_alternating_serial_same_map_4096_2,data/ventus/V3.10/multi_context/same_direction/s2g/20260803T101321Z__v4__5028e1f6dcb3/raw.csv
ventus,v4,same_direction,intra_cta,tensor,s2g,na,serial,same_map,4096,2,2,1,549,557,cycles,278.5,8.703125,14.707361,,intra_cta_tensor_s2g_alternating_serial_same_map_4096_2,data/ventus/V3.10/multi_context/same_direction/s2g/20260803T101321Z__v4__5028e1f6dcb3/raw.csv
h100,v4,same_direction,intra_cta,tensor,s2g,na,serial,same_map,4096,4,4,0,1475,1507,cycles,376.75,11.773438,10.871931,,same_direction|intra_cta|tensor|s2g|na|serial|same_map|4096|4|4||||,data/h100/cuda-13.3-sm90/multi_context/same_direction/s2g/20260803T101408Z__v4__f8a1ab2e2e59/attempt_01.csv
h100,v4,same_direction,intra_cta,tensor,s2g,na,serial,same_map,4096,4,4,1,1243,1265,cycles,316.25,9.882812,12.951779,,same_direction|intra_cta|tensor|s2g|na|serial|same_map|4096|4|4||||,data/h100/cuda-13.3-sm90/multi_context/same_direction/s2g/20260803T101408Z__v4__f8a1ab2e2e59/attempt_01.csv
b200,v4,same_direction,intra_cta,tensor,s2g,na,serial,same_map,4096,4,4,0,1875,1903,cycles,475.75,14.867188,8.609564,,same_direction|intra_cta|tensor|s2g|na|serial|same_map|4096|4|4||||,data/b200/cuda-13.3-sm100/multi_context/same_direction/s2g/20260803T101506Z__v4__446d8c69b3c8/attempt_01.csv
b200,v4,same_direction,intra_cta,tensor,s2g,na,serial,same_map,4096,4,4,1,1486,1503,cycles,375.75,11.742188,10.900865,,same_direction|intra_cta|tensor|s2g|na|serial|same_map|4096|4|4||||,data/b200/cuda-13.3-sm100/multi_context/same_direction/s2g/20260803T101506Z__v4__446d8c69b3c8/attempt_01.csv
ventus,v4,same_direction,intra_cta,tensor,s2g,na,serial,same_map,4096,4,4,0,1108,1116,cycles,279.0,8.71875,14.681004,,intra_cta_tensor_s2g_alternating_serial_same_map_4096_4,data/ventus/V3.10/multi_context/same_direction/s2g/20260803T101321Z__v4__5028e1f6dcb3/raw.csv
ventus,v4,same_direction,intra_cta,tensor,s2g,na,serial,same_map,4096,4,4,1,1103,1111,cycles,277.75,8.679688,14.747075,,intra_cta_tensor_s2g_alternating_serial_same_map_4096_4,data/ventus/V3.10/multi_context/same_direction/s2g/20260803T101321Z__v4__5028e1f6dcb3/raw.csv
h100,v4,same_direction,intra_cta,tensor,s2g,na,serial,same_map,4096,8,8,0,2660,2692,cycles,336.5,10.515625,12.172363,,same_direction|intra_cta|tensor|s2g|na|serial|same_map|4096|8|8||||,data/h100/cuda-13.3-sm90/multi_context/same_direction/s2g/20260803T101408Z__v4__f8a1ab2e2e59/attempt_01.csv
h100,v4,same_direction,intra_cta,tensor,s2g,na,serial,same_map,4096,8,8,1,2403,2425,cycles,303.125,9.472656,13.512577,,same_direction|intra_cta|tensor|s2g|na|serial|same_map|4096|8|8||||,data/h100/cuda-13.3-sm90/multi_context/same_direction/s2g/20260803T101408Z__v4__f8a1ab2e2e59/attempt_01.csv
b200,v4,same_direction,intra_cta,tensor,s2g,na,serial,same_map,4096,8,8,0,3271,3299,cycles,412.375,12.886719,9.932707,,same_direction|intra_cta|tensor|s2g|na|serial|same_map|4096|8|8||||,data/b200/cuda-13.3-sm100/multi_context/same_direction/s2g/20260803T101506Z__v4__446d8c69b3c8/attempt_01.csv
b200,v4,same_direction,intra_cta,tensor,s2g,na,serial,same_map,4096,8,8,1,2910,2927,cycles,365.875,11.433594,11.19508,,same_direction|intra_cta|tensor|s2g|na|serial|same_map|4096|8|8||||,data/b200/cuda-13.3-sm100/multi_context/same_direction/s2g/20260803T101506Z__v4__446d8c69b3c8/attempt_01.csv
ventus,v4,same_direction,intra_cta,tensor,s2g,na,serial,same_map,4096,8,8,0,2216,2224,cycles,278.0,8.6875,14.733813,,intra_cta_tensor_s2g_alternating_serial_same_map_4096_8,data/ventus/V3.10/multi_context/same_direction/s2g/20260803T101321Z__v4__5028e1f6dcb3/raw.csv
ventus,v4,same_direction,intra_cta,tensor,s2g,na,serial,same_map,4096,8,8,1,2211,2219,cycles,277.375,8.667969,14.767012,,intra_cta_tensor_s2g_alternating_serial_same_map_4096_8,data/ventus/V3.10/multi_context/same_direction/s2g/20260803T101321Z__v4__5028e1f6dcb3/raw.csv
h100,v4,same_direction,intra_cta,tensor,s2g,na,serial,same_map,4096,16,16,0,4984,5016,cycles,313.5,9.796875,13.065391,,same_direction|intra_cta|tensor|s2g|na|serial|same_map|4096|16|16||||,data/h100/cuda-13.3-sm90/multi_context/same_direction/s2g/20260803T101408Z__v4__f8a1ab2e2e59/attempt_01.csv
h100,v4,same_direction,intra_cta,tensor,s2g,na,serial,same_map,4096,16,16,1,4723,4745,cycles,296.5625,9.267578,13.811591,,same_direction|intra_cta|tensor|s2g|na|serial|same_map|4096|16|16||||,data/h100/cuda-13.3-sm90/multi_context/same_direction/s2g/20260803T101408Z__v4__f8a1ab2e2e59/attempt_01.csv
b200,v4,same_direction,intra_cta,tensor,s2g,na,serial,same_map,4096,16,16,0,6124,6152,cycles,384.5,12.015625,10.652796,,same_direction|intra_cta|tensor|s2g|na|serial|same_map|4096|16|16||||,data/b200/cuda-13.3-sm100/multi_context/same_direction/s2g/20260803T101506Z__v4__446d8c69b3c8/attempt_01.csv
b200,v4,same_direction,intra_cta,tensor,s2g,na,serial,same_map,4096,16,16,1,5758,5775,cycles,360.9375,11.279297,11.348225,,same_direction|intra_cta|tensor|s2g|na|serial|same_map|4096|16|16||||,data/b200/cuda-13.3-sm100/multi_context/same_direction/s2g/20260803T101506Z__v4__446d8c69b3c8/attempt_01.csv
h100,v4,same_direction,intra_cta,tensor,s2g,na,serial,same_map,4096,32,32,0,9598,9630,cycles,300.9375,9.404297,13.6108,,same_direction|intra_cta|tensor|s2g|na|serial|same_map|4096|32|32||||,data/h100/cuda-13.3-sm90/multi_context/same_direction/s2g/20260803T101408Z__v4__f8a1ab2e2e59/attempt_01.csv
h100,v4,same_direction,intra_cta,tensor,s2g,na,serial,same_map,4096,32,32,1,9363,9385,cycles,293.28125,9.165039,13.966116,,same_direction|intra_cta|tensor|s2g|na|serial|same_map|4096|32|32||||,data/h100/cuda-13.3-sm90/multi_context/same_direction/s2g/20260803T101408Z__v4__f8a1ab2e2e59/attempt_01.csv
b200,v4,same_direction,intra_cta,tensor,s2g,na,serial,same_map,4096,32,32,0,11844,11872,cycles,371.0,11.59375,11.040431,,same_direction|intra_cta|tensor|s2g|na|serial|same_map|4096|32|32||||,data/b200/cuda-13.3-sm100/multi_context/same_direction/s2g/20260803T101506Z__v4__446d8c69b3c8/attempt_01.csv
b200,v4,same_direction,intra_cta,tensor,s2g,na,serial,same_map,4096,32,32,1,11454,11471,cycles,358.46875,11.202148,11.42638,,same_direction|intra_cta|tensor|s2g|na|serial|same_map|4096|32|32||||,data/b200/cuda-13.3-sm100/multi_context/same_direction/s2g/20260803T101506Z__v4__446d8c69b3c8/attempt_01.csv
h100,v4,same_direction,multi_cta,tensor,s2g,na,batched,distinct_map,4096,1,1,0,128,320,ns,320.0,,,12.8,same_direction|multi_cta|tensor|s2g|na|batched|distinct_map|4096|1|1||||,data/h100/cuda-13.3-sm90/multi_context/same_direction/s2g/20260803T101408Z__v4__f8a1ab2e2e59/attempt_01.csv
h100,v4,same_direction,multi_cta,tensor,s2g,na,batched,distinct_map,4096,1,1,1,64,160,ns,160.0,,,25.6,same_direction|multi_cta|tensor|s2g|na|batched|distinct_map|4096|1|1||||,data/h100/cuda-13.3-sm90/multi_context/same_direction/s2g/20260803T101408Z__v4__f8a1ab2e2e59/attempt_01.csv
b200,v4,same_direction,multi_cta,tensor,s2g,na,batched,distinct_map,4096,1,1,0,32,256,ns,256.0,,,16.0,same_direction|multi_cta|tensor|s2g|na|batched|distinct_map|4096|1|1||||,data/b200/cuda-13.3-sm100/multi_context/same_direction/s2g/20260803T101506Z__v4__446d8c69b3c8/attempt_01.csv
b200,v4,same_direction,multi_cta,tensor,s2g,na,batched,distinct_map,4096,1,1,1,32,128,ns,128.0,,,32.0,same_direction|multi_cta|tensor|s2g|na|batched|distinct_map|4096|1|1||||,data/b200/cuda-13.3-sm100/multi_context/same_direction/s2g/20260803T101506Z__v4__446d8c69b3c8/attempt_01.csv
ventus,v4,same_direction,multi_cta,tensor,s2g,na,batched,distinct_map,4096,1,1,0,119,290,cycles,290.0,9.0625,14.124138,,multi_cta_tensor_s2g_alternating_batched_distinct_map_4096_1,data/ventus/V3.10/multi_context/same_direction/s2g/20260803T101321Z__v4__5028e1f6dcb3/raw.csv
ventus,v4,same_direction,multi_cta,tensor,s2g,na,batched,distinct_map,4096,1,1,1,117,270,cycles,270.0,8.4375,15.17037,,multi_cta_tensor_s2g_alternating_batched_distinct_map_4096_1,data/ventus/V3.10/multi_context/same_direction/s2g/20260803T101321Z__v4__5028e1f6dcb3/raw.csv
h100,v4,same_direction,multi_cta,tensor,s2g,na,batched,distinct_map,4096,2,2,0,128,352,ns,176.0,,,23.272727,same_direction|multi_cta|tensor|s2g|na|batched|distinct_map|4096|2|2||||,data/h100/cuda-13.3-sm90/multi_context/same_direction/s2g/20260803T101408Z__v4__f8a1ab2e2e59/attempt_01.csv
h100,v4,same_direction,multi_cta,tensor,s2g,na,batched,distinct_map,4096,2,2,1,128,224,ns,112.0,,,36.571429,same_direction|multi_cta|tensor|s2g|na|batched|distinct_map|4096|2|2||||,data/h100/cuda-13.3-sm90/multi_context/same_direction/s2g/20260803T101408Z__v4__f8a1ab2e2e59/attempt_01.csv
b200,v4,same_direction,multi_cta,tensor,s2g,na,batched,distinct_map,4096,2,2,0,32,256,ns,128.0,,,32.0,same_direction|multi_cta|tensor|s2g|na|batched|distinct_map|4096|2|2||||,data/b200/cuda-13.3-sm100/multi_context/same_direction/s2g/20260803T101506Z__v4__446d8c69b3c8/attempt_01.csv
b200,v4,same_direction,multi_cta,tensor,s2g,na,batched,distinct_map,4096,2,2,1,32,128,ns,64.0,,,64.0,same_direction|multi_cta|tensor|s2g|na|batched|distinct_map|4096|2|2||||,data/b200/cuda-13.3-sm100/multi_context/same_direction/s2g/20260803T101506Z__v4__446d8c69b3c8/attempt_01.csv
ventus,v4,same_direction,multi_cta,tensor,s2g,na,batched,distinct_map,4096,2,2,0,121,387,cycles,193.5,6.046875,21.167959,,multi_cta_tensor_s2g_alternating_batched_distinct_map_4096_2,data/ventus/V3.10/multi_context/same_direction/s2g/20260803T101321Z__v4__5028e1f6dcb3/raw.csv
ventus,v4,same_direction,multi_cta,tensor,s2g,na,batched,distinct_map,4096,2,2,1,130,370,cycles,185.0,5.78125,22.140541,,multi_cta_tensor_s2g_alternating_batched_distinct_map_4096_2,data/ventus/V3.10/multi_context/same_direction/s2g/20260803T101321Z__v4__5028e1f6dcb3/raw.csv
h100,v4,same_direction,multi_cta,tensor,s2g,na,batched,distinct_map,4096,4,4,0,128,352,ns,88.0,,,46.545455,same_direction|multi_cta|tensor|s2g|na|batched|distinct_map|4096|4|4||||,data/h100/cuda-13.3-sm90/multi_context/same_direction/s2g/20260803T101408Z__v4__f8a1ab2e2e59/attempt_01.csv
h100,v4,same_direction,multi_cta,tensor,s2g,na,batched,distinct_map,4096,4,4,1,160,256,ns,64.0,,,64.0,same_direction|multi_cta|tensor|s2g|na|batched|distinct_map|4096|4|4||||,data/h100/cuda-13.3-sm90/multi_context/same_direction/s2g/20260803T101408Z__v4__f8a1ab2e2e59/attempt_01.csv
b200,v4,same_direction,multi_cta,tensor,s2g,na,batched,distinct_map,4096,4,4,0,416,640,ns,160.0,,,25.6,same_direction|multi_cta|tensor|s2g|na|batched|distinct_map|4096|4|4||||,data/b200/cuda-13.3-sm100/multi_context/same_direction/s2g/20260803T101506Z__v4__446d8c69b3c8/attempt_01.csv
b200,v4,same_direction,multi_cta,tensor,s2g,na,batched,distinct_map,4096,4,4,1,352,416,ns,104.0,,,39.384615,same_direction|multi_cta|tensor|s2g|na|batched|distinct_map|4096|4|4||||,data/b200/cuda-13.3-sm100/multi_context/same_direction/s2g/20260803T101506Z__v4__446d8c69b3c8/attempt_01.csv
ventus,v4,same_direction,multi_cta,tensor,s2g,na,batched,distinct_map,4096,4,4,0,370,654,cycles,163.5,5.109375,25.051988,,multi_cta_tensor_s2g_alternating_batched_distinct_map_4096_4,data/ventus/V3.10/multi_context/same_direction/s2g/20260803T101321Z__v4__5028e1f6dcb3/raw.csv
ventus,v4,same_direction,multi_cta,tensor,s2g,na,batched,distinct_map,4096,4,4,1,414,609,cycles,152.25,4.757812,26.90312,,multi_cta_tensor_s2g_alternating_batched_distinct_map_4096_4,data/ventus/V3.10/multi_context/same_direction/s2g/20260803T101321Z__v4__5028e1f6dcb3/raw.csv
h100,v4,same_direction,multi_cta,tensor,s2g,na,batched,distinct_map,4096,8,8,0,128,352,ns,44.0,,,93.090909,same_direction|multi_cta|tensor|s2g|na|batched|distinct_map|4096|8|8||||,data/h100/cuda-13.3-sm90/multi_context/same_direction/s2g/20260803T101408Z__v4__f8a1ab2e2e59/attempt_01.csv
h100,v4,same_direction,multi_cta,tensor,s2g,na,batched,distinct_map,4096,8,8,1,128,224,ns,28.0,,,146.285714,same_direction|multi_cta|tensor|s2g|na|batched|distinct_map|4096|8|8||||,data/h100/cuda-13.3-sm90/multi_context/same_direction/s2g/20260803T101408Z__v4__f8a1ab2e2e59/attempt_01.csv
b200,v4,same_direction,multi_cta,tensor,s2g,na,batched,distinct_map,4096,8,8,0,160,448,ns,56.0,,,73.142857,same_direction|multi_cta|tensor|s2g|na|batched|distinct_map|4096|8|8||||,data/b200/cuda-13.3-sm100/multi_context/same_direction/s2g/20260803T101506Z__v4__446d8c69b3c8/attempt_01.csv
b200,v4,same_direction,multi_cta,tensor,s2g,na,batched,distinct_map,4096,8,8,1,256,352,ns,44.0,,,93.090909,same_direction|multi_cta|tensor|s2g|na|batched|distinct_map|4096|8|8||||,data/b200/cuda-13.3-sm100/multi_context/same_direction/s2g/20260803T101506Z__v4__446d8c69b3c8/attempt_01.csv
ventus,v4,same_direction,multi_cta,tensor,s2g,na,batched,distinct_map,4096,8,8,0,22714,22907,cycles,2863.375,89.480469,1.43048,,multi_cta_tensor_s2g_alternating_batched_distinct_map_4096_8,data/ventus/V3.10/multi_context/same_direction/s2g/20260803T101321Z__v4__5028e1f6dcb3/raw.csv
ventus,v4,same_direction,multi_cta,tensor,s2g,na,batched,distinct_map,4096,8,8,1,22629,22782,cycles,2847.75,88.992188,1.438329,,multi_cta_tensor_s2g_alternating_batched_distinct_map_4096_8,data/ventus/V3.10/multi_context/same_direction/s2g/20260803T101321Z__v4__5028e1f6dcb3/raw.csv
h100,v4,same_direction,multi_cta,tensor,s2g,na,batched,distinct_map,4096,16,16,0,320,608,ns,38.0,,,107.789474,same_direction|multi_cta|tensor|s2g|na|batched|distinct_map|4096|16|16||||,data/h100/cuda-13.3-sm90/multi_context/same_direction/s2g/20260803T101408Z__v4__f8a1ab2e2e59/attempt_01.csv
h100,v4,same_direction,multi_cta,tensor,s2g,na,batched,distinct_map,4096,16,16,1,224,320,ns,20.0,,,204.8,same_direction|multi_cta|tensor|s2g|na|batched|distinct_map|4096|16|16||||,data/h100/cuda-13.3-sm90/multi_context/same_direction/s2g/20260803T101408Z__v4__f8a1ab2e2e59/attempt_01.csv
b200,v4,same_direction,multi_cta,tensor,s2g,na,batched,distinct_map,4096,16,16,0,224,480,ns,30.0,,,136.533333,same_direction|multi_cta|tensor|s2g|na|batched|distinct_map|4096|16|16||||,data/b200/cuda-13.3-sm100/multi_context/same_direction/s2g/20260803T101506Z__v4__446d8c69b3c8/attempt_01.csv
b200,v4,same_direction,multi_cta,tensor,s2g,na,batched,distinct_map,4096,16,16,1,320,416,ns,26.0,,,157.538462,same_direction|multi_cta|tensor|s2g|na|batched|distinct_map|4096|16|16||||,data/b200/cuda-13.3-sm100/multi_context/same_direction/s2g/20260803T101506Z__v4__446d8c69b3c8/attempt_01.csv
ventus,v4,same_direction,multi_cta,tensor,s2g,na,batched,distinct_map,4096,16,16,0,50684,50874,cycles,3179.625,99.363281,1.288202,,multi_cta_tensor_s2g_alternating_batched_distinct_map_4096_16,data/ventus/V3.10/multi_context/same_direction/s2g/20260803T101321Z__v4__5028e1f6dcb3/raw.csv
ventus,v4,same_direction,multi_cta,tensor,s2g,na,batched,distinct_map,4096,16,16,1,50620,50783,cycles,3173.9375,99.185547,1.290511,,multi_cta_tensor_s2g_alternating_batched_distinct_map_4096_16,data/ventus/V3.10/multi_context/same_direction/s2g/20260803T101321Z__v4__5028e1f6dcb3/raw.csv
h100,v4,same_direction,multi_cta,tensor,s2g,na,batched,distinct_map,4096,32,32,0,320,672,ns,21.0,,,195.047619,same_direction|multi_cta|tensor|s2g|na|batched|distinct_map|4096|32|32||||,data/h100/cuda-13.3-sm90/multi_context/same_direction/s2g/20260803T101408Z__v4__f8a1ab2e2e59/attempt_01.csv
h100,v4,same_direction,multi_cta,tensor,s2g,na,batched,distinct_map,4096,32,32,1,288,384,ns,12.0,,,341.333333,same_direction|multi_cta|tensor|s2g|na|batched|distinct_map|4096|32|32||||,data/h100/cuda-13.3-sm90/multi_context/same_direction/s2g/20260803T101408Z__v4__f8a1ab2e2e59/attempt_01.csv
b200,v4,same_direction,multi_cta,tensor,s2g,na,batched,distinct_map,4096,32,32,0,384,640,ns,20.0,,,204.8,same_direction|multi_cta|tensor|s2g|na|batched|distinct_map|4096|32|32||||,data/b200/cuda-13.3-sm100/multi_context/same_direction/s2g/20260803T101506Z__v4__446d8c69b3c8/attempt_01.csv
b200,v4,same_direction,multi_cta,tensor,s2g,na,batched,distinct_map,4096,32,32,1,352,448,ns,14.0,,,292.571429,same_direction|multi_cta|tensor|s2g|na|batched|distinct_map|4096|32|32||||,data/b200/cuda-13.3-sm100/multi_context/same_direction/s2g/20260803T101506Z__v4__446d8c69b3c8/attempt_01.csv
h100,v4,same_direction,multi_cta,tensor,s2g,na,batched,same_map,4096,1,1,0,96,320,ns,320.0,,,12.8,same_direction|multi_cta|tensor|s2g|na|batched|same_map|4096|1|1||||,data/h100/cuda-13.3-sm90/multi_context/same_direction/s2g/20260803T101408Z__v4__f8a1ab2e2e59/attempt_01.csv
h100,v4,same_direction,multi_cta,tensor,s2g,na,batched,same_map,4096,1,1,1,64,160,ns,160.0,,,25.6,same_direction|multi_cta|tensor|s2g|na|batched|same_map|4096|1|1||||,data/h100/cuda-13.3-sm90/multi_context/same_direction/s2g/20260803T101408Z__v4__f8a1ab2e2e59/attempt_01.csv
b200,v4,same_direction,multi_cta,tensor,s2g,na,batched,same_map,4096,1,1,0,32,256,ns,256.0,,,16.0,same_direction|multi_cta|tensor|s2g|na|batched|same_map|4096|1|1||||,data/b200/cuda-13.3-sm100/multi_context/same_direction/s2g/20260803T101506Z__v4__446d8c69b3c8/attempt_01.csv
b200,v4,same_direction,multi_cta,tensor,s2g,na,batched,same_map,4096,1,1,1,32,128,ns,128.0,,,32.0,same_direction|multi_cta|tensor|s2g|na|batched|same_map|4096|1|1||||,data/b200/cuda-13.3-sm100/multi_context/same_direction/s2g/20260803T101506Z__v4__446d8c69b3c8/attempt_01.csv
ventus,v4,same_direction,multi_cta,tensor,s2g,na,batched,same_map,4096,1,1,0,105,276,cycles,276.0,8.625,14.84058,,multi_cta_tensor_s2g_alternating_batched_same_map_4096_1,data/ventus/V3.10/multi_context/same_direction/s2g/20260803T101321Z__v4__5028e1f6dcb3/raw.csv
ventus,v4,same_direction,multi_cta,tensor,s2g,na,batched,same_map,4096,1,1,1,105,258,cycles,258.0,8.0625,15.875969,,multi_cta_tensor_s2g_alternating_batched_same_map_4096_1,data/ventus/V3.10/multi_context/same_direction/s2g/20260803T101321Z__v4__5028e1f6dcb3/raw.csv
h100,v4,same_direction,multi_cta,tensor,s2g,na,batched,same_map,4096,2,2,0,96,320,ns,160.0,,,25.6,same_direction|multi_cta|tensor|s2g|na|batched|same_map|4096|2|2||||,data/h100/cuda-13.3-sm90/multi_context/same_direction/s2g/20260803T101408Z__v4__f8a1ab2e2e59/attempt_01.csv
h100,v4,same_direction,multi_cta,tensor,s2g,na,batched,same_map,4096,2,2,1,96,192,ns,96.0,,,42.666667,same_direction|multi_cta|tensor|s2g|na|batched|same_map|4096|2|2||||,data/h100/cuda-13.3-sm90/multi_context/same_direction/s2g/20260803T101408Z__v4__f8a1ab2e2e59/attempt_01.csv
b200,v4,same_direction,multi_cta,tensor,s2g,na,batched,same_map,4096,2,2,0,64,288,ns,144.0,,,28.444444,same_direction|multi_cta|tensor|s2g|na|batched|same_map|4096|2|2||||,data/b200/cuda-13.3-sm100/multi_context/same_direction/s2g/20260803T101506Z__v4__446d8c69b3c8/attempt_01.csv
b200,v4,same_direction,multi_cta,tensor,s2g,na,batched,same_map,4096,2,2,1,32,128,ns,64.0,,,64.0,same_direction|multi_cta|tensor|s2g|na|batched|same_map|4096|2|2||||,data/b200/cuda-13.3-sm100/multi_context/same_direction/s2g/20260803T101506Z__v4__446d8c69b3c8/attempt_01.csv
ventus,v4,same_direction,multi_cta,tensor,s2g,na,batched,same_map,4096,2,2,0,107,370,cycles,185.0,5.78125,22.140541,,multi_cta_tensor_s2g_alternating_batched_same_map_4096_2,data/ventus/V3.10/multi_context/same_direction/s2g/20260803T101321Z__v4__5028e1f6dcb3/raw.csv
ventus,v4,same_direction,multi_cta,tensor,s2g,na,batched,same_map,4096,2,2,1,123,358,cycles,179.0,5.59375,22.882682,,multi_cta_tensor_s2g_alternating_batched_same_map_4096_2,data/ventus/V3.10/multi_context/same_direction/s2g/20260803T101321Z__v4__5028e1f6dcb3/raw.csv
h100,v4,same_direction,multi_cta,tensor,s2g,na,batched,same_map,4096,4,4,0,128,352,ns,88.0,,,46.545455,same_direction|multi_cta|tensor|s2g|na|batched|same_map|4096|4|4||||,data/h100/cuda-13.3-sm90/multi_context/same_direction/s2g/20260803T101408Z__v4__f8a1ab2e2e59/attempt_01.csv
h100,v4,same_direction,multi_cta,tensor,s2g,na,batched,same_map,4096,4,4,1,128,224,ns,56.0,,,73.142857,same_direction|multi_cta|tensor|s2g|na|batched|same_map|4096|4|4||||,data/h100/cuda-13.3-sm90/multi_context/same_direction/s2g/20260803T101408Z__v4__f8a1ab2e2e59/attempt_01.csv
b200,v4,same_direction,multi_cta,tensor,s2g,na,batched,same_map,4096,4,4,0,224,448,ns,112.0,,,36.571429,same_direction|multi_cta|tensor|s2g|na|batched|same_map|4096|4|4||||,data/b200/cuda-13.3-sm100/multi_context/same_direction/s2g/20260803T101506Z__v4__446d8c69b3c8/attempt_01.csv
b200,v4,same_direction,multi_cta,tensor,s2g,na,batched,same_map,4096,4,4,1,352,448,ns,112.0,,,36.571429,same_direction|multi_cta|tensor|s2g|na|batched|same_map|4096|4|4||||,data/b200/cuda-13.3-sm100/multi_context/same_direction/s2g/20260803T101506Z__v4__446d8c69b3c8/attempt_01.csv
ventus,v4,same_direction,multi_cta,tensor,s2g,na,batched,same_map,4096,4,4,0,313,605,cycles,151.25,4.726562,27.080992,,multi_cta_tensor_s2g_alternating_batched_same_map_4096_4,data/ventus/V3.10/multi_context/same_direction/s2g/20260803T101321Z__v4__5028e1f6dcb3/raw.csv
ventus,v4,same_direction,multi_cta,tensor,s2g,na,batched,same_map,4096,4,4,1,245,583,cycles,145.75,4.554688,28.102916,,multi_cta_tensor_s2g_alternating_batched_same_map_4096_4,data/ventus/V3.10/multi_context/same_direction/s2g/20260803T101321Z__v4__5028e1f6dcb3/raw.csv
h100,v4,same_direction,multi_cta,tensor,s2g,na,batched,same_map,4096,8,8,0,128,352,ns,44.0,,,93.090909,same_direction|multi_cta|tensor|s2g|na|batched|same_map|4096|8|8||||,data/h100/cuda-13.3-sm90/multi_context/same_direction/s2g/20260803T101408Z__v4__f8a1ab2e2e59/attempt_01.csv
h100,v4,same_direction,multi_cta,tensor,s2g,na,batched,same_map,4096,8,8,1,160,256,ns,32.0,,,128.0,same_direction|multi_cta|tensor|s2g|na|batched|same_map|4096|8|8||||,data/h100/cuda-13.3-sm90/multi_context/same_direction/s2g/20260803T101408Z__v4__f8a1ab2e2e59/attempt_01.csv
b200,v4,same_direction,multi_cta,tensor,s2g,na,batched,same_map,4096,8,8,0,384,576,ns,72.0,,,56.888889,same_direction|multi_cta|tensor|s2g|na|batched|same_map|4096|8|8||||,data/b200/cuda-13.3-sm100/multi_context/same_direction/s2g/20260803T101506Z__v4__446d8c69b3c8/attempt_01.csv
b200,v4,same_direction,multi_cta,tensor,s2g,na,batched,same_map,4096,8,8,1,320,384,ns,48.0,,,85.333333,same_direction|multi_cta|tensor|s2g|na|batched|same_map|4096|8|8||||,data/b200/cuda-13.3-sm100/multi_context/same_direction/s2g/20260803T101506Z__v4__446d8c69b3c8/attempt_01.csv
ventus,v4,same_direction,multi_cta,tensor,s2g,na,batched,same_map,4096,8,8,0,20864,21100,cycles,2637.5,82.421875,1.552986,,multi_cta_tensor_s2g_alternating_batched_same_map_4096_8,data/ventus/V3.10/multi_context/same_direction/s2g/20260803T101321Z__v4__5028e1f6dcb3/raw.csv
ventus,v4,same_direction,multi_cta,tensor,s2g,na,batched,same_map,4096,8,8,1,20840,21007,cycles,2625.875,82.058594,1.559861,,multi_cta_tensor_s2g_alternating_batched_same_map_4096_8,data/ventus/V3.10/multi_context/same_direction/s2g/20260803T101321Z__v4__5028e1f6dcb3/raw.csv
h100,v4,same_direction,multi_cta,tensor,s2g,na,batched,same_map,4096,16,16,0,352,544,ns,34.0,,,120.470588,same_direction|multi_cta|tensor|s2g|na|batched|same_map|4096|16|16||||,data/h100/cuda-13.3-sm90/multi_context/same_direction/s2g/20260803T101408Z__v4__f8a1ab2e2e59/attempt_01.csv
h100,v4,same_direction,multi_cta,tensor,s2g,na,batched,same_map,4096,16,16,1,224,320,ns,20.0,,,204.8,same_direction|multi_cta|tensor|s2g|na|batched|same_map|4096|16|16||||,data/h100/cuda-13.3-sm90/multi_context/same_direction/s2g/20260803T101408Z__v4__f8a1ab2e2e59/attempt_01.csv
b200,v4,same_direction,multi_cta,tensor,s2g,na,batched,same_map,4096,16,16,0,192,448,ns,28.0,,,146.285714,same_direction|multi_cta|tensor|s2g|na|batched|same_map|4096|16|16||||,data/b200/cuda-13.3-sm100/multi_context/same_direction/s2g/20260803T101506Z__v4__446d8c69b3c8/attempt_01.csv
b200,v4,same_direction,multi_cta,tensor,s2g,na,batched,same_map,4096,16,16,1,256,352,ns,22.0,,,186.181818,same_direction|multi_cta|tensor|s2g|na|batched|same_map|4096|16|16||||,data/b200/cuda-13.3-sm100/multi_context/same_direction/s2g/20260803T101506Z__v4__446d8c69b3c8/attempt_01.csv
ventus,v4,same_direction,multi_cta,tensor,s2g,na,batched,same_map,4096,16,16,0,48592,48770,cycles,3048.125,95.253906,1.343777,,multi_cta_tensor_s2g_alternating_batched_same_map_4096_16,data/ventus/V3.10/multi_context/same_direction/s2g/20260803T101321Z__v4__5028e1f6dcb3/raw.csv
ventus,v4,same_direction,multi_cta,tensor,s2g,na,batched,same_map,4096,16,16,1,48534,48696,cycles,3043.5,95.109375,1.345819,,multi_cta_tensor_s2g_alternating_batched_same_map_4096_16,data/ventus/V3.10/multi_context/same_direction/s2g/20260803T101321Z__v4__5028e1f6dcb3/raw.csv
h100,v4,same_direction,multi_cta,tensor,s2g,na,batched,same_map,4096,32,32,0,288,512,ns,16.0,,,256.0,same_direction|multi_cta|tensor|s2g|na|batched|same_map|4096|32|32||||,data/h100/cuda-13.3-sm90/multi_context/same_direction/s2g/20260803T101408Z__v4__f8a1ab2e2e59/attempt_01.csv
h100,v4,same_direction,multi_cta,tensor,s2g,na,batched,same_map,4096,32,32,1,320,416,ns,13.0,,,315.076923,same_direction|multi_cta|tensor|s2g|na|batched|same_map|4096|32|32||||,data/h100/cuda-13.3-sm90/multi_context/same_direction/s2g/20260803T101408Z__v4__f8a1ab2e2e59/attempt_01.csv
b200,v4,same_direction,multi_cta,tensor,s2g,na,batched,same_map,4096,32,32,0,384,608,ns,19.0,,,215.578947,same_direction|multi_cta|tensor|s2g|na|batched|same_map|4096|32|32||||,data/b200/cuda-13.3-sm100/multi_context/same_direction/s2g/20260803T101506Z__v4__446d8c69b3c8/attempt_01.csv
b200,v4,same_direction,multi_cta,tensor,s2g,na,batched,same_map,4096,32,32,1,352,448,ns,14.0,,,292.571429,same_direction|multi_cta|tensor|s2g|na|batched|same_map|4096|32|32||||,data/b200/cuda-13.3-sm100/multi_context/same_direction/s2g/20260803T101506Z__v4__446d8c69b3c8/attempt_01.csv
ventus,v4,same_direction,multi_cta,tensor,s2g,na,batched,same_map,4096,32,32,0,118232,118390,cycles,3699.6875,115.615234,1.107121,,multi_cta_tensor_s2g_alternating_batched_same_map_4096_32,data/ventus/V3.10/multi_context/same_direction/s2g/20260803T101321Z__v4__5028e1f6dcb3/raw.csv
ventus,v4,same_direction,multi_cta,tensor,s2g,na,batched,same_map,4096,32,32,1,118115,118276,cycles,3696.125,115.503906,1.108188,,multi_cta_tensor_s2g_alternating_batched_same_map_4096_32,data/ventus/V3.10/multi_context/same_direction/s2g/20260803T101321Z__v4__5028e1f6dcb3/raw.csv
h100,v3,mixed_direction,intra_cta,bulk,mixed,alternating,batched,na,128,1,2,0,449,717,cycles,358.5,358.5,0.357043,,mixed_direction|intra_cta|bulk|mixed|alternating|batched|na|128|1|2||||,data/h100/cuda-13.3-sm90/multi_context/mixed_direction/mixed/20260803T092443Z__v3__c462b34c8090/attempt_01.csv
h100,v3,mixed_direction,intra_cta,bulk,mixed,g2s_then_s2g,batched,na,128,1,2,0,561,677,cycles,338.5,338.5,0.378139,,mixed_direction|intra_cta|bulk|mixed|g2s_then_s2g|batched|na|128|1|2||||,data/h100/cuda-13.3-sm90/multi_context/mixed_direction/mixed/20260803T092443Z__v3__c462b34c8090/attempt_01.csv
h100,v3,mixed_direction,intra_cta,bulk,mixed,s2g_then_g2s,batched,na,128,1,2,0,510,789,cycles,394.5,394.5,0.324461,,mixed_direction|intra_cta|bulk|mixed|s2g_then_g2s|batched|na|128|1|2||||,data/h100/cuda-13.3-sm90/multi_context/mixed_direction/mixed/20260803T092443Z__v3__c462b34c8090/attempt_01.csv
h100,v3,mixed_direction,intra_cta,bulk,mixed,alternating,batched,na,128,1,2,1,376,633,cycles,316.5,316.5,0.404423,,mixed_direction|intra_cta|bulk|mixed|alternating|batched|na|128|1|2||||,data/h100/cuda-13.3-sm90/multi_context/mixed_direction/mixed/20260803T092443Z__v3__c462b34c8090/attempt_01.csv
h100,v3,mixed_direction,intra_cta,bulk,mixed,g2s_then_s2g,batched,na,128,1,2,1,457,573,cycles,286.5,286.5,0.446771,,mixed_direction|intra_cta|bulk|mixed|g2s_then_s2g|batched|na|128|1|2||||,data/h100/cuda-13.3-sm90/multi_context/mixed_direction/mixed/20260803T092443Z__v3__c462b34c8090/attempt_01.csv
h100,v3,mixed_direction,intra_cta,bulk,mixed,s2g_then_g2s,batched,na,128,1,2,1,471,728,cycles,364.0,364.0,0.351648,,mixed_direction|intra_cta|bulk|mixed|s2g_then_g2s|batched|na|128|1|2||||,data/h100/cuda-13.3-sm90/multi_context/mixed_direction/mixed/20260803T092443Z__v3__c462b34c8090/attempt_01.csv
b200,v3,mixed_direction,intra_cta,bulk,mixed,alternating,batched,na,128,1,2,0,454,761,cycles,380.5,380.5,0.336399,,mixed_direction|intra_cta|bulk|mixed|alternating|batched|na|128|1|2||||,data/b200/cuda-13.3-sm100/multi_context/mixed_direction/mixed/20260803T094309Z__v3__206fc377d643/attempt_01.csv
b200,v3,mixed_direction,intra_cta,bulk,mixed,g2s_then_s2g,batched,na,128,1,2,0,456,638,cycles,319.0,319.0,0.401254,,mixed_direction|intra_cta|bulk|mixed|g2s_then_s2g|batched|na|128|1|2||||,data/b200/cuda-13.3-sm100/multi_context/mixed_direction/mixed/20260803T094309Z__v3__206fc377d643/attempt_01.csv
b200,v3,mixed_direction,intra_cta,bulk,mixed,s2g_then_g2s,batched,na,128,1,2,0,484,791,cycles,395.5,395.5,0.323641,,mixed_direction|intra_cta|bulk|mixed|s2g_then_g2s|batched|na|128|1|2||||,data/b200/cuda-13.3-sm100/multi_context/mixed_direction/mixed/20260803T094309Z__v3__206fc377d643/attempt_01.csv
b200,v3,mixed_direction,intra_cta,bulk,mixed,alternating,batched,na,128,1,2,1,339,633,cycles,316.5,316.5,0.404423,,mixed_direction|intra_cta|bulk|mixed|alternating|batched|na|128|1|2||||,data/b200/cuda-13.3-sm100/multi_context/mixed_direction/mixed/20260803T094309Z__v3__206fc377d643/attempt_01.csv
b200,v3,mixed_direction,intra_cta,bulk,mixed,g2s_then_s2g,batched,na,128,1,2,1,391,633,cycles,316.5,316.5,0.404423,,mixed_direction|intra_cta|bulk|mixed|g2s_then_s2g|batched|na|128|1|2||||,data/b200/cuda-13.3-sm100/multi_context/mixed_direction/mixed/20260803T094309Z__v3__206fc377d643/attempt_01.csv
b200,v3,mixed_direction,intra_cta,bulk,mixed,s2g_then_g2s,batched,na,128,1,2,1,482,775,cycles,387.5,387.5,0.330323,,mixed_direction|intra_cta|bulk|mixed|s2g_then_g2s|batched|na|128|1|2||||,data/b200/cuda-13.3-sm100/multi_context/mixed_direction/mixed/20260803T094309Z__v3__206fc377d643/attempt_01.csv
ventus,v3,mixed_direction,intra_cta,bulk,mixed,alternating,batched,na,128,1,2,0,123,169,cycles,84.5,84.5,1.514793,,intra_cta_bulk_mixed_alternating_batched_same_map_128_1,data/ventus/V3.10/multi_context/mixed_direction/mixed/20260803T103017Z__v3__e1a866548aad/raw.csv
ventus,v3,mixed_direction,intra_cta,bulk,mixed,g2s_then_s2g,batched,na,128,1,2,0,123,169,cycles,84.5,84.5,1.514793,,intra_cta_bulk_mixed_g2s_then_s2g_batched_same_map_128_1,data/ventus/V3.10/multi_context/mixed_direction/mixed/20260803T103017Z__v3__e1a866548aad/raw.csv
ventus,v3,mixed_direction,intra_cta,bulk,mixed,s2g_then_g2s,batched,na,128,1,2,0,122,160,cycles,80.0,80.0,1.6,,intra_cta_bulk_mixed_s2g_then_g2s_batched_same_map_128_1,data/ventus/V3.10/multi_context/mixed_direction/mixed/20260803T103017Z__v3__e1a866548aad/raw.csv
ventus,v3,mixed_direction,intra_cta,bulk,mixed,alternating,batched,na,128,1,2,1,132,186,cycles,93.0,93.0,1.376344,,intra_cta_bulk_mixed_alternating_batched_same_map_128_1,data/ventus/V3.10/multi_context/mixed_direction/mixed/20260803T103017Z__v3__e1a866548aad/raw.csv
ventus,v3,mixed_direction,intra_cta,bulk,mixed,g2s_then_s2g,batched,na,128,1,2,1,131,182,cycles,91.0,91.0,1.406593,,intra_cta_bulk_mixed_g2s_then_s2g_batched_same_map_128_1,data/ventus/V3.10/multi_context/mixed_direction/mixed/20260803T103017Z__v3__e1a866548aad/raw.csv
ventus,v3,mixed_direction,intra_cta,bulk,mixed,s2g_then_g2s,batched,na,128,1,2,1,131,178,cycles,89.0,89.0,1.438202,,intra_cta_bulk_mixed_s2g_then_g2s_batched_same_map_128_1,data/ventus/V3.10/multi_context/mixed_direction/mixed/20260803T103017Z__v3__e1a866548aad/raw.csv
h100,v3,mixed_direction,intra_cta,bulk,mixed,alternating,batched,na,128,2,4,0,611,818,cycles,204.5,204.5,0.625917,,mixed_direction|intra_cta|bulk|mixed|alternating|batched|na|128|2|4||||,data/h100/cuda-13.3-sm90/multi_context/mixed_direction/mixed/20260803T092443Z__v3__c462b34c8090/attempt_01.csv
h100,v3,mixed_direction,intra_cta,bulk,mixed,g2s_then_s2g,batched,na,128,2,4,0,701,908,cycles,227.0,227.0,0.563877,,mixed_direction|intra_cta|bulk|mixed|g2s_then_s2g|batched|na|128|2|4||||,data/h100/cuda-13.3-sm90/multi_context/mixed_direction/mixed/20260803T092443Z__v3__c462b34c8090/attempt_01.csv
h100,v3,mixed_direction,intra_cta,bulk,mixed,s2g_then_g2s,batched,na,128,2,4,0,716,923,cycles,230.75,230.75,0.554713,,mixed_direction|intra_cta|bulk|mixed|s2g_then_g2s|batched|na|128|2|4||||,data/h100/cuda-13.3-sm90/multi_context/mixed_direction/mixed/20260803T092443Z__v3__c462b34c8090/attempt_01.csv
h100,v3,mixed_direction,intra_cta,bulk,mixed,alternating,batched,na,128,2,4,1,572,779,cycles,194.75,194.75,0.657253,,mixed_direction|intra_cta|bulk|mixed|alternating|batched|na|128|2|4||||,data/h100/cuda-13.3-sm90/multi_context/mixed_direction/mixed/20260803T092443Z__v3__c462b34c8090/attempt_01.csv
h100,v3,mixed_direction,intra_cta,bulk,mixed,g2s_then_s2g,batched,na,128,2,4,1,707,914,cycles,228.5,228.5,0.560175,,mixed_direction|intra_cta|bulk|mixed|g2s_then_s2g|batched|na|128|2|4||||,data/h100/cuda-13.3-sm90/multi_context/mixed_direction/mixed/20260803T092443Z__v3__c462b34c8090/attempt_01.csv
h100,v3,mixed_direction,intra_cta,bulk,mixed,s2g_then_g2s,batched,na,128,2,4,1,716,1064,cycles,266.0,266.0,0.481203,,mixed_direction|intra_cta|bulk|mixed|s2g_then_g2s|batched|na|128|2|4||||,data/h100/cuda-13.3-sm90/multi_context/mixed_direction/mixed/20260803T092443Z__v3__c462b34c8090/attempt_01.csv
b200,v3,mixed_direction,intra_cta,bulk,mixed,alternating,batched,na,128,2,4,0,566,839,cycles,209.75,209.75,0.61025,,mixed_direction|intra_cta|bulk|mixed|alternating|batched|na|128|2|4||||,data/b200/cuda-13.3-sm100/multi_context/mixed_direction/mixed/20260803T094309Z__v3__206fc377d643/attempt_01.csv
b200,v3,mixed_direction,intra_cta,bulk,mixed,g2s_then_s2g,batched,na,128,2,4,0,692,965,cycles,241.25,241.25,0.53057,,mixed_direction|intra_cta|bulk|mixed|g2s_then_s2g|batched|na|128|2|4||||,data/b200/cuda-13.3-sm100/multi_context/mixed_direction/mixed/20260803T094309Z__v3__206fc377d643/attempt_01.csv
b200,v3,mixed_direction,intra_cta,bulk,mixed,s2g_then_g2s,batched,na,128,2,4,0,660,933,cycles,233.25,233.25,0.548767,,mixed_direction|intra_cta|bulk|mixed|s2g_then_g2s|batched|na|128|2|4||||,data/b200/cuda-13.3-sm100/multi_context/mixed_direction/mixed/20260803T094309Z__v3__206fc377d643/attempt_01.csv
b200,v3,mixed_direction,intra_cta,bulk,mixed,alternating,batched,na,128,2,4,1,498,706,cycles,176.5,176.5,0.725212,,mixed_direction|intra_cta|bulk|mixed|alternating|batched|na|128|2|4||||,data/b200/cuda-13.3-sm100/multi_context/mixed_direction/mixed/20260803T094309Z__v3__206fc377d643/attempt_01.csv
b200,v3,mixed_direction,intra_cta,bulk,mixed,g2s_then_s2g,batched,na,128,2,4,1,629,837,cycles,209.25,209.25,0.611708,,mixed_direction|intra_cta|bulk|mixed|g2s_then_s2g|batched|na|128|2|4||||,data/b200/cuda-13.3-sm100/multi_context/mixed_direction/mixed/20260803T094309Z__v3__206fc377d643/attempt_01.csv
b200,v3,mixed_direction,intra_cta,bulk,mixed,s2g_then_g2s,batched,na,128,2,4,1,660,993,cycles,248.25,248.25,0.515609,,mixed_direction|intra_cta|bulk|mixed|s2g_then_g2s|batched|na|128|2|4||||,data/b200/cuda-13.3-sm100/multi_context/mixed_direction/mixed/20260803T094309Z__v3__206fc377d643/attempt_01.csv
h100,v3,mixed_direction,intra_cta,bulk,mixed,alternating,batched,na,128,4,8,0,860,1249,cycles,156.125,156.125,0.819856,,mixed_direction|intra_cta|bulk|mixed|alternating|batched|na|128|4|8||||,data/h100/cuda-13.3-sm90/multi_context/mixed_direction/mixed/20260803T092443Z__v3__c462b34c8090/attempt_01.csv
h100,v3,mixed_direction,intra_cta,bulk,mixed,g2s_then_s2g,batched,na,128,4,8,0,935,1324,cycles,165.5,165.5,0.773414,,mixed_direction|intra_cta|bulk|mixed|g2s_then_s2g|batched|na|128|4|8||||,data/h100/cuda-13.3-sm90/multi_context/mixed_direction/mixed/20260803T092443Z__v3__c462b34c8090/attempt_01.csv
h100,v3,mixed_direction,intra_cta,bulk,mixed,s2g_then_g2s,batched,na,128,4,8,0,994,1383,cycles,172.875,172.875,0.740419,,mixed_direction|intra_cta|bulk|mixed|s2g_then_g2s|batched|na|128|4|8||||,data/h100/cuda-13.3-sm90/multi_context/mixed_direction/mixed/20260803T092443Z__v3__c462b34c8090/attempt_01.csv
h100,v3,mixed_direction,intra_cta,bulk,mixed,alternating,batched,na,128,4,8,1,820,1209,cycles,151.125,151.125,0.846981,,mixed_direction|intra_cta|bulk|mixed|alternating|batched|na|128|4|8||||,data/h100/cuda-13.3-sm90/multi_context/mixed_direction/mixed/20260803T092443Z__v3__c462b34c8090/attempt_01.csv
h100,v3,mixed_direction,intra_cta,bulk,mixed,g2s_then_s2g,batched,na,128,4,8,1,946,1335,cycles,166.875,166.875,0.767041,,mixed_direction|intra_cta|bulk|mixed|g2s_then_s2g|batched|na|128|4|8||||,data/h100/cuda-13.3-sm90/multi_context/mixed_direction/mixed/20260803T092443Z__v3__c462b34c8090/attempt_01.csv
h100,v3,mixed_direction,intra_cta,bulk,mixed,s2g_then_g2s,batched,na,128,4,8,1,959,1348,cycles,168.5,168.5,0.759644,,mixed_direction|intra_cta|bulk|mixed|s2g_then_g2s|batched|na|128|4|8||||,data/h100/cuda-13.3-sm90/multi_context/mixed_direction/mixed/20260803T092443Z__v3__c462b34c8090/attempt_01.csv
b200,v3,mixed_direction,intra_cta,bulk,mixed,alternating,batched,na,128,4,8,0,801,1256,cycles,157.0,157.0,0.815287,,mixed_direction|intra_cta|bulk|mixed|alternating|batched|na|128|4|8||||,data/b200/cuda-13.3-sm100/multi_context/mixed_direction/mixed/20260803T094309Z__v3__206fc377d643/attempt_01.csv
b200,v3,mixed_direction,intra_cta,bulk,mixed,g2s_then_s2g,batched,na,128,4,8,0,948,1403,cycles,175.375,175.375,0.729865,,mixed_direction|intra_cta|bulk|mixed|g2s_then_s2g|batched|na|128|4|8||||,data/b200/cuda-13.3-sm100/multi_context/mixed_direction/mixed/20260803T094309Z__v3__206fc377d643/attempt_01.csv
b200,v3,mixed_direction,intra_cta,bulk,mixed,s2g_then_g2s,batched,na,128,4,8,0,948,1403,cycles,175.375,175.375,0.729865,,mixed_direction|intra_cta|bulk|mixed|s2g_then_g2s|batched|na|128|4|8||||,data/b200/cuda-13.3-sm100/multi_context/mixed_direction/mixed/20260803T094309Z__v3__206fc377d643/attempt_01.csv
b200,v3,mixed_direction,intra_cta,bulk,mixed,alternating,batched,na,128,4,8,1,801,1191,cycles,148.875,148.875,0.859782,,mixed_direction|intra_cta|bulk|mixed|alternating|batched|na|128|4|8||||,data/b200/cuda-13.3-sm100/multi_context/mixed_direction/mixed/20260803T094309Z__v3__206fc377d643/attempt_01.csv
b200,v3,mixed_direction,intra_cta,bulk,mixed,g2s_then_s2g,batched,na,128,4,8,1,948,1338,cycles,167.25,167.25,0.765321,,mixed_direction|intra_cta|bulk|mixed|g2s_then_s2g|batched|na|128|4|8||||,data/b200/cuda-13.3-sm100/multi_context/mixed_direction/mixed/20260803T094309Z__v3__206fc377d643/attempt_01.csv
b200,v3,mixed_direction,intra_cta,bulk,mixed,s2g_then_g2s,batched,na,128,4,8,1,948,1338,cycles,167.25,167.25,0.765321,,mixed_direction|intra_cta|bulk|mixed|s2g_then_g2s|batched|na|128|4|8||||,data/b200/cuda-13.3-sm100/multi_context/mixed_direction/mixed/20260803T094309Z__v3__206fc377d643/attempt_01.csv
h100,v3,mixed_direction,intra_cta,bulk,mixed,alternating,batched,na,128,8,16,0,1399,2152,cycles,134.5,134.5,0.951673,,mixed_direction|intra_cta|bulk|mixed|alternating|batched|na|128|8|16||||,data/h100/cuda-13.3-sm90/multi_context/mixed_direction/mixed/20260803T092443Z__v3__c462b34c8090/attempt_01.csv
h100,v3,mixed_direction,intra_cta,bulk,mixed,g2s_then_s2g,batched,na,128,8,16,0,1635,2388,cycles,149.25,149.25,0.857621,,mixed_direction|intra_cta|bulk|mixed|g2s_then_s2g|batched|na|128|8|16||||,data/h100/cuda-13.3-sm90/multi_context/mixed_direction/mixed/20260803T092443Z__v3__c462b34c8090/attempt_01.csv
h100,v3,mixed_direction,intra_cta,bulk,mixed,s2g_then_g2s,batched,na,128,8,16,0,1594,2347,cycles,146.6875,146.6875,0.872603,,mixed_direction|intra_cta|bulk|mixed|s2g_then_g2s|batched|na|128|8|16||||,data/h100/cuda-13.3-sm90/multi_context/mixed_direction/mixed/20260803T092443Z__v3__c462b34c8090/attempt_01.csv
h100,v3,mixed_direction,intra_cta,bulk,mixed,alternating,batched,na,128,8,16,1,1399,2152,cycles,134.5,134.5,0.951673,,mixed_direction|intra_cta|bulk|mixed|alternating|batched|na|128|8|16||||,data/h100/cuda-13.3-sm90/multi_context/mixed_direction/mixed/20260803T092443Z__v3__c462b34c8090/attempt_01.csv
h100,v3,mixed_direction,intra_cta,bulk,mixed,g2s_then_s2g,batched,na,128,8,16,1,1583,2336,cycles,146.0,146.0,0.876712,,mixed_direction|intra_cta|bulk|mixed|g2s_then_s2g|batched|na|128|8|16||||,data/h100/cuda-13.3-sm90/multi_context/mixed_direction/mixed/20260803T092443Z__v3__c462b34c8090/attempt_01.csv
h100,v3,mixed_direction,intra_cta,bulk,mixed,s2g_then_g2s,batched,na,128,8,16,1,1594,2347,cycles,146.6875,146.6875,0.872603,,mixed_direction|intra_cta|bulk|mixed|s2g_then_g2s|batched|na|128|8|16||||,data/h100/cuda-13.3-sm90/multi_context/mixed_direction/mixed/20260803T092443Z__v3__c462b34c8090/attempt_01.csv
b200,v3,mixed_direction,intra_cta,bulk,mixed,alternating,batched,na,128,8,16,0,1341,2160,cycles,135.0,135.0,0.948148,,mixed_direction|intra_cta|bulk|mixed|alternating|batched|na|128|8|16||||,data/b200/cuda-13.3-sm100/multi_context/mixed_direction/mixed/20260803T094309Z__v3__206fc377d643/attempt_01.csv
b200,v3,mixed_direction,intra_cta,bulk,mixed,g2s_then_s2g,batched,na,128,8,16,0,1561,2380,cycles,148.75,148.75,0.860504,,mixed_direction|intra_cta|bulk|mixed|g2s_then_s2g|batched|na|128|8|16||||,data/b200/cuda-13.3-sm100/multi_context/mixed_direction/mixed/20260803T094309Z__v3__206fc377d643/attempt_01.csv
b200,v3,mixed_direction,intra_cta,bulk,mixed,s2g_then_g2s,batched,na,128,8,16,0,1547,2366,cycles,147.875,147.875,0.865596,,mixed_direction|intra_cta|bulk|mixed|s2g_then_g2s|batched|na|128|8|16||||,data/b200/cuda-13.3-sm100/multi_context/mixed_direction/mixed/20260803T094309Z__v3__206fc377d643/attempt_01.csv
b200,v3,mixed_direction,intra_cta,bulk,mixed,alternating,batched,na,128,8,16,1,1341,2095,cycles,130.9375,130.9375,0.977566,,mixed_direction|intra_cta|bulk|mixed|alternating|batched|na|128|8|16||||,data/b200/cuda-13.3-sm100/multi_context/mixed_direction/mixed/20260803T094309Z__v3__206fc377d643/attempt_01.csv
b200,v3,mixed_direction,intra_cta,bulk,mixed,g2s_then_s2g,batched,na,128,8,16,1,1561,2315,cycles,144.6875,144.6875,0.884665,,mixed_direction|intra_cta|bulk|mixed|g2s_then_s2g|batched|na|128|8|16||||,data/b200/cuda-13.3-sm100/multi_context/mixed_direction/mixed/20260803T094309Z__v3__206fc377d643/attempt_01.csv
b200,v3,mixed_direction,intra_cta,bulk,mixed,s2g_then_g2s,batched,na,128,8,16,1,1547,2301,cycles,143.8125,143.8125,0.890048,,mixed_direction|intra_cta|bulk|mixed|s2g_then_g2s|batched|na|128|8|16||||,data/b200/cuda-13.3-sm100/multi_context/mixed_direction/mixed/20260803T094309Z__v3__206fc377d643/attempt_01.csv
h100,v3,mixed_direction,intra_cta,bulk,mixed,alternating,batched,na,128,16,32,0,2557,4038,cycles,126.1875,126.1875,1.014364,,mixed_direction|intra_cta|bulk|mixed|alternating|batched|na|128|16|32||||,data/h100/cuda-13.3-sm90/multi_context/mixed_direction/mixed/20260803T092443Z__v3__c462b34c8090/attempt_01.csv
h100,v3,mixed_direction,intra_cta,bulk,mixed,g2s_then_s2g,batched,na,128,16,32,0,2909,4390,cycles,137.1875,137.1875,0.93303,,mixed_direction|intra_cta|bulk|mixed|g2s_then_s2g|batched|na|128|16|32||||,data/h100/cuda-13.3-sm90/multi_context/mixed_direction/mixed/20260803T092443Z__v3__c462b34c8090/attempt_01.csv
h100,v3,mixed_direction,intra_cta,bulk,mixed,s2g_then_g2s,batched,na,128,16,32,0,2864,4345,cycles,135.78125,135.78125,0.942693,,mixed_direction|intra_cta|bulk|mixed|s2g_then_g2s|batched|na|128|16|32||||,data/h100/cuda-13.3-sm90/multi_context/mixed_direction/mixed/20260803T092443Z__v3__c462b34c8090/attempt_01.csv
h100,v3,mixed_direction,intra_cta,bulk,mixed,alternating,batched,na,128,16,32,1,2557,4038,cycles,126.1875,126.1875,1.014364,,mixed_direction|intra_cta|bulk|mixed|alternating|batched|na|128|16|32||||,data/h100/cuda-13.3-sm90/multi_context/mixed_direction/mixed/20260803T092443Z__v3__c462b34c8090/attempt_01.csv
h100,v3,mixed_direction,intra_cta,bulk,mixed,g2s_then_s2g,batched,na,128,16,32,1,2857,4338,cycles,135.5625,135.5625,0.944214,,mixed_direction|intra_cta|bulk|mixed|g2s_then_s2g|batched|na|128|16|32||||,data/h100/cuda-13.3-sm90/multi_context/mixed_direction/mixed/20260803T092443Z__v3__c462b34c8090/attempt_01.csv
h100,v3,mixed_direction,intra_cta,bulk,mixed,s2g_then_g2s,batched,na,128,16,32,1,2864,4345,cycles,135.78125,135.78125,0.942693,,mixed_direction|intra_cta|bulk|mixed|s2g_then_g2s|batched|na|128|16|32||||,data/h100/cuda-13.3-sm90/multi_context/mixed_direction/mixed/20260803T092443Z__v3__c462b34c8090/attempt_01.csv
b200,v3,mixed_direction,intra_cta,bulk,mixed,alternating,batched,na,128,16,32,0,2421,3968,cycles,124.0,124.0,1.032258,,mixed_direction|intra_cta|bulk|mixed|alternating|batched|na|128|16|32||||,data/b200/cuda-13.3-sm100/multi_context/mixed_direction/mixed/20260803T094309Z__v3__206fc377d643/attempt_01.csv
b200,v3,mixed_direction,intra_cta,bulk,mixed,g2s_then_s2g,batched,na,128,16,32,0,2783,4330,cycles,135.3125,135.3125,0.945958,,mixed_direction|intra_cta|bulk|mixed|g2s_then_s2g|batched|na|128|16|32||||,data/b200/cuda-13.3-sm100/multi_context/mixed_direction/mixed/20260803T094309Z__v3__206fc377d643/attempt_01.csv
b200,v3,mixed_direction,intra_cta,bulk,mixed,s2g_then_g2s,batched,na,128,16,32,0,2741,4288,cycles,134.0,134.0,0.955224,,mixed_direction|intra_cta|bulk|mixed|s2g_then_g2s|batched|na|128|16|32||||,data/b200/cuda-13.3-sm100/multi_context/mixed_direction/mixed/20260803T094309Z__v3__206fc377d643/attempt_01.csv
b200,v3,mixed_direction,intra_cta,bulk,mixed,alternating,batched,na,128,16,32,1,2421,3903,cycles,121.96875,121.96875,1.049449,,mixed_direction|intra_cta|bulk|mixed|alternating|batched|na|128|16|32||||,data/b200/cuda-13.3-sm100/multi_context/mixed_direction/mixed/20260803T094309Z__v3__206fc377d643/attempt_01.csv
b200,v3,mixed_direction,intra_cta,bulk,mixed,g2s_then_s2g,batched,na,128,16,32,1,2783,4265,cycles,133.28125,133.28125,0.960375,,mixed_direction|intra_cta|bulk|mixed|g2s_then_s2g|batched|na|128|16|32||||,data/b200/cuda-13.3-sm100/multi_context/mixed_direction/mixed/20260803T094309Z__v3__206fc377d643/attempt_01.csv
b200,v3,mixed_direction,intra_cta,bulk,mixed,s2g_then_g2s,batched,na,128,16,32,1,2741,4223,cycles,131.96875,131.96875,0.969927,,mixed_direction|intra_cta|bulk|mixed|s2g_then_g2s|batched|na|128|16|32||||,data/b200/cuda-13.3-sm100/multi_context/mixed_direction/mixed/20260803T094309Z__v3__206fc377d643/attempt_01.csv
h100,v3,mixed_direction,intra_cta,bulk,mixed,alternating,serial,na,128,1,2,0,717,744,cycles,372.0,372.0,0.344086,,mixed_direction|intra_cta|bulk|mixed|alternating|serial|na|128|1|2||||,data/h100/cuda-13.3-sm90/multi_context/mixed_direction/mixed/20260803T092443Z__v3__c462b34c8090/attempt_01.csv
h100,v3,mixed_direction,intra_cta,bulk,mixed,g2s_then_s2g,serial,na,128,1,2,0,716,743,cycles,371.5,371.5,0.344549,,mixed_direction|intra_cta|bulk|mixed|g2s_then_s2g|serial|na|128|1|2||||,data/h100/cuda-13.3-sm90/multi_context/mixed_direction/mixed/20260803T092443Z__v3__c462b34c8090/attempt_01.csv
h100,v3,mixed_direction,intra_cta,bulk,mixed,s2g_then_g2s,serial,na,128,1,2,0,700,717,cycles,358.5,358.5,0.357043,,mixed_direction|intra_cta|bulk|mixed|s2g_then_g2s|serial|na|128|1|2||||,data/h100/cuda-13.3-sm90/multi_context/mixed_direction/mixed/20260803T092443Z__v3__c462b34c8090/attempt_01.csv
h100,v3,mixed_direction,intra_cta,bulk,mixed,alternating,serial,na,128,1,2,1,715,732,cycles,366.0,366.0,0.349727,,mixed_direction|intra_cta|bulk|mixed|alternating|serial|na|128|1|2||||,data/h100/cuda-13.3-sm90/multi_context/mixed_direction/mixed/20260803T092443Z__v3__c462b34c8090/attempt_01.csv
h100,v3,mixed_direction,intra_cta,bulk,mixed,g2s_then_s2g,serial,na,128,1,2,1,717,734,cycles,367.0,367.0,0.348774,,mixed_direction|intra_cta|bulk|mixed|g2s_then_s2g|serial|na|128|1|2||||,data/h100/cuda-13.3-sm90/multi_context/mixed_direction/mixed/20260803T092443Z__v3__c462b34c8090/attempt_01.csv
h100,v3,mixed_direction,intra_cta,bulk,mixed,s2g_then_g2s,serial,na,128,1,2,1,699,716,cycles,358.0,358.0,0.357542,,mixed_direction|intra_cta|bulk|mixed|s2g_then_g2s|serial|na|128|1|2||||,data/h100/cuda-13.3-sm90/multi_context/mixed_direction/mixed/20260803T092443Z__v3__c462b34c8090/attempt_01.csv
b200,v3,mixed_direction,intra_cta,bulk,mixed,alternating,serial,na,128,1,2,0,857,877,cycles,438.5,438.5,0.291904,,mixed_direction|intra_cta|bulk|mixed|alternating|serial|na|128|1|2||||,data/b200/cuda-13.3-sm100/multi_context/mixed_direction/mixed/20260803T094309Z__v3__206fc377d643/attempt_01.csv
b200,v3,mixed_direction,intra_cta,bulk,mixed,g2s_then_s2g,serial,na,128,1,2,0,857,877,cycles,438.5,438.5,0.291904,,mixed_direction|intra_cta|bulk|mixed|g2s_then_s2g|serial|na|128|1|2||||,data/b200/cuda-13.3-sm100/multi_context/mixed_direction/mixed/20260803T094309Z__v3__206fc377d643/attempt_01.csv
b200,v3,mixed_direction,intra_cta,bulk,mixed,s2g_then_g2s,serial,na,128,1,2,0,805,835,cycles,417.5,417.5,0.306587,,mixed_direction|intra_cta|bulk|mixed|s2g_then_g2s|serial|na|128|1|2||||,data/b200/cuda-13.3-sm100/multi_context/mixed_direction/mixed/20260803T094309Z__v3__206fc377d643/attempt_01.csv
b200,v3,mixed_direction,intra_cta,bulk,mixed,alternating,serial,na,128,1,2,1,806,840,cycles,420.0,420.0,0.304762,,mixed_direction|intra_cta|bulk|mixed|alternating|serial|na|128|1|2||||,data/b200/cuda-13.3-sm100/multi_context/mixed_direction/mixed/20260803T094309Z__v3__206fc377d643/attempt_01.csv
b200,v3,mixed_direction,intra_cta,bulk,mixed,g2s_then_s2g,serial,na,128,1,2,1,806,826,cycles,413.0,413.0,0.309927,,mixed_direction|intra_cta|bulk|mixed|g2s_then_s2g|serial|na|128|1|2||||,data/b200/cuda-13.3-sm100/multi_context/mixed_direction/mixed/20260803T094309Z__v3__206fc377d643/attempt_01.csv
b200,v3,mixed_direction,intra_cta,bulk,mixed,s2g_then_g2s,serial,na,128,1,2,1,692,726,cycles,363.0,363.0,0.352617,,mixed_direction|intra_cta|bulk|mixed|s2g_then_g2s|serial|na|128|1|2||||,data/b200/cuda-13.3-sm100/multi_context/mixed_direction/mixed/20260803T094309Z__v3__206fc377d643/attempt_01.csv
ventus,v3,mixed_direction,intra_cta,bulk,mixed,alternating,serial,na,128,1,2,0,189,197,cycles,98.5,98.5,1.299492,,intra_cta_bulk_mixed_alternating_serial_same_map_128_1,data/ventus/V3.10/multi_context/mixed_direction/mixed/20260803T103017Z__v3__e1a866548aad/raw.csv
ventus,v3,mixed_direction,intra_cta,bulk,mixed,g2s_then_s2g,serial,na,128,1,2,0,189,197,cycles,98.5,98.5,1.299492,,intra_cta_bulk_mixed_g2s_then_s2g_serial_same_map_128_1,data/ventus/V3.10/multi_context/mixed_direction/mixed/20260803T103017Z__v3__e1a866548aad/raw.csv
ventus,v3,mixed_direction,intra_cta,bulk,mixed,s2g_then_g2s,serial,na,128,1,2,0,189,197,cycles,98.5,98.5,1.299492,,intra_cta_bulk_mixed_s2g_then_g2s_serial_same_map_128_1,data/ventus/V3.10/multi_context/mixed_direction/mixed/20260803T103017Z__v3__e1a866548aad/raw.csv
ventus,v3,mixed_direction,intra_cta,bulk,mixed,alternating,serial,na,128,1,2,1,206,214,cycles,107.0,107.0,1.196262,,intra_cta_bulk_mixed_alternating_serial_same_map_128_1,data/ventus/V3.10/multi_context/mixed_direction/mixed/20260803T103017Z__v3__e1a866548aad/raw.csv
ventus,v3,mixed_direction,intra_cta,bulk,mixed,g2s_then_s2g,serial,na,128,1,2,1,206,214,cycles,107.0,107.0,1.196262,,intra_cta_bulk_mixed_g2s_then_s2g_serial_same_map_128_1,data/ventus/V3.10/multi_context/mixed_direction/mixed/20260803T103017Z__v3__e1a866548aad/raw.csv
ventus,v3,mixed_direction,intra_cta,bulk,mixed,s2g_then_g2s,serial,na,128,1,2,1,207,215,cycles,107.5,107.5,1.190698,,intra_cta_bulk_mixed_s2g_then_g2s_serial_same_map_128_1,data/ventus/V3.10/multi_context/mixed_direction/mixed/20260803T103017Z__v3__e1a866548aad/raw.csv
h100,v3,mixed_direction,intra_cta,bulk,mixed,alternating,serial,na,128,2,4,0,1372,1389,cycles,347.25,347.25,0.368611,,mixed_direction|intra_cta|bulk|mixed|alternating|serial|na|128|2|4||||,data/h100/cuda-13.3-sm90/multi_context/mixed_direction/mixed/20260803T092443Z__v3__c462b34c8090/attempt_01.csv
h100,v3,mixed_direction,intra_cta,bulk,mixed,g2s_then_s2g,serial,na,128,2,4,0,1373,1400,cycles,350.0,350.0,0.365714,,mixed_direction|intra_cta|bulk|mixed|g2s_then_s2g|serial|na|128|2|4||||,data/h100/cuda-13.3-sm90/multi_context/mixed_direction/mixed/20260803T092443Z__v3__c462b34c8090/attempt_01.csv
h100,v3,mixed_direction,intra_cta,bulk,mixed,s2g_then_g2s,serial,na,128,2,4,0,1338,1355,cycles,338.75,338.75,0.37786,,mixed_direction|intra_cta|bulk|mixed|s2g_then_g2s|serial|na|128|2|4||||,data/h100/cuda-13.3-sm90/multi_context/mixed_direction/mixed/20260803T092443Z__v3__c462b34c8090/attempt_01.csv
h100,v3,mixed_direction,intra_cta,bulk,mixed,alternating,serial,na,128,2,4,1,1372,1389,cycles,347.25,347.25,0.368611,,mixed_direction|intra_cta|bulk|mixed|alternating|serial|na|128|2|4||||,data/h100/cuda-13.3-sm90/multi_context/mixed_direction/mixed/20260803T092443Z__v3__c462b34c8090/attempt_01.csv
h100,v3,mixed_direction,intra_cta,bulk,mixed,g2s_then_s2g,serial,na,128,2,4,1,1372,1389,cycles,347.25,347.25,0.368611,,mixed_direction|intra_cta|bulk|mixed|g2s_then_s2g|serial|na|128|2|4||||,data/h100/cuda-13.3-sm90/multi_context/mixed_direction/mixed/20260803T092443Z__v3__c462b34c8090/attempt_01.csv
h100,v3,mixed_direction,intra_cta,bulk,mixed,s2g_then_g2s,serial,na,128,2,4,1,1338,1355,cycles,338.75,338.75,0.37786,,mixed_direction|intra_cta|bulk|mixed|s2g_then_g2s|serial|na|128|2|4||||,data/h100/cuda-13.3-sm90/multi_context/mixed_direction/mixed/20260803T092443Z__v3__c462b34c8090/attempt_01.csv
b200,v3,mixed_direction,intra_cta,bulk,mixed,alternating,serial,na,128,2,4,0,1582,1602,cycles,400.5,400.5,0.3196,,mixed_direction|intra_cta|bulk|mixed|alternating|serial|na|128|2|4||||,data/b200/cuda-13.3-sm100/multi_context/mixed_direction/mixed/20260803T094309Z__v3__206fc377d643/attempt_01.csv
b200,v3,mixed_direction,intra_cta,bulk,mixed,g2s_then_s2g,serial,na,128,2,4,0,1607,1637,cycles,409.25,409.25,0.312767,,mixed_direction|intra_cta|bulk|mixed|g2s_then_s2g|serial|na|128|2|4||||,data/b200/cuda-13.3-sm100/multi_context/mixed_direction/mixed/20260803T094309Z__v3__206fc377d643/attempt_01.csv
b200,v3,mixed_direction,intra_cta,bulk,mixed,s2g_then_g2s,serial,na,128,2,4,0,1416,1446,cycles,361.5,361.5,0.35408,,mixed_direction|intra_cta|bulk|mixed|s2g_then_g2s|serial|na|128|2|4||||,data/b200/cuda-13.3-sm100/multi_context/mixed_direction/mixed/20260803T094309Z__v3__206fc377d643/attempt_01.csv
b200,v3,mixed_direction,intra_cta,bulk,mixed,alternating,serial,na,128,2,4,1,1531,1551,cycles,387.75,387.75,0.33011,,mixed_direction|intra_cta|bulk|mixed|alternating|serial|na|128|2|4||||,data/b200/cuda-13.3-sm100/multi_context/mixed_direction/mixed/20260803T094309Z__v3__206fc377d643/attempt_01.csv
b200,v3,mixed_direction,intra_cta,bulk,mixed,g2s_then_s2g,serial,na,128,2,4,1,1531,1565,cycles,391.25,391.25,0.327157,,mixed_direction|intra_cta|bulk|mixed|g2s_then_s2g|serial|na|128|2|4||||,data/b200/cuda-13.3-sm100/multi_context/mixed_direction/mixed/20260803T094309Z__v3__206fc377d643/attempt_01.csv
b200,v3,mixed_direction,intra_cta,bulk,mixed,s2g_then_g2s,serial,na,128,2,4,1,1303,1323,cycles,330.75,330.75,0.386999,,mixed_direction|intra_cta|bulk|mixed|s2g_then_g2s|serial|na|128|2|4||||,data/b200/cuda-13.3-sm100/multi_context/mixed_direction/mixed/20260803T094309Z__v3__206fc377d643/attempt_01.csv
h100,v3,mixed_direction,intra_cta,bulk,mixed,alternating,serial,na,128,4,8,0,2688,2715,cycles,339.375,339.375,0.377164,,mixed_direction|intra_cta|bulk|mixed|alternating|serial|na|128|4|8||||,data/h100/cuda-13.3-sm90/multi_context/mixed_direction/mixed/20260803T092443Z__v3__c462b34c8090/attempt_01.csv
h100,v3,mixed_direction,intra_cta,bulk,mixed,g2s_then_s2g,serial,na,128,4,8,0,2580,2597,cycles,324.625,324.625,0.394301,,mixed_direction|intra_cta|bulk|mixed|g2s_then_s2g|serial|na|128|4|8||||,data/h100/cuda-13.3-sm90/multi_context/mixed_direction/mixed/20260803T092443Z__v3__c462b34c8090/attempt_01.csv
h100,v3,mixed_direction,intra_cta,bulk,mixed,s2g_then_g2s,serial,na,128,4,8,0,2630,2657,cycles,332.125,332.125,0.385397,,mixed_direction|intra_cta|bulk|mixed|s2g_then_g2s|serial|na|128|4|8||||,data/h100/cuda-13.3-sm90/multi_context/mixed_direction/mixed/20260803T092443Z__v3__c462b34c8090/attempt_01.csv
h100,v3,mixed_direction,intra_cta,bulk,mixed,alternating,serial,na,128,4,8,1,2692,2709,cycles,338.625,338.625,0.377999,,mixed_direction|intra_cta|bulk|mixed|alternating|serial|na|128|4|8||||,data/h100/cuda-13.3-sm90/multi_context/mixed_direction/mixed/20260803T092443Z__v3__c462b34c8090/attempt_01.csv
h100,v3,mixed_direction,intra_cta,bulk,mixed,g2s_then_s2g,serial,na,128,4,8,1,2692,2709,cycles,338.625,338.625,0.377999,,mixed_direction|intra_cta|bulk|mixed|g2s_then_s2g|serial|na|128|4|8||||,data/h100/cuda-13.3-sm90/multi_context/mixed_direction/mixed/20260803T092443Z__v3__c462b34c8090/attempt_01.csv
h100,v3,mixed_direction,intra_cta,bulk,mixed,s2g_then_g2s,serial,na,128,4,8,1,2624,2641,cycles,330.125,330.125,0.387732,,mixed_direction|intra_cta|bulk|mixed|s2g_then_g2s|serial|na|128|4|8||||,data/h100/cuda-13.3-sm90/multi_context/mixed_direction/mixed/20260803T092443Z__v3__c462b34c8090/attempt_01.csv
b200,v3,mixed_direction,intra_cta,bulk,mixed,alternating,serial,na,128,4,8,0,3032,3062,cycles,382.75,382.75,0.334422,,mixed_direction|intra_cta|bulk|mixed|alternating|serial|na|128|4|8||||,data/b200/cuda-13.3-sm100/multi_context/mixed_direction/mixed/20260803T094309Z__v3__206fc377d643/attempt_01.csv
b200,v3,mixed_direction,intra_cta,bulk,mixed,g2s_then_s2g,serial,na,128,4,8,0,3032,3062,cycles,382.75,382.75,0.334422,,mixed_direction|intra_cta|bulk|mixed|g2s_then_s2g|serial|na|128|4|8||||,data/b200/cuda-13.3-sm100/multi_context/mixed_direction/mixed/20260803T094309Z__v3__206fc377d643/attempt_01.csv
b200,v3,mixed_direction,intra_cta,bulk,mixed,s2g_then_g2s,serial,na,128,4,8,0,2638,2668,cycles,333.5,333.5,0.383808,,mixed_direction|intra_cta|bulk|mixed|s2g_then_g2s|serial|na|128|4|8||||,data/b200/cuda-13.3-sm100/multi_context/mixed_direction/mixed/20260803T094309Z__v3__206fc377d643/attempt_01.csv
b200,v3,mixed_direction,intra_cta,bulk,mixed,alternating,serial,na,128,4,8,1,2981,3015,cycles,376.875,376.875,0.339635,,mixed_direction|intra_cta|bulk|mixed|alternating|serial|na|128|4|8||||,data/b200/cuda-13.3-sm100/multi_context/mixed_direction/mixed/20260803T094309Z__v3__206fc377d643/attempt_01.csv
b200,v3,mixed_direction,intra_cta,bulk,mixed,g2s_then_s2g,serial,na,128,4,8,1,2981,3001,cycles,375.125,375.125,0.34122,,mixed_direction|intra_cta|bulk|mixed|g2s_then_s2g|serial|na|128|4|8||||,data/b200/cuda-13.3-sm100/multi_context/mixed_direction/mixed/20260803T094309Z__v3__206fc377d643/attempt_01.csv
b200,v3,mixed_direction,intra_cta,bulk,mixed,s2g_then_g2s,serial,na,128,4,8,1,2525,2559,cycles,319.875,319.875,0.400156,,mixed_direction|intra_cta|bulk|mixed|s2g_then_g2s|serial|na|128|4|8||||,data/b200/cuda-13.3-sm100/multi_context/mixed_direction/mixed/20260803T094309Z__v3__206fc377d643/attempt_01.csv
h100,v3,mixed_direction,intra_cta,bulk,mixed,alternating,serial,na,128,8,16,0,5205,5232,cycles,327.0,327.0,0.391437,,mixed_direction|intra_cta|bulk|mixed|alternating|serial|na|128|8|16||||,data/h100/cuda-13.3-sm90/multi_context/mixed_direction/mixed/20260803T092443Z__v3__c462b34c8090/attempt_01.csv
h100,v3,mixed_direction,intra_cta,bulk,mixed,g2s_then_s2g,serial,na,128,8,16,0,5321,5348,cycles,334.25,334.25,0.382947,,mixed_direction|intra_cta|bulk|mixed|g2s_then_s2g|serial|na|128|8|16||||,data/h100/cuda-13.3-sm90/multi_context/mixed_direction/mixed/20260803T092443Z__v3__c462b34c8090/attempt_01.csv
h100,v3,mixed_direction,intra_cta,bulk,mixed,s2g_then_g2s,serial,na,128,8,16,0,5213,5240,cycles,327.5,327.5,0.39084,,mixed_direction|intra_cta|bulk|mixed|s2g_then_g2s|serial|na|128|8|16||||,data/h100/cuda-13.3-sm90/multi_context/mixed_direction/mixed/20260803T092443Z__v3__c462b34c8090/attempt_01.csv
h100,v3,mixed_direction,intra_cta,bulk,mixed,alternating,serial,na,128,8,16,1,5320,5337,cycles,333.5625,333.5625,0.383736,,mixed_direction|intra_cta|bulk|mixed|alternating|serial|na|128|8|16||||,data/h100/cuda-13.3-sm90/multi_context/mixed_direction/mixed/20260803T092443Z__v3__c462b34c8090/attempt_01.csv
h100,v3,mixed_direction,intra_cta,bulk,mixed,g2s_then_s2g,serial,na,128,8,16,1,5320,5337,cycles,333.5625,333.5625,0.383736,,mixed_direction|intra_cta|bulk|mixed|g2s_then_s2g|serial|na|128|8|16||||,data/h100/cuda-13.3-sm90/multi_context/mixed_direction/mixed/20260803T092443Z__v3__c462b34c8090/attempt_01.csv
h100,v3,mixed_direction,intra_cta,bulk,mixed,s2g_then_g2s,serial,na,128,8,16,1,5192,5209,cycles,325.5625,325.5625,0.393166,,mixed_direction|intra_cta|bulk|mixed|s2g_then_g2s|serial|na|128|8|16||||,data/h100/cuda-13.3-sm90/multi_context/mixed_direction/mixed/20260803T092443Z__v3__c462b34c8090/attempt_01.csv
b200,v3,mixed_direction,intra_cta,bulk,mixed,alternating,serial,na,128,8,16,0,5932,5962,cycles,372.625,372.625,0.343509,,mixed_direction|intra_cta|bulk|mixed|alternating|serial|na|128|8|16||||,data/b200/cuda-13.3-sm100/multi_context/mixed_direction/mixed/20260803T094309Z__v3__206fc377d643/attempt_01.csv
b200,v3,mixed_direction,intra_cta,bulk,mixed,g2s_then_s2g,serial,na,128,8,16,0,5932,5962,cycles,372.625,372.625,0.343509,,mixed_direction|intra_cta|bulk|mixed|g2s_then_s2g|serial|na|128|8|16||||,data/b200/cuda-13.3-sm100/multi_context/mixed_direction/mixed/20260803T094309Z__v3__206fc377d643/attempt_01.csv
b200,v3,mixed_direction,intra_cta,bulk,mixed,s2g_then_g2s,serial,na,128,8,16,0,5082,5112,cycles,319.5,319.5,0.400626,,mixed_direction|intra_cta|bulk|mixed|s2g_then_g2s|serial|na|128|8|16||||,data/b200/cuda-13.3-sm100/multi_context/mixed_direction/mixed/20260803T094309Z__v3__206fc377d643/attempt_01.csv
b200,v3,mixed_direction,intra_cta,bulk,mixed,alternating,serial,na,128,8,16,1,5881,5901,cycles,368.8125,368.8125,0.34706,,mixed_direction|intra_cta|bulk|mixed|alternating|serial|na|128|8|16||||,data/b200/cuda-13.3-sm100/multi_context/mixed_direction/mixed/20260803T094309Z__v3__206fc377d643/attempt_01.csv
b200,v3,mixed_direction,intra_cta,bulk,mixed,g2s_then_s2g,serial,na,128,8,16,1,5881,5915,cycles,369.6875,369.6875,0.346238,,mixed_direction|intra_cta|bulk|mixed|g2s_then_s2g|serial|na|128|8|16||||,data/b200/cuda-13.3-sm100/multi_context/mixed_direction/mixed/20260803T094309Z__v3__206fc377d643/attempt_01.csv
b200,v3,mixed_direction,intra_cta,bulk,mixed,s2g_then_g2s,serial,na,128,8,16,1,4980,5000,cycles,312.5,312.5,0.4096,,mixed_direction|intra_cta|bulk|mixed|s2g_then_g2s|serial|na|128|8|16||||,data/b200/cuda-13.3-sm100/multi_context/mixed_direction/mixed/20260803T094309Z__v3__206fc377d643/attempt_01.csv
h100,v3,mixed_direction,intra_cta,bulk,mixed,alternating,serial,na,128,16,32,0,10585,10612,cycles,331.625,331.625,0.385978,,mixed_direction|intra_cta|bulk|mixed|alternating|serial|na|128|16|32||||,data/h100/cuda-13.3-sm90/multi_context/mixed_direction/mixed/20260803T092443Z__v3__c462b34c8090/attempt_01.csv
h100,v3,mixed_direction,intra_cta,bulk,mixed,g2s_then_s2g,serial,na,128,16,32,0,10469,10496,cycles,328.0,328.0,0.390244,,mixed_direction|intra_cta|bulk|mixed|g2s_then_s2g|serial|na|128|16|32||||,data/h100/cuda-13.3-sm90/multi_context/mixed_direction/mixed/20260803T092443Z__v3__c462b34c8090/attempt_01.csv
h100,v3,mixed_direction,intra_cta,bulk,mixed,s2g_then_g2s,serial,na,128,16,32,0,10322,10349,cycles,323.40625,323.40625,0.395787,,mixed_direction|intra_cta|bulk|mixed|s2g_then_g2s|serial|na|128|16|32||||,data/h100/cuda-13.3-sm90/multi_context/mixed_direction/mixed/20260803T092443Z__v3__c462b34c8090/attempt_01.csv
h100,v3,mixed_direction,intra_cta,bulk,mixed,alternating,serial,na,128,16,32,1,10595,10612,cycles,331.625,331.625,0.385978,,mixed_direction|intra_cta|bulk|mixed|alternating|serial|na|128|16|32||||,data/h100/cuda-13.3-sm90/multi_context/mixed_direction/mixed/20260803T092443Z__v3__c462b34c8090/attempt_01.csv
h100,v3,mixed_direction,intra_cta,bulk,mixed,g2s_then_s2g,serial,na,128,16,32,1,10591,10608,cycles,331.5,331.5,0.386124,,mixed_direction|intra_cta|bulk|mixed|g2s_then_s2g|serial|na|128|16|32||||,data/h100/cuda-13.3-sm90/multi_context/mixed_direction/mixed/20260803T092443Z__v3__c462b34c8090/attempt_01.csv
h100,v3,mixed_direction,intra_cta,bulk,mixed,s2g_then_g2s,serial,na,128,16,32,1,10324,10341,cycles,323.15625,323.15625,0.396093,,mixed_direction|intra_cta|bulk|mixed|s2g_then_g2s|serial|na|128|16|32||||,data/h100/cuda-13.3-sm90/multi_context/mixed_direction/mixed/20260803T092443Z__v3__c462b34c8090/attempt_01.csv
b200,v3,mixed_direction,intra_cta,bulk,mixed,alternating,serial,na,128,16,32,0,11732,11762,cycles,367.5625,367.5625,0.34824,,mixed_direction|intra_cta|bulk|mixed|alternating|serial|na|128|16|32||||,data/b200/cuda-13.3-sm100/multi_context/mixed_direction/mixed/20260803T094309Z__v3__206fc377d643/attempt_01.csv
b200,v3,mixed_direction,intra_cta,bulk,mixed,g2s_then_s2g,serial,na,128,16,32,0,11732,11762,cycles,367.5625,367.5625,0.34824,,mixed_direction|intra_cta|bulk|mixed|g2s_then_s2g|serial|na|128|16|32||||,data/b200/cuda-13.3-sm100/multi_context/mixed_direction/mixed/20260803T094309Z__v3__206fc377d643/attempt_01.csv
b200,v3,mixed_direction,intra_cta,bulk,mixed,s2g_then_g2s,serial,na,128,16,32,0,9978,10008,cycles,312.75,312.75,0.409273,,mixed_direction|intra_cta|bulk|mixed|s2g_then_g2s|serial|na|128|16|32||||,data/b200/cuda-13.3-sm100/multi_context/mixed_direction/mixed/20260803T094309Z__v3__206fc377d643/attempt_01.csv
b200,v3,mixed_direction,intra_cta,bulk,mixed,alternating,serial,na,128,16,32,1,11681,11715,cycles,366.09375,366.09375,0.349637,,mixed_direction|intra_cta|bulk|mixed|alternating|serial|na|128|16|32||||,data/b200/cuda-13.3-sm100/multi_context/mixed_direction/mixed/20260803T094309Z__v3__206fc377d643/attempt_01.csv
b200,v3,mixed_direction,intra_cta,bulk,mixed,g2s_then_s2g,serial,na,128,16,32,1,11681,11701,cycles,365.65625,365.65625,0.350056,,mixed_direction|intra_cta|bulk|mixed|g2s_then_s2g|serial|na|128|16|32||||,data/b200/cuda-13.3-sm100/multi_context/mixed_direction/mixed/20260803T094309Z__v3__206fc377d643/attempt_01.csv
b200,v3,mixed_direction,intra_cta,bulk,mixed,s2g_then_g2s,serial,na,128,16,32,1,9857,9891,cycles,309.09375,309.09375,0.414114,,mixed_direction|intra_cta|bulk|mixed|s2g_then_g2s|serial|na|128|16|32||||,data/b200/cuda-13.3-sm100/multi_context/mixed_direction/mixed/20260803T094309Z__v3__206fc377d643/attempt_01.csv
h100,v3,mixed_direction,multi_cta,bulk,mixed,alternating,batched,na,128,1,2,0,160,256,ns,128.0,,,1.0,mixed_direction|multi_cta|bulk|mixed|alternating|batched|na|128|1|2||||,data/h100/cuda-13.3-sm90/multi_context/mixed_direction/mixed/20260803T092443Z__v3__c462b34c8090/attempt_01.csv
h100,v3,mixed_direction,multi_cta,bulk,mixed,g2s_then_s2g,batched,na,128,1,2,0,160,256,ns,128.0,,,1.0,mixed_direction|multi_cta|bulk|mixed|g2s_then_s2g|batched|na|128|1|2||||,data/h100/cuda-13.3-sm90/multi_context/mixed_direction/mixed/20260803T092443Z__v3__c462b34c8090/attempt_01.csv
h100,v3,mixed_direction,multi_cta,bulk,mixed,s2g_then_g2s,batched,na,128,1,2,0,192,288,ns,144.0,,,0.888889,mixed_direction|multi_cta|bulk|mixed|s2g_then_g2s|batched|na|128|1|2||||,data/h100/cuda-13.3-sm90/multi_context/mixed_direction/mixed/20260803T092443Z__v3__c462b34c8090/attempt_01.csv
h100,v3,mixed_direction,multi_cta,bulk,mixed,alternating,batched,na,128,1,2,1,128,256,ns,128.0,,,1.0,mixed_direction|multi_cta|bulk|mixed|alternating|batched|na|128|1|2||||,data/h100/cuda-13.3-sm90/multi_context/mixed_direction/mixed/20260803T092443Z__v3__c462b34c8090/attempt_01.csv
h100,v3,mixed_direction,multi_cta,bulk,mixed,g2s_then_s2g,batched,na,128,1,2,1,128,256,ns,128.0,,,1.0,mixed_direction|multi_cta|bulk|mixed|g2s_then_s2g|batched|na|128|1|2||||,data/h100/cuda-13.3-sm90/multi_context/mixed_direction/mixed/20260803T092443Z__v3__c462b34c8090/attempt_01.csv
h100,v3,mixed_direction,multi_cta,bulk,mixed,s2g_then_g2s,batched,na,128,1,2,1,160,288,ns,144.0,,,0.888889,mixed_direction|multi_cta|bulk|mixed|s2g_then_g2s|batched|na|128|1|2||||,data/h100/cuda-13.3-sm90/multi_context/mixed_direction/mixed/20260803T092443Z__v3__c462b34c8090/attempt_01.csv
b200,v3,mixed_direction,multi_cta,bulk,mixed,alternating,batched,na,128,1,2,0,192,224,ns,112.0,,,1.142857,mixed_direction|multi_cta|bulk|mixed|alternating|batched|na|128|1|2||||,data/b200/cuda-13.3-sm100/multi_context/mixed_direction/mixed/20260803T094309Z__v3__206fc377d643/attempt_01.csv
b200,v3,mixed_direction,multi_cta,bulk,mixed,g2s_then_s2g,batched,na,128,1,2,0,160,224,ns,112.0,,,1.142857,mixed_direction|multi_cta|bulk|mixed|g2s_then_s2g|batched|na|128|1|2||||,data/b200/cuda-13.3-sm100/multi_context/mixed_direction/mixed/20260803T094309Z__v3__206fc377d643/attempt_01.csv
b200,v3,mixed_direction,multi_cta,bulk,mixed,s2g_then_g2s,batched,na,128,1,2,0,192,320,ns,160.0,,,0.8,mixed_direction|multi_cta|bulk|mixed|s2g_then_g2s|batched|na|128|1|2||||,data/b200/cuda-13.3-sm100/multi_context/mixed_direction/mixed/20260803T094309Z__v3__206fc377d643/attempt_01.csv
b200,v3,mixed_direction,multi_cta,bulk,mixed,alternating,batched,na,128,1,2,1,160,288,ns,144.0,,,0.888889,mixed_direction|multi_cta|bulk|mixed|alternating|batched|na|128|1|2||||,data/b200/cuda-13.3-sm100/multi_context/mixed_direction/mixed/20260803T094309Z__v3__206fc377d643/attempt_01.csv
b200,v3,mixed_direction,multi_cta,bulk,mixed,g2s_then_s2g,batched,na,128,1,2,1,128,288,ns,144.0,,,0.888889,mixed_direction|multi_cta|bulk|mixed|g2s_then_s2g|batched|na|128|1|2||||,data/b200/cuda-13.3-sm100/multi_context/mixed_direction/mixed/20260803T094309Z__v3__206fc377d643/attempt_01.csv
b200,v3,mixed_direction,multi_cta,bulk,mixed,s2g_then_g2s,batched,na,128,1,2,1,160,288,ns,144.0,,,0.888889,mixed_direction|multi_cta|bulk|mixed|s2g_then_g2s|batched|na|128|1|2||||,data/b200/cuda-13.3-sm100/multi_context/mixed_direction/mixed/20260803T094309Z__v3__206fc377d643/attempt_01.csv
ventus,v3,mixed_direction,multi_cta,bulk,mixed,alternating,batched,na,128,1,2,0,158,204,cycles,102.0,102.0,1.254902,,multi_cta_bulk_mixed_alternating_batched_same_map_128_1,data/ventus/V3.10/multi_context/mixed_direction/mixed/20260803T103017Z__v3__e1a866548aad/raw.csv
ventus,v3,mixed_direction,multi_cta,bulk,mixed,g2s_then_s2g,batched,na,128,1,2,0,158,204,cycles,102.0,102.0,1.254902,,multi_cta_bulk_mixed_g2s_then_s2g_batched_same_map_128_1,data/ventus/V3.10/multi_context/mixed_direction/mixed/20260803T103017Z__v3__e1a866548aad/raw.csv
ventus,v3,mixed_direction,multi_cta,bulk,mixed,s2g_then_g2s,batched,na,128,1,2,0,160,198,cycles,99.0,99.0,1.292929,,multi_cta_bulk_mixed_s2g_then_g2s_batched_same_map_128_1,data/ventus/V3.10/multi_context/mixed_direction/mixed/20260803T103017Z__v3__e1a866548aad/raw.csv
ventus,v3,mixed_direction,multi_cta,bulk,mixed,alternating,batched,na,128,1,2,1,163,209,cycles,104.5,104.5,1.22488,,multi_cta_bulk_mixed_alternating_batched_same_map_128_1,data/ventus/V3.10/multi_context/mixed_direction/mixed/20260803T103017Z__v3__e1a866548aad/raw.csv
ventus,v3,mixed_direction,multi_cta,bulk,mixed,g2s_then_s2g,batched,na,128,1,2,1,167,213,cycles,106.5,106.5,1.201878,,multi_cta_bulk_mixed_g2s_then_s2g_batched_same_map_128_1,data/ventus/V3.10/multi_context/mixed_direction/mixed/20260803T103017Z__v3__e1a866548aad/raw.csv
ventus,v3,mixed_direction,multi_cta,bulk,mixed,s2g_then_g2s,batched,na,128,1,2,1,165,214,cycles,107.0,107.0,1.196262,,multi_cta_bulk_mixed_s2g_then_g2s_batched_same_map_128_1,data/ventus/V3.10/multi_context/mixed_direction/mixed/20260803T103017Z__v3__e1a866548aad/raw.csv
h100,v3,mixed_direction,multi_cta,bulk,mixed,alternating,batched,na,128,2,4,0,192,256,ns,64.0,,,2.0,mixed_direction|multi_cta|bulk|mixed|alternating|batched|na|128|2|4||||,data/h100/cuda-13.3-sm90/multi_context/mixed_direction/mixed/20260803T092443Z__v3__c462b34c8090/attempt_01.csv
h100,v3,mixed_direction,multi_cta,bulk,mixed,g2s_then_s2g,batched,na,128,2,4,0,192,256,ns,64.0,,,2.0,mixed_direction|multi_cta|bulk|mixed|g2s_then_s2g|batched|na|128|2|4||||,data/h100/cuda-13.3-sm90/multi_context/mixed_direction/mixed/20260803T092443Z__v3__c462b34c8090/attempt_01.csv
h100,v3,mixed_direction,multi_cta,bulk,mixed,s2g_then_g2s,batched,na,128,2,4,0,192,288,ns,72.0,,,1.777778,mixed_direction|multi_cta|bulk|mixed|s2g_then_g2s|batched|na|128|2|4||||,data/h100/cuda-13.3-sm90/multi_context/mixed_direction/mixed/20260803T092443Z__v3__c462b34c8090/attempt_01.csv
h100,v3,mixed_direction,multi_cta,bulk,mixed,alternating,batched,na,128,2,4,1,160,288,ns,72.0,,,1.777778,mixed_direction|multi_cta|bulk|mixed|alternating|batched|na|128|2|4||||,data/h100/cuda-13.3-sm90/multi_context/mixed_direction/mixed/20260803T092443Z__v3__c462b34c8090/attempt_01.csv
h100,v3,mixed_direction,multi_cta,bulk,mixed,g2s_then_s2g,batched,na,128,2,4,1,160,288,ns,72.0,,,1.777778,mixed_direction|multi_cta|bulk|mixed|g2s_then_s2g|batched|na|128|2|4||||,data/h100/cuda-13.3-sm90/multi_context/mixed_direction/mixed/20260803T092443Z__v3__c462b34c8090/attempt_01.csv
h100,v3,mixed_direction,multi_cta,bulk,mixed,s2g_then_g2s,batched,na,128,2,4,1,192,320,ns,80.0,,,1.6,mixed_direction|multi_cta|bulk|mixed|s2g_then_g2s|batched|na|128|2|4||||,data/h100/cuda-13.3-sm90/multi_context/mixed_direction/mixed/20260803T092443Z__v3__c462b34c8090/attempt_01.csv
b200,v3,mixed_direction,multi_cta,bulk,mixed,alternating,batched,na,128,2,4,0,160,224,ns,56.0,,,2.285714,mixed_direction|multi_cta|bulk|mixed|alternating|batched|na|128|2|4||||,data/b200/cuda-13.3-sm100/multi_context/mixed_direction/mixed/20260803T094309Z__v3__206fc377d643/attempt_01.csv
b200,v3,mixed_direction,multi_cta,bulk,mixed,g2s_then_s2g,batched,na,128,2,4,0,160,224,ns,56.0,,,2.285714,mixed_direction|multi_cta|bulk|mixed|g2s_then_s2g|batched|na|128|2|4||||,data/b200/cuda-13.3-sm100/multi_context/mixed_direction/mixed/20260803T094309Z__v3__206fc377d643/attempt_01.csv
b200,v3,mixed_direction,multi_cta,bulk,mixed,s2g_then_g2s,batched,na,128,2,4,0,192,320,ns,80.0,,,1.6,mixed_direction|multi_cta|bulk|mixed|s2g_then_g2s|batched|na|128|2|4||||,data/b200/cuda-13.3-sm100/multi_context/mixed_direction/mixed/20260803T094309Z__v3__206fc377d643/attempt_01.csv
b200,v3,mixed_direction,multi_cta,bulk,mixed,alternating,batched,na,128,2,4,1,160,288,ns,72.0,,,1.777778,mixed_direction|multi_cta|bulk|mixed|alternating|batched|na|128|2|4||||,data/b200/cuda-13.3-sm100/multi_context/mixed_direction/mixed/20260803T094309Z__v3__206fc377d643/attempt_01.csv
b200,v3,mixed_direction,multi_cta,bulk,mixed,g2s_then_s2g,batched,na,128,2,4,1,128,288,ns,72.0,,,1.777778,mixed_direction|multi_cta|bulk|mixed|g2s_then_s2g|batched|na|128|2|4||||,data/b200/cuda-13.3-sm100/multi_context/mixed_direction/mixed/20260803T094309Z__v3__206fc377d643/attempt_01.csv
b200,v3,mixed_direction,multi_cta,bulk,mixed,s2g_then_g2s,batched,na,128,2,4,1,128,288,ns,72.0,,,1.777778,mixed_direction|multi_cta|bulk|mixed|s2g_then_g2s|batched|na|128|2|4||||,data/b200/cuda-13.3-sm100/multi_context/mixed_direction/mixed/20260803T094309Z__v3__206fc377d643/attempt_01.csv
ventus,v3,mixed_direction,multi_cta,bulk,mixed,alternating,batched,na,128,2,4,0,160,206,cycles,51.5,51.5,2.485437,,multi_cta_bulk_mixed_alternating_batched_same_map_128_2,data/ventus/V3.10/multi_context/mixed_direction/mixed/20260803T103017Z__v3__e1a866548aad/raw.csv
ventus,v3,mixed_direction,multi_cta,bulk,mixed,g2s_then_s2g,batched,na,128,2,4,0,160,206,cycles,51.5,51.5,2.485437,,multi_cta_bulk_mixed_g2s_then_s2g_batched_same_map_128_2,data/ventus/V3.10/multi_context/mixed_direction/mixed/20260803T103017Z__v3__e1a866548aad/raw.csv
ventus,v3,mixed_direction,multi_cta,bulk,mixed,s2g_then_g2s,batched,na,128,2,4,0,165,203,cycles,50.75,50.75,2.522167,,multi_cta_bulk_mixed_s2g_then_g2s_batched_same_map_128_2,data/ventus/V3.10/multi_context/mixed_direction/mixed/20260803T103017Z__v3__e1a866548aad/raw.csv
ventus,v3,mixed_direction,multi_cta,bulk,mixed,alternating,batched,na,128,2,4,1,165,211,cycles,52.75,52.75,2.42654,,multi_cta_bulk_mixed_alternating_batched_same_map_128_2,data/ventus/V3.10/multi_context/mixed_direction/mixed/20260803T103017Z__v3__e1a866548aad/raw.csv
ventus,v3,mixed_direction,multi_cta,bulk,mixed,g2s_then_s2g,batched,na,128,2,4,1,169,215,cycles,53.75,53.75,2.381395,,multi_cta_bulk_mixed_g2s_then_s2g_batched_same_map_128_2,data/ventus/V3.10/multi_context/mixed_direction/mixed/20260803T103017Z__v3__e1a866548aad/raw.csv
ventus,v3,mixed_direction,multi_cta,bulk,mixed,s2g_then_g2s,batched,na,128,2,4,1,170,218,cycles,54.5,54.5,2.348624,,multi_cta_bulk_mixed_s2g_then_g2s_batched_same_map_128_2,data/ventus/V3.10/multi_context/mixed_direction/mixed/20260803T103017Z__v3__e1a866548aad/raw.csv
h100,v3,mixed_direction,multi_cta,bulk,mixed,alternating,batched,na,128,4,8,0,192,288,ns,36.0,,,3.555556,mixed_direction|multi_cta|bulk|mixed|alternating|batched|na|128|4|8||||,data/h100/cuda-13.3-sm90/multi_context/mixed_direction/mixed/20260803T092443Z__v3__c462b34c8090/attempt_01.csv
h100,v3,mixed_direction,multi_cta,bulk,mixed,g2s_then_s2g,batched,na,128,4,8,0,160,256,ns,32.0,,,4.0,mixed_direction|multi_cta|bulk|mixed|g2s_then_s2g|batched|na|128|4|8||||,data/h100/cuda-13.3-sm90/multi_context/mixed_direction/mixed/20260803T092443Z__v3__c462b34c8090/attempt_01.csv
h100,v3,mixed_direction,multi_cta,bulk,mixed,s2g_then_g2s,batched,na,128,4,8,0,192,288,ns,36.0,,,3.555556,mixed_direction|multi_cta|bulk|mixed|s2g_then_g2s|batched|na|128|4|8||||,data/h100/cuda-13.3-sm90/multi_context/mixed_direction/mixed/20260803T092443Z__v3__c462b34c8090/attempt_01.csv
h100,v3,mixed_direction,multi_cta,bulk,mixed,alternating,batched,na,128,4,8,1,224,352,ns,44.0,,,2.909091,mixed_direction|multi_cta|bulk|mixed|alternating|batched|na|128|4|8||||,data/h100/cuda-13.3-sm90/multi_context/mixed_direction/mixed/20260803T092443Z__v3__c462b34c8090/attempt_01.csv
h100,v3,mixed_direction,multi_cta,bulk,mixed,g2s_then_s2g,batched,na,128,4,8,1,224,352,ns,44.0,,,2.909091,mixed_direction|multi_cta|bulk|mixed|g2s_then_s2g|batched|na|128|4|8||||,data/h100/cuda-13.3-sm90/multi_context/mixed_direction/mixed/20260803T092443Z__v3__c462b34c8090/attempt_01.csv
h100,v3,mixed_direction,multi_cta,bulk,mixed,s2g_then_g2s,batched,na,128,4,8,1,224,352,ns,44.0,,,2.909091,mixed_direction|multi_cta|bulk|mixed|s2g_then_g2s|batched|na|128|4|8||||,data/h100/cuda-13.3-sm90/multi_context/mixed_direction/mixed/20260803T092443Z__v3__c462b34c8090/attempt_01.csv
b200,v3,mixed_direction,multi_cta,bulk,mixed,alternating,batched,na,128,4,8,0,384,448,ns,56.0,,,2.285714,mixed_direction|multi_cta|bulk|mixed|alternating|batched|na|128|4|8||||,data/b200/cuda-13.3-sm100/multi_context/mixed_direction/mixed/20260803T094309Z__v3__206fc377d643/attempt_01.csv
b200,v3,mixed_direction,multi_cta,bulk,mixed,g2s_then_s2g,batched,na,128,4,8,0,576,640,ns,80.0,,,1.6,mixed_direction|multi_cta|bulk|mixed|g2s_then_s2g|batched|na|128|4|8||||,data/b200/cuda-13.3-sm100/multi_context/mixed_direction/mixed/20260803T094309Z__v3__206fc377d643/attempt_01.csv
b200,v3,mixed_direction,multi_cta,bulk,mixed,s2g_then_g2s,batched,na,128,4,8,0,384,512,ns,64.0,,,2.0,mixed_direction|multi_cta|bulk|mixed|s2g_then_g2s|batched|na|128|4|8||||,data/b200/cuda-13.3-sm100/multi_context/mixed_direction/mixed/20260803T094309Z__v3__206fc377d643/attempt_01.csv
b200,v3,mixed_direction,multi_cta,bulk,mixed,alternating,batched,na,128,4,8,1,512,640,ns,80.0,,,1.6,mixed_direction|multi_cta|bulk|mixed|alternating|batched|na|128|4|8||||,data/b200/cuda-13.3-sm100/multi_context/mixed_direction/mixed/20260803T094309Z__v3__206fc377d643/attempt_01.csv
b200,v3,mixed_direction,multi_cta,bulk,mixed,g2s_then_s2g,batched,na,128,4,8,1,512,672,ns,84.0,,,1.52381,mixed_direction|multi_cta|bulk|mixed|g2s_then_s2g|batched|na|128|4|8||||,data/b200/cuda-13.3-sm100/multi_context/mixed_direction/mixed/20260803T094309Z__v3__206fc377d643/attempt_01.csv
b200,v3,mixed_direction,multi_cta,bulk,mixed,s2g_then_g2s,batched,na,128,4,8,1,512,640,ns,80.0,,,1.6,mixed_direction|multi_cta|bulk|mixed|s2g_then_g2s|batched|na|128|4|8||||,data/b200/cuda-13.3-sm100/multi_context/mixed_direction/mixed/20260803T094309Z__v3__206fc377d643/attempt_01.csv
ventus,v3,mixed_direction,multi_cta,bulk,mixed,alternating,batched,na,128,4,8,0,242,290,cycles,36.25,36.25,3.531034,,multi_cta_bulk_mixed_alternating_batched_same_map_128_4,data/ventus/V3.10/multi_context/mixed_direction/mixed/20260803T103017Z__v3__e1a866548aad/raw.csv
ventus,v3,mixed_direction,multi_cta,bulk,mixed,g2s_then_s2g,batched,na,128,4,8,0,231,277,cycles,34.625,34.625,3.696751,,multi_cta_bulk_mixed_g2s_then_s2g_batched_same_map_128_4,data/ventus/V3.10/multi_context/mixed_direction/mixed/20260803T103017Z__v3__e1a866548aad/raw.csv
ventus,v3,mixed_direction,multi_cta,bulk,mixed,s2g_then_g2s,batched,na,128,4,8,0,253,291,cycles,36.375,36.375,3.5189,,multi_cta_bulk_mixed_s2g_then_g2s_batched_same_map_128_4,data/ventus/V3.10/multi_context/mixed_direction/mixed/20260803T103017Z__v3__e1a866548aad/raw.csv
ventus,v3,mixed_direction,multi_cta,bulk,mixed,alternating,batched,na,128,4,8,1,262,311,cycles,38.875,38.875,3.292605,,multi_cta_bulk_mixed_alternating_batched_same_map_128_4,data/ventus/V3.10/multi_context/mixed_direction/mixed/20260803T103017Z__v3__e1a866548aad/raw.csv
ventus,v3,mixed_direction,multi_cta,bulk,mixed,g2s_then_s2g,batched,na,128,4,8,1,246,304,cycles,38.0,38.0,3.368421,,multi_cta_bulk_mixed_g2s_then_s2g_batched_same_map_128_4,data/ventus/V3.10/multi_context/mixed_direction/mixed/20260803T103017Z__v3__e1a866548aad/raw.csv
ventus,v3,mixed_direction,multi_cta,bulk,mixed,s2g_then_g2s,batched,na,128,4,8,1,266,314,cycles,39.25,39.25,3.261146,,multi_cta_bulk_mixed_s2g_then_g2s_batched_same_map_128_4,data/ventus/V3.10/multi_context/mixed_direction/mixed/20260803T103017Z__v3__e1a866548aad/raw.csv
h100,v3,mixed_direction,multi_cta,bulk,mixed,alternating,batched,na,128,8,16,0,192,256,ns,16.0,,,8.0,mixed_direction|multi_cta|bulk|mixed|alternating|batched|na|128|8|16||||,data/h100/cuda-13.3-sm90/multi_context/mixed_direction/mixed/20260803T092443Z__v3__c462b34c8090/attempt_01.csv
h100,v3,mixed_direction,multi_cta,bulk,mixed,g2s_then_s2g,batched,na,128,8,16,0,160,256,ns,16.0,,,8.0,mixed_direction|multi_cta|bulk|mixed|g2s_then_s2g|batched|na|128|8|16||||,data/h100/cuda-13.3-sm90/multi_context/mixed_direction/mixed/20260803T092443Z__v3__c462b34c8090/attempt_01.csv
h100,v3,mixed_direction,multi_cta,bulk,mixed,s2g_then_g2s,batched,na,128,8,16,0,192,352,ns,22.0,,,5.818182,mixed_direction|multi_cta|bulk|mixed|s2g_then_g2s|batched|na|128|8|16||||,data/h100/cuda-13.3-sm90/multi_context/mixed_direction/mixed/20260803T092443Z__v3__c462b34c8090/attempt_01.csv
h100,v3,mixed_direction,multi_cta,bulk,mixed,alternating,batched,na,128,8,16,1,192,320,ns,20.0,,,6.4,mixed_direction|multi_cta|bulk|mixed|alternating|batched|na|128|8|16||||,data/h100/cuda-13.3-sm90/multi_context/mixed_direction/mixed/20260803T092443Z__v3__c462b34c8090/attempt_01.csv
h100,v3,mixed_direction,multi_cta,bulk,mixed,g2s_then_s2g,batched,na,128,8,16,1,192,320,ns,20.0,,,6.4,mixed_direction|multi_cta|bulk|mixed|g2s_then_s2g|batched|na|128|8|16||||,data/h100/cuda-13.3-sm90/multi_context/mixed_direction/mixed/20260803T092443Z__v3__c462b34c8090/attempt_01.csv
h100,v3,mixed_direction,multi_cta,bulk,mixed,s2g_then_g2s,batched,na,128,8,16,1,192,352,ns,22.0,,,5.818182,mixed_direction|multi_cta|bulk|mixed|s2g_then_g2s|batched|na|128|8|16||||,data/h100/cuda-13.3-sm90/multi_context/mixed_direction/mixed/20260803T092443Z__v3__c462b34c8090/attempt_01.csv
b200,v3,mixed_direction,multi_cta,bulk,mixed,alternating,batched,na,128,8,16,0,384,448,ns,28.0,,,4.571429,mixed_direction|multi_cta|bulk|mixed|alternating|batched|na|128|8|16||||,data/b200/cuda-13.3-sm100/multi_context/mixed_direction/mixed/20260803T094309Z__v3__206fc377d643/attempt_01.csv
b200,v3,mixed_direction,multi_cta,bulk,mixed,g2s_then_s2g,batched,na,128,8,16,0,608,672,ns,42.0,,,3.047619,mixed_direction|multi_cta|bulk|mixed|g2s_then_s2g|batched|na|128|8|16||||,data/b200/cuda-13.3-sm100/multi_context/mixed_direction/mixed/20260803T094309Z__v3__206fc377d643/attempt_01.csv
b200,v3,mixed_direction,multi_cta,bulk,mixed,s2g_then_g2s,batched,na,128,8,16,0,576,736,ns,46.0,,,2.782609,mixed_direction|multi_cta|bulk|mixed|s2g_then_g2s|batched|na|128|8|16||||,data/b200/cuda-13.3-sm100/multi_context/mixed_direction/mixed/20260803T094309Z__v3__206fc377d643/attempt_01.csv
b200,v3,mixed_direction,multi_cta,bulk,mixed,alternating,batched,na,128,8,16,1,480,544,ns,34.0,,,3.764706,mixed_direction|multi_cta|bulk|mixed|alternating|batched|na|128|8|16||||,data/b200/cuda-13.3-sm100/multi_context/mixed_direction/mixed/20260803T094309Z__v3__206fc377d643/attempt_01.csv
b200,v3,mixed_direction,multi_cta,bulk,mixed,g2s_then_s2g,batched,na,128,8,16,1,576,608,ns,38.0,,,3.368421,mixed_direction|multi_cta|bulk|mixed|g2s_then_s2g|batched|na|128|8|16||||,data/b200/cuda-13.3-sm100/multi_context/mixed_direction/mixed/20260803T094309Z__v3__206fc377d643/attempt_01.csv
b200,v3,mixed_direction,multi_cta,bulk,mixed,s2g_then_g2s,batched,na,128,8,16,1,544,704,ns,44.0,,,2.909091,mixed_direction|multi_cta|bulk|mixed|s2g_then_g2s|batched|na|128|8|16||||,data/b200/cuda-13.3-sm100/multi_context/mixed_direction/mixed/20260803T094309Z__v3__206fc377d643/attempt_01.csv
ventus,v3,mixed_direction,multi_cta,bulk,mixed,alternating,batched,na,128,8,16,0,5648,7590,cycles,474.375,474.375,0.269829,,multi_cta_bulk_mixed_alternating_batched_same_map_128_8,data/ventus/V3.10/multi_context/mixed_direction/mixed/20260803T103017Z__v3__e1a866548aad/raw.csv
ventus,v3,mixed_direction,multi_cta,bulk,mixed,g2s_then_s2g,batched,na,128,8,16,0,5706,7658,cycles,478.625,478.625,0.267433,,multi_cta_bulk_mixed_g2s_then_s2g_batched_same_map_128_8,data/ventus/V3.10/multi_context/mixed_direction/mixed/20260803T103017Z__v3__e1a866548aad/raw.csv
ventus,v3,mixed_direction,multi_cta,bulk,mixed,s2g_then_g2s,batched,na,128,8,16,0,7980,8027,cycles,501.6875,501.6875,0.255139,,multi_cta_bulk_mixed_s2g_then_g2s_batched_same_map_128_8,data/ventus/V3.10/multi_context/mixed_direction/mixed/20260803T103017Z__v3__e1a866548aad/raw.csv
ventus,v3,mixed_direction,multi_cta,bulk,mixed,alternating,batched,na,128,8,16,1,7532,7578,cycles,473.625,473.625,0.270256,,multi_cta_bulk_mixed_alternating_batched_same_map_128_8,data/ventus/V3.10/multi_context/mixed_direction/mixed/20260803T103017Z__v3__e1a866548aad/raw.csv
ventus,v3,mixed_direction,multi_cta,bulk,mixed,g2s_then_s2g,batched,na,128,8,16,1,7603,7649,cycles,478.0625,478.0625,0.267747,,multi_cta_bulk_mixed_g2s_then_s2g_batched_same_map_128_8,data/ventus/V3.10/multi_context/mixed_direction/mixed/20260803T103017Z__v3__e1a866548aad/raw.csv
ventus,v3,mixed_direction,multi_cta,bulk,mixed,s2g_then_g2s,batched,na,128,8,16,1,7977,8024,cycles,501.5,501.5,0.255234,,multi_cta_bulk_mixed_s2g_then_g2s_batched_same_map_128_8,data/ventus/V3.10/multi_context/mixed_direction/mixed/20260803T103017Z__v3__e1a866548aad/raw.csv
h100,v3,mixed_direction,multi_cta,bulk,mixed,alternating,batched,na,128,16,32,0,352,416,ns,13.0,,,9.846154,mixed_direction|multi_cta|bulk|mixed|alternating|batched|na|128|16|32||||,data/h100/cuda-13.3-sm90/multi_context/mixed_direction/mixed/20260803T092443Z__v3__c462b34c8090/attempt_01.csv
h100,v3,mixed_direction,multi_cta,bulk,mixed,g2s_then_s2g,batched,na,128,16,32,0,384,448,ns,14.0,,,9.142857,mixed_direction|multi_cta|bulk|mixed|g2s_then_s2g|batched|na|128|16|32||||,data/h100/cuda-13.3-sm90/multi_context/mixed_direction/mixed/20260803T092443Z__v3__c462b34c8090/attempt_01.csv
h100,v3,mixed_direction,multi_cta,bulk,mixed,s2g_then_g2s,batched,na,128,16,32,0,416,512,ns,16.0,,,8.0,mixed_direction|multi_cta|bulk|mixed|s2g_then_g2s|batched|na|128|16|32||||,data/h100/cuda-13.3-sm90/multi_context/mixed_direction/mixed/20260803T092443Z__v3__c462b34c8090/attempt_01.csv
h100,v3,mixed_direction,multi_cta,bulk,mixed,alternating,batched,na,128,16,32,1,352,480,ns,15.0,,,8.533333,mixed_direction|multi_cta|bulk|mixed|alternating|batched|na|128|16|32||||,data/h100/cuda-13.3-sm90/multi_context/mixed_direction/mixed/20260803T092443Z__v3__c462b34c8090/attempt_01.csv
h100,v3,mixed_direction,multi_cta,bulk,mixed,g2s_then_s2g,batched,na,128,16,32,1,288,416,ns,13.0,,,9.846154,mixed_direction|multi_cta|bulk|mixed|g2s_then_s2g|batched|na|128|16|32||||,data/h100/cuda-13.3-sm90/multi_context/mixed_direction/mixed/20260803T092443Z__v3__c462b34c8090/attempt_01.csv
h100,v3,mixed_direction,multi_cta,bulk,mixed,s2g_then_g2s,batched,na,128,16,32,1,288,416,ns,13.0,,,9.846154,mixed_direction|multi_cta|bulk|mixed|s2g_then_g2s|batched|na|128|16|32||||,data/h100/cuda-13.3-sm90/multi_context/mixed_direction/mixed/20260803T092443Z__v3__c462b34c8090/attempt_01.csv
b200,v3,mixed_direction,multi_cta,bulk,mixed,alternating,batched,na,128,16,32,0,448,512,ns,16.0,,,8.0,mixed_direction|multi_cta|bulk|mixed|alternating|batched|na|128|16|32||||,data/b200/cuda-13.3-sm100/multi_context/mixed_direction/mixed/20260803T094309Z__v3__206fc377d643/attempt_01.csv
b200,v3,mixed_direction,multi_cta,bulk,mixed,g2s_then_s2g,batched,na,128,16,32,0,384,448,ns,14.0,,,9.142857,mixed_direction|multi_cta|bulk|mixed|g2s_then_s2g|batched|na|128|16|32||||,data/b200/cuda-13.3-sm100/multi_context/mixed_direction/mixed/20260803T094309Z__v3__206fc377d643/attempt_01.csv
b200,v3,mixed_direction,multi_cta,bulk,mixed,s2g_then_g2s,batched,na,128,16,32,0,608,736,ns,23.0,,,5.565217,mixed_direction|multi_cta|bulk|mixed|s2g_then_g2s|batched|na|128|16|32||||,data/b200/cuda-13.3-sm100/multi_context/mixed_direction/mixed/20260803T094309Z__v3__206fc377d643/attempt_01.csv
b200,v3,mixed_direction,multi_cta,bulk,mixed,alternating,batched,na,128,16,32,1,480,640,ns,20.0,,,6.4,mixed_direction|multi_cta|bulk|mixed|alternating|batched|na|128|16|32||||,data/b200/cuda-13.3-sm100/multi_context/mixed_direction/mixed/20260803T094309Z__v3__206fc377d643/attempt_01.csv
b200,v3,mixed_direction,multi_cta,bulk,mixed,g2s_then_s2g,batched,na,128,16,32,1,512,640,ns,20.0,,,6.4,mixed_direction|multi_cta|bulk|mixed|g2s_then_s2g|batched|na|128|16|32||||,data/b200/cuda-13.3-sm100/multi_context/mixed_direction/mixed/20260803T094309Z__v3__206fc377d643/attempt_01.csv
b200,v3,mixed_direction,multi_cta,bulk,mixed,s2g_then_g2s,batched,na,128,16,32,1,544,672,ns,21.0,,,6.095238,mixed_direction|multi_cta|bulk|mixed|s2g_then_g2s|batched|na|128|16|32||||,data/b200/cuda-13.3-sm100/multi_context/mixed_direction/mixed/20260803T094309Z__v3__206fc377d643/attempt_01.csv
ventus,v3,mixed_direction,multi_cta,bulk,mixed,alternating,batched,na,128,16,32,0,18862,18909,cycles,590.90625,590.90625,0.216616,,multi_cta_bulk_mixed_alternating_batched_same_map_128_16,data/ventus/V3.10/multi_context/mixed_direction/mixed/20260803T103017Z__v3__e1a866548aad/raw.csv
ventus,v3,mixed_direction,multi_cta,bulk,mixed,g2s_then_s2g,batched,na,128,16,32,0,16678,16737,cycles,523.03125,523.03125,0.244727,,multi_cta_bulk_mixed_g2s_then_s2g_batched_same_map_128_16,data/ventus/V3.10/multi_context/mixed_direction/mixed/20260803T103017Z__v3__e1a866548aad/raw.csv
ventus,v3,mixed_direction,multi_cta,bulk,mixed,s2g_then_g2s,batched,na,128,16,32,0,17381,18451,cycles,576.59375,576.59375,0.221993,,multi_cta_bulk_mixed_s2g_then_g2s_batched_same_map_128_16,data/ventus/V3.10/multi_context/mixed_direction/mixed/20260803T103017Z__v3__e1a866548aad/raw.csv
ventus,v3,mixed_direction,multi_cta,bulk,mixed,alternating,batched,na,128,16,32,1,19879,19925,cycles,622.65625,622.65625,0.205571,,multi_cta_bulk_mixed_alternating_batched_same_map_128_16,data/ventus/V3.10/multi_context/mixed_direction/mixed/20260803T103017Z__v3__e1a866548aad/raw.csv
ventus,v3,mixed_direction,multi_cta,bulk,mixed,g2s_then_s2g,batched,na,128,16,32,1,16711,16757,cycles,523.65625,523.65625,0.244435,,multi_cta_bulk_mixed_g2s_then_s2g_batched_same_map_128_16,data/ventus/V3.10/multi_context/mixed_direction/mixed/20260803T103017Z__v3__e1a866548aad/raw.csv
ventus,v3,mixed_direction,multi_cta,bulk,mixed,s2g_then_g2s,batched,na,128,16,32,1,19393,19440,cycles,607.5,607.5,0.2107,,multi_cta_bulk_mixed_s2g_then_g2s_batched_same_map_128_16,data/ventus/V3.10/multi_context/mixed_direction/mixed/20260803T103017Z__v3__e1a866548aad/raw.csv
h100,v3,mixed_direction,intra_cta,bulk,mixed,alternating,batched,na,4096,1,2,0,408,607,cycles,303.5,9.484375,13.495881,,mixed_direction|intra_cta|bulk|mixed|alternating|batched|na|4096|1|2||||,data/h100/cuda-13.3-sm90/multi_context/mixed_direction/mixed/20260803T092443Z__v3__c462b34c8090/attempt_01.csv
h100,v3,mixed_direction,intra_cta,bulk,mixed,g2s_then_s2g,batched,na,4096,1,2,0,561,761,cycles,380.5,11.890625,10.764783,,mixed_direction|intra_cta|bulk|mixed|g2s_then_s2g|batched|na|4096|1|2||||,data/h100/cuda-13.3-sm90/multi_context/mixed_direction/mixed/20260803T092443Z__v3__c462b34c8090/attempt_01.csv
h100,v3,mixed_direction,intra_cta,bulk,mixed,s2g_then_g2s,batched,na,4096,1,2,0,521,800,cycles,400.0,12.5,10.24,,mixed_direction|intra_cta|bulk|mixed|s2g_then_g2s|batched|na|4096|1|2||||,data/h100/cuda-13.3-sm90/multi_context/mixed_direction/mixed/20260803T092443Z__v3__c462b34c8090/attempt_01.csv
h100,v3,mixed_direction,intra_cta,bulk,mixed,alternating,batched,na,4096,1,2,1,365,575,cycles,287.5,8.984375,14.246957,,mixed_direction|intra_cta|bulk|mixed|alternating|batched|na|4096|1|2||||,data/h100/cuda-13.3-sm90/multi_context/mixed_direction/mixed/20260803T092443Z__v3__c462b34c8090/attempt_01.csv
h100,v3,mixed_direction,intra_cta,bulk,mixed,g2s_then_s2g,batched,na,4096,1,2,1,457,668,cycles,334.0,10.4375,12.263473,,mixed_direction|intra_cta|bulk|mixed|g2s_then_s2g|batched|na|4096|1|2||||,data/h100/cuda-13.3-sm90/multi_context/mixed_direction/mixed/20260803T092443Z__v3__c462b34c8090/attempt_01.csv
h100,v3,mixed_direction,intra_cta,bulk,mixed,s2g_then_g2s,batched,na,4096,1,2,1,460,867,cycles,433.5,13.546875,9.448674,,mixed_direction|intra_cta|bulk|mixed|s2g_then_g2s|batched|na|4096|1|2||||,data/h100/cuda-13.3-sm90/multi_context/mixed_direction/mixed/20260803T092443Z__v3__c462b34c8090/attempt_01.csv
b200,v3,mixed_direction,intra_cta,bulk,mixed,alternating,batched,na,4096,1,2,0,454,730,cycles,365.0,11.40625,11.221918,,mixed_direction|intra_cta|bulk|mixed|alternating|batched|na|4096|1|2||||,data/b200/cuda-13.3-sm100/multi_context/mixed_direction/mixed/20260803T094309Z__v3__206fc377d643/attempt_01.csv
b200,v3,mixed_direction,intra_cta,bulk,mixed,g2s_then_s2g,batched,na,4096,1,2,0,456,732,cycles,366.0,11.4375,11.191257,,mixed_direction|intra_cta|bulk|mixed|g2s_then_s2g|batched|na|4096|1|2||||,data/b200/cuda-13.3-sm100/multi_context/mixed_direction/mixed/20260803T094309Z__v3__206fc377d643/attempt_01.csv
b200,v3,mixed_direction,intra_cta,bulk,mixed,s2g_then_g2s,batched,na,4096,1,2,0,518,839,cycles,419.5,13.109375,9.764005,,mixed_direction|intra_cta|bulk|mixed|s2g_then_g2s|batched|na|4096|1|2||||,data/b200/cuda-13.3-sm100/multi_context/mixed_direction/mixed/20260803T094309Z__v3__206fc377d643/attempt_01.csv
b200,v3,mixed_direction,intra_cta,bulk,mixed,alternating,batched,na,4096,1,2,1,339,689,cycles,344.5,10.765625,11.889695,,mixed_direction|intra_cta|bulk|mixed|alternating|batched|na|4096|1|2||||,data/b200/cuda-13.3-sm100/multi_context/mixed_direction/mixed/20260803T094309Z__v3__206fc377d643/attempt_01.csv
b200,v3,mixed_direction,intra_cta,bulk,mixed,g2s_then_s2g,batched,na,4096,1,2,1,391,616,cycles,308.0,9.625,13.298701,,mixed_direction|intra_cta|bulk|mixed|g2s_then_s2g|batched|na|4096|1|2||||,data/b200/cuda-13.3-sm100/multi_context/mixed_direction/mixed/20260803T094309Z__v3__206fc377d643/attempt_01.csv
b200,v3,mixed_direction,intra_cta,bulk,mixed,s2g_then_g2s,batched,na,4096,1,2,1,483,790,cycles,395.0,12.34375,10.36962,,mixed_direction|intra_cta|bulk|mixed|s2g_then_g2s|batched|na|4096|1|2||||,data/b200/cuda-13.3-sm100/multi_context/mixed_direction/mixed/20260803T094309Z__v3__206fc377d643/attempt_01.csv
ventus,v3,mixed_direction,intra_cta,bulk,mixed,alternating,batched,na,4096,1,2,0,121,324,cycles,162.0,5.0625,25.283951,,intra_cta_bulk_mixed_alternating_batched_same_map_4096_1,data/ventus/V3.10/multi_context/mixed_direction/mixed/20260803T103017Z__v3__e1a866548aad/raw.csv
ventus,v3,mixed_direction,intra_cta,bulk,mixed,g2s_then_s2g,batched,na,4096,1,2,0,121,324,cycles,162.0,5.0625,25.283951,,intra_cta_bulk_mixed_g2s_then_s2g_batched_same_map_4096_1,data/ventus/V3.10/multi_context/mixed_direction/mixed/20260803T103017Z__v3__e1a866548aad/raw.csv
ventus,v3,mixed_direction,intra_cta,bulk,mixed,s2g_then_g2s,batched,na,4096,1,2,0,120,312,cycles,156.0,4.875,26.25641,,intra_cta_bulk_mixed_s2g_then_g2s_batched_same_map_4096_1,data/ventus/V3.10/multi_context/mixed_direction/mixed/20260803T103017Z__v3__e1a866548aad/raw.csv
ventus,v3,mixed_direction,intra_cta,bulk,mixed,alternating,batched,na,4096,1,2,1,129,374,cycles,187.0,5.84375,21.903743,,intra_cta_bulk_mixed_alternating_batched_same_map_4096_1,data/ventus/V3.10/multi_context/mixed_direction/mixed/20260803T103017Z__v3__e1a866548aad/raw.csv
ventus,v3,mixed_direction,intra_cta,bulk,mixed,g2s_then_s2g,batched,na,4096,1,2,1,131,371,cycles,185.5,5.796875,22.080863,,intra_cta_bulk_mixed_g2s_then_s2g_batched_same_map_4096_1,data/ventus/V3.10/multi_context/mixed_direction/mixed/20260803T103017Z__v3__e1a866548aad/raw.csv
ventus,v3,mixed_direction,intra_cta,bulk,mixed,s2g_then_g2s,batched,na,4096,1,2,1,129,357,cycles,178.5,5.578125,22.946779,,intra_cta_bulk_mixed_s2g_then_g2s_batched_same_map_4096_1,data/ventus/V3.10/multi_context/mixed_direction/mixed/20260803T103017Z__v3__e1a866548aad/raw.csv
h100,v3,mixed_direction,intra_cta,bulk,mixed,alternating,batched,na,4096,2,4,0,572,864,cycles,216.0,6.75,18.962963,,mixed_direction|intra_cta|bulk|mixed|alternating|batched|na|4096|2|4||||,data/h100/cuda-13.3-sm90/multi_context/mixed_direction/mixed/20260803T092443Z__v3__c462b34c8090/attempt_01.csv
h100,v3,mixed_direction,intra_cta,bulk,mixed,g2s_then_s2g,batched,na,4096,2,4,0,712,1049,cycles,262.25,8.195312,15.618684,,mixed_direction|intra_cta|bulk|mixed|g2s_then_s2g|batched|na|4096|2|4||||,data/h100/cuda-13.3-sm90/multi_context/mixed_direction/mixed/20260803T092443Z__v3__c462b34c8090/attempt_01.csv
h100,v3,mixed_direction,intra_cta,bulk,mixed,s2g_then_g2s,batched,na,4096,2,4,0,716,1086,cycles,271.5,8.484375,15.086556,,mixed_direction|intra_cta|bulk|mixed|s2g_then_g2s|batched|na|4096|2|4||||,data/h100/cuda-13.3-sm90/multi_context/mixed_direction/mixed/20260803T092443Z__v3__c462b34c8090/attempt_01.csv
h100,v3,mixed_direction,intra_cta,bulk,mixed,alternating,batched,na,4096,2,4,1,572,864,cycles,216.0,6.75,18.962963,,mixed_direction|intra_cta|bulk|mixed|alternating|batched|na|4096|2|4||||,data/h100/cuda-13.3-sm90/multi_context/mixed_direction/mixed/20260803T092443Z__v3__c462b34c8090/attempt_01.csv
h100,v3,mixed_direction,intra_cta,bulk,mixed,g2s_then_s2g,batched,na,4096,2,4,1,707,1044,cycles,261.0,8.15625,15.693487,,mixed_direction|intra_cta|bulk|mixed|g2s_then_s2g|batched|na|4096|2|4||||,data/h100/cuda-13.3-sm90/multi_context/mixed_direction/mixed/20260803T092443Z__v3__c462b34c8090/attempt_01.csv
h100,v3,mixed_direction,intra_cta,bulk,mixed,s2g_then_g2s,batched,na,4096,2,4,1,716,1086,cycles,271.5,8.484375,15.086556,,mixed_direction|intra_cta|bulk|mixed|s2g_then_g2s|batched|na|4096|2|4||||,data/h100/cuda-13.3-sm90/multi_context/mixed_direction/mixed/20260803T092443Z__v3__c462b34c8090/attempt_01.csv
b200,v3,mixed_direction,intra_cta,bulk,mixed,alternating,batched,na,4096,2,4,0,627,985,cycles,246.25,7.695312,16.633503,,mixed_direction|intra_cta|bulk|mixed|alternating|batched|na|4096|2|4||||,data/b200/cuda-13.3-sm100/multi_context/mixed_direction/mixed/20260803T094309Z__v3__206fc377d643/attempt_01.csv
b200,v3,mixed_direction,intra_cta,bulk,mixed,g2s_then_s2g,batched,na,4096,2,4,0,629,1055,cycles,263.75,8.242188,15.529858,,mixed_direction|intra_cta|bulk|mixed|g2s_then_s2g|batched|na|4096|2|4||||,data/b200/cuda-13.3-sm100/multi_context/mixed_direction/mixed/20260803T094309Z__v3__206fc377d643/attempt_01.csv
b200,v3,mixed_direction,intra_cta,bulk,mixed,s2g_then_g2s,batched,na,4096,2,4,0,662,1074,cycles,268.5,8.390625,15.255121,,mixed_direction|intra_cta|bulk|mixed|s2g_then_g2s|batched|na|4096|2|4||||,data/b200/cuda-13.3-sm100/multi_context/mixed_direction/mixed/20260803T094309Z__v3__206fc377d643/attempt_01.csv
b200,v3,mixed_direction,intra_cta,bulk,mixed,alternating,batched,na,4096,2,4,1,498,819,cycles,204.75,6.398438,20.004884,,mixed_direction|intra_cta|bulk|mixed|alternating|batched|na|4096|2|4||||,data/b200/cuda-13.3-sm100/multi_context/mixed_direction/mixed/20260803T094309Z__v3__206fc377d643/attempt_01.csv
b200,v3,mixed_direction,intra_cta,bulk,mixed,g2s_then_s2g,batched,na,4096,2,4,1,629,990,cycles,247.5,7.734375,16.549495,,mixed_direction|intra_cta|bulk|mixed|g2s_then_s2g|batched|na|4096|2|4||||,data/b200/cuda-13.3-sm100/multi_context/mixed_direction/mixed/20260803T094309Z__v3__206fc377d643/attempt_01.csv
b200,v3,mixed_direction,intra_cta,bulk,mixed,s2g_then_g2s,batched,na,4096,2,4,1,660,1058,cycles,264.5,8.265625,15.485822,,mixed_direction|intra_cta|bulk|mixed|s2g_then_g2s|batched|na|4096|2|4||||,data/b200/cuda-13.3-sm100/multi_context/mixed_direction/mixed/20260803T094309Z__v3__206fc377d643/attempt_01.csv
h100,v3,mixed_direction,intra_cta,bulk,mixed,alternating,batched,na,4096,4,8,0,860,1356,cycles,169.5,5.296875,24.165192,,mixed_direction|intra_cta|bulk|mixed|alternating|batched|na|4096|4|8||||,data/h100/cuda-13.3-sm90/multi_context/mixed_direction/mixed/20260803T092443Z__v3__c462b34c8090/attempt_01.csv
h100,v3,mixed_direction,intra_cta,bulk,mixed,g2s_then_s2g,batched,na,4096,4,8,0,946,1632,cycles,204.0,6.375,20.078431,,mixed_direction|intra_cta|bulk|mixed|g2s_then_s2g|batched|na|4096|4|8||||,data/h100/cuda-13.3-sm90/multi_context/mixed_direction/mixed/20260803T092443Z__v3__c462b34c8090/attempt_01.csv
h100,v3,mixed_direction,intra_cta,bulk,mixed,s2g_then_g2s,batched,na,4096,4,8,0,994,1546,cycles,193.25,6.039062,21.195343,,mixed_direction|intra_cta|bulk|mixed|s2g_then_g2s|batched|na|4096|4|8||||,data/h100/cuda-13.3-sm90/multi_context/mixed_direction/mixed/20260803T092443Z__v3__c462b34c8090/attempt_01.csv
h100,v3,mixed_direction,intra_cta,bulk,mixed,alternating,batched,na,4096,4,8,1,820,1356,cycles,169.5,5.296875,24.165192,,mixed_direction|intra_cta|bulk|mixed|alternating|batched|na|4096|4|8||||,data/h100/cuda-13.3-sm90/multi_context/mixed_direction/mixed/20260803T092443Z__v3__c462b34c8090/attempt_01.csv
h100,v3,mixed_direction,intra_cta,bulk,mixed,g2s_then_s2g,batched,na,4096,4,8,1,946,1632,cycles,204.0,6.375,20.078431,,mixed_direction|intra_cta|bulk|mixed|g2s_then_s2g|batched|na|4096|4|8||||,data/h100/cuda-13.3-sm90/multi_context/mixed_direction/mixed/20260803T092443Z__v3__c462b34c8090/attempt_01.csv
h100,v3,mixed_direction,intra_cta,bulk,mixed,s2g_then_g2s,batched,na,4096,4,8,1,959,1511,cycles,188.875,5.902344,21.6863,,mixed_direction|intra_cta|bulk|mixed|s2g_then_g2s|batched|na|4096|4|8||||,data/h100/cuda-13.3-sm90/multi_context/mixed_direction/mixed/20260803T092443Z__v3__c462b34c8090/attempt_01.csv
b200,v3,mixed_direction,intra_cta,bulk,mixed,alternating,batched,na,4096,4,8,0,831,1458,cycles,182.25,5.695312,22.474623,,mixed_direction|intra_cta|bulk|mixed|alternating|batched|na|4096|4|8||||,data/b200/cuda-13.3-sm100/multi_context/mixed_direction/mixed/20260803T094309Z__v3__206fc377d643/attempt_01.csv
b200,v3,mixed_direction,intra_cta,bulk,mixed,g2s_then_s2g,batched,na,4096,4,8,0,948,1694,cycles,211.75,6.617188,19.343566,,mixed_direction|intra_cta|bulk|mixed|g2s_then_s2g|batched|na|4096|4|8||||,data/b200/cuda-13.3-sm100/multi_context/mixed_direction/mixed/20260803T094309Z__v3__206fc377d643/attempt_01.csv
b200,v3,mixed_direction,intra_cta,bulk,mixed,s2g_then_g2s,batched,na,4096,4,8,0,984,1578,cycles,197.25,6.164062,20.765526,,mixed_direction|intra_cta|bulk|mixed|s2g_then_g2s|batched|na|4096|4|8||||,data/b200/cuda-13.3-sm100/multi_context/mixed_direction/mixed/20260803T094309Z__v3__206fc377d643/attempt_01.csv
b200,v3,mixed_direction,intra_cta,bulk,mixed,alternating,batched,na,4096,4,8,1,801,1363,cycles,170.375,5.324219,24.041086,,mixed_direction|intra_cta|bulk|mixed|alternating|batched|na|4096|4|8||||,data/b200/cuda-13.3-sm100/multi_context/mixed_direction/mixed/20260803T094309Z__v3__206fc377d643/attempt_01.csv
b200,v3,mixed_direction,intra_cta,bulk,mixed,g2s_then_s2g,batched,na,4096,4,8,1,948,1629,cycles,203.625,6.363281,20.115408,,mixed_direction|intra_cta|bulk|mixed|g2s_then_s2g|batched|na|4096|4|8||||,data/b200/cuda-13.3-sm100/multi_context/mixed_direction/mixed/20260803T094309Z__v3__206fc377d643/attempt_01.csv
b200,v3,mixed_direction,intra_cta,bulk,mixed,s2g_then_g2s,batched,na,4096,4,8,1,948,1541,cycles,192.625,6.019531,21.264114,,mixed_direction|intra_cta|bulk|mixed|s2g_then_g2s|batched|na|4096|4|8||||,data/b200/cuda-13.3-sm100/multi_context/mixed_direction/mixed/20260803T094309Z__v3__206fc377d643/attempt_01.csv
h100,v3,mixed_direction,intra_cta,bulk,mixed,alternating,batched,na,4096,8,16,0,1399,2376,cycles,148.5,4.640625,27.582492,,mixed_direction|intra_cta|bulk|mixed|alternating|batched|na|4096|8|16||||,data/h100/cuda-13.3-sm90/multi_context/mixed_direction/mixed/20260803T092443Z__v3__c462b34c8090/attempt_01.csv
h100,v3,mixed_direction,intra_cta,bulk,mixed,g2s_then_s2g,batched,na,4096,8,16,0,1642,2942,cycles,183.875,5.746094,22.276003,,mixed_direction|intra_cta|bulk|mixed|g2s_then_s2g|batched|na|4096|8|16||||,data/h100/cuda-13.3-sm90/multi_context/mixed_direction/mixed/20260803T092443Z__v3__c462b34c8090/attempt_01.csv
h100,v3,mixed_direction,intra_cta,bulk,mixed,s2g_then_g2s,batched,na,4096,8,16,0,1630,2383,cycles,148.9375,4.654297,27.501469,,mixed_direction|intra_cta|bulk|mixed|s2g_then_g2s|batched|na|4096|8|16||||,data/h100/cuda-13.3-sm90/multi_context/mixed_direction/mixed/20260803T092443Z__v3__c462b34c8090/attempt_01.csv
h100,v3,mixed_direction,intra_cta,bulk,mixed,alternating,batched,na,4096,8,16,1,1399,2376,cycles,148.5,4.640625,27.582492,,mixed_direction|intra_cta|bulk|mixed|alternating|batched|na|4096|8|16||||,data/h100/cuda-13.3-sm90/multi_context/mixed_direction/mixed/20260803T092443Z__v3__c462b34c8090/attempt_01.csv
h100,v3,mixed_direction,intra_cta,bulk,mixed,g2s_then_s2g,batched,na,4096,8,16,1,1590,2890,cycles,180.625,5.644531,22.676817,,mixed_direction|intra_cta|bulk|mixed|g2s_then_s2g|batched|na|4096|8|16||||,data/h100/cuda-13.3-sm90/multi_context/mixed_direction/mixed/20260803T092443Z__v3__c462b34c8090/attempt_01.csv
h100,v3,mixed_direction,intra_cta,bulk,mixed,s2g_then_g2s,batched,na,4096,8,16,1,1630,2383,cycles,148.9375,4.654297,27.501469,,mixed_direction|intra_cta|bulk|mixed|s2g_then_g2s|batched|na|4096|8|16||||,data/h100/cuda-13.3-sm90/multi_context/mixed_direction/mixed/20260803T092443Z__v3__c462b34c8090/attempt_01.csv
b200,v3,mixed_direction,intra_cta,bulk,mixed,alternating,batched,na,4096,8,16,0,1404,2511,cycles,156.9375,4.904297,26.099562,,mixed_direction|intra_cta|bulk|mixed|alternating|batched|na|4096|8|16||||,data/b200/cuda-13.3-sm100/multi_context/mixed_direction/mixed/20260803T094309Z__v3__206fc377d643/attempt_01.csv
b200,v3,mixed_direction,intra_cta,bulk,mixed,g2s_then_s2g,batched,na,4096,8,16,0,1561,2941,cycles,183.8125,5.744141,22.283577,,mixed_direction|intra_cta|bulk|mixed|g2s_then_s2g|batched|na|4096|8|16||||,data/b200/cuda-13.3-sm100/multi_context/mixed_direction/mixed/20260803T094309Z__v3__206fc377d643/attempt_01.csv
b200,v3,mixed_direction,intra_cta,bulk,mixed,s2g_then_g2s,batched,na,4096,8,16,0,1583,2402,cycles,150.125,4.691406,27.28393,,mixed_direction|intra_cta|bulk|mixed|s2g_then_g2s|batched|na|4096|8|16||||,data/b200/cuda-13.3-sm100/multi_context/mixed_direction/mixed/20260803T094309Z__v3__206fc377d643/attempt_01.csv
b200,v3,mixed_direction,intra_cta,bulk,mixed,alternating,batched,na,4096,8,16,1,1341,2383,cycles,148.9375,4.654297,27.501469,,mixed_direction|intra_cta|bulk|mixed|alternating|batched|na|4096|8|16||||,data/b200/cuda-13.3-sm100/multi_context/mixed_direction/mixed/20260803T094309Z__v3__206fc377d643/attempt_01.csv
b200,v3,mixed_direction,intra_cta,bulk,mixed,g2s_then_s2g,batched,na,4096,8,16,1,1561,2876,cycles,179.75,5.617188,22.787204,,mixed_direction|intra_cta|bulk|mixed|g2s_then_s2g|batched|na|4096|8|16||||,data/b200/cuda-13.3-sm100/multi_context/mixed_direction/mixed/20260803T094309Z__v3__206fc377d643/attempt_01.csv
b200,v3,mixed_direction,intra_cta,bulk,mixed,s2g_then_g2s,batched,na,4096,8,16,1,1547,2440,cycles,152.5,4.765625,26.859016,,mixed_direction|intra_cta|bulk|mixed|s2g_then_g2s|batched|na|4096|8|16||||,data/b200/cuda-13.3-sm100/multi_context/mixed_direction/mixed/20260803T094309Z__v3__206fc377d643/attempt_01.csv
h100,v3,mixed_direction,intra_cta,bulk,mixed,alternating,batched,na,4096,16,32,0,2557,4416,cycles,138.0,4.3125,29.681159,,mixed_direction|intra_cta|bulk|mixed|alternating|batched|na|4096|16|32||||,data/h100/cuda-13.3-sm90/multi_context/mixed_direction/mixed/20260803T092443Z__v3__c462b34c8090/attempt_01.csv
h100,v3,mixed_direction,intra_cta,bulk,mixed,g2s_then_s2g,batched,na,4096,16,32,0,3430,5458,cycles,170.5625,5.330078,24.014657,,mixed_direction|intra_cta|bulk|mixed|g2s_then_s2g|batched|na|4096|16|32||||,data/h100/cuda-13.3-sm90/multi_context/mixed_direction/mixed/20260803T092443Z__v3__c462b34c8090/attempt_01.csv
h100,v3,mixed_direction,intra_cta,bulk,mixed,s2g_then_g2s,batched,na,4096,16,32,0,3416,4897,cycles,153.03125,4.782227,26.765775,,mixed_direction|intra_cta|bulk|mixed|s2g_then_g2s|batched|na|4096|16|32||||,data/h100/cuda-13.3-sm90/multi_context/mixed_direction/mixed/20260803T092443Z__v3__c462b34c8090/attempt_01.csv
h100,v3,mixed_direction,intra_cta,bulk,mixed,alternating,batched,na,4096,16,32,1,2557,4416,cycles,138.0,4.3125,29.681159,,mixed_direction|intra_cta|bulk|mixed|alternating|batched|na|4096|16|32||||,data/h100/cuda-13.3-sm90/multi_context/mixed_direction/mixed/20260803T092443Z__v3__c462b34c8090/attempt_01.csv
h100,v3,mixed_direction,intra_cta,bulk,mixed,g2s_then_s2g,batched,na,4096,16,32,1,3378,5406,cycles,168.9375,5.279297,24.245653,,mixed_direction|intra_cta|bulk|mixed|g2s_then_s2g|batched|na|4096|16|32||||,data/h100/cuda-13.3-sm90/multi_context/mixed_direction/mixed/20260803T092443Z__v3__c462b34c8090/attempt_01.csv
h100,v3,mixed_direction,intra_cta,bulk,mixed,s2g_then_g2s,batched,na,4096,16,32,1,3416,4897,cycles,153.03125,4.782227,26.765775,,mixed_direction|intra_cta|bulk|mixed|s2g_then_g2s|batched|na|4096|16|32||||,data/h100/cuda-13.3-sm90/multi_context/mixed_direction/mixed/20260803T092443Z__v3__c462b34c8090/attempt_01.csv
b200,v3,mixed_direction,intra_cta,bulk,mixed,alternating,batched,na,4096,16,32,0,2484,4551,cycles,142.21875,4.444336,28.800703,,mixed_direction|intra_cta|bulk|mixed|alternating|batched|na|4096|16|32||||,data/b200/cuda-13.3-sm100/multi_context/mixed_direction/mixed/20260803T094309Z__v3__206fc377d643/attempt_01.csv
b200,v3,mixed_direction,intra_cta,bulk,mixed,g2s_then_s2g,batched,na,4096,16,32,0,3097,5431,cycles,169.71875,5.303711,24.134045,,mixed_direction|intra_cta|bulk|mixed|g2s_then_s2g|batched|na|4096|16|32||||,data/b200/cuda-13.3-sm100/multi_context/mixed_direction/mixed/20260803T094309Z__v3__206fc377d643/attempt_01.csv
b200,v3,mixed_direction,intra_cta,bulk,mixed,s2g_then_g2s,batched,na,4096,16,32,0,3158,4705,cycles,147.03125,4.594727,27.858023,,mixed_direction|intra_cta|bulk|mixed|s2g_then_g2s|batched|na|4096|16|32||||,data/b200/cuda-13.3-sm100/multi_context/mixed_direction/mixed/20260803T094309Z__v3__206fc377d643/attempt_01.csv
b200,v3,mixed_direction,intra_cta,bulk,mixed,alternating,batched,na,4096,16,32,1,2421,4423,cycles,138.21875,4.319336,29.634185,,mixed_direction|intra_cta|bulk|mixed|alternating|batched|na|4096|16|32||||,data/b200/cuda-13.3-sm100/multi_context/mixed_direction/mixed/20260803T094309Z__v3__206fc377d643/attempt_01.csv
b200,v3,mixed_direction,intra_cta,bulk,mixed,g2s_then_s2g,batched,na,4096,16,32,1,3097,5366,cycles,167.6875,5.240234,24.426388,,mixed_direction|intra_cta|bulk|mixed|g2s_then_s2g|batched|na|4096|16|32||||,data/b200/cuda-13.3-sm100/multi_context/mixed_direction/mixed/20260803T094309Z__v3__206fc377d643/attempt_01.csv
b200,v3,mixed_direction,intra_cta,bulk,mixed,s2g_then_g2s,batched,na,4096,16,32,1,3122,4604,cycles,143.875,4.496094,28.469157,,mixed_direction|intra_cta|bulk|mixed|s2g_then_g2s|batched|na|4096|16|32||||,data/b200/cuda-13.3-sm100/multi_context/mixed_direction/mixed/20260803T094309Z__v3__206fc377d643/attempt_01.csv
h100,v3,mixed_direction,intra_cta,bulk,mixed,alternating,serial,na,4096,1,2,0,846,863,cycles,431.5,13.484375,9.492468,,mixed_direction|intra_cta|bulk|mixed|alternating|serial|na|4096|1|2||||,data/h100/cuda-13.3-sm90/multi_context/mixed_direction/mixed/20260803T092443Z__v3__c462b34c8090/attempt_01.csv
h100,v3,mixed_direction,intra_cta,bulk,mixed,g2s_then_s2g,serial,na,4096,1,2,0,846,863,cycles,431.5,13.484375,9.492468,,mixed_direction|intra_cta|bulk|mixed|g2s_then_s2g|serial|na|4096|1|2||||,data/h100/cuda-13.3-sm90/multi_context/mixed_direction/mixed/20260803T092443Z__v3__c462b34c8090/attempt_01.csv
h100,v3,mixed_direction,intra_cta,bulk,mixed,s2g_then_g2s,serial,na,4096,1,2,0,829,856,cycles,428.0,13.375,9.570093,,mixed_direction|intra_cta|bulk|mixed|s2g_then_g2s|serial|na|4096|1|2||||,data/h100/cuda-13.3-sm90/multi_context/mixed_direction/mixed/20260803T092443Z__v3__c462b34c8090/attempt_01.csv
h100,v3,mixed_direction,intra_cta,bulk,mixed,alternating,serial,na,4096,1,2,1,840,857,cycles,428.5,13.390625,9.558926,,mixed_direction|intra_cta|bulk|mixed|alternating|serial|na|4096|1|2||||,data/h100/cuda-13.3-sm90/multi_context/mixed_direction/mixed/20260803T092443Z__v3__c462b34c8090/attempt_01.csv
h100,v3,mixed_direction,intra_cta,bulk,mixed,g2s_then_s2g,serial,na,4096,1,2,1,840,857,cycles,428.5,13.390625,9.558926,,mixed_direction|intra_cta|bulk|mixed|g2s_then_s2g|serial|na|4096|1|2||||,data/h100/cuda-13.3-sm90/multi_context/mixed_direction/mixed/20260803T092443Z__v3__c462b34c8090/attempt_01.csv
h100,v3,mixed_direction,intra_cta,bulk,mixed,s2g_then_g2s,serial,na,4096,1,2,1,823,840,cycles,420.0,13.125,9.752381,,mixed_direction|intra_cta|bulk|mixed|s2g_then_g2s|serial|na|4096|1|2||||,data/h100/cuda-13.3-sm90/multi_context/mixed_direction/mixed/20260803T092443Z__v3__c462b34c8090/attempt_01.csv
b200,v3,mixed_direction,intra_cta,bulk,mixed,alternating,serial,na,4096,1,2,0,981,1001,cycles,500.5,15.640625,8.183816,,mixed_direction|intra_cta|bulk|mixed|alternating|serial|na|4096|1|2||||,data/b200/cuda-13.3-sm100/multi_context/mixed_direction/mixed/20260803T094309Z__v3__206fc377d643/attempt_01.csv
b200,v3,mixed_direction,intra_cta,bulk,mixed,g2s_then_s2g,serial,na,4096,1,2,0,981,1001,cycles,500.5,15.640625,8.183816,,mixed_direction|intra_cta|bulk|mixed|g2s_then_s2g|serial|na|4096|1|2||||,data/b200/cuda-13.3-sm100/multi_context/mixed_direction/mixed/20260803T094309Z__v3__206fc377d643/attempt_01.csv
b200,v3,mixed_direction,intra_cta,bulk,mixed,s2g_then_g2s,serial,na,4096,1,2,0,929,959,cycles,479.5,14.984375,8.542231,,mixed_direction|intra_cta|bulk|mixed|s2g_then_g2s|serial|na|4096|1|2||||,data/b200/cuda-13.3-sm100/multi_context/mixed_direction/mixed/20260803T094309Z__v3__206fc377d643/attempt_01.csv
b200,v3,mixed_direction,intra_cta,bulk,mixed,alternating,serial,na,4096,1,2,1,930,950,cycles,475.0,14.84375,8.623158,,mixed_direction|intra_cta|bulk|mixed|alternating|serial|na|4096|1|2||||,data/b200/cuda-13.3-sm100/multi_context/mixed_direction/mixed/20260803T094309Z__v3__206fc377d643/attempt_01.csv
b200,v3,mixed_direction,intra_cta,bulk,mixed,g2s_then_s2g,serial,na,4096,1,2,1,930,950,cycles,475.0,14.84375,8.623158,,mixed_direction|intra_cta|bulk|mixed|g2s_then_s2g|serial|na|4096|1|2||||,data/b200/cuda-13.3-sm100/multi_context/mixed_direction/mixed/20260803T094309Z__v3__206fc377d643/attempt_01.csv
b200,v3,mixed_direction,intra_cta,bulk,mixed,s2g_then_g2s,serial,na,4096,1,2,1,966,986,cycles,493.0,15.40625,8.308316,,mixed_direction|intra_cta|bulk|mixed|s2g_then_g2s|serial|na|4096|1|2||||,data/b200/cuda-13.3-sm100/multi_context/mixed_direction/mixed/20260803T094309Z__v3__206fc377d643/attempt_01.csv
ventus,v3,mixed_direction,intra_cta,bulk,mixed,alternating,serial,na,4096,1,2,0,344,352,cycles,176.0,5.5,23.272727,,intra_cta_bulk_mixed_alternating_serial_same_map_4096_1,data/ventus/V3.10/multi_context/mixed_direction/mixed/20260803T103017Z__v3__e1a866548aad/raw.csv
ventus,v3,mixed_direction,intra_cta,bulk,mixed,g2s_then_s2g,serial,na,4096,1,2,0,344,352,cycles,176.0,5.5,23.272727,,intra_cta_bulk_mixed_g2s_then_s2g_serial_same_map_4096_1,data/ventus/V3.10/multi_context/mixed_direction/mixed/20260803T103017Z__v3__e1a866548aad/raw.csv
ventus,v3,mixed_direction,intra_cta,bulk,mixed,s2g_then_g2s,serial,na,4096,1,2,0,344,352,cycles,176.0,5.5,23.272727,,intra_cta_bulk_mixed_s2g_then_g2s_serial_same_map_4096_1,data/ventus/V3.10/multi_context/mixed_direction/mixed/20260803T103017Z__v3__e1a866548aad/raw.csv
ventus,v3,mixed_direction,intra_cta,bulk,mixed,alternating,serial,na,4096,1,2,1,394,402,cycles,201.0,6.28125,20.378109,,intra_cta_bulk_mixed_alternating_serial_same_map_4096_1,data/ventus/V3.10/multi_context/mixed_direction/mixed/20260803T103017Z__v3__e1a866548aad/raw.csv
ventus,v3,mixed_direction,intra_cta,bulk,mixed,g2s_then_s2g,serial,na,4096,1,2,1,395,403,cycles,201.5,6.296875,20.327543,,intra_cta_bulk_mixed_g2s_then_s2g_serial_same_map_4096_1,data/ventus/V3.10/multi_context/mixed_direction/mixed/20260803T103017Z__v3__e1a866548aad/raw.csv
ventus,v3,mixed_direction,intra_cta,bulk,mixed,s2g_then_g2s,serial,na,4096,1,2,1,394,402,cycles,201.0,6.28125,20.378109,,intra_cta_bulk_mixed_s2g_then_g2s_serial_same_map_4096_1,data/ventus/V3.10/multi_context/mixed_direction/mixed/20260803T103017Z__v3__e1a866548aad/raw.csv
h100,v3,mixed_direction,intra_cta,bulk,mixed,alternating,serial,na,4096,2,4,0,1649,1666,cycles,416.5,13.015625,9.834334,,mixed_direction|intra_cta|bulk|mixed|alternating|serial|na|4096|2|4||||,data/h100/cuda-13.3-sm90/multi_context/mixed_direction/mixed/20260803T092443Z__v3__c462b34c8090/attempt_01.csv
h100,v3,mixed_direction,intra_cta,bulk,mixed,g2s_then_s2g,serial,na,4096,2,4,0,1659,1676,cycles,419.0,13.09375,9.775656,,mixed_direction|intra_cta|bulk|mixed|g2s_then_s2g|serial|na|4096|2|4||||,data/h100/cuda-13.3-sm90/multi_context/mixed_direction/mixed/20260803T092443Z__v3__c462b34c8090/attempt_01.csv
h100,v3,mixed_direction,intra_cta,bulk,mixed,s2g_then_g2s,serial,na,4096,2,4,0,1604,1631,cycles,407.75,12.742188,10.045371,,mixed_direction|intra_cta|bulk|mixed|s2g_then_g2s|serial|na|4096|2|4||||,data/h100/cuda-13.3-sm90/multi_context/mixed_direction/mixed/20260803T092443Z__v3__c462b34c8090/attempt_01.csv
h100,v3,mixed_direction,intra_cta,bulk,mixed,alternating,serial,na,4096,2,4,1,1618,1635,cycles,408.75,12.773438,10.020795,,mixed_direction|intra_cta|bulk|mixed|alternating|serial|na|4096|2|4||||,data/h100/cuda-13.3-sm90/multi_context/mixed_direction/mixed/20260803T092443Z__v3__c462b34c8090/attempt_01.csv
h100,v3,mixed_direction,intra_cta,bulk,mixed,g2s_then_s2g,serial,na,4096,2,4,1,1618,1635,cycles,408.75,12.773438,10.020795,,mixed_direction|intra_cta|bulk|mixed|g2s_then_s2g|serial|na|4096|2|4||||,data/h100/cuda-13.3-sm90/multi_context/mixed_direction/mixed/20260803T092443Z__v3__c462b34c8090/attempt_01.csv
h100,v3,mixed_direction,intra_cta,bulk,mixed,s2g_then_g2s,serial,na,4096,2,4,1,1584,1601,cycles,400.25,12.507812,10.233604,,mixed_direction|intra_cta|bulk|mixed|s2g_then_g2s|serial|na|4096|2|4||||,data/h100/cuda-13.3-sm90/multi_context/mixed_direction/mixed/20260803T092443Z__v3__c462b34c8090/attempt_01.csv
b200,v3,mixed_direction,intra_cta,bulk,mixed,alternating,serial,na,4096,2,4,0,1830,1850,cycles,462.5,14.453125,8.856216,,mixed_direction|intra_cta|bulk|mixed|alternating|serial|na|4096|2|4||||,data/b200/cuda-13.3-sm100/multi_context/mixed_direction/mixed/20260803T094309Z__v3__206fc377d643/attempt_01.csv
b200,v3,mixed_direction,intra_cta,bulk,mixed,g2s_then_s2g,serial,na,4096,2,4,0,1830,1850,cycles,462.5,14.453125,8.856216,,mixed_direction|intra_cta|bulk|mixed|g2s_then_s2g|serial|na|4096|2|4||||,data/b200/cuda-13.3-sm100/multi_context/mixed_direction/mixed/20260803T094309Z__v3__206fc377d643/attempt_01.csv
b200,v3,mixed_direction,intra_cta,bulk,mixed,s2g_then_g2s,serial,na,4096,2,4,0,1814,1844,cycles,461.0,14.40625,8.885033,,mixed_direction|intra_cta|bulk|mixed|s2g_then_g2s|serial|na|4096|2|4||||,data/b200/cuda-13.3-sm100/multi_context/mixed_direction/mixed/20260803T094309Z__v3__206fc377d643/attempt_01.csv
b200,v3,mixed_direction,intra_cta,bulk,mixed,alternating,serial,na,4096,2,4,1,1783,1803,cycles,450.75,14.085938,9.087077,,mixed_direction|intra_cta|bulk|mixed|alternating|serial|na|4096|2|4||||,data/b200/cuda-13.3-sm100/multi_context/mixed_direction/mixed/20260803T094309Z__v3__206fc377d643/attempt_01.csv
b200,v3,mixed_direction,intra_cta,bulk,mixed,g2s_then_s2g,serial,na,4096,2,4,1,1783,1803,cycles,450.75,14.085938,9.087077,,mixed_direction|intra_cta|bulk|mixed|g2s_then_s2g|serial|na|4096|2|4||||,data/b200/cuda-13.3-sm100/multi_context/mixed_direction/mixed/20260803T094309Z__v3__206fc377d643/attempt_01.csv
b200,v3,mixed_direction,intra_cta,bulk,mixed,s2g_then_g2s,serial,na,4096,2,4,1,1851,1871,cycles,467.75,14.617188,8.756815,,mixed_direction|intra_cta|bulk|mixed|s2g_then_g2s|serial|na|4096|2|4||||,data/b200/cuda-13.3-sm100/multi_context/mixed_direction/mixed/20260803T094309Z__v3__206fc377d643/attempt_01.csv
h100,v3,mixed_direction,intra_cta,bulk,mixed,alternating,serial,na,4096,4,8,0,3211,3228,cycles,403.5,12.609375,10.151177,,mixed_direction|intra_cta|bulk|mixed|alternating|serial|na|4096|4|8||||,data/h100/cuda-13.3-sm90/multi_context/mixed_direction/mixed/20260803T092443Z__v3__c462b34c8090/attempt_01.csv
h100,v3,mixed_direction,intra_cta,bulk,mixed,g2s_then_s2g,serial,na,4096,4,8,0,3211,3228,cycles,403.5,12.609375,10.151177,,mixed_direction|intra_cta|bulk|mixed|g2s_then_s2g|serial|na|4096|4|8||||,data/h100/cuda-13.3-sm90/multi_context/mixed_direction/mixed/20260803T092443Z__v3__c462b34c8090/attempt_01.csv
h100,v3,mixed_direction,intra_cta,bulk,mixed,s2g_then_g2s,serial,na,4096,4,8,0,3141,3168,cycles,396.0,12.375,10.343434,,mixed_direction|intra_cta|bulk|mixed|s2g_then_g2s|serial|na|4096|4|8||||,data/h100/cuda-13.3-sm90/multi_context/mixed_direction/mixed/20260803T092443Z__v3__c462b34c8090/attempt_01.csv
h100,v3,mixed_direction,intra_cta,bulk,mixed,alternating,serial,na,4096,4,8,1,3180,3197,cycles,399.625,12.488281,10.249609,,mixed_direction|intra_cta|bulk|mixed|alternating|serial|na|4096|4|8||||,data/h100/cuda-13.3-sm90/multi_context/mixed_direction/mixed/20260803T092443Z__v3__c462b34c8090/attempt_01.csv
h100,v3,mixed_direction,intra_cta,bulk,mixed,g2s_then_s2g,serial,na,4096,4,8,1,3180,3197,cycles,399.625,12.488281,10.249609,,mixed_direction|intra_cta|bulk|mixed|g2s_then_s2g|serial|na|4096|4|8||||,data/h100/cuda-13.3-sm90/multi_context/mixed_direction/mixed/20260803T092443Z__v3__c462b34c8090/attempt_01.csv
h100,v3,mixed_direction,intra_cta,bulk,mixed,s2g_then_g2s,serial,na,4096,4,8,1,3112,3129,cycles,391.125,12.222656,10.472355,,mixed_direction|intra_cta|bulk|mixed|s2g_then_g2s|serial|na|4096|4|8||||,data/h100/cuda-13.3-sm90/multi_context/mixed_direction/mixed/20260803T092443Z__v3__c462b34c8090/attempt_01.csv
b200,v3,mixed_direction,intra_cta,bulk,mixed,alternating,serial,na,4096,4,8,0,3528,3548,cycles,443.5,13.859375,9.235626,,mixed_direction|intra_cta|bulk|mixed|alternating|serial|na|4096|4|8||||,data/b200/cuda-13.3-sm100/multi_context/mixed_direction/mixed/20260803T094309Z__v3__206fc377d643/attempt_01.csv
b200,v3,mixed_direction,intra_cta,bulk,mixed,g2s_then_s2g,serial,na,4096,4,8,0,3528,3548,cycles,443.5,13.859375,9.235626,,mixed_direction|intra_cta|bulk|mixed|g2s_then_s2g|serial|na|4096|4|8||||,data/b200/cuda-13.3-sm100/multi_context/mixed_direction/mixed/20260803T094309Z__v3__206fc377d643/attempt_01.csv
b200,v3,mixed_direction,intra_cta,bulk,mixed,s2g_then_g2s,serial,na,4096,4,8,0,3584,3614,cycles,451.75,14.117188,9.066962,,mixed_direction|intra_cta|bulk|mixed|s2g_then_g2s|serial|na|4096|4|8||||,data/b200/cuda-13.3-sm100/multi_context/mixed_direction/mixed/20260803T094309Z__v3__206fc377d643/attempt_01.csv
b200,v3,mixed_direction,intra_cta,bulk,mixed,alternating,serial,na,4096,4,8,1,3477,3497,cycles,437.125,13.660156,9.370317,,mixed_direction|intra_cta|bulk|mixed|alternating|serial|na|4096|4|8||||,data/b200/cuda-13.3-sm100/multi_context/mixed_direction/mixed/20260803T094309Z__v3__206fc377d643/attempt_01.csv
b200,v3,mixed_direction,intra_cta,bulk,mixed,g2s_then_s2g,serial,na,4096,4,8,1,3477,3497,cycles,437.125,13.660156,9.370317,,mixed_direction|intra_cta|bulk|mixed|g2s_then_s2g|serial|na|4096|4|8||||,data/b200/cuda-13.3-sm100/multi_context/mixed_direction/mixed/20260803T094309Z__v3__206fc377d643/attempt_01.csv
b200,v3,mixed_direction,intra_cta,bulk,mixed,s2g_then_g2s,serial,na,4096,4,8,1,3621,3641,cycles,455.125,14.222656,8.999725,,mixed_direction|intra_cta|bulk|mixed|s2g_then_g2s|serial|na|4096|4|8||||,data/b200/cuda-13.3-sm100/multi_context/mixed_direction/mixed/20260803T094309Z__v3__206fc377d643/attempt_01.csv
h100,v3,mixed_direction,intra_cta,bulk,mixed,alternating,serial,na,4096,8,16,0,6335,6352,cycles,397.0,12.40625,10.31738,,mixed_direction|intra_cta|bulk|mixed|alternating|serial|na|4096|8|16||||,data/h100/cuda-13.3-sm90/multi_context/mixed_direction/mixed/20260803T092443Z__v3__c462b34c8090/attempt_01.csv
h100,v3,mixed_direction,intra_cta,bulk,mixed,g2s_then_s2g,serial,na,4096,8,16,0,6335,6352,cycles,397.0,12.40625,10.31738,,mixed_direction|intra_cta|bulk|mixed|g2s_then_s2g|serial|na|4096|8|16||||,data/h100/cuda-13.3-sm90/multi_context/mixed_direction/mixed/20260803T092443Z__v3__c462b34c8090/attempt_01.csv
h100,v3,mixed_direction,intra_cta,bulk,mixed,s2g_then_g2s,serial,na,4096,8,16,0,6197,6224,cycles,389.0,12.15625,10.529563,,mixed_direction|intra_cta|bulk|mixed|s2g_then_g2s|serial|na|4096|8|16||||,data/h100/cuda-13.3-sm90/multi_context/mixed_direction/mixed/20260803T092443Z__v3__c462b34c8090/attempt_01.csv
h100,v3,mixed_direction,intra_cta,bulk,mixed,alternating,serial,na,4096,8,16,1,6304,6321,cycles,395.0625,12.345703,10.36798,,mixed_direction|intra_cta|bulk|mixed|alternating|serial|na|4096|8|16||||,data/h100/cuda-13.3-sm90/multi_context/mixed_direction/mixed/20260803T092443Z__v3__c462b34c8090/attempt_01.csv
h100,v3,mixed_direction,intra_cta,bulk,mixed,g2s_then_s2g,serial,na,4096,8,16,1,6304,6321,cycles,395.0625,12.345703,10.36798,,mixed_direction|intra_cta|bulk|mixed|g2s_then_s2g|serial|na|4096|8|16||||,data/h100/cuda-13.3-sm90/multi_context/mixed_direction/mixed/20260803T092443Z__v3__c462b34c8090/attempt_01.csv
h100,v3,mixed_direction,intra_cta,bulk,mixed,s2g_then_g2s,serial,na,4096,8,16,1,6168,6185,cycles,386.5625,12.080078,10.595958,,mixed_direction|intra_cta|bulk|mixed|s2g_then_g2s|serial|na|4096|8|16||||,data/h100/cuda-13.3-sm90/multi_context/mixed_direction/mixed/20260803T092443Z__v3__c462b34c8090/attempt_01.csv
b200,v3,mixed_direction,intra_cta,bulk,mixed,alternating,serial,na,4096,8,16,0,6924,6944,cycles,434.0,13.5625,9.437788,,mixed_direction|intra_cta|bulk|mixed|alternating|serial|na|4096|8|16||||,data/b200/cuda-13.3-sm100/multi_context/mixed_direction/mixed/20260803T094309Z__v3__206fc377d643/attempt_01.csv
b200,v3,mixed_direction,intra_cta,bulk,mixed,g2s_then_s2g,serial,na,4096,8,16,0,6924,6944,cycles,434.0,13.5625,9.437788,,mixed_direction|intra_cta|bulk|mixed|g2s_then_s2g|serial|na|4096|8|16||||,data/b200/cuda-13.3-sm100/multi_context/mixed_direction/mixed/20260803T094309Z__v3__206fc377d643/attempt_01.csv
b200,v3,mixed_direction,intra_cta,bulk,mixed,s2g_then_g2s,serial,na,4096,8,16,0,7124,7154,cycles,447.125,13.972656,9.160749,,mixed_direction|intra_cta|bulk|mixed|s2g_then_g2s|serial|na|4096|8|16||||,data/b200/cuda-13.3-sm100/multi_context/mixed_direction/mixed/20260803T094309Z__v3__206fc377d643/attempt_01.csv
b200,v3,mixed_direction,intra_cta,bulk,mixed,alternating,serial,na,4096,8,16,1,6877,6897,cycles,431.0625,13.470703,9.502102,,mixed_direction|intra_cta|bulk|mixed|alternating|serial|na|4096|8|16||||,data/b200/cuda-13.3-sm100/multi_context/mixed_direction/mixed/20260803T094309Z__v3__206fc377d643/attempt_01.csv
b200,v3,mixed_direction,intra_cta,bulk,mixed,g2s_then_s2g,serial,na,4096,8,16,1,6880,6900,cycles,431.25,13.476562,9.497971,,mixed_direction|intra_cta|bulk|mixed|g2s_then_s2g|serial|na|4096|8|16||||,data/b200/cuda-13.3-sm100/multi_context/mixed_direction/mixed/20260803T094309Z__v3__206fc377d643/attempt_01.csv
b200,v3,mixed_direction,intra_cta,bulk,mixed,s2g_then_g2s,serial,na,4096,8,16,1,7161,7181,cycles,448.8125,14.025391,9.126306,,mixed_direction|intra_cta|bulk|mixed|s2g_then_g2s|serial|na|4096|8|16||||,data/b200/cuda-13.3-sm100/multi_context/mixed_direction/mixed/20260803T094309Z__v3__206fc377d643/attempt_01.csv
h100,v3,mixed_direction,intra_cta,bulk,mixed,alternating,serial,na,4096,16,32,0,12583,12600,cycles,393.75,12.304688,10.40254,,mixed_direction|intra_cta|bulk|mixed|alternating|serial|na|4096|16|32||||,data/h100/cuda-13.3-sm90/multi_context/mixed_direction/mixed/20260803T092443Z__v3__c462b34c8090/attempt_01.csv
h100,v3,mixed_direction,intra_cta,bulk,mixed,g2s_then_s2g,serial,na,4096,16,32,0,12583,12600,cycles,393.75,12.304688,10.40254,,mixed_direction|intra_cta|bulk|mixed|g2s_then_s2g|serial|na|4096|16|32||||,data/h100/cuda-13.3-sm90/multi_context/mixed_direction/mixed/20260803T092443Z__v3__c462b34c8090/attempt_01.csv
h100,v3,mixed_direction,intra_cta,bulk,mixed,s2g_then_g2s,serial,na,4096,16,32,0,12309,12336,cycles,385.5,12.046875,10.625162,,mixed_direction|intra_cta|bulk|mixed|s2g_then_g2s|serial|na|4096|16|32||||,data/h100/cuda-13.3-sm90/multi_context/mixed_direction/mixed/20260803T092443Z__v3__c462b34c8090/attempt_01.csv
h100,v3,mixed_direction,intra_cta,bulk,mixed,alternating,serial,na,4096,16,32,1,13002,13019,cycles,406.84375,12.713867,10.067747,,mixed_direction|intra_cta|bulk|mixed|alternating|serial|na|4096|16|32||||,data/h100/cuda-13.3-sm90/multi_context/mixed_direction/mixed/20260803T092443Z__v3__c462b34c8090/attempt_01.csv
h100,v3,mixed_direction,intra_cta,bulk,mixed,g2s_then_s2g,serial,na,4096,16,32,1,12552,12569,cycles,392.78125,12.274414,10.428196,,mixed_direction|intra_cta|bulk|mixed|g2s_then_s2g|serial|na|4096|16|32||||,data/h100/cuda-13.3-sm90/multi_context/mixed_direction/mixed/20260803T092443Z__v3__c462b34c8090/attempt_01.csv
h100,v3,mixed_direction,intra_cta,bulk,mixed,s2g_then_g2s,serial,na,4096,16,32,1,12280,12297,cycles,384.28125,12.008789,10.65886,,mixed_direction|intra_cta|bulk|mixed|s2g_then_g2s|serial|na|4096|16|32||||,data/h100/cuda-13.3-sm90/multi_context/mixed_direction/mixed/20260803T092443Z__v3__c462b34c8090/attempt_01.csv
b200,v3,mixed_direction,intra_cta,bulk,mixed,alternating,serial,na,4096,16,32,0,13723,13743,cycles,429.46875,13.420898,9.537364,,mixed_direction|intra_cta|bulk|mixed|alternating|serial|na|4096|16|32||||,data/b200/cuda-13.3-sm100/multi_context/mixed_direction/mixed/20260803T094309Z__v3__206fc377d643/attempt_01.csv
b200,v3,mixed_direction,intra_cta,bulk,mixed,g2s_then_s2g,serial,na,4096,16,32,0,13725,13745,cycles,429.53125,13.422852,9.535977,,mixed_direction|intra_cta|bulk|mixed|g2s_then_s2g|serial|na|4096|16|32||||,data/b200/cuda-13.3-sm100/multi_context/mixed_direction/mixed/20260803T094309Z__v3__206fc377d643/attempt_01.csv
b200,v3,mixed_direction,intra_cta,bulk,mixed,s2g_then_g2s,serial,na,4096,16,32,0,14204,14234,cycles,444.8125,13.900391,9.208374,,mixed_direction|intra_cta|bulk|mixed|s2g_then_g2s|serial|na|4096|16|32||||,data/b200/cuda-13.3-sm100/multi_context/mixed_direction/mixed/20260803T094309Z__v3__206fc377d643/attempt_01.csv
b200,v3,mixed_direction,intra_cta,bulk,mixed,alternating,serial,na,4096,16,32,1,15919,15939,cycles,498.09375,15.56543,8.223352,,mixed_direction|intra_cta|bulk|mixed|alternating|serial|na|4096|16|32||||,data/b200/cuda-13.3-sm100/multi_context/mixed_direction/mixed/20260803T094309Z__v3__206fc377d643/attempt_01.csv
b200,v3,mixed_direction,intra_cta,bulk,mixed,g2s_then_s2g,serial,na,4096,16,32,1,13670,13690,cycles,427.8125,13.369141,9.574288,,mixed_direction|intra_cta|bulk|mixed|g2s_then_s2g|serial|na|4096|16|32||||,data/b200/cuda-13.3-sm100/multi_context/mixed_direction/mixed/20260803T094309Z__v3__206fc377d643/attempt_01.csv
b200,v3,mixed_direction,intra_cta,bulk,mixed,s2g_then_g2s,serial,na,4096,16,32,1,14092,14112,cycles,441.0,13.78125,9.287982,,mixed_direction|intra_cta|bulk|mixed|s2g_then_g2s|serial|na|4096|16|32||||,data/b200/cuda-13.3-sm100/multi_context/mixed_direction/mixed/20260803T094309Z__v3__206fc377d643/attempt_01.csv
h100,v3,mixed_direction,multi_cta,bulk,mixed,alternating,batched,na,4096,1,2,0,192,256,ns,128.0,,,32.0,mixed_direction|multi_cta|bulk|mixed|alternating|batched|na|4096|1|2||||,data/h100/cuda-13.3-sm90/multi_context/mixed_direction/mixed/20260803T092443Z__v3__c462b34c8090/attempt_01.csv
h100,v3,mixed_direction,multi_cta,bulk,mixed,g2s_then_s2g,batched,na,4096,1,2,0,160,256,ns,128.0,,,32.0,mixed_direction|multi_cta|bulk|mixed|g2s_then_s2g|batched|na|4096|1|2||||,data/h100/cuda-13.3-sm90/multi_context/mixed_direction/mixed/20260803T092443Z__v3__c462b34c8090/attempt_01.csv
h100,v3,mixed_direction,multi_cta,bulk,mixed,s2g_then_g2s,batched,na,4096,1,2,0,192,352,ns,176.0,,,23.272727,mixed_direction|multi_cta|bulk|mixed|s2g_then_g2s|batched|na|4096|1|2||||,data/h100/cuda-13.3-sm90/multi_context/mixed_direction/mixed/20260803T092443Z__v3__c462b34c8090/attempt_01.csv
h100,v3,mixed_direction,multi_cta,bulk,mixed,alternating,batched,na,4096,1,2,1,128,288,ns,144.0,,,28.444444,mixed_direction|multi_cta|bulk|mixed|alternating|batched|na|4096|1|2||||,data/h100/cuda-13.3-sm90/multi_context/mixed_direction/mixed/20260803T092443Z__v3__c462b34c8090/attempt_01.csv
h100,v3,mixed_direction,multi_cta,bulk,mixed,g2s_then_s2g,batched,na,4096,1,2,1,128,320,ns,160.0,,,25.6,mixed_direction|multi_cta|bulk|mixed|g2s_then_s2g|batched|na|4096|1|2||||,data/h100/cuda-13.3-sm90/multi_context/mixed_direction/mixed/20260803T092443Z__v3__c462b34c8090/attempt_01.csv
h100,v3,mixed_direction,multi_cta,bulk,mixed,s2g_then_g2s,batched,na,4096,1,2,1,128,352,ns,176.0,,,23.272727,mixed_direction|multi_cta|bulk|mixed|s2g_then_g2s|batched|na|4096|1|2||||,data/h100/cuda-13.3-sm90/multi_context/mixed_direction/mixed/20260803T092443Z__v3__c462b34c8090/attempt_01.csv
b200,v3,mixed_direction,multi_cta,bulk,mixed,alternating,batched,na,4096,1,2,0,160,224,ns,112.0,,,36.571429,mixed_direction|multi_cta|bulk|mixed|alternating|batched|na|4096|1|2||||,data/b200/cuda-13.3-sm100/multi_context/mixed_direction/mixed/20260803T094309Z__v3__206fc377d643/attempt_01.csv
b200,v3,mixed_direction,multi_cta,bulk,mixed,g2s_then_s2g,batched,na,4096,1,2,0,192,256,ns,128.0,,,32.0,mixed_direction|multi_cta|bulk|mixed|g2s_then_s2g|batched|na|4096|1|2||||,data/b200/cuda-13.3-sm100/multi_context/mixed_direction/mixed/20260803T094309Z__v3__206fc377d643/attempt_01.csv
b200,v3,mixed_direction,multi_cta,bulk,mixed,s2g_then_g2s,batched,na,4096,1,2,0,192,320,ns,160.0,,,25.6,mixed_direction|multi_cta|bulk|mixed|s2g_then_g2s|batched|na|4096|1|2||||,data/b200/cuda-13.3-sm100/multi_context/mixed_direction/mixed/20260803T094309Z__v3__206fc377d643/attempt_01.csv
b200,v3,mixed_direction,multi_cta,bulk,mixed,alternating,batched,na,4096,1,2,1,128,288,ns,144.0,,,28.444444,mixed_direction|multi_cta|bulk|mixed|alternating|batched|na|4096|1|2||||,data/b200/cuda-13.3-sm100/multi_context/mixed_direction/mixed/20260803T094309Z__v3__206fc377d643/attempt_01.csv
b200,v3,mixed_direction,multi_cta,bulk,mixed,g2s_then_s2g,batched,na,4096,1,2,1,128,288,ns,144.0,,,28.444444,mixed_direction|multi_cta|bulk|mixed|g2s_then_s2g|batched|na|4096|1|2||||,data/b200/cuda-13.3-sm100/multi_context/mixed_direction/mixed/20260803T094309Z__v3__206fc377d643/attempt_01.csv
b200,v3,mixed_direction,multi_cta,bulk,mixed,s2g_then_g2s,batched,na,4096,1,2,1,128,352,ns,176.0,,,23.272727,mixed_direction|multi_cta|bulk|mixed|s2g_then_g2s|batched|na|4096|1|2||||,data/b200/cuda-13.3-sm100/multi_context/mixed_direction/mixed/20260803T094309Z__v3__206fc377d643/attempt_01.csv
ventus,v3,mixed_direction,multi_cta,bulk,mixed,alternating,batched,na,4096,1,2,0,153,344,cycles,172.0,5.375,23.813953,,multi_cta_bulk_mixed_alternating_batched_same_map_4096_1,data/ventus/V3.10/multi_context/mixed_direction/mixed/20260803T103017Z__v3__e1a866548aad/raw.csv
ventus,v3,mixed_direction,multi_cta,bulk,mixed,g2s_then_s2g,batched,na,4096,1,2,0,153,342,cycles,171.0,5.34375,23.953216,,multi_cta_bulk_mixed_g2s_then_s2g_batched_same_map_4096_1,data/ventus/V3.10/multi_context/mixed_direction/mixed/20260803T103017Z__v3__e1a866548aad/raw.csv
ventus,v3,mixed_direction,multi_cta,bulk,mixed,s2g_then_g2s,batched,na,4096,1,2,0,153,324,cycles,162.0,5.0625,25.283951,,multi_cta_bulk_mixed_s2g_then_g2s_batched_same_map_4096_1,data/ventus/V3.10/multi_context/mixed_direction/mixed/20260803T103017Z__v3__e1a866548aad/raw.csv
ventus,v3,mixed_direction,multi_cta,bulk,mixed,alternating,batched,na,4096,1,2,1,161,381,cycles,190.5,5.953125,21.501312,,multi_cta_bulk_mixed_alternating_batched_same_map_4096_1,data/ventus/V3.10/multi_context/mixed_direction/mixed/20260803T103017Z__v3__e1a866548aad/raw.csv
ventus,v3,mixed_direction,multi_cta,bulk,mixed,g2s_then_s2g,batched,na,4096,1,2,1,161,378,cycles,189.0,5.90625,21.671958,,multi_cta_bulk_mixed_g2s_then_s2g_batched_same_map_4096_1,data/ventus/V3.10/multi_context/mixed_direction/mixed/20260803T103017Z__v3__e1a866548aad/raw.csv
ventus,v3,mixed_direction,multi_cta,bulk,mixed,s2g_then_g2s,batched,na,4096,1,2,1,161,371,cycles,185.5,5.796875,22.080863,,multi_cta_bulk_mixed_s2g_then_g2s_batched_same_map_4096_1,data/ventus/V3.10/multi_context/mixed_direction/mixed/20260803T103017Z__v3__e1a866548aad/raw.csv
h100,v3,mixed_direction,multi_cta,bulk,mixed,alternating,batched,na,4096,2,4,0,192,256,ns,64.0,,,64.0,mixed_direction|multi_cta|bulk|mixed|alternating|batched|na|4096|2|4||||,data/h100/cuda-13.3-sm90/multi_context/mixed_direction/mixed/20260803T092443Z__v3__c462b34c8090/attempt_01.csv
h100,v3,mixed_direction,multi_cta,bulk,mixed,g2s_then_s2g,batched,na,4096,2,4,0,160,256,ns,64.0,,,64.0,mixed_direction|multi_cta|bulk|mixed|g2s_then_s2g|batched|na|4096|2|4||||,data/h100/cuda-13.3-sm90/multi_context/mixed_direction/mixed/20260803T092443Z__v3__c462b34c8090/attempt_01.csv
h100,v3,mixed_direction,multi_cta,bulk,mixed,s2g_then_g2s,batched,na,4096,2,4,0,192,352,ns,88.0,,,46.545455,mixed_direction|multi_cta|bulk|mixed|s2g_then_g2s|batched|na|4096|2|4||||,data/h100/cuda-13.3-sm90/multi_context/mixed_direction/mixed/20260803T092443Z__v3__c462b34c8090/attempt_01.csv
h100,v3,mixed_direction,multi_cta,bulk,mixed,alternating,batched,na,4096,2,4,1,160,352,ns,88.0,,,46.545455,mixed_direction|multi_cta|bulk|mixed|alternating|batched|na|4096|2|4||||,data/h100/cuda-13.3-sm90/multi_context/mixed_direction/mixed/20260803T092443Z__v3__c462b34c8090/attempt_01.csv
h100,v3,mixed_direction,multi_cta,bulk,mixed,g2s_then_s2g,batched,na,4096,2,4,1,160,320,ns,80.0,,,51.2,mixed_direction|multi_cta|bulk|mixed|g2s_then_s2g|batched|na|4096|2|4||||,data/h100/cuda-13.3-sm90/multi_context/mixed_direction/mixed/20260803T092443Z__v3__c462b34c8090/attempt_01.csv
h100,v3,mixed_direction,multi_cta,bulk,mixed,s2g_then_g2s,batched,na,4096,2,4,1,192,416,ns,104.0,,,39.384615,mixed_direction|multi_cta|bulk|mixed|s2g_then_g2s|batched|na|4096|2|4||||,data/h100/cuda-13.3-sm90/multi_context/mixed_direction/mixed/20260803T092443Z__v3__c462b34c8090/attempt_01.csv
b200,v3,mixed_direction,multi_cta,bulk,mixed,alternating,batched,na,4096,2,4,0,160,288,ns,72.0,,,56.888889,mixed_direction|multi_cta|bulk|mixed|alternating|batched|na|4096|2|4||||,data/b200/cuda-13.3-sm100/multi_context/mixed_direction/mixed/20260803T094309Z__v3__206fc377d643/attempt_01.csv
b200,v3,mixed_direction,multi_cta,bulk,mixed,g2s_then_s2g,batched,na,4096,2,4,0,160,320,ns,80.0,,,51.2,mixed_direction|multi_cta|bulk|mixed|g2s_then_s2g|batched|na|4096|2|4||||,data/b200/cuda-13.3-sm100/multi_context/mixed_direction/mixed/20260803T094309Z__v3__206fc377d643/attempt_01.csv
b200,v3,mixed_direction,multi_cta,bulk,mixed,s2g_then_g2s,batched,na,4096,2,4,0,192,320,ns,80.0,,,51.2,mixed_direction|multi_cta|bulk|mixed|s2g_then_g2s|batched|na|4096|2|4||||,data/b200/cuda-13.3-sm100/multi_context/mixed_direction/mixed/20260803T094309Z__v3__206fc377d643/attempt_01.csv
b200,v3,mixed_direction,multi_cta,bulk,mixed,alternating,batched,na,4096,2,4,1,192,352,ns,88.0,,,46.545455,mixed_direction|multi_cta|bulk|mixed|alternating|batched|na|4096|2|4||||,data/b200/cuda-13.3-sm100/multi_context/mixed_direction/mixed/20260803T094309Z__v3__206fc377d643/attempt_01.csv
b200,v3,mixed_direction,multi_cta,bulk,mixed,g2s_then_s2g,batched,na,4096,2,4,1,192,320,ns,80.0,,,51.2,mixed_direction|multi_cta|bulk|mixed|g2s_then_s2g|batched|na|4096|2|4||||,data/b200/cuda-13.3-sm100/multi_context/mixed_direction/mixed/20260803T094309Z__v3__206fc377d643/attempt_01.csv
b200,v3,mixed_direction,multi_cta,bulk,mixed,s2g_then_g2s,batched,na,4096,2,4,1,160,384,ns,96.0,,,42.666667,mixed_direction|multi_cta|bulk|mixed|s2g_then_g2s|batched|na|4096|2|4||||,data/b200/cuda-13.3-sm100/multi_context/mixed_direction/mixed/20260803T094309Z__v3__206fc377d643/attempt_01.csv
ventus,v3,mixed_direction,multi_cta,bulk,mixed,alternating,batched,na,4096,2,4,0,156,521,cycles,130.25,4.070312,31.447217,,multi_cta_bulk_mixed_alternating_batched_same_map_4096_2,data/ventus/V3.10/multi_context/mixed_direction/mixed/20260803T103017Z__v3__e1a866548aad/raw.csv
ventus,v3,mixed_direction,multi_cta,bulk,mixed,g2s_then_s2g,batched,na,4096,2,4,0,155,515,cycles,128.75,4.023438,31.813592,,multi_cta_bulk_mixed_g2s_then_s2g_batched_same_map_4096_2,data/ventus/V3.10/multi_context/mixed_direction/mixed/20260803T103017Z__v3__e1a866548aad/raw.csv
ventus,v3,mixed_direction,multi_cta,bulk,mixed,s2g_then_g2s,batched,na,4096,2,4,0,156,467,cycles,116.75,3.648438,35.083512,,multi_cta_bulk_mixed_s2g_then_g2s_batched_same_map_4096_2,data/ventus/V3.10/multi_context/mixed_direction/mixed/20260803T103017Z__v3__e1a866548aad/raw.csv
ventus,v3,mixed_direction,multi_cta,bulk,mixed,alternating,batched,na,4096,2,4,1,387,615,cycles,153.75,4.804688,26.64065,,multi_cta_bulk_mixed_alternating_batched_same_map_4096_2,data/ventus/V3.10/multi_context/mixed_direction/mixed/20260803T103017Z__v3__e1a866548aad/raw.csv
ventus,v3,mixed_direction,multi_cta,bulk,mixed,g2s_then_s2g,batched,na,4096,2,4,1,333,637,cycles,159.25,4.976562,25.720565,,multi_cta_bulk_mixed_g2s_then_s2g_batched_same_map_4096_2,data/ventus/V3.10/multi_context/mixed_direction/mixed/20260803T103017Z__v3__e1a866548aad/raw.csv
ventus,v3,mixed_direction,multi_cta,bulk,mixed,s2g_then_g2s,batched,na,4096,2,4,1,224,532,cycles,133.0,4.15625,30.796992,,multi_cta_bulk_mixed_s2g_then_g2s_batched_same_map_4096_2,data/ventus/V3.10/multi_context/mixed_direction/mixed/20260803T103017Z__v3__e1a866548aad/raw.csv
h100,v3,mixed_direction,multi_cta,bulk,mixed,alternating,batched,na,4096,4,8,0,192,288,ns,36.0,,,113.777778,mixed_direction|multi_cta|bulk|mixed|alternating|batched|na|4096|4|8||||,data/h100/cuda-13.3-sm90/multi_context/mixed_direction/mixed/20260803T092443Z__v3__c462b34c8090/attempt_01.csv
h100,v3,mixed_direction,multi_cta,bulk,mixed,g2s_then_s2g,batched,na,4096,4,8,0,192,288,ns,36.0,,,113.777778,mixed_direction|multi_cta|bulk|mixed|g2s_then_s2g|batched|na|4096|4|8||||,data/h100/cuda-13.3-sm90/multi_context/mixed_direction/mixed/20260803T092443Z__v3__c462b34c8090/attempt_01.csv
h100,v3,mixed_direction,multi_cta,bulk,mixed,s2g_then_g2s,batched,na,4096,4,8,0,192,352,ns,44.0,,,93.090909,mixed_direction|multi_cta|bulk|mixed|s2g_then_g2s|batched|na|4096|4|8||||,data/h100/cuda-13.3-sm90/multi_context/mixed_direction/mixed/20260803T092443Z__v3__c462b34c8090/attempt_01.csv
h100,v3,mixed_direction,multi_cta,bulk,mixed,alternating,batched,na,4096,4,8,1,224,384,ns,48.0,,,85.333333,mixed_direction|multi_cta|bulk|mixed|alternating|batched|na|4096|4|8||||,data/h100/cuda-13.3-sm90/multi_context/mixed_direction/mixed/20260803T092443Z__v3__c462b34c8090/attempt_01.csv
h100,v3,mixed_direction,multi_cta,bulk,mixed,g2s_then_s2g,batched,na,4096,4,8,1,192,384,ns,48.0,,,85.333333,mixed_direction|multi_cta|bulk|mixed|g2s_then_s2g|batched|na|4096|4|8||||,data/h100/cuda-13.3-sm90/multi_context/mixed_direction/mixed/20260803T092443Z__v3__c462b34c8090/attempt_01.csv
h100,v3,mixed_direction,multi_cta,bulk,mixed,s2g_then_g2s,batched,na,4096,4,8,1,224,448,ns,56.0,,,73.142857,mixed_direction|multi_cta|bulk|mixed|s2g_then_g2s|batched|na|4096|4|8||||,data/h100/cuda-13.3-sm90/multi_context/mixed_direction/mixed/20260803T092443Z__v3__c462b34c8090/attempt_01.csv
b200,v3,mixed_direction,multi_cta,bulk,mixed,alternating,batched,na,4096,4,8,0,384,512,ns,64.0,,,64.0,mixed_direction|multi_cta|bulk|mixed|alternating|batched|na|4096|4|8||||,data/b200/cuda-13.3-sm100/multi_context/mixed_direction/mixed/20260803T094309Z__v3__206fc377d643/attempt_01.csv
b200,v3,mixed_direction,multi_cta,bulk,mixed,g2s_then_s2g,batched,na,4096,4,8,0,576,736,ns,92.0,,,44.521739,mixed_direction|multi_cta|bulk|mixed|g2s_then_s2g|batched|na|4096|4|8||||,data/b200/cuda-13.3-sm100/multi_context/mixed_direction/mixed/20260803T094309Z__v3__206fc377d643/attempt_01.csv
b200,v3,mixed_direction,multi_cta,bulk,mixed,s2g_then_g2s,batched,na,4096,4,8,0,576,736,ns,92.0,,,44.521739,mixed_direction|multi_cta|bulk|mixed|s2g_then_g2s|batched|na|4096|4|8||||,data/b200/cuda-13.3-sm100/multi_context/mixed_direction/mixed/20260803T094309Z__v3__206fc377d643/attempt_01.csv
b200,v3,mixed_direction,multi_cta,bulk,mixed,alternating,batched,na,4096,4,8,1,480,640,ns,80.0,,,51.2,mixed_direction|multi_cta|bulk|mixed|alternating|batched|na|4096|4|8||||,data/b200/cuda-13.3-sm100/multi_context/mixed_direction/mixed/20260803T094309Z__v3__206fc377d643/attempt_01.csv
b200,v3,mixed_direction,multi_cta,bulk,mixed,g2s_then_s2g,batched,na,4096,4,8,1,544,704,ns,88.0,,,46.545455,mixed_direction|multi_cta|bulk|mixed|g2s_then_s2g|batched|na|4096|4|8||||,data/b200/cuda-13.3-sm100/multi_context/mixed_direction/mixed/20260803T094309Z__v3__206fc377d643/attempt_01.csv
b200,v3,mixed_direction,multi_cta,bulk,mixed,s2g_then_g2s,batched,na,4096,4,8,1,544,736,ns,92.0,,,44.521739,mixed_direction|multi_cta|bulk|mixed|s2g_then_g2s|batched|na|4096|4|8||||,data/b200/cuda-13.3-sm100/multi_context/mixed_direction/mixed/20260803T094309Z__v3__206fc377d643/attempt_01.csv
ventus,v3,mixed_direction,multi_cta,bulk,mixed,alternating,batched,na,4096,4,8,0,663,1172,cycles,146.5,4.578125,27.959044,,multi_cta_bulk_mixed_alternating_batched_same_map_4096_4,data/ventus/V3.10/multi_context/mixed_direction/mixed/20260803T103017Z__v3__e1a866548aad/raw.csv
ventus,v3,mixed_direction,multi_cta,bulk,mixed,g2s_then_s2g,batched,na,4096,4,8,0,671,1149,cycles,143.625,4.488281,28.518712,,multi_cta_bulk_mixed_g2s_then_s2g_batched_same_map_4096_4,data/ventus/V3.10/multi_context/mixed_direction/mixed/20260803T103017Z__v3__e1a866548aad/raw.csv
ventus,v3,mixed_direction,multi_cta,bulk,mixed,s2g_then_g2s,batched,na,4096,4,8,0,689,1134,cycles,141.75,4.429688,28.895944,,multi_cta_bulk_mixed_s2g_then_g2s_batched_same_map_4096_4,data/ventus/V3.10/multi_context/mixed_direction/mixed/20260803T103017Z__v3__e1a866548aad/raw.csv
ventus,v3,mixed_direction,multi_cta,bulk,mixed,alternating,batched,na,4096,4,8,1,1093,1350,cycles,168.75,5.273438,24.272593,,multi_cta_bulk_mixed_alternating_batched_same_map_4096_4,data/ventus/V3.10/multi_context/mixed_direction/mixed/20260803T103017Z__v3__e1a866548aad/raw.csv
ventus,v3,mixed_direction,multi_cta,bulk,mixed,g2s_then_s2g,batched,na,4096,4,8,1,1085,1326,cycles,165.75,5.179688,24.711916,,multi_cta_bulk_mixed_g2s_then_s2g_batched_same_map_4096_4,data/ventus/V3.10/multi_context/mixed_direction/mixed/20260803T103017Z__v3__e1a866548aad/raw.csv
ventus,v3,mixed_direction,multi_cta,bulk,mixed,s2g_then_g2s,batched,na,4096,4,8,1,1017,1258,cycles,157.25,4.914062,26.047695,,multi_cta_bulk_mixed_s2g_then_g2s_batched_same_map_4096_4,data/ventus/V3.10/multi_context/mixed_direction/mixed/20260803T103017Z__v3__e1a866548aad/raw.csv
h100,v3,mixed_direction,multi_cta,bulk,mixed,alternating,batched,na,4096,8,16,0,192,352,ns,22.0,,,186.181818,mixed_direction|multi_cta|bulk|mixed|alternating|batched|na|4096|8|16||||,data/h100/cuda-13.3-sm90/multi_context/mixed_direction/mixed/20260803T092443Z__v3__c462b34c8090/attempt_01.csv
h100,v3,mixed_direction,multi_cta,bulk,mixed,g2s_then_s2g,batched,na,4096,8,16,0,192,352,ns,22.0,,,186.181818,mixed_direction|multi_cta|bulk|mixed|g2s_then_s2g|batched|na|4096|8|16||||,data/h100/cuda-13.3-sm90/multi_context/mixed_direction/mixed/20260803T092443Z__v3__c462b34c8090/attempt_01.csv
h100,v3,mixed_direction,multi_cta,bulk,mixed,s2g_then_g2s,batched,na,4096,8,16,0,192,416,ns,26.0,,,157.538462,mixed_direction|multi_cta|bulk|mixed|s2g_then_g2s|batched|na|4096|8|16||||,data/h100/cuda-13.3-sm90/multi_context/mixed_direction/mixed/20260803T092443Z__v3__c462b34c8090/attempt_01.csv
h100,v3,mixed_direction,multi_cta,bulk,mixed,alternating,batched,na,4096,8,16,1,256,416,ns,26.0,,,157.538462,mixed_direction|multi_cta|bulk|mixed|alternating|batched|na|4096|8|16||||,data/h100/cuda-13.3-sm90/multi_context/mixed_direction/mixed/20260803T092443Z__v3__c462b34c8090/attempt_01.csv
h100,v3,mixed_direction,multi_cta,bulk,mixed,g2s_then_s2g,batched,na,4096,8,16,1,192,384,ns,24.0,,,170.666667,mixed_direction|multi_cta|bulk|mixed|g2s_then_s2g|batched|na|4096|8|16||||,data/h100/cuda-13.3-sm90/multi_context/mixed_direction/mixed/20260803T092443Z__v3__c462b34c8090/attempt_01.csv
h100,v3,mixed_direction,multi_cta,bulk,mixed,s2g_then_g2s,batched,na,4096,8,16,1,224,448,ns,28.0,,,146.285714,mixed_direction|multi_cta|bulk|mixed|s2g_then_g2s|batched|na|4096|8|16||||,data/h100/cuda-13.3-sm90/multi_context/mixed_direction/mixed/20260803T092443Z__v3__c462b34c8090/attempt_01.csv
b200,v3,mixed_direction,multi_cta,bulk,mixed,alternating,batched,na,4096,8,16,0,576,736,ns,46.0,,,89.043478,mixed_direction|multi_cta|bulk|mixed|alternating|batched|na|4096|8|16||||,data/b200/cuda-13.3-sm100/multi_context/mixed_direction/mixed/20260803T094309Z__v3__206fc377d643/attempt_01.csv
b200,v3,mixed_direction,multi_cta,bulk,mixed,g2s_then_s2g,batched,na,4096,8,16,0,608,768,ns,48.0,,,85.333333,mixed_direction|multi_cta|bulk|mixed|g2s_then_s2g|batched|na|4096|8|16||||,data/b200/cuda-13.3-sm100/multi_context/mixed_direction/mixed/20260803T094309Z__v3__206fc377d643/attempt_01.csv
b200,v3,mixed_direction,multi_cta,bulk,mixed,s2g_then_g2s,batched,na,4096,8,16,0,384,544,ns,34.0,,,120.470588,mixed_direction|multi_cta|bulk|mixed|s2g_then_g2s|batched|na|4096|8|16||||,data/b200/cuda-13.3-sm100/multi_context/mixed_direction/mixed/20260803T094309Z__v3__206fc377d643/attempt_01.csv
b200,v3,mixed_direction,multi_cta,bulk,mixed,alternating,batched,na,4096,8,16,1,576,704,ns,44.0,,,93.090909,mixed_direction|multi_cta|bulk|mixed|alternating|batched|na|4096|8|16||||,data/b200/cuda-13.3-sm100/multi_context/mixed_direction/mixed/20260803T094309Z__v3__206fc377d643/attempt_01.csv
b200,v3,mixed_direction,multi_cta,bulk,mixed,g2s_then_s2g,batched,na,4096,8,16,1,544,672,ns,42.0,,,97.52381,mixed_direction|multi_cta|bulk|mixed|g2s_then_s2g|batched|na|4096|8|16||||,data/b200/cuda-13.3-sm100/multi_context/mixed_direction/mixed/20260803T094309Z__v3__206fc377d643/attempt_01.csv
b200,v3,mixed_direction,multi_cta,bulk,mixed,s2g_then_g2s,batched,na,4096,8,16,1,480,704,ns,44.0,,,93.090909,mixed_direction|multi_cta|bulk|mixed|s2g_then_g2s|batched|na|4096|8|16||||,data/b200/cuda-13.3-sm100/multi_context/mixed_direction/mixed/20260803T094309Z__v3__206fc377d643/attempt_01.csv
ventus,v3,mixed_direction,multi_cta,bulk,mixed,alternating,batched,na,4096,8,16,0,18349,19562,cycles,1222.625,38.207031,3.350169,,multi_cta_bulk_mixed_alternating_batched_same_map_4096_8,data/ventus/V3.10/multi_context/mixed_direction/mixed/20260803T103017Z__v3__e1a866548aad/raw.csv
ventus,v3,mixed_direction,multi_cta,bulk,mixed,g2s_then_s2g,batched,na,4096,8,16,0,20592,20811,cycles,1300.6875,40.646484,3.149104,,multi_cta_bulk_mixed_g2s_then_s2g_batched_same_map_4096_8,data/ventus/V3.10/multi_context/mixed_direction/mixed/20260803T103017Z__v3__e1a866548aad/raw.csv
ventus,v3,mixed_direction,multi_cta,bulk,mixed,s2g_then_g2s,batched,na,4096,8,16,0,19853,20070,cycles,1254.375,39.199219,3.265371,,multi_cta_bulk_mixed_s2g_then_g2s_batched_same_map_4096_8,data/ventus/V3.10/multi_context/mixed_direction/mixed/20260803T103017Z__v3__e1a866548aad/raw.csv
ventus,v3,mixed_direction,multi_cta,bulk,mixed,alternating,batched,na,4096,8,16,1,19187,19527,cycles,1220.4375,38.138672,3.356174,,multi_cta_bulk_mixed_alternating_batched_same_map_4096_8,data/ventus/V3.10/multi_context/mixed_direction/mixed/20260803T103017Z__v3__e1a866548aad/raw.csv
ventus,v3,mixed_direction,multi_cta,bulk,mixed,g2s_then_s2g,batched,na,4096,8,16,1,20542,20762,cycles,1297.625,40.550781,3.156536,,multi_cta_bulk_mixed_g2s_then_s2g_batched_same_map_4096_8,data/ventus/V3.10/multi_context/mixed_direction/mixed/20260803T103017Z__v3__e1a866548aad/raw.csv
ventus,v3,mixed_direction,multi_cta,bulk,mixed,s2g_then_g2s,batched,na,4096,8,16,1,19775,19986,cycles,1249.125,39.035156,3.279095,,multi_cta_bulk_mixed_s2g_then_g2s_batched_same_map_4096_8,data/ventus/V3.10/multi_context/mixed_direction/mixed/20260803T103017Z__v3__e1a866548aad/raw.csv
h100,v3,mixed_direction,multi_cta,bulk,mixed,alternating,batched,na,4096,16,32,0,384,544,ns,17.0,,,240.941176,mixed_direction|multi_cta|bulk|mixed|alternating|batched|na|4096|16|32||||,data/h100/cuda-13.3-sm90/multi_context/mixed_direction/mixed/20260803T092443Z__v3__c462b34c8090/attempt_01.csv
h100,v3,mixed_direction,multi_cta,bulk,mixed,g2s_then_s2g,batched,na,4096,16,32,0,416,576,ns,18.0,,,227.555556,mixed_direction|multi_cta|bulk|mixed|g2s_then_s2g|batched|na|4096|16|32||||,data/h100/cuda-13.3-sm90/multi_context/mixed_direction/mixed/20260803T092443Z__v3__c462b34c8090/attempt_01.csv
h100,v3,mixed_direction,multi_cta,bulk,mixed,s2g_then_g2s,batched,na,4096,16,32,0,384,608,ns,19.0,,,215.578947,mixed_direction|multi_cta|bulk|mixed|s2g_then_g2s|batched|na|4096|16|32||||,data/h100/cuda-13.3-sm90/multi_context/mixed_direction/mixed/20260803T092443Z__v3__c462b34c8090/attempt_01.csv
h100,v3,mixed_direction,multi_cta,bulk,mixed,alternating,batched,na,4096,16,32,1,256,448,ns,14.0,,,292.571429,mixed_direction|multi_cta|bulk|mixed|alternating|batched|na|4096|16|32||||,data/h100/cuda-13.3-sm90/multi_context/mixed_direction/mixed/20260803T092443Z__v3__c462b34c8090/attempt_01.csv
h100,v3,mixed_direction,multi_cta,bulk,mixed,g2s_then_s2g,batched,na,4096,16,32,1,288,480,ns,15.0,,,273.066667,mixed_direction|multi_cta|bulk|mixed|g2s_then_s2g|batched|na|4096|16|32||||,data/h100/cuda-13.3-sm90/multi_context/mixed_direction/mixed/20260803T092443Z__v3__c462b34c8090/attempt_01.csv
h100,v3,mixed_direction,multi_cta,bulk,mixed,s2g_then_g2s,batched,na,4096,16,32,1,256,480,ns,15.0,,,273.066667,mixed_direction|multi_cta|bulk|mixed|s2g_then_g2s|batched|na|4096|16|32||||,data/h100/cuda-13.3-sm90/multi_context/mixed_direction/mixed/20260803T092443Z__v3__c462b34c8090/attempt_01.csv
b200,v3,mixed_direction,multi_cta,bulk,mixed,alternating,batched,na,4096,16,32,0,608,736,ns,23.0,,,178.086957,mixed_direction|multi_cta|bulk|mixed|alternating|batched|na|4096|16|32||||,data/b200/cuda-13.3-sm100/multi_context/mixed_direction/mixed/20260803T094309Z__v3__206fc377d643/attempt_01.csv
b200,v3,mixed_direction,multi_cta,bulk,mixed,g2s_then_s2g,batched,na,4096,16,32,0,416,544,ns,17.0,,,240.941176,mixed_direction|multi_cta|bulk|mixed|g2s_then_s2g|batched|na|4096|16|32||||,data/b200/cuda-13.3-sm100/multi_context/mixed_direction/mixed/20260803T094309Z__v3__206fc377d643/attempt_01.csv
b200,v3,mixed_direction,multi_cta,bulk,mixed,s2g_then_g2s,batched,na,4096,16,32,0,416,544,ns,17.0,,,240.941176,mixed_direction|multi_cta|bulk|mixed|s2g_then_g2s|batched|na|4096|16|32||||,data/b200/cuda-13.3-sm100/multi_context/mixed_direction/mixed/20260803T094309Z__v3__206fc377d643/attempt_01.csv
b200,v3,mixed_direction,multi_cta,bulk,mixed,alternating,batched,na,4096,16,32,1,512,832,ns,26.0,,,157.538462,mixed_direction|multi_cta|bulk|mixed|alternating|batched|na|4096|16|32||||,data/b200/cuda-13.3-sm100/multi_context/mixed_direction/mixed/20260803T094309Z__v3__206fc377d643/attempt_01.csv
b200,v3,mixed_direction,multi_cta,bulk,mixed,g2s_then_s2g,batched,na,4096,16,32,1,512,640,ns,20.0,,,204.8,mixed_direction|multi_cta|bulk|mixed|g2s_then_s2g|batched|na|4096|16|32||||,data/b200/cuda-13.3-sm100/multi_context/mixed_direction/mixed/20260803T094309Z__v3__206fc377d643/attempt_01.csv
b200,v3,mixed_direction,multi_cta,bulk,mixed,s2g_then_g2s,batched,na,4096,16,32,1,512,704,ns,22.0,,,186.181818,mixed_direction|multi_cta|bulk|mixed|s2g_then_g2s|batched|na|4096|16|32||||,data/b200/cuda-13.3-sm100/multi_context/mixed_direction/mixed/20260803T094309Z__v3__206fc377d643/attempt_01.csv
ventus,v3,mixed_direction,multi_cta,bulk,mixed,alternating,batched,na,4096,16,32,0,62625,62847,cycles,1963.96875,61.374023,2.085573,,multi_cta_bulk_mixed_alternating_batched_same_map_4096_16,data/ventus/V3.10/multi_context/mixed_direction/mixed/20260803T103017Z__v3__e1a866548aad/raw.csv
ventus,v3,mixed_direction,multi_cta,bulk,mixed,g2s_then_s2g,batched,na,4096,16,32,0,49977,50218,cycles,1569.3125,49.041016,2.61006,,multi_cta_bulk_mixed_g2s_then_s2g_batched_same_map_4096_16,data/ventus/V3.10/multi_context/mixed_direction/mixed/20260803T103017Z__v3__e1a866548aad/raw.csv
ventus,v3,mixed_direction,multi_cta,bulk,mixed,s2g_then_g2s,batched,na,4096,16,32,0,70451,70784,cycles,2212.0,69.125,1.851718,,multi_cta_bulk_mixed_s2g_then_g2s_batched_same_map_4096_16,data/ventus/V3.10/multi_context/mixed_direction/mixed/20260803T103017Z__v3__e1a866548aad/raw.csv
ventus,v3,mixed_direction,multi_cta,bulk,mixed,alternating,batched,na,4096,16,32,1,62746,62963,cycles,1967.59375,61.487305,2.081731,,multi_cta_bulk_mixed_alternating_batched_same_map_4096_16,data/ventus/V3.10/multi_context/mixed_direction/mixed/20260803T103017Z__v3__e1a866548aad/raw.csv
ventus,v3,mixed_direction,multi_cta,bulk,mixed,g2s_then_s2g,batched,na,4096,16,32,1,49946,50166,cycles,1567.6875,48.990234,2.612766,,multi_cta_bulk_mixed_g2s_then_s2g_batched_same_map_4096_16,data/ventus/V3.10/multi_context/mixed_direction/mixed/20260803T103017Z__v3__e1a866548aad/raw.csv
ventus,v3,mixed_direction,multi_cta,bulk,mixed,s2g_then_g2s,batched,na,4096,16,32,1,70576,70784,cycles,2212.0,69.125,1.851718,,multi_cta_bulk_mixed_s2g_then_g2s_batched_same_map_4096_16,data/ventus/V3.10/multi_context/mixed_direction/mixed/20260803T103017Z__v3__e1a866548aad/raw.csv
h100,v3,mixed_direction,intra_cta,tensor,mixed,alternating,batched,distinct_map,128,1,2,0,430,936,cycles,468.0,468.0,0.273504,,mixed_direction|intra_cta|tensor|mixed|alternating|batched|distinct_map|128|1|2||||,data/h100/cuda-13.3-sm90/multi_context/mixed_direction/mixed/20260803T092443Z__v3__c462b34c8090/attempt_01.csv
h100,v3,mixed_direction,intra_cta,tensor,mixed,g2s_then_s2g,batched,distinct_map,128,1,2,0,494,834,cycles,417.0,417.0,0.306954,,mixed_direction|intra_cta|tensor|mixed|g2s_then_s2g|batched|distinct_map|128|1|2||||,data/h100/cuda-13.3-sm90/multi_context/mixed_direction/mixed/20260803T092443Z__v3__c462b34c8090/attempt_01.csv
h100,v3,mixed_direction,intra_cta,tensor,mixed,s2g_then_g2s,batched,distinct_map,128,1,2,0,528,1161,cycles,580.5,580.5,0.2205,,mixed_direction|intra_cta|tensor|mixed|s2g_then_g2s|batched|distinct_map|128|1|2||||,data/h100/cuda-13.3-sm90/multi_context/mixed_direction/mixed/20260803T092443Z__v3__c462b34c8090/attempt_01.csv
h100,v3,mixed_direction,intra_cta,tensor,mixed,alternating,batched,distinct_map,128,1,2,1,351,608,cycles,304.0,304.0,0.421053,,mixed_direction|intra_cta|tensor|mixed|alternating|batched|distinct_map|128|1|2||||,data/h100/cuda-13.3-sm90/multi_context/mixed_direction/mixed/20260803T092443Z__v3__c462b34c8090/attempt_01.csv
h100,v3,mixed_direction,intra_cta,tensor,mixed,g2s_then_s2g,batched,distinct_map,128,1,2,1,434,550,cycles,275.0,275.0,0.465455,,mixed_direction|intra_cta|tensor|mixed|g2s_then_s2g|batched|distinct_map|128|1|2||||,data/h100/cuda-13.3-sm90/multi_context/mixed_direction/mixed/20260803T092443Z__v3__c462b34c8090/attempt_01.csv
h100,v3,mixed_direction,intra_cta,tensor,mixed,s2g_then_g2s,batched,distinct_map,128,1,2,1,517,797,cycles,398.5,398.5,0.321205,,mixed_direction|intra_cta|tensor|mixed|s2g_then_g2s|batched|distinct_map|128|1|2||||,data/h100/cuda-13.3-sm90/multi_context/mixed_direction/mixed/20260803T092443Z__v3__c462b34c8090/attempt_01.csv
b200,v3,mixed_direction,intra_cta,tensor,mixed,alternating,batched,distinct_map,128,1,2,0,464,1004,cycles,502.0,502.0,0.25498,,mixed_direction|intra_cta|tensor|mixed|alternating|batched|distinct_map|128|1|2||||,data/b200/cuda-13.3-sm100/multi_context/mixed_direction/mixed/20260803T094309Z__v3__206fc377d643/attempt_01.csv
b200,v3,mixed_direction,intra_cta,tensor,mixed,g2s_then_s2g,batched,distinct_map,128,1,2,0,463,900,cycles,450.0,450.0,0.284444,,mixed_direction|intra_cta|tensor|mixed|g2s_then_s2g|batched|distinct_map|128|1|2||||,data/b200/cuda-13.3-sm100/multi_context/mixed_direction/mixed/20260803T094309Z__v3__206fc377d643/attempt_01.csv
b200,v3,mixed_direction,intra_cta,tensor,mixed,s2g_then_g2s,batched,distinct_map,128,1,2,0,526,1084,cycles,542.0,542.0,0.236162,,mixed_direction|intra_cta|tensor|mixed|s2g_then_g2s|batched|distinct_map|128|1|2||||,data/b200/cuda-13.3-sm100/multi_context/mixed_direction/mixed/20260803T094309Z__v3__206fc377d643/attempt_01.csv
b200,v3,mixed_direction,intra_cta,tensor,mixed,alternating,batched,distinct_map,128,1,2,1,337,630,cycles,315.0,315.0,0.406349,,mixed_direction|intra_cta|tensor|mixed|alternating|batched|distinct_map|128|1|2||||,data/b200/cuda-13.3-sm100/multi_context/mixed_direction/mixed/20260803T094309Z__v3__206fc377d643/attempt_01.csv
b200,v3,mixed_direction,intra_cta,tensor,mixed,g2s_then_s2g,batched,distinct_map,128,1,2,1,422,668,cycles,334.0,334.0,0.383234,,mixed_direction|intra_cta|tensor|mixed|g2s_then_s2g|batched|distinct_map|128|1|2||||,data/b200/cuda-13.3-sm100/multi_context/mixed_direction/mixed/20260803T094309Z__v3__206fc377d643/attempt_01.csv
b200,v3,mixed_direction,intra_cta,tensor,mixed,s2g_then_g2s,batched,distinct_map,128,1,2,1,490,810,cycles,405.0,405.0,0.316049,,mixed_direction|intra_cta|tensor|mixed|s2g_then_g2s|batched|distinct_map|128|1|2||||,data/b200/cuda-13.3-sm100/multi_context/mixed_direction/mixed/20260803T094309Z__v3__206fc377d643/attempt_01.csv
ventus,v3,mixed_direction,intra_cta,tensor,mixed,alternating,batched,distinct_map,128,1,2,0,186,275,cycles,137.5,137.5,0.930909,,intra_cta_tensor_mixed_alternating_batched_distinct_map_128_1,data/ventus/V3.10/multi_context/mixed_direction/mixed/20260803T103017Z__v3__e1a866548aad/raw.csv
ventus,v3,mixed_direction,intra_cta,tensor,mixed,g2s_then_s2g,batched,distinct_map,128,1,2,0,265,367,cycles,183.5,183.5,0.697548,,intra_cta_tensor_mixed_g2s_then_s2g_batched_distinct_map_128_1,data/ventus/V3.10/multi_context/mixed_direction/mixed/20260803T103017Z__v3__e1a866548aad/raw.csv
ventus,v3,mixed_direction,intra_cta,tensor,mixed,s2g_then_g2s,batched,distinct_map,128,1,2,0,262,343,cycles,171.5,171.5,0.746356,,intra_cta_tensor_mixed_s2g_then_g2s_batched_distinct_map_128_1,data/ventus/V3.10/multi_context/mixed_direction/mixed/20260803T103017Z__v3__e1a866548aad/raw.csv
ventus,v3,mixed_direction,intra_cta,tensor,mixed,alternating,batched,distinct_map,128,1,2,1,183,245,cycles,122.5,122.5,1.044898,,intra_cta_tensor_mixed_alternating_batched_distinct_map_128_1,data/ventus/V3.10/multi_context/mixed_direction/mixed/20260803T103017Z__v3__e1a866548aad/raw.csv
ventus,v3,mixed_direction,intra_cta,tensor,mixed,g2s_then_s2g,batched,distinct_map,128,1,2,1,261,336,cycles,168.0,168.0,0.761905,,intra_cta_tensor_mixed_g2s_then_s2g_batched_distinct_map_128_1,data/ventus/V3.10/multi_context/mixed_direction/mixed/20260803T103017Z__v3__e1a866548aad/raw.csv
ventus,v3,mixed_direction,intra_cta,tensor,mixed,s2g_then_g2s,batched,distinct_map,128,1,2,1,262,317,cycles,158.5,158.5,0.807571,,intra_cta_tensor_mixed_s2g_then_g2s_batched_distinct_map_128_1,data/ventus/V3.10/multi_context/mixed_direction/mixed/20260803T103017Z__v3__e1a866548aad/raw.csv
h100,v3,mixed_direction,intra_cta,tensor,mixed,alternating,batched,distinct_map,128,2,4,0,591,1286,cycles,321.5,321.5,0.398134,,mixed_direction|intra_cta|tensor|mixed|alternating|batched|distinct_map|128|2|4||||,data/h100/cuda-13.3-sm90/multi_context/mixed_direction/mixed/20260803T092443Z__v3__c462b34c8090/attempt_01.csv
h100,v3,mixed_direction,intra_cta,tensor,mixed,g2s_then_s2g,batched,distinct_map,128,2,4,0,671,1271,cycles,317.75,317.75,0.402832,,mixed_direction|intra_cta|tensor|mixed|g2s_then_s2g|batched|distinct_map|128|2|4||||,data/h100/cuda-13.3-sm90/multi_context/mixed_direction/mixed/20260803T092443Z__v3__c462b34c8090/attempt_01.csv
h100,v3,mixed_direction,intra_cta,tensor,mixed,s2g_then_g2s,batched,distinct_map,128,2,4,0,700,1457,cycles,364.25,364.25,0.351407,,mixed_direction|intra_cta|tensor|mixed|s2g_then_g2s|batched|distinct_map|128|2|4||||,data/h100/cuda-13.3-sm90/multi_context/mixed_direction/mixed/20260803T092443Z__v3__c462b34c8090/attempt_01.csv
h100,v3,mixed_direction,intra_cta,tensor,mixed,alternating,batched,distinct_map,128,2,4,1,539,746,cycles,186.5,186.5,0.686327,,mixed_direction|intra_cta|tensor|mixed|alternating|batched|distinct_map|128|2|4||||,data/h100/cuda-13.3-sm90/multi_context/mixed_direction/mixed/20260803T092443Z__v3__c462b34c8090/attempt_01.csv
h100,v3,mixed_direction,intra_cta,tensor,mixed,g2s_then_s2g,batched,distinct_map,128,2,4,1,670,877,cycles,219.25,219.25,0.583808,,mixed_direction|intra_cta|tensor|mixed|g2s_then_s2g|batched|distinct_map|128|2|4||||,data/h100/cuda-13.3-sm90/multi_context/mixed_direction/mixed/20260803T092443Z__v3__c462b34c8090/attempt_01.csv
h100,v3,mixed_direction,intra_cta,tensor,mixed,s2g_then_g2s,batched,distinct_map,128,2,4,1,698,905,cycles,226.25,226.25,0.565746,,mixed_direction|intra_cta|tensor|mixed|s2g_then_g2s|batched|distinct_map|128|2|4||||,data/h100/cuda-13.3-sm90/multi_context/mixed_direction/mixed/20260803T092443Z__v3__c462b34c8090/attempt_01.csv
b200,v3,mixed_direction,intra_cta,tensor,mixed,alternating,batched,distinct_map,128,2,4,0,628,1260,cycles,315.0,315.0,0.406349,,mixed_direction|intra_cta|tensor|mixed|alternating|batched|distinct_map|128|2|4||||,data/b200/cuda-13.3-sm100/multi_context/mixed_direction/mixed/20260803T094309Z__v3__206fc377d643/attempt_01.csv
b200,v3,mixed_direction,intra_cta,tensor,mixed,g2s_then_s2g,batched,distinct_map,128,2,4,0,705,1227,cycles,306.75,306.75,0.417278,,mixed_direction|intra_cta|tensor|mixed|g2s_then_s2g|batched|distinct_map|128|2|4||||,data/b200/cuda-13.3-sm100/multi_context/mixed_direction/mixed/20260803T094309Z__v3__206fc377d643/attempt_01.csv
b200,v3,mixed_direction,intra_cta,tensor,mixed,s2g_then_g2s,batched,distinct_map,128,2,4,0,701,1275,cycles,318.75,318.75,0.401569,,mixed_direction|intra_cta|tensor|mixed|s2g_then_g2s|batched|distinct_map|128|2|4||||,data/b200/cuda-13.3-sm100/multi_context/mixed_direction/mixed/20260803T094309Z__v3__206fc377d643/attempt_01.csv
b200,v3,mixed_direction,intra_cta,tensor,mixed,alternating,batched,distinct_map,128,2,4,1,565,773,cycles,193.25,193.25,0.662354,,mixed_direction|intra_cta|tensor|mixed|alternating|batched|distinct_map|128|2|4||||,data/b200/cuda-13.3-sm100/multi_context/mixed_direction/mixed/20260803T094309Z__v3__206fc377d643/attempt_01.csv
b200,v3,mixed_direction,intra_cta,tensor,mixed,g2s_then_s2g,batched,distinct_map,128,2,4,1,646,854,cycles,213.5,213.5,0.599532,,mixed_direction|intra_cta|tensor|mixed|g2s_then_s2g|batched|distinct_map|128|2|4||||,data/b200/cuda-13.3-sm100/multi_context/mixed_direction/mixed/20260803T094309Z__v3__206fc377d643/attempt_01.csv
b200,v3,mixed_direction,intra_cta,tensor,mixed,s2g_then_g2s,batched,distinct_map,128,2,4,1,672,1083,cycles,270.75,270.75,0.472761,,mixed_direction|intra_cta|tensor|mixed|s2g_then_g2s|batched|distinct_map|128|2|4||||,data/b200/cuda-13.3-sm100/multi_context/mixed_direction/mixed/20260803T094309Z__v3__206fc377d643/attempt_01.csv
h100,v3,mixed_direction,intra_cta,tensor,mixed,alternating,batched,distinct_map,128,4,8,0,814,1786,cycles,223.25,223.25,0.573348,,mixed_direction|intra_cta|tensor|mixed|alternating|batched|distinct_map|128|4|8||||,data/h100/cuda-13.3-sm90/multi_context/mixed_direction/mixed/20260803T092443Z__v3__c462b34c8090/attempt_01.csv
h100,v3,mixed_direction,intra_cta,tensor,mixed,g2s_then_s2g,batched,distinct_map,128,4,8,0,869,2179,cycles,272.375,272.375,0.46994,,mixed_direction|intra_cta|tensor|mixed|g2s_then_s2g|batched|distinct_map|128|4|8||||,data/h100/cuda-13.3-sm90/multi_context/mixed_direction/mixed/20260803T092443Z__v3__c462b34c8090/attempt_01.csv
h100,v3,mixed_direction,intra_cta,tensor,mixed,s2g_then_g2s,batched,distinct_map,128,4,8,0,1018,2349,cycles,293.625,293.625,0.43593,,mixed_direction|intra_cta|tensor|mixed|s2g_then_g2s|batched|distinct_map|128|4|8||||,data/h100/cuda-13.3-sm90/multi_context/mixed_direction/mixed/20260803T092443Z__v3__c462b34c8090/attempt_01.csv
h100,v3,mixed_direction,intra_cta,tensor,mixed,alternating,batched,distinct_map,128,4,8,1,762,1151,cycles,143.875,143.875,0.889661,,mixed_direction|intra_cta|tensor|mixed|alternating|batched|distinct_map|128|4|8||||,data/h100/cuda-13.3-sm90/multi_context/mixed_direction/mixed/20260803T092443Z__v3__c462b34c8090/attempt_01.csv
h100,v3,mixed_direction,intra_cta,tensor,mixed,g2s_then_s2g,batched,distinct_map,128,4,8,1,869,1258,cycles,157.25,157.25,0.81399,,mixed_direction|intra_cta|tensor|mixed|g2s_then_s2g|batched|distinct_map|128|4|8||||,data/h100/cuda-13.3-sm90/multi_context/mixed_direction/mixed/20260803T092443Z__v3__c462b34c8090/attempt_01.csv
h100,v3,mixed_direction,intra_cta,tensor,mixed,s2g_then_g2s,batched,distinct_map,128,4,8,1,887,1276,cycles,159.5,159.5,0.802508,,mixed_direction|intra_cta|tensor|mixed|s2g_then_g2s|batched|distinct_map|128|4|8||||,data/h100/cuda-13.3-sm90/multi_context/mixed_direction/mixed/20260803T092443Z__v3__c462b34c8090/attempt_01.csv
b200,v3,mixed_direction,intra_cta,tensor,mixed,alternating,batched,distinct_map,128,4,8,0,835,1901,cycles,237.625,237.625,0.538664,,mixed_direction|intra_cta|tensor|mixed|alternating|batched|distinct_map|128|4|8||||,data/b200/cuda-13.3-sm100/multi_context/mixed_direction/mixed/20260803T094309Z__v3__206fc377d643/attempt_01.csv
b200,v3,mixed_direction,intra_cta,tensor,mixed,g2s_then_s2g,batched,distinct_map,128,4,8,0,928,1765,cycles,220.625,220.625,0.58017,,mixed_direction|intra_cta|tensor|mixed|g2s_then_s2g|batched|distinct_map|128|4|8||||,data/b200/cuda-13.3-sm100/multi_context/mixed_direction/mixed/20260803T094309Z__v3__206fc377d643/attempt_01.csv
b200,v3,mixed_direction,intra_cta,tensor,mixed,s2g_then_g2s,batched,distinct_map,128,4,8,0,960,1718,cycles,214.75,214.75,0.596042,,mixed_direction|intra_cta|tensor|mixed|s2g_then_g2s|batched|distinct_map|128|4|8||||,data/b200/cuda-13.3-sm100/multi_context/mixed_direction/mixed/20260803T094309Z__v3__206fc377d643/attempt_01.csv
b200,v3,mixed_direction,intra_cta,tensor,mixed,alternating,batched,distinct_map,128,4,8,1,772,1162,cycles,145.25,145.25,0.881239,,mixed_direction|intra_cta|tensor|mixed|alternating|batched|distinct_map|128|4|8||||,data/b200/cuda-13.3-sm100/multi_context/mixed_direction/mixed/20260803T094309Z__v3__206fc377d643/attempt_01.csv
b200,v3,mixed_direction,intra_cta,tensor,mixed,g2s_then_s2g,batched,distinct_map,128,4,8,1,918,1308,cycles,163.5,163.5,0.782875,,mixed_direction|intra_cta|tensor|mixed|g2s_then_s2g|batched|distinct_map|128|4|8||||,data/b200/cuda-13.3-sm100/multi_context/mixed_direction/mixed/20260803T094309Z__v3__206fc377d643/attempt_01.csv
b200,v3,mixed_direction,intra_cta,tensor,mixed,s2g_then_g2s,batched,distinct_map,128,4,8,1,924,1314,cycles,164.25,164.25,0.7793,,mixed_direction|intra_cta|tensor|mixed|s2g_then_g2s|batched|distinct_map|128|4|8||||,data/b200/cuda-13.3-sm100/multi_context/mixed_direction/mixed/20260803T094309Z__v3__206fc377d643/attempt_01.csv
h100,v3,mixed_direction,intra_cta,tensor,mixed,alternating,batched,distinct_map,128,8,16,0,1822,3181,cycles,198.8125,198.8125,0.643823,,mixed_direction|intra_cta|tensor|mixed|alternating|batched|distinct_map|128|8|16||||,data/h100/cuda-13.3-sm90/multi_context/mixed_direction/mixed/20260803T092443Z__v3__c462b34c8090/attempt_01.csv
h100,v3,mixed_direction,intra_cta,tensor,mixed,g2s_then_s2g,batched,distinct_map,128,8,16,0,2133,4050,cycles,253.125,253.125,0.505679,,mixed_direction|intra_cta|tensor|mixed|g2s_then_s2g|batched|distinct_map|128|8|16||||,data/h100/cuda-13.3-sm90/multi_context/mixed_direction/mixed/20260803T092443Z__v3__c462b34c8090/attempt_01.csv
h100,v3,mixed_direction,intra_cta,tensor,mixed,s2g_then_g2s,batched,distinct_map,128,8,16,0,2671,3763,cycles,235.1875,235.1875,0.544247,,mixed_direction|intra_cta|tensor|mixed|s2g_then_g2s|batched|distinct_map|128|8|16||||,data/h100/cuda-13.3-sm90/multi_context/mixed_direction/mixed/20260803T092443Z__v3__c462b34c8090/attempt_01.csv
h100,v3,mixed_direction,intra_cta,tensor,mixed,alternating,batched,distinct_map,128,8,16,1,1230,1990,cycles,124.375,124.375,1.029146,,mixed_direction|intra_cta|tensor|mixed|alternating|batched|distinct_map|128|8|16||||,data/h100/cuda-13.3-sm90/multi_context/mixed_direction/mixed/20260803T092443Z__v3__c462b34c8090/attempt_01.csv
h100,v3,mixed_direction,intra_cta,tensor,mixed,g2s_then_s2g,batched,distinct_map,128,8,16,1,1379,2152,cycles,134.5,134.5,0.951673,,mixed_direction|intra_cta|tensor|mixed|g2s_then_s2g|batched|distinct_map|128|8|16||||,data/h100/cuda-13.3-sm90/multi_context/mixed_direction/mixed/20260803T092443Z__v3__c462b34c8090/attempt_01.csv
h100,v3,mixed_direction,intra_cta,tensor,mixed,s2g_then_g2s,batched,distinct_map,128,8,16,1,1395,2148,cycles,134.25,134.25,0.953445,,mixed_direction|intra_cta|tensor|mixed|s2g_then_g2s|batched|distinct_map|128|8|16||||,data/h100/cuda-13.3-sm90/multi_context/mixed_direction/mixed/20260803T092443Z__v3__c462b34c8090/attempt_01.csv
b200,v3,mixed_direction,intra_cta,tensor,mixed,alternating,batched,distinct_map,128,8,16,0,1777,3370,cycles,210.625,210.625,0.607715,,mixed_direction|intra_cta|tensor|mixed|alternating|batched|distinct_map|128|8|16||||,data/b200/cuda-13.3-sm100/multi_context/mixed_direction/mixed/20260803T094309Z__v3__206fc377d643/attempt_01.csv
b200,v3,mixed_direction,intra_cta,tensor,mixed,g2s_then_s2g,batched,distinct_map,128,8,16,0,1550,3039,cycles,189.9375,189.9375,0.673906,,mixed_direction|intra_cta|tensor|mixed|g2s_then_s2g|batched|distinct_map|128|8|16||||,data/b200/cuda-13.3-sm100/multi_context/mixed_direction/mixed/20260803T094309Z__v3__206fc377d643/attempt_01.csv
b200,v3,mixed_direction,intra_cta,tensor,mixed,s2g_then_g2s,batched,distinct_map,128,8,16,0,1614,2571,cycles,160.6875,160.6875,0.796577,,mixed_direction|intra_cta|tensor|mixed|s2g_then_g2s|batched|distinct_map|128|8|16||||,data/b200/cuda-13.3-sm100/multi_context/mixed_direction/mixed/20260803T094309Z__v3__206fc377d643/attempt_01.csv
b200,v3,mixed_direction,intra_cta,tensor,mixed,alternating,batched,distinct_map,128,8,16,1,1254,2029,cycles,126.8125,126.8125,1.009364,,mixed_direction|intra_cta|tensor|mixed|alternating|batched|distinct_map|128|8|16||||,data/b200/cuda-13.3-sm100/multi_context/mixed_direction/mixed/20260803T094309Z__v3__206fc377d643/attempt_01.csv
b200,v3,mixed_direction,intra_cta,tensor,mixed,g2s_then_s2g,batched,distinct_map,128,8,16,1,1443,2218,cycles,138.625,138.625,0.923354,,mixed_direction|intra_cta|tensor|mixed|g2s_then_s2g|batched|distinct_map|128|8|16||||,data/b200/cuda-13.3-sm100/multi_context/mixed_direction/mixed/20260803T094309Z__v3__206fc377d643/attempt_01.csv
b200,v3,mixed_direction,intra_cta,tensor,mixed,s2g_then_g2s,batched,distinct_map,128,8,16,1,1441,2195,cycles,137.1875,137.1875,0.93303,,mixed_direction|intra_cta|tensor|mixed|s2g_then_g2s|batched|distinct_map|128|8|16||||,data/b200/cuda-13.3-sm100/multi_context/mixed_direction/mixed/20260803T094309Z__v3__206fc377d643/attempt_01.csv
h100,v3,mixed_direction,intra_cta,tensor,mixed,alternating,batched,distinct_map,128,16,32,0,4022,6112,cycles,191.0,191.0,0.670157,,mixed_direction|intra_cta|tensor|mixed|alternating|batched|distinct_map|128|16|32||||,data/h100/cuda-13.3-sm90/multi_context/mixed_direction/mixed/20260803T092443Z__v3__c462b34c8090/attempt_01.csv
h100,v3,mixed_direction,intra_cta,tensor,mixed,g2s_then_s2g,batched,distinct_map,128,16,32,0,5095,7734,cycles,241.6875,241.6875,0.52961,,mixed_direction|intra_cta|tensor|mixed|g2s_then_s2g|batched|distinct_map|128|16|32||||,data/h100/cuda-13.3-sm90/multi_context/mixed_direction/mixed/20260803T092443Z__v3__c462b34c8090/attempt_01.csv
h100,v3,mixed_direction,intra_cta,tensor,mixed,s2g_then_g2s,batched,distinct_map,128,16,32,0,5673,7154,cycles,223.5625,223.5625,0.572547,,mixed_direction|intra_cta|tensor|mixed|s2g_then_g2s|batched|distinct_map|128|16|32||||,data/h100/cuda-13.3-sm90/multi_context/mixed_direction/mixed/20260803T092443Z__v3__c462b34c8090/attempt_01.csv
h100,v3,mixed_direction,intra_cta,tensor,mixed,alternating,batched,distinct_map,128,16,32,1,2693,4181,cycles,130.65625,130.65625,0.97967,,mixed_direction|intra_cta|tensor|mixed|alternating|batched|distinct_map|128|16|32||||,data/h100/cuda-13.3-sm90/multi_context/mixed_direction/mixed/20260803T092443Z__v3__c462b34c8090/attempt_01.csv
h100,v3,mixed_direction,intra_cta,tensor,mixed,g2s_then_s2g,batched,distinct_map,128,16,32,1,2664,4270,cycles,133.4375,133.4375,0.959251,,mixed_direction|intra_cta|tensor|mixed|g2s_then_s2g|batched|distinct_map|128|16|32||||,data/h100/cuda-13.3-sm90/multi_context/mixed_direction/mixed/20260803T092443Z__v3__c462b34c8090/attempt_01.csv
h100,v3,mixed_direction,intra_cta,tensor,mixed,s2g_then_g2s,batched,distinct_map,128,16,32,1,3244,4725,cycles,147.65625,147.65625,0.866878,,mixed_direction|intra_cta|tensor|mixed|s2g_then_g2s|batched|distinct_map|128|16|32||||,data/h100/cuda-13.3-sm90/multi_context/mixed_direction/mixed/20260803T092443Z__v3__c462b34c8090/attempt_01.csv
b200,v3,mixed_direction,intra_cta,tensor,mixed,alternating,batched,distinct_map,128,16,32,0,3960,6277,cycles,196.15625,196.15625,0.652541,,mixed_direction|intra_cta|tensor|mixed|alternating|batched|distinct_map|128|16|32||||,data/b200/cuda-13.3-sm100/multi_context/mixed_direction/mixed/20260803T094309Z__v3__206fc377d643/attempt_01.csv
b200,v3,mixed_direction,intra_cta,tensor,mixed,g2s_then_s2g,batched,distinct_map,128,16,32,0,3358,5654,cycles,176.6875,176.6875,0.724443,,mixed_direction|intra_cta|tensor|mixed|g2s_then_s2g|batched|distinct_map|128|16|32||||,data/b200/cuda-13.3-sm100/multi_context/mixed_direction/mixed/20260803T094309Z__v3__206fc377d643/attempt_01.csv
b200,v3,mixed_direction,intra_cta,tensor,mixed,s2g_then_g2s,batched,distinct_map,128,16,32,0,3367,4913,cycles,153.53125,153.53125,0.833706,,mixed_direction|intra_cta|tensor|mixed|s2g_then_g2s|batched|distinct_map|128|16|32||||,data/b200/cuda-13.3-sm100/multi_context/mixed_direction/mixed/20260803T094309Z__v3__206fc377d643/attempt_01.csv
b200,v3,mixed_direction,intra_cta,tensor,mixed,alternating,batched,distinct_map,128,16,32,1,3124,4627,cycles,144.59375,144.59375,0.885239,,mixed_direction|intra_cta|tensor|mixed|alternating|batched|distinct_map|128|16|32||||,data/b200/cuda-13.3-sm100/multi_context/mixed_direction/mixed/20260803T094309Z__v3__206fc377d643/attempt_01.csv
b200,v3,mixed_direction,intra_cta,tensor,mixed,g2s_then_s2g,batched,distinct_map,128,16,32,1,2644,4147,cycles,129.59375,129.59375,0.987702,,mixed_direction|intra_cta|tensor|mixed|g2s_then_s2g|batched|distinct_map|128|16|32||||,data/b200/cuda-13.3-sm100/multi_context/mixed_direction/mixed/20260803T094309Z__v3__206fc377d643/attempt_01.csv
b200,v3,mixed_direction,intra_cta,tensor,mixed,s2g_then_g2s,batched,distinct_map,128,16,32,1,2671,4153,cycles,129.78125,129.78125,0.986275,,mixed_direction|intra_cta|tensor|mixed|s2g_then_g2s|batched|distinct_map|128|16|32||||,data/b200/cuda-13.3-sm100/multi_context/mixed_direction/mixed/20260803T094309Z__v3__206fc377d643/attempt_01.csv
h100,v3,mixed_direction,intra_cta,tensor,mixed,alternating,batched,same_map,128,1,2,0,538,973,cycles,486.5,486.5,0.263104,,mixed_direction|intra_cta|tensor|mixed|alternating|batched|same_map|128|1|2||||,data/h100/cuda-13.3-sm90/multi_context/mixed_direction/mixed/20260803T092443Z__v3__c462b34c8090/attempt_01.csv
h100,v3,mixed_direction,intra_cta,tensor,mixed,g2s_then_s2g,batched,same_map,128,1,2,0,644,984,cycles,492.0,492.0,0.260163,,mixed_direction|intra_cta|tensor|mixed|g2s_then_s2g|batched|same_map|128|1|2||||,data/h100/cuda-13.3-sm90/multi_context/mixed_direction/mixed/20260803T092443Z__v3__c462b34c8090/attempt_01.csv
h100,v3,mixed_direction,intra_cta,tensor,mixed,s2g_then_g2s,batched,same_map,128,1,2,0,713,1292,cycles,646.0,646.0,0.198142,,mixed_direction|intra_cta|tensor|mixed|s2g_then_g2s|batched|same_map|128|1|2||||,data/h100/cuda-13.3-sm90/multi_context/mixed_direction/mixed/20260803T092443Z__v3__c462b34c8090/attempt_01.csv
h100,v3,mixed_direction,intra_cta,tensor,mixed,alternating,batched,same_map,128,1,2,1,340,597,cycles,298.5,298.5,0.428811,,mixed_direction|intra_cta|tensor|mixed|alternating|batched|same_map|128|1|2||||,data/h100/cuda-13.3-sm90/multi_context/mixed_direction/mixed/20260803T092443Z__v3__c462b34c8090/attempt_01.csv
h100,v3,mixed_direction,intra_cta,tensor,mixed,g2s_then_s2g,batched,same_map,128,1,2,1,445,561,cycles,280.5,280.5,0.456328,,mixed_direction|intra_cta|tensor|mixed|g2s_then_s2g|batched|same_map|128|1|2||||,data/h100/cuda-13.3-sm90/multi_context/mixed_direction/mixed/20260803T092443Z__v3__c462b34c8090/attempt_01.csv
h100,v3,mixed_direction,intra_cta,tensor,mixed,s2g_then_g2s,batched,same_map,128,1,2,1,517,796,cycles,398.0,398.0,0.321608,,mixed_direction|intra_cta|tensor|mixed|s2g_then_g2s|batched|same_map|128|1|2||||,data/h100/cuda-13.3-sm90/multi_context/mixed_direction/mixed/20260803T092443Z__v3__c462b34c8090/attempt_01.csv
b200,v3,mixed_direction,intra_cta,tensor,mixed,alternating,batched,same_map,128,1,2,0,606,1092,cycles,546.0,546.0,0.234432,,mixed_direction|intra_cta|tensor|mixed|alternating|batched|same_map|128|1|2||||,data/b200/cuda-13.3-sm100/multi_context/mixed_direction/mixed/20260803T094309Z__v3__206fc377d643/attempt_01.csv
b200,v3,mixed_direction,intra_cta,tensor,mixed,g2s_then_s2g,batched,same_map,128,1,2,0,689,1109,cycles,554.5,554.5,0.230839,,mixed_direction|intra_cta|tensor|mixed|g2s_then_s2g|batched|same_map|128|1|2||||,data/b200/cuda-13.3-sm100/multi_context/mixed_direction/mixed/20260803T094309Z__v3__206fc377d643/attempt_01.csv
b200,v3,mixed_direction,intra_cta,tensor,mixed,s2g_then_g2s,batched,same_map,128,1,2,0,784,1417,cycles,708.5,708.5,0.180663,,mixed_direction|intra_cta|tensor|mixed|s2g_then_g2s|batched|same_map|128|1|2||||,data/b200/cuda-13.3-sm100/multi_context/mixed_direction/mixed/20260803T094309Z__v3__206fc377d643/attempt_01.csv
b200,v3,mixed_direction,intra_cta,tensor,mixed,alternating,batched,same_map,128,1,2,1,337,630,cycles,315.0,315.0,0.406349,,mixed_direction|intra_cta|tensor|mixed|alternating|batched|same_map|128|1|2||||,data/b200/cuda-13.3-sm100/multi_context/mixed_direction/mixed/20260803T094309Z__v3__206fc377d643/attempt_01.csv
b200,v3,mixed_direction,intra_cta,tensor,mixed,g2s_then_s2g,batched,same_map,128,1,2,1,391,633,cycles,316.5,316.5,0.404423,,mixed_direction|intra_cta|tensor|mixed|g2s_then_s2g|batched|same_map|128|1|2||||,data/b200/cuda-13.3-sm100/multi_context/mixed_direction/mixed/20260803T094309Z__v3__206fc377d643/attempt_01.csv
b200,v3,mixed_direction,intra_cta,tensor,mixed,s2g_then_g2s,batched,same_map,128,1,2,1,490,810,cycles,405.0,405.0,0.316049,,mixed_direction|intra_cta|tensor|mixed|s2g_then_g2s|batched|same_map|128|1|2||||,data/b200/cuda-13.3-sm100/multi_context/mixed_direction/mixed/20260803T094309Z__v3__206fc377d643/attempt_01.csv
ventus,v3,mixed_direction,intra_cta,tensor,mixed,alternating,batched,same_map,128,1,2,0,186,275,cycles,137.5,137.5,0.930909,,intra_cta_tensor_mixed_alternating_batched_same_map_128_1,data/ventus/V3.10/multi_context/mixed_direction/mixed/20260803T103017Z__v3__e1a866548aad/raw.csv
ventus,v3,mixed_direction,intra_cta,tensor,mixed,g2s_then_s2g,batched,same_map,128,1,2,0,265,367,cycles,183.5,183.5,0.697548,,intra_cta_tensor_mixed_g2s_then_s2g_batched_same_map_128_1,data/ventus/V3.10/multi_context/mixed_direction/mixed/20260803T103017Z__v3__e1a866548aad/raw.csv
ventus,v3,mixed_direction,intra_cta,tensor,mixed,s2g_then_g2s,batched,same_map,128,1,2,0,262,343,cycles,171.5,171.5,0.746356,,intra_cta_tensor_mixed_s2g_then_g2s_batched_same_map_128_1,data/ventus/V3.10/multi_context/mixed_direction/mixed/20260803T103017Z__v3__e1a866548aad/raw.csv
ventus,v3,mixed_direction,intra_cta,tensor,mixed,alternating,batched,same_map,128,1,2,1,183,245,cycles,122.5,122.5,1.044898,,intra_cta_tensor_mixed_alternating_batched_same_map_128_1,data/ventus/V3.10/multi_context/mixed_direction/mixed/20260803T103017Z__v3__e1a866548aad/raw.csv
ventus,v3,mixed_direction,intra_cta,tensor,mixed,g2s_then_s2g,batched,same_map,128,1,2,1,262,337,cycles,168.5,168.5,0.759644,,intra_cta_tensor_mixed_g2s_then_s2g_batched_same_map_128_1,data/ventus/V3.10/multi_context/mixed_direction/mixed/20260803T103017Z__v3__e1a866548aad/raw.csv
ventus,v3,mixed_direction,intra_cta,tensor,mixed,s2g_then_g2s,batched,same_map,128,1,2,1,262,316,cycles,158.0,158.0,0.810127,,intra_cta_tensor_mixed_s2g_then_g2s_batched_same_map_128_1,data/ventus/V3.10/multi_context/mixed_direction/mixed/20260803T103017Z__v3__e1a866548aad/raw.csv
h100,v3,mixed_direction,intra_cta,tensor,mixed,alternating,batched,same_map,128,2,4,0,594,1054,cycles,263.5,263.5,0.485769,,mixed_direction|intra_cta|tensor|mixed|alternating|batched|same_map|128|2|4||||,data/h100/cuda-13.3-sm90/multi_context/mixed_direction/mixed/20260803T092443Z__v3__c462b34c8090/attempt_01.csv
h100,v3,mixed_direction,intra_cta,tensor,mixed,g2s_then_s2g,batched,same_map,128,2,4,0,671,1041,cycles,260.25,260.25,0.491835,,mixed_direction|intra_cta|tensor|mixed|g2s_then_s2g|batched|same_map|128|2|4||||,data/h100/cuda-13.3-sm90/multi_context/mixed_direction/mixed/20260803T092443Z__v3__c462b34c8090/attempt_01.csv
h100,v3,mixed_direction,intra_cta,tensor,mixed,s2g_then_g2s,batched,same_map,128,2,4,0,700,1220,cycles,305.0,305.0,0.419672,,mixed_direction|intra_cta|tensor|mixed|s2g_then_g2s|batched|same_map|128|2|4||||,data/h100/cuda-13.3-sm90/multi_context/mixed_direction/mixed/20260803T092443Z__v3__c462b34c8090/attempt_01.csv
h100,v3,mixed_direction,intra_cta,tensor,mixed,alternating,batched,same_map,128,2,4,1,539,746,cycles,186.5,186.5,0.686327,,mixed_direction|intra_cta|tensor|mixed|alternating|batched|same_map|128|2|4||||,data/h100/cuda-13.3-sm90/multi_context/mixed_direction/mixed/20260803T092443Z__v3__c462b34c8090/attempt_01.csv
h100,v3,mixed_direction,intra_cta,tensor,mixed,g2s_then_s2g,batched,same_map,128,2,4,1,670,877,cycles,219.25,219.25,0.583808,,mixed_direction|intra_cta|tensor|mixed|g2s_then_s2g|batched|same_map|128|2|4||||,data/h100/cuda-13.3-sm90/multi_context/mixed_direction/mixed/20260803T092443Z__v3__c462b34c8090/attempt_01.csv
h100,v3,mixed_direction,intra_cta,tensor,mixed,s2g_then_g2s,batched,same_map,128,2,4,1,698,905,cycles,226.25,226.25,0.565746,,mixed_direction|intra_cta|tensor|mixed|s2g_then_g2s|batched|same_map|128|2|4||||,data/h100/cuda-13.3-sm90/multi_context/mixed_direction/mixed/20260803T092443Z__v3__c462b34c8090/attempt_01.csv
b200,v3,mixed_direction,intra_cta,tensor,mixed,alternating,batched,same_map,128,2,4,0,628,1106,cycles,276.5,276.5,0.462929,,mixed_direction|intra_cta|tensor|mixed|alternating|batched|same_map|128|2|4||||,data/b200/cuda-13.3-sm100/multi_context/mixed_direction/mixed/20260803T094309Z__v3__206fc377d643/attempt_01.csv
b200,v3,mixed_direction,intra_cta,tensor,mixed,g2s_then_s2g,batched,same_map,128,2,4,0,705,1133,cycles,283.25,283.25,0.451898,,mixed_direction|intra_cta|tensor|mixed|g2s_then_s2g|batched|same_map|128|2|4||||,data/b200/cuda-13.3-sm100/multi_context/mixed_direction/mixed/20260803T094309Z__v3__206fc377d643/attempt_01.csv
b200,v3,mixed_direction,intra_cta,tensor,mixed,s2g_then_g2s,batched,same_map,128,2,4,0,701,1275,cycles,318.75,318.75,0.401569,,mixed_direction|intra_cta|tensor|mixed|s2g_then_g2s|batched|same_map|128|2|4||||,data/b200/cuda-13.3-sm100/multi_context/mixed_direction/mixed/20260803T094309Z__v3__206fc377d643/attempt_01.csv
b200,v3,mixed_direction,intra_cta,tensor,mixed,alternating,batched,same_map,128,2,4,1,565,773,cycles,193.25,193.25,0.662354,,mixed_direction|intra_cta|tensor|mixed|alternating|batched|same_map|128|2|4||||,data/b200/cuda-13.3-sm100/multi_context/mixed_direction/mixed/20260803T094309Z__v3__206fc377d643/attempt_01.csv
b200,v3,mixed_direction,intra_cta,tensor,mixed,g2s_then_s2g,batched,same_map,128,2,4,1,646,854,cycles,213.5,213.5,0.599532,,mixed_direction|intra_cta|tensor|mixed|g2s_then_s2g|batched|same_map|128|2|4||||,data/b200/cuda-13.3-sm100/multi_context/mixed_direction/mixed/20260803T094309Z__v3__206fc377d643/attempt_01.csv
b200,v3,mixed_direction,intra_cta,tensor,mixed,s2g_then_g2s,batched,same_map,128,2,4,1,672,1083,cycles,270.75,270.75,0.472761,,mixed_direction|intra_cta|tensor|mixed|s2g_then_g2s|batched|same_map|128|2|4||||,data/b200/cuda-13.3-sm100/multi_context/mixed_direction/mixed/20260803T094309Z__v3__206fc377d643/attempt_01.csv
h100,v3,mixed_direction,intra_cta,tensor,mixed,alternating,batched,same_map,128,4,8,0,814,1203,cycles,150.375,150.375,0.851205,,mixed_direction|intra_cta|tensor|mixed|alternating|batched|same_map|128|4|8||||,data/h100/cuda-13.3-sm90/multi_context/mixed_direction/mixed/20260803T092443Z__v3__c462b34c8090/attempt_01.csv
h100,v3,mixed_direction,intra_cta,tensor,mixed,g2s_then_s2g,batched,same_map,128,4,8,0,886,1345,cycles,168.125,168.125,0.761338,,mixed_direction|intra_cta|tensor|mixed|g2s_then_s2g|batched|same_map|128|4|8||||,data/h100/cuda-13.3-sm90/multi_context/mixed_direction/mixed/20260803T092443Z__v3__c462b34c8090/attempt_01.csv
h100,v3,mixed_direction,intra_cta,tensor,mixed,s2g_then_g2s,batched,same_map,128,4,8,0,922,1476,cycles,184.5,184.5,0.693767,,mixed_direction|intra_cta|tensor|mixed|s2g_then_g2s|batched|same_map|128|4|8||||,data/h100/cuda-13.3-sm90/multi_context/mixed_direction/mixed/20260803T092443Z__v3__c462b34c8090/attempt_01.csv
h100,v3,mixed_direction,intra_cta,tensor,mixed,alternating,batched,same_map,128,4,8,1,762,1151,cycles,143.875,143.875,0.889661,,mixed_direction|intra_cta|tensor|mixed|alternating|batched|same_map|128|4|8||||,data/h100/cuda-13.3-sm90/multi_context/mixed_direction/mixed/20260803T092443Z__v3__c462b34c8090/attempt_01.csv
h100,v3,mixed_direction,intra_cta,tensor,mixed,g2s_then_s2g,batched,same_map,128,4,8,1,869,1258,cycles,157.25,157.25,0.81399,,mixed_direction|intra_cta|tensor|mixed|g2s_then_s2g|batched|same_map|128|4|8||||,data/h100/cuda-13.3-sm90/multi_context/mixed_direction/mixed/20260803T092443Z__v3__c462b34c8090/attempt_01.csv
h100,v3,mixed_direction,intra_cta,tensor,mixed,s2g_then_g2s,batched,same_map,128,4,8,1,887,1276,cycles,159.5,159.5,0.802508,,mixed_direction|intra_cta|tensor|mixed|s2g_then_g2s|batched|same_map|128|4|8||||,data/h100/cuda-13.3-sm90/multi_context/mixed_direction/mixed/20260803T092443Z__v3__c462b34c8090/attempt_01.csv
b200,v3,mixed_direction,intra_cta,tensor,mixed,alternating,batched,same_map,128,4,8,0,970,1425,cycles,178.125,178.125,0.718596,,mixed_direction|intra_cta|tensor|mixed|alternating|batched|same_map|128|4|8||||,data/b200/cuda-13.3-sm100/multi_context/mixed_direction/mixed/20260803T094309Z__v3__206fc377d643/attempt_01.csv
b200,v3,mixed_direction,intra_cta,tensor,mixed,g2s_then_s2g,batched,same_map,128,4,8,0,1011,1511,cycles,188.875,188.875,0.677697,,mixed_direction|intra_cta|tensor|mixed|g2s_then_s2g|batched|same_map|128|4|8||||,data/b200/cuda-13.3-sm100/multi_context/mixed_direction/mixed/20260803T094309Z__v3__206fc377d643/attempt_01.csv
b200,v3,mixed_direction,intra_cta,tensor,mixed,s2g_then_g2s,batched,same_map,128,4,8,0,1053,1508,cycles,188.5,188.5,0.679045,,mixed_direction|intra_cta|tensor|mixed|s2g_then_g2s|batched|same_map|128|4|8||||,data/b200/cuda-13.3-sm100/multi_context/mixed_direction/mixed/20260803T094309Z__v3__206fc377d643/attempt_01.csv
b200,v3,mixed_direction,intra_cta,tensor,mixed,alternating,batched,same_map,128,4,8,1,772,1162,cycles,145.25,145.25,0.881239,,mixed_direction|intra_cta|tensor|mixed|alternating|batched|same_map|128|4|8||||,data/b200/cuda-13.3-sm100/multi_context/mixed_direction/mixed/20260803T094309Z__v3__206fc377d643/attempt_01.csv
b200,v3,mixed_direction,intra_cta,tensor,mixed,g2s_then_s2g,batched,same_map,128,4,8,1,918,1308,cycles,163.5,163.5,0.782875,,mixed_direction|intra_cta|tensor|mixed|g2s_then_s2g|batched|same_map|128|4|8||||,data/b200/cuda-13.3-sm100/multi_context/mixed_direction/mixed/20260803T094309Z__v3__206fc377d643/attempt_01.csv
b200,v3,mixed_direction,intra_cta,tensor,mixed,s2g_then_g2s,batched,same_map,128,4,8,1,924,1314,cycles,164.25,164.25,0.7793,,mixed_direction|intra_cta|tensor|mixed|s2g_then_g2s|batched|same_map|128|4|8||||,data/b200/cuda-13.3-sm100/multi_context/mixed_direction/mixed/20260803T094309Z__v3__206fc377d643/attempt_01.csv
h100,v3,mixed_direction,intra_cta,tensor,mixed,alternating,batched,same_map,128,8,16,0,1282,2035,cycles,127.1875,127.1875,1.006388,,mixed_direction|intra_cta|tensor|mixed|alternating|batched|same_map|128|8|16||||,data/h100/cuda-13.3-sm90/multi_context/mixed_direction/mixed/20260803T092443Z__v3__c462b34c8090/attempt_01.csv
h100,v3,mixed_direction,intra_cta,tensor,mixed,g2s_then_s2g,batched,same_map,128,8,16,0,1458,2211,cycles,138.1875,138.1875,0.926278,,mixed_direction|intra_cta|tensor|mixed|g2s_then_s2g|batched|same_map|128|8|16||||,data/h100/cuda-13.3-sm90/multi_context/mixed_direction/mixed/20260803T092443Z__v3__c462b34c8090/attempt_01.csv
h100,v3,mixed_direction,intra_cta,tensor,mixed,s2g_then_g2s,batched,same_map,128,8,16,0,1491,2244,cycles,140.25,140.25,0.912656,,mixed_direction|intra_cta|tensor|mixed|s2g_then_g2s|batched|same_map|128|8|16||||,data/h100/cuda-13.3-sm90/multi_context/mixed_direction/mixed/20260803T092443Z__v3__c462b34c8090/attempt_01.csv
h100,v3,mixed_direction,intra_cta,tensor,mixed,alternating,batched,same_map,128,8,16,1,1230,1983,cycles,123.9375,123.9375,1.032779,,mixed_direction|intra_cta|tensor|mixed|alternating|batched|same_map|128|8|16||||,data/h100/cuda-13.3-sm90/multi_context/mixed_direction/mixed/20260803T092443Z__v3__c462b34c8090/attempt_01.csv
h100,v3,mixed_direction,intra_cta,tensor,mixed,g2s_then_s2g,batched,same_map,128,8,16,1,1379,2132,cycles,133.25,133.25,0.9606,,mixed_direction|intra_cta|tensor|mixed|g2s_then_s2g|batched|same_map|128|8|16||||,data/h100/cuda-13.3-sm90/multi_context/mixed_direction/mixed/20260803T092443Z__v3__c462b34c8090/attempt_01.csv
h100,v3,mixed_direction,intra_cta,tensor,mixed,s2g_then_g2s,batched,same_map,128,8,16,1,1395,2148,cycles,134.25,134.25,0.953445,,mixed_direction|intra_cta|tensor|mixed|s2g_then_g2s|batched|same_map|128|8|16||||,data/h100/cuda-13.3-sm90/multi_context/mixed_direction/mixed/20260803T092443Z__v3__c462b34c8090/attempt_01.csv
b200,v3,mixed_direction,intra_cta,tensor,mixed,alternating,batched,same_map,128,8,16,0,1317,2136,cycles,133.5,133.5,0.958801,,mixed_direction|intra_cta|tensor|mixed|alternating|batched|same_map|128|8|16||||,data/b200/cuda-13.3-sm100/multi_context/mixed_direction/mixed/20260803T094309Z__v3__206fc377d643/attempt_01.csv
b200,v3,mixed_direction,intra_cta,tensor,mixed,g2s_then_s2g,batched,same_map,128,8,16,0,1453,2272,cycles,142.0,142.0,0.901408,,mixed_direction|intra_cta|tensor|mixed|g2s_then_s2g|batched|same_map|128|8|16||||,data/b200/cuda-13.3-sm100/multi_context/mixed_direction/mixed/20260803T094309Z__v3__206fc377d643/attempt_01.csv
b200,v3,mixed_direction,intra_cta,tensor,mixed,s2g_then_g2s,batched,same_map,128,8,16,0,1493,2312,cycles,144.5,144.5,0.885813,,mixed_direction|intra_cta|tensor|mixed|s2g_then_g2s|batched|same_map|128|8|16||||,data/b200/cuda-13.3-sm100/multi_context/mixed_direction/mixed/20260803T094309Z__v3__206fc377d643/attempt_01.csv
b200,v3,mixed_direction,intra_cta,tensor,mixed,alternating,batched,same_map,128,8,16,1,1254,2008,cycles,125.5,125.5,1.01992,,mixed_direction|intra_cta|tensor|mixed|alternating|batched|same_map|128|8|16||||,data/b200/cuda-13.3-sm100/multi_context/mixed_direction/mixed/20260803T094309Z__v3__206fc377d643/attempt_01.csv
b200,v3,mixed_direction,intra_cta,tensor,mixed,g2s_then_s2g,batched,same_map,128,8,16,1,1443,2197,cycles,137.3125,137.3125,0.93218,,mixed_direction|intra_cta|tensor|mixed|g2s_then_s2g|batched|same_map|128|8|16||||,data/b200/cuda-13.3-sm100/multi_context/mixed_direction/mixed/20260803T094309Z__v3__206fc377d643/attempt_01.csv
b200,v3,mixed_direction,intra_cta,tensor,mixed,s2g_then_g2s,batched,same_map,128,8,16,1,1441,2195,cycles,137.1875,137.1875,0.93303,,mixed_direction|intra_cta|tensor|mixed|s2g_then_g2s|batched|same_map|128|8|16||||,data/b200/cuda-13.3-sm100/multi_context/mixed_direction/mixed/20260803T094309Z__v3__206fc377d643/attempt_01.csv
h100,v3,mixed_direction,intra_cta,tensor,mixed,alternating,batched,same_map,128,16,32,0,2218,3699,cycles,115.59375,115.59375,1.107326,,mixed_direction|intra_cta|tensor|mixed|alternating|batched|same_map|128|16|32||||,data/h100/cuda-13.3-sm90/multi_context/mixed_direction/mixed/20260803T092443Z__v3__c462b34c8090/attempt_01.csv
h100,v3,mixed_direction,intra_cta,tensor,mixed,g2s_then_s2g,batched,same_map,128,16,32,0,2449,3930,cycles,122.8125,122.8125,1.042239,,mixed_direction|intra_cta|tensor|mixed|g2s_then_s2g|batched|same_map|128|16|32||||,data/h100/cuda-13.3-sm90/multi_context/mixed_direction/mixed/20260803T092443Z__v3__c462b34c8090/attempt_01.csv
h100,v3,mixed_direction,intra_cta,tensor,mixed,s2g_then_g2s,batched,same_map,128,16,32,0,2484,3965,cycles,123.90625,123.90625,1.033039,,mixed_direction|intra_cta|tensor|mixed|s2g_then_g2s|batched|same_map|128|16|32||||,data/h100/cuda-13.3-sm90/multi_context/mixed_direction/mixed/20260803T092443Z__v3__c462b34c8090/attempt_01.csv
h100,v3,mixed_direction,intra_cta,tensor,mixed,alternating,batched,same_map,128,16,32,1,2166,3647,cycles,113.96875,113.96875,1.123115,,mixed_direction|intra_cta|tensor|mixed|alternating|batched|same_map|128|16|32||||,data/h100/cuda-13.3-sm90/multi_context/mixed_direction/mixed/20260803T092443Z__v3__c462b34c8090/attempt_01.csv
h100,v3,mixed_direction,intra_cta,tensor,mixed,g2s_then_s2g,batched,same_map,128,16,32,1,2399,3880,cycles,121.25,121.25,1.05567,,mixed_direction|intra_cta|tensor|mixed|g2s_then_s2g|batched|same_map|128|16|32||||,data/h100/cuda-13.3-sm90/multi_context/mixed_direction/mixed/20260803T092443Z__v3__c462b34c8090/attempt_01.csv
h100,v3,mixed_direction,intra_cta,tensor,mixed,s2g_then_g2s,batched,same_map,128,16,32,1,2411,3892,cycles,121.625,121.625,1.052415,,mixed_direction|intra_cta|tensor|mixed|s2g_then_g2s|batched|same_map|128|16|32||||,data/h100/cuda-13.3-sm90/multi_context/mixed_direction/mixed/20260803T092443Z__v3__c462b34c8090/attempt_01.csv
b200,v3,mixed_direction,intra_cta,tensor,mixed,alternating,batched,same_map,128,16,32,0,2281,3828,cycles,119.625,119.625,1.07001,,mixed_direction|intra_cta|tensor|mixed|alternating|batched|same_map|128|16|32||||,data/b200/cuda-13.3-sm100/multi_context/mixed_direction/mixed/20260803T094309Z__v3__206fc377d643/attempt_01.csv
b200,v3,mixed_direction,intra_cta,tensor,mixed,g2s_then_s2g,batched,same_map,128,16,32,0,2503,4050,cycles,126.5625,126.5625,1.011358,,mixed_direction|intra_cta|tensor|mixed|g2s_then_s2g|batched|same_map|128|16|32||||,data/b200/cuda-13.3-sm100/multi_context/mixed_direction/mixed/20260803T094309Z__v3__206fc377d643/attempt_01.csv
b200,v3,mixed_direction,intra_cta,tensor,mixed,s2g_then_g2s,batched,same_map,128,16,32,0,2511,4058,cycles,126.8125,126.8125,1.009364,,mixed_direction|intra_cta|tensor|mixed|s2g_then_g2s|batched|same_map|128|16|32||||,data/b200/cuda-13.3-sm100/multi_context/mixed_direction/mixed/20260803T094309Z__v3__206fc377d643/attempt_01.csv
b200,v3,mixed_direction,intra_cta,tensor,mixed,alternating,batched,same_map,128,16,32,1,2218,3700,cycles,115.625,115.625,1.107027,,mixed_direction|intra_cta|tensor|mixed|alternating|batched|same_map|128|16|32||||,data/b200/cuda-13.3-sm100/multi_context/mixed_direction/mixed/20260803T094309Z__v3__206fc377d643/attempt_01.csv
b200,v3,mixed_direction,intra_cta,tensor,mixed,g2s_then_s2g,batched,same_map,128,16,32,1,2493,3975,cycles,124.21875,124.21875,1.03044,,mixed_direction|intra_cta|tensor|mixed|g2s_then_s2g|batched|same_map|128|16|32||||,data/b200/cuda-13.3-sm100/multi_context/mixed_direction/mixed/20260803T094309Z__v3__206fc377d643/attempt_01.csv
b200,v3,mixed_direction,intra_cta,tensor,mixed,s2g_then_g2s,batched,same_map,128,16,32,1,2475,3957,cycles,123.65625,123.65625,1.035128,,mixed_direction|intra_cta|tensor|mixed|s2g_then_g2s|batched|same_map|128|16|32||||,data/b200/cuda-13.3-sm100/multi_context/mixed_direction/mixed/20260803T094309Z__v3__206fc377d643/attempt_01.csv
h100,v3,mixed_direction,intra_cta,tensor,mixed,alternating,serial,distinct_map,128,1,2,0,1095,1122,cycles,561.0,561.0,0.228164,,mixed_direction|intra_cta|tensor|mixed|alternating|serial|distinct_map|128|1|2||||,data/h100/cuda-13.3-sm90/multi_context/mixed_direction/mixed/20260803T092443Z__v3__c462b34c8090/attempt_01.csv
h100,v3,mixed_direction,intra_cta,tensor,mixed,g2s_then_s2g,serial,distinct_map,128,1,2,0,1262,1279,cycles,639.5,639.5,0.200156,,mixed_direction|intra_cta|tensor|mixed|g2s_then_s2g|serial|distinct_map|128|1|2||||,data/h100/cuda-13.3-sm90/multi_context/mixed_direction/mixed/20260803T092443Z__v3__c462b34c8090/attempt_01.csv
h100,v3,mixed_direction,intra_cta,tensor,mixed,s2g_then_g2s,serial,distinct_map,128,1,2,0,1239,1266,cycles,633.0,633.0,0.202212,,mixed_direction|intra_cta|tensor|mixed|s2g_then_g2s|serial|distinct_map|128|1|2||||,data/h100/cuda-13.3-sm90/multi_context/mixed_direction/mixed/20260803T092443Z__v3__c462b34c8090/attempt_01.csv
h100,v3,mixed_direction,intra_cta,tensor,mixed,alternating,serial,distinct_map,128,1,2,1,722,739,cycles,369.5,369.5,0.346414,,mixed_direction|intra_cta|tensor|mixed|alternating|serial|distinct_map|128|1|2||||,data/h100/cuda-13.3-sm90/multi_context/mixed_direction/mixed/20260803T092443Z__v3__c462b34c8090/attempt_01.csv
h100,v3,mixed_direction,intra_cta,tensor,mixed,g2s_then_s2g,serial,distinct_map,128,1,2,1,691,708,cycles,354.0,354.0,0.361582,,mixed_direction|intra_cta|tensor|mixed|g2s_then_s2g|serial|distinct_map|128|1|2||||,data/h100/cuda-13.3-sm90/multi_context/mixed_direction/mixed/20260803T092443Z__v3__c462b34c8090/attempt_01.csv
h100,v3,mixed_direction,intra_cta,tensor,mixed,s2g_then_g2s,serial,distinct_map,128,1,2,1,672,689,cycles,344.5,344.5,0.371553,,mixed_direction|intra_cta|tensor|mixed|s2g_then_g2s|serial|distinct_map|128|1|2||||,data/h100/cuda-13.3-sm90/multi_context/mixed_direction/mixed/20260803T092443Z__v3__c462b34c8090/attempt_01.csv
b200,v3,mixed_direction,intra_cta,tensor,mixed,alternating,serial,distinct_map,128,1,2,0,1402,1422,cycles,711.0,711.0,0.180028,,mixed_direction|intra_cta|tensor|mixed|alternating|serial|distinct_map|128|1|2||||,data/b200/cuda-13.3-sm100/multi_context/mixed_direction/mixed/20260803T094309Z__v3__206fc377d643/attempt_01.csv
b200,v3,mixed_direction,intra_cta,tensor,mixed,g2s_then_s2g,serial,distinct_map,128,1,2,0,1405,1425,cycles,712.5,712.5,0.179649,,mixed_direction|intra_cta|tensor|mixed|g2s_then_s2g|serial|distinct_map|128|1|2||||,data/b200/cuda-13.3-sm100/multi_context/mixed_direction/mixed/20260803T094309Z__v3__206fc377d643/attempt_01.csv
b200,v3,mixed_direction,intra_cta,tensor,mixed,s2g_then_g2s,serial,distinct_map,128,1,2,0,1322,1355,cycles,677.5,677.5,0.18893,,mixed_direction|intra_cta|tensor|mixed|s2g_then_g2s|serial|distinct_map|128|1|2||||,data/b200/cuda-13.3-sm100/multi_context/mixed_direction/mixed/20260803T094309Z__v3__206fc377d643/attempt_01.csv
b200,v3,mixed_direction,intra_cta,tensor,mixed,alternating,serial,distinct_map,128,1,2,1,827,847,cycles,423.5,423.5,0.302243,,mixed_direction|intra_cta|tensor|mixed|alternating|serial|distinct_map|128|1|2||||,data/b200/cuda-13.3-sm100/multi_context/mixed_direction/mixed/20260803T094309Z__v3__206fc377d643/attempt_01.csv
b200,v3,mixed_direction,intra_cta,tensor,mixed,g2s_then_s2g,serial,distinct_map,128,1,2,1,853,887,cycles,443.5,443.5,0.288613,,mixed_direction|intra_cta|tensor|mixed|g2s_then_s2g|serial|distinct_map|128|1|2||||,data/b200/cuda-13.3-sm100/multi_context/mixed_direction/mixed/20260803T094309Z__v3__206fc377d643/attempt_01.csv
b200,v3,mixed_direction,intra_cta,tensor,mixed,s2g_then_g2s,serial,distinct_map,128,1,2,1,731,751,cycles,375.5,375.5,0.340879,,mixed_direction|intra_cta|tensor|mixed|s2g_then_g2s|serial|distinct_map|128|1|2||||,data/b200/cuda-13.3-sm100/multi_context/mixed_direction/mixed/20260803T094309Z__v3__206fc377d643/attempt_01.csv
ventus,v3,mixed_direction,intra_cta,tensor,mixed,alternating,serial,distinct_map,128,1,2,0,333,341,cycles,170.5,170.5,0.750733,,intra_cta_tensor_mixed_alternating_serial_distinct_map_128_1,data/ventus/V3.10/multi_context/mixed_direction/mixed/20260803T103017Z__v3__e1a866548aad/raw.csv
ventus,v3,mixed_direction,intra_cta,tensor,mixed,g2s_then_s2g,serial,distinct_map,128,1,2,0,413,421,cycles,210.5,210.5,0.608076,,intra_cta_tensor_mixed_g2s_then_s2g_serial_distinct_map_128_1,data/ventus/V3.10/multi_context/mixed_direction/mixed/20260803T103017Z__v3__e1a866548aad/raw.csv
ventus,v3,mixed_direction,intra_cta,tensor,mixed,s2g_then_g2s,serial,distinct_map,128,1,2,0,413,421,cycles,210.5,210.5,0.608076,,intra_cta_tensor_mixed_s2g_then_g2s_serial_distinct_map_128_1,data/ventus/V3.10/multi_context/mixed_direction/mixed/20260803T103017Z__v3__e1a866548aad/raw.csv
ventus,v3,mixed_direction,intra_cta,tensor,mixed,alternating,serial,distinct_map,128,1,2,1,279,287,cycles,143.5,143.5,0.891986,,intra_cta_tensor_mixed_alternating_serial_distinct_map_128_1,data/ventus/V3.10/multi_context/mixed_direction/mixed/20260803T103017Z__v3__e1a866548aad/raw.csv
ventus,v3,mixed_direction,intra_cta,tensor,mixed,g2s_then_s2g,serial,distinct_map,128,1,2,1,359,367,cycles,183.5,183.5,0.697548,,intra_cta_tensor_mixed_g2s_then_s2g_serial_distinct_map_128_1,data/ventus/V3.10/multi_context/mixed_direction/mixed/20260803T103017Z__v3__e1a866548aad/raw.csv
ventus,v3,mixed_direction,intra_cta,tensor,mixed,s2g_then_g2s,serial,distinct_map,128,1,2,1,359,367,cycles,183.5,183.5,0.697548,,intra_cta_tensor_mixed_s2g_then_g2s_serial_distinct_map_128_1,data/ventus/V3.10/multi_context/mixed_direction/mixed/20260803T103017Z__v3__e1a866548aad/raw.csv
h100,v3,mixed_direction,intra_cta,tensor,mixed,alternating,serial,distinct_map,128,2,4,0,2126,2143,cycles,535.75,535.75,0.238917,,mixed_direction|intra_cta|tensor|mixed|alternating|serial|distinct_map|128|2|4||||,data/h100/cuda-13.3-sm90/multi_context/mixed_direction/mixed/20260803T092443Z__v3__c462b34c8090/attempt_01.csv
h100,v3,mixed_direction,intra_cta,tensor,mixed,g2s_then_s2g,serial,distinct_map,128,2,4,0,2144,2161,cycles,540.25,540.25,0.236927,,mixed_direction|intra_cta|tensor|mixed|g2s_then_s2g|serial|distinct_map|128|2|4||||,data/h100/cuda-13.3-sm90/multi_context/mixed_direction/mixed/20260803T092443Z__v3__c462b34c8090/attempt_01.csv
h100,v3,mixed_direction,intra_cta,tensor,mixed,s2g_then_g2s,serial,distinct_map,128,2,4,0,2116,2133,cycles,533.25,533.25,0.240038,,mixed_direction|intra_cta|tensor|mixed|s2g_then_g2s|serial|distinct_map|128|2|4||||,data/h100/cuda-13.3-sm90/multi_context/mixed_direction/mixed/20260803T092443Z__v3__c462b34c8090/attempt_01.csv
h100,v3,mixed_direction,intra_cta,tensor,mixed,alternating,serial,distinct_map,128,2,4,1,1326,1343,cycles,335.75,335.75,0.381236,,mixed_direction|intra_cta|tensor|mixed|alternating|serial|distinct_map|128|2|4||||,data/h100/cuda-13.3-sm90/multi_context/mixed_direction/mixed/20260803T092443Z__v3__c462b34c8090/attempt_01.csv
h100,v3,mixed_direction,intra_cta,tensor,mixed,g2s_then_s2g,serial,distinct_map,128,2,4,1,1326,1343,cycles,335.75,335.75,0.381236,,mixed_direction|intra_cta|tensor|mixed|g2s_then_s2g|serial|distinct_map|128|2|4||||,data/h100/cuda-13.3-sm90/multi_context/mixed_direction/mixed/20260803T092443Z__v3__c462b34c8090/attempt_01.csv
h100,v3,mixed_direction,intra_cta,tensor,mixed,s2g_then_g2s,serial,distinct_map,128,2,4,1,1282,1299,cycles,324.75,324.75,0.394149,,mixed_direction|intra_cta|tensor|mixed|s2g_then_g2s|serial|distinct_map|128|2|4||||,data/h100/cuda-13.3-sm90/multi_context/mixed_direction/mixed/20260803T092443Z__v3__c462b34c8090/attempt_01.csv
b200,v3,mixed_direction,intra_cta,tensor,mixed,alternating,serial,distinct_map,128,2,4,0,2691,2711,cycles,677.75,677.75,0.18886,,mixed_direction|intra_cta|tensor|mixed|alternating|serial|distinct_map|128|2|4||||,data/b200/cuda-13.3-sm100/multi_context/mixed_direction/mixed/20260803T094309Z__v3__206fc377d643/attempt_01.csv
b200,v3,mixed_direction,intra_cta,tensor,mixed,g2s_then_s2g,serial,distinct_map,128,2,4,0,2748,2768,cycles,692.0,692.0,0.184971,,mixed_direction|intra_cta|tensor|mixed|g2s_then_s2g|serial|distinct_map|128|2|4||||,data/b200/cuda-13.3-sm100/multi_context/mixed_direction/mixed/20260803T094309Z__v3__206fc377d643/attempt_01.csv
b200,v3,mixed_direction,intra_cta,tensor,mixed,s2g_then_g2s,serial,distinct_map,128,2,4,0,2667,2700,cycles,675.0,675.0,0.18963,,mixed_direction|intra_cta|tensor|mixed|s2g_then_g2s|serial|distinct_map|128|2|4||||,data/b200/cuda-13.3-sm100/multi_context/mixed_direction/mixed/20260803T094309Z__v3__206fc377d643/attempt_01.csv
b200,v3,mixed_direction,intra_cta,tensor,mixed,alternating,serial,distinct_map,128,2,4,1,1573,1593,cycles,398.25,398.25,0.321406,,mixed_direction|intra_cta|tensor|mixed|alternating|serial|distinct_map|128|2|4||||,data/b200/cuda-13.3-sm100/multi_context/mixed_direction/mixed/20260803T094309Z__v3__206fc377d643/attempt_01.csv
b200,v3,mixed_direction,intra_cta,tensor,mixed,g2s_then_s2g,serial,distinct_map,128,2,4,1,1573,1593,cycles,398.25,398.25,0.321406,,mixed_direction|intra_cta|tensor|mixed|g2s_then_s2g|serial|distinct_map|128|2|4||||,data/b200/cuda-13.3-sm100/multi_context/mixed_direction/mixed/20260803T094309Z__v3__206fc377d643/attempt_01.csv
b200,v3,mixed_direction,intra_cta,tensor,mixed,s2g_then_g2s,serial,distinct_map,128,2,4,1,1381,1401,cycles,350.25,350.25,0.365453,,mixed_direction|intra_cta|tensor|mixed|s2g_then_g2s|serial|distinct_map|128|2|4||||,data/b200/cuda-13.3-sm100/multi_context/mixed_direction/mixed/20260803T094309Z__v3__206fc377d643/attempt_01.csv
h100,v3,mixed_direction,intra_cta,tensor,mixed,alternating,serial,distinct_map,128,4,8,0,4365,4382,cycles,547.75,547.75,0.233683,,mixed_direction|intra_cta|tensor|mixed|alternating|serial|distinct_map|128|4|8||||,data/h100/cuda-13.3-sm90/multi_context/mixed_direction/mixed/20260803T092443Z__v3__c462b34c8090/attempt_01.csv
h100,v3,mixed_direction,intra_cta,tensor,mixed,g2s_then_s2g,serial,distinct_map,128,4,8,0,4381,4398,cycles,549.75,549.75,0.232833,,mixed_direction|intra_cta|tensor|mixed|g2s_then_s2g|serial|distinct_map|128|4|8||||,data/h100/cuda-13.3-sm90/multi_context/mixed_direction/mixed/20260803T092443Z__v3__c462b34c8090/attempt_01.csv
h100,v3,mixed_direction,intra_cta,tensor,mixed,s2g_then_g2s,serial,distinct_map,128,4,8,0,4231,4258,cycles,532.25,532.25,0.240488,,mixed_direction|intra_cta|tensor|mixed|s2g_then_g2s|serial|distinct_map|128|4|8||||,data/h100/cuda-13.3-sm90/multi_context/mixed_direction/mixed/20260803T092443Z__v3__c462b34c8090/attempt_01.csv
h100,v3,mixed_direction,intra_cta,tensor,mixed,alternating,serial,distinct_map,128,4,8,1,2596,2613,cycles,326.625,326.625,0.391887,,mixed_direction|intra_cta|tensor|mixed|alternating|serial|distinct_map|128|4|8||||,data/h100/cuda-13.3-sm90/multi_context/mixed_direction/mixed/20260803T092443Z__v3__c462b34c8090/attempt_01.csv
h100,v3,mixed_direction,intra_cta,tensor,mixed,g2s_then_s2g,serial,distinct_map,128,4,8,1,2596,2613,cycles,326.625,326.625,0.391887,,mixed_direction|intra_cta|tensor|mixed|g2s_then_s2g|serial|distinct_map|128|4|8||||,data/h100/cuda-13.3-sm90/multi_context/mixed_direction/mixed/20260803T092443Z__v3__c462b34c8090/attempt_01.csv
h100,v3,mixed_direction,intra_cta,tensor,mixed,s2g_then_g2s,serial,distinct_map,128,4,8,1,2508,2525,cycles,315.625,315.625,0.405545,,mixed_direction|intra_cta|tensor|mixed|s2g_then_g2s|serial|distinct_map|128|4|8||||,data/h100/cuda-13.3-sm90/multi_context/mixed_direction/mixed/20260803T092443Z__v3__c462b34c8090/attempt_01.csv
b200,v3,mixed_direction,intra_cta,tensor,mixed,alternating,serial,distinct_map,128,4,8,0,5344,5364,cycles,670.5,670.5,0.190902,,mixed_direction|intra_cta|tensor|mixed|alternating|serial|distinct_map|128|4|8||||,data/b200/cuda-13.3-sm100/multi_context/mixed_direction/mixed/20260803T094309Z__v3__206fc377d643/attempt_01.csv
b200,v3,mixed_direction,intra_cta,tensor,mixed,g2s_then_s2g,serial,distinct_map,128,4,8,0,5318,5338,cycles,667.25,667.25,0.191832,,mixed_direction|intra_cta|tensor|mixed|g2s_then_s2g|serial|distinct_map|128|4|8||||,data/b200/cuda-13.3-sm100/multi_context/mixed_direction/mixed/20260803T094309Z__v3__206fc377d643/attempt_01.csv
b200,v3,mixed_direction,intra_cta,tensor,mixed,s2g_then_g2s,serial,distinct_map,128,4,8,0,4940,4970,cycles,621.25,621.25,0.206036,,mixed_direction|intra_cta|tensor|mixed|s2g_then_g2s|serial|distinct_map|128|4|8||||,data/b200/cuda-13.3-sm100/multi_context/mixed_direction/mixed/20260803T094309Z__v3__206fc377d643/attempt_01.csv
b200,v3,mixed_direction,intra_cta,tensor,mixed,alternating,serial,distinct_map,128,4,8,1,3065,3085,cycles,385.625,385.625,0.331929,,mixed_direction|intra_cta|tensor|mixed|alternating|serial|distinct_map|128|4|8||||,data/b200/cuda-13.3-sm100/multi_context/mixed_direction/mixed/20260803T094309Z__v3__206fc377d643/attempt_01.csv
b200,v3,mixed_direction,intra_cta,tensor,mixed,g2s_then_s2g,serial,distinct_map,128,4,8,1,3065,3085,cycles,385.625,385.625,0.331929,,mixed_direction|intra_cta|tensor|mixed|g2s_then_s2g|serial|distinct_map|128|4|8||||,data/b200/cuda-13.3-sm100/multi_context/mixed_direction/mixed/20260803T094309Z__v3__206fc377d643/attempt_01.csv
b200,v3,mixed_direction,intra_cta,tensor,mixed,s2g_then_g2s,serial,distinct_map,128,4,8,1,2681,2715,cycles,339.375,339.375,0.377164,,mixed_direction|intra_cta|tensor|mixed|s2g_then_g2s|serial|distinct_map|128|4|8||||,data/b200/cuda-13.3-sm100/multi_context/mixed_direction/mixed/20260803T094309Z__v3__206fc377d643/attempt_01.csv
h100,v3,mixed_direction,intra_cta,tensor,mixed,alternating,serial,distinct_map,128,8,16,0,8454,8471,cycles,529.4375,529.4375,0.241766,,mixed_direction|intra_cta|tensor|mixed|alternating|serial|distinct_map|128|8|16||||,data/h100/cuda-13.3-sm90/multi_context/mixed_direction/mixed/20260803T092443Z__v3__c462b34c8090/attempt_01.csv
h100,v3,mixed_direction,intra_cta,tensor,mixed,g2s_then_s2g,serial,distinct_map,128,8,16,0,8348,8365,cycles,522.8125,522.8125,0.24483,,mixed_direction|intra_cta|tensor|mixed|g2s_then_s2g|serial|distinct_map|128|8|16||||,data/h100/cuda-13.3-sm90/multi_context/mixed_direction/mixed/20260803T092443Z__v3__c462b34c8090/attempt_01.csv
h100,v3,mixed_direction,intra_cta,tensor,mixed,s2g_then_g2s,serial,distinct_map,128,8,16,0,8433,8460,cycles,528.75,528.75,0.24208,,mixed_direction|intra_cta|tensor|mixed|s2g_then_g2s|serial|distinct_map|128|8|16||||,data/h100/cuda-13.3-sm90/multi_context/mixed_direction/mixed/20260803T092443Z__v3__c462b34c8090/attempt_01.csv
h100,v3,mixed_direction,intra_cta,tensor,mixed,alternating,serial,distinct_map,128,8,16,1,5474,5491,cycles,343.1875,343.1875,0.372974,,mixed_direction|intra_cta|tensor|mixed|alternating|serial|distinct_map|128|8|16||||,data/h100/cuda-13.3-sm90/multi_context/mixed_direction/mixed/20260803T092443Z__v3__c462b34c8090/attempt_01.csv
h100,v3,mixed_direction,intra_cta,tensor,mixed,g2s_then_s2g,serial,distinct_map,128,8,16,1,5474,5491,cycles,343.1875,343.1875,0.372974,,mixed_direction|intra_cta|tensor|mixed|g2s_then_s2g|serial|distinct_map|128|8|16||||,data/h100/cuda-13.3-sm90/multi_context/mixed_direction/mixed/20260803T092443Z__v3__c462b34c8090/attempt_01.csv
h100,v3,mixed_direction,intra_cta,tensor,mixed,s2g_then_g2s,serial,distinct_map,128,8,16,1,5301,5318,cycles,332.375,332.375,0.385107,,mixed_direction|intra_cta|tensor|mixed|s2g_then_g2s|serial|distinct_map|128|8|16||||,data/h100/cuda-13.3-sm90/multi_context/mixed_direction/mixed/20260803T092443Z__v3__c462b34c8090/attempt_01.csv
b200,v3,mixed_direction,intra_cta,tensor,mixed,alternating,serial,distinct_map,128,8,16,0,10550,10570,cycles,660.625,660.625,0.193756,,mixed_direction|intra_cta|tensor|mixed|alternating|serial|distinct_map|128|8|16||||,data/b200/cuda-13.3-sm100/multi_context/mixed_direction/mixed/20260803T094309Z__v3__206fc377d643/attempt_01.csv
b200,v3,mixed_direction,intra_cta,tensor,mixed,g2s_then_s2g,serial,distinct_map,128,8,16,0,10541,10561,cycles,660.0625,660.0625,0.193921,,mixed_direction|intra_cta|tensor|mixed|g2s_then_s2g|serial|distinct_map|128|8|16||||,data/b200/cuda-13.3-sm100/multi_context/mixed_direction/mixed/20260803T094309Z__v3__206fc377d643/attempt_01.csv
b200,v3,mixed_direction,intra_cta,tensor,mixed,s2g_then_g2s,serial,distinct_map,128,8,16,0,9742,9772,cycles,610.75,610.75,0.209578,,mixed_direction|intra_cta|tensor|mixed|s2g_then_g2s|serial|distinct_map|128|8|16||||,data/b200/cuda-13.3-sm100/multi_context/mixed_direction/mixed/20260803T094309Z__v3__206fc377d643/attempt_01.csv
b200,v3,mixed_direction,intra_cta,tensor,mixed,alternating,serial,distinct_map,128,8,16,1,6473,6493,cycles,405.8125,405.8125,0.315417,,mixed_direction|intra_cta|tensor|mixed|alternating|serial|distinct_map|128|8|16||||,data/b200/cuda-13.3-sm100/multi_context/mixed_direction/mixed/20260803T094309Z__v3__206fc377d643/attempt_01.csv
b200,v3,mixed_direction,intra_cta,tensor,mixed,g2s_then_s2g,serial,distinct_map,128,8,16,1,6473,6493,cycles,405.8125,405.8125,0.315417,,mixed_direction|intra_cta|tensor|mixed|g2s_then_s2g|serial|distinct_map|128|8|16||||,data/b200/cuda-13.3-sm100/multi_context/mixed_direction/mixed/20260803T094309Z__v3__206fc377d643/attempt_01.csv
b200,v3,mixed_direction,intra_cta,tensor,mixed,s2g_then_g2s,serial,distinct_map,128,8,16,1,6917,6937,cycles,433.5625,433.5625,0.295228,,mixed_direction|intra_cta|tensor|mixed|s2g_then_g2s|serial|distinct_map|128|8|16||||,data/b200/cuda-13.3-sm100/multi_context/mixed_direction/mixed/20260803T094309Z__v3__206fc377d643/attempt_01.csv
h100,v3,mixed_direction,intra_cta,tensor,mixed,alternating,serial,distinct_map,128,16,32,0,17057,17074,cycles,533.5625,533.5625,0.239897,,mixed_direction|intra_cta|tensor|mixed|alternating|serial|distinct_map|128|16|32||||,data/h100/cuda-13.3-sm90/multi_context/mixed_direction/mixed/20260803T092443Z__v3__c462b34c8090/attempt_01.csv
h100,v3,mixed_direction,intra_cta,tensor,mixed,g2s_then_s2g,serial,distinct_map,128,16,32,0,17168,17185,cycles,537.03125,537.03125,0.238347,,mixed_direction|intra_cta|tensor|mixed|g2s_then_s2g|serial|distinct_map|128|16|32||||,data/h100/cuda-13.3-sm90/multi_context/mixed_direction/mixed/20260803T092443Z__v3__c462b34c8090/attempt_01.csv
h100,v3,mixed_direction,intra_cta,tensor,mixed,s2g_then_g2s,serial,distinct_map,128,16,32,0,16782,16809,cycles,525.28125,525.28125,0.243679,,mixed_direction|intra_cta|tensor|mixed|s2g_then_g2s|serial|distinct_map|128|16|32||||,data/h100/cuda-13.3-sm90/multi_context/mixed_direction/mixed/20260803T092443Z__v3__c462b34c8090/attempt_01.csv
h100,v3,mixed_direction,intra_cta,tensor,mixed,alternating,serial,distinct_map,128,16,32,1,12304,12321,cycles,385.03125,385.03125,0.332441,,mixed_direction|intra_cta|tensor|mixed|alternating|serial|distinct_map|128|16|32||||,data/h100/cuda-13.3-sm90/multi_context/mixed_direction/mixed/20260803T092443Z__v3__c462b34c8090/attempt_01.csv
h100,v3,mixed_direction,intra_cta,tensor,mixed,g2s_then_s2g,serial,distinct_map,128,16,32,1,12421,12438,cycles,388.6875,388.6875,0.329313,,mixed_direction|intra_cta|tensor|mixed|g2s_then_s2g|serial|distinct_map|128|16|32||||,data/h100/cuda-13.3-sm90/multi_context/mixed_direction/mixed/20260803T092443Z__v3__c462b34c8090/attempt_01.csv
h100,v3,mixed_direction,intra_cta,tensor,mixed,s2g_then_g2s,serial,distinct_map,128,16,32,1,12102,12119,cycles,378.71875,378.71875,0.337982,,mixed_direction|intra_cta|tensor|mixed|s2g_then_g2s|serial|distinct_map|128|16|32||||,data/h100/cuda-13.3-sm90/multi_context/mixed_direction/mixed/20260803T092443Z__v3__c462b34c8090/attempt_01.csv
b200,v3,mixed_direction,intra_cta,tensor,mixed,alternating,serial,distinct_map,128,16,32,0,19789,19823,cycles,619.46875,619.46875,0.206629,,mixed_direction|intra_cta|tensor|mixed|alternating|serial|distinct_map|128|16|32||||,data/b200/cuda-13.3-sm100/multi_context/mixed_direction/mixed/20260803T094309Z__v3__206fc377d643/attempt_01.csv
b200,v3,mixed_direction,intra_cta,tensor,mixed,g2s_then_s2g,serial,distinct_map,128,16,32,0,19788,19808,cycles,619.0,619.0,0.206785,,mixed_direction|intra_cta|tensor|mixed|g2s_then_s2g|serial|distinct_map|128|16|32||||,data/b200/cuda-13.3-sm100/multi_context/mixed_direction/mixed/20260803T094309Z__v3__206fc377d643/attempt_01.csv
b200,v3,mixed_direction,intra_cta,tensor,mixed,s2g_then_g2s,serial,distinct_map,128,16,32,0,19565,19595,cycles,612.34375,612.34375,0.209033,,mixed_direction|intra_cta|tensor|mixed|s2g_then_g2s|serial|distinct_map|128|16|32||||,data/b200/cuda-13.3-sm100/multi_context/mixed_direction/mixed/20260803T094309Z__v3__206fc377d643/attempt_01.csv
b200,v3,mixed_direction,intra_cta,tensor,mixed,alternating,serial,distinct_map,128,16,32,1,14579,14599,cycles,456.21875,456.21875,0.280567,,mixed_direction|intra_cta|tensor|mixed|alternating|serial|distinct_map|128|16|32||||,data/b200/cuda-13.3-sm100/multi_context/mixed_direction/mixed/20260803T094309Z__v3__206fc377d643/attempt_01.csv
b200,v3,mixed_direction,intra_cta,tensor,mixed,g2s_then_s2g,serial,distinct_map,128,16,32,1,14712,14732,cycles,460.375,460.375,0.278034,,mixed_direction|intra_cta|tensor|mixed|g2s_then_s2g|serial|distinct_map|128|16|32||||,data/b200/cuda-13.3-sm100/multi_context/mixed_direction/mixed/20260803T094309Z__v3__206fc377d643/attempt_01.csv
b200,v3,mixed_direction,intra_cta,tensor,mixed,s2g_then_g2s,serial,distinct_map,128,16,32,1,14102,14122,cycles,441.3125,441.3125,0.290044,,mixed_direction|intra_cta|tensor|mixed|s2g_then_g2s|serial|distinct_map|128|16|32||||,data/b200/cuda-13.3-sm100/multi_context/mixed_direction/mixed/20260803T094309Z__v3__206fc377d643/attempt_01.csv
h100,v3,mixed_direction,intra_cta,tensor,mixed,alternating,serial,same_map,128,1,2,0,1125,1145,cycles,572.5,572.5,0.223581,,mixed_direction|intra_cta|tensor|mixed|alternating|serial|same_map|128|1|2||||,data/h100/cuda-13.3-sm90/multi_context/mixed_direction/mixed/20260803T092443Z__v3__c462b34c8090/attempt_01.csv
h100,v3,mixed_direction,intra_cta,tensor,mixed,g2s_then_s2g,serial,same_map,128,1,2,0,1100,1127,cycles,563.5,563.5,0.227152,,mixed_direction|intra_cta|tensor|mixed|g2s_then_s2g|serial|same_map|128|1|2||||,data/h100/cuda-13.3-sm90/multi_context/mixed_direction/mixed/20260803T092443Z__v3__c462b34c8090/attempt_01.csv
h100,v3,mixed_direction,intra_cta,tensor,mixed,s2g_then_g2s,serial,same_map,128,1,2,0,1072,1089,cycles,544.5,544.5,0.235078,,mixed_direction|intra_cta|tensor|mixed|s2g_then_g2s|serial|same_map|128|1|2||||,data/h100/cuda-13.3-sm90/multi_context/mixed_direction/mixed/20260803T092443Z__v3__c462b34c8090/attempt_01.csv
h100,v3,mixed_direction,intra_cta,tensor,mixed,alternating,serial,same_map,128,1,2,1,691,708,cycles,354.0,354.0,0.361582,,mixed_direction|intra_cta|tensor|mixed|alternating|serial|same_map|128|1|2||||,data/h100/cuda-13.3-sm90/multi_context/mixed_direction/mixed/20260803T092443Z__v3__c462b34c8090/attempt_01.csv
h100,v3,mixed_direction,intra_cta,tensor,mixed,g2s_then_s2g,serial,same_map,128,1,2,1,691,708,cycles,354.0,354.0,0.361582,,mixed_direction|intra_cta|tensor|mixed|g2s_then_s2g|serial|same_map|128|1|2||||,data/h100/cuda-13.3-sm90/multi_context/mixed_direction/mixed/20260803T092443Z__v3__c462b34c8090/attempt_01.csv
h100,v3,mixed_direction,intra_cta,tensor,mixed,s2g_then_g2s,serial,same_map,128,1,2,1,678,695,cycles,347.5,347.5,0.368345,,mixed_direction|intra_cta|tensor|mixed|s2g_then_g2s|serial|same_map|128|1|2||||,data/h100/cuda-13.3-sm90/multi_context/mixed_direction/mixed/20260803T092443Z__v3__c462b34c8090/attempt_01.csv
b200,v3,mixed_direction,intra_cta,tensor,mixed,alternating,serial,same_map,128,1,2,0,1651,1671,cycles,835.5,835.5,0.153202,,mixed_direction|intra_cta|tensor|mixed|alternating|serial|same_map|128|1|2||||,data/b200/cuda-13.3-sm100/multi_context/mixed_direction/mixed/20260803T094309Z__v3__206fc377d643/attempt_01.csv
b200,v3,mixed_direction,intra_cta,tensor,mixed,g2s_then_s2g,serial,same_map,128,1,2,0,1406,1426,cycles,713.0,713.0,0.179523,,mixed_direction|intra_cta|tensor|mixed|g2s_then_s2g|serial|same_map|128|1|2||||,data/b200/cuda-13.3-sm100/multi_context/mixed_direction/mixed/20260803T094309Z__v3__206fc377d643/attempt_01.csv
b200,v3,mixed_direction,intra_cta,tensor,mixed,s2g_then_g2s,serial,same_map,128,1,2,0,1298,1328,cycles,664.0,664.0,0.192771,,mixed_direction|intra_cta|tensor|mixed|s2g_then_g2s|serial|same_map|128|1|2||||,data/b200/cuda-13.3-sm100/multi_context/mixed_direction/mixed/20260803T094309Z__v3__206fc377d643/attempt_01.csv
b200,v3,mixed_direction,intra_cta,tensor,mixed,alternating,serial,same_map,128,1,2,1,827,847,cycles,423.5,423.5,0.302243,,mixed_direction|intra_cta|tensor|mixed|alternating|serial|same_map|128|1|2||||,data/b200/cuda-13.3-sm100/multi_context/mixed_direction/mixed/20260803T094309Z__v3__206fc377d643/attempt_01.csv
b200,v3,mixed_direction,intra_cta,tensor,mixed,g2s_then_s2g,serial,same_map,128,1,2,1,827,847,cycles,423.5,423.5,0.302243,,mixed_direction|intra_cta|tensor|mixed|g2s_then_s2g|serial|same_map|128|1|2||||,data/b200/cuda-13.3-sm100/multi_context/mixed_direction/mixed/20260803T094309Z__v3__206fc377d643/attempt_01.csv
b200,v3,mixed_direction,intra_cta,tensor,mixed,s2g_then_g2s,serial,same_map,128,1,2,1,731,751,cycles,375.5,375.5,0.340879,,mixed_direction|intra_cta|tensor|mixed|s2g_then_g2s|serial|same_map|128|1|2||||,data/b200/cuda-13.3-sm100/multi_context/mixed_direction/mixed/20260803T094309Z__v3__206fc377d643/attempt_01.csv
ventus,v3,mixed_direction,intra_cta,tensor,mixed,alternating,serial,same_map,128,1,2,0,334,342,cycles,171.0,171.0,0.748538,,intra_cta_tensor_mixed_alternating_serial_same_map_128_1,data/ventus/V3.10/multi_context/mixed_direction/mixed/20260803T103017Z__v3__e1a866548aad/raw.csv
ventus,v3,mixed_direction,intra_cta,tensor,mixed,g2s_then_s2g,serial,same_map,128,1,2,0,413,421,cycles,210.5,210.5,0.608076,,intra_cta_tensor_mixed_g2s_then_s2g_serial_same_map_128_1,data/ventus/V3.10/multi_context/mixed_direction/mixed/20260803T103017Z__v3__e1a866548aad/raw.csv
ventus,v3,mixed_direction,intra_cta,tensor,mixed,s2g_then_g2s,serial,same_map,128,1,2,0,413,421,cycles,210.5,210.5,0.608076,,intra_cta_tensor_mixed_s2g_then_g2s_serial_same_map_128_1,data/ventus/V3.10/multi_context/mixed_direction/mixed/20260803T103017Z__v3__e1a866548aad/raw.csv
ventus,v3,mixed_direction,intra_cta,tensor,mixed,alternating,serial,same_map,128,1,2,1,279,287,cycles,143.5,143.5,0.891986,,intra_cta_tensor_mixed_alternating_serial_same_map_128_1,data/ventus/V3.10/multi_context/mixed_direction/mixed/20260803T103017Z__v3__e1a866548aad/raw.csv
ventus,v3,mixed_direction,intra_cta,tensor,mixed,g2s_then_s2g,serial,same_map,128,1,2,1,368,376,cycles,188.0,188.0,0.680851,,intra_cta_tensor_mixed_g2s_then_s2g_serial_same_map_128_1,data/ventus/V3.10/multi_context/mixed_direction/mixed/20260803T103017Z__v3__e1a866548aad/raw.csv
ventus,v3,mixed_direction,intra_cta,tensor,mixed,s2g_then_g2s,serial,same_map,128,1,2,1,359,367,cycles,183.5,183.5,0.697548,,intra_cta_tensor_mixed_s2g_then_g2s_serial_same_map_128_1,data/ventus/V3.10/multi_context/mixed_direction/mixed/20260803T103017Z__v3__e1a866548aad/raw.csv
h100,v3,mixed_direction,intra_cta,tensor,mixed,alternating,serial,same_map,128,2,4,0,1753,1770,cycles,442.5,442.5,0.289266,,mixed_direction|intra_cta|tensor|mixed|alternating|serial|same_map|128|2|4||||,data/h100/cuda-13.3-sm90/multi_context/mixed_direction/mixed/20260803T092443Z__v3__c462b34c8090/attempt_01.csv
h100,v3,mixed_direction,intra_cta,tensor,mixed,g2s_then_s2g,serial,same_map,128,2,4,0,1632,1649,cycles,412.25,412.25,0.310491,,mixed_direction|intra_cta|tensor|mixed|g2s_then_s2g|serial|same_map|128|2|4||||,data/h100/cuda-13.3-sm90/multi_context/mixed_direction/mixed/20260803T092443Z__v3__c462b34c8090/attempt_01.csv
h100,v3,mixed_direction,intra_cta,tensor,mixed,s2g_then_g2s,serial,same_map,128,2,4,0,1709,1726,cycles,431.5,431.5,0.29664,,mixed_direction|intra_cta|tensor|mixed|s2g_then_g2s|serial|same_map|128|2|4||||,data/h100/cuda-13.3-sm90/multi_context/mixed_direction/mixed/20260803T092443Z__v3__c462b34c8090/attempt_01.csv
h100,v3,mixed_direction,intra_cta,tensor,mixed,alternating,serial,same_map,128,2,4,1,1348,1365,cycles,341.25,341.25,0.375092,,mixed_direction|intra_cta|tensor|mixed|alternating|serial|same_map|128|2|4||||,data/h100/cuda-13.3-sm90/multi_context/mixed_direction/mixed/20260803T092443Z__v3__c462b34c8090/attempt_01.csv
h100,v3,mixed_direction,intra_cta,tensor,mixed,g2s_then_s2g,serial,same_map,128,2,4,1,1326,1343,cycles,335.75,335.75,0.381236,,mixed_direction|intra_cta|tensor|mixed|g2s_then_s2g|serial|same_map|128|2|4||||,data/h100/cuda-13.3-sm90/multi_context/mixed_direction/mixed/20260803T092443Z__v3__c462b34c8090/attempt_01.csv
h100,v3,mixed_direction,intra_cta,tensor,mixed,s2g_then_g2s,serial,same_map,128,2,4,1,1285,1302,cycles,325.5,325.5,0.393241,,mixed_direction|intra_cta|tensor|mixed|s2g_then_g2s|serial|same_map|128|2|4||||,data/h100/cuda-13.3-sm90/multi_context/mixed_direction/mixed/20260803T092443Z__v3__c462b34c8090/attempt_01.csv
b200,v3,mixed_direction,intra_cta,tensor,mixed,alternating,serial,same_map,128,2,4,0,2217,2251,cycles,562.75,562.75,0.227454,,mixed_direction|intra_cta|tensor|mixed|alternating|serial|same_map|128|2|4||||,data/b200/cuda-13.3-sm100/multi_context/mixed_direction/mixed/20260803T094309Z__v3__206fc377d643/attempt_01.csv
b200,v3,mixed_direction,intra_cta,tensor,mixed,g2s_then_s2g,serial,same_map,128,2,4,0,2189,2209,cycles,552.25,552.25,0.231779,,mixed_direction|intra_cta|tensor|mixed|g2s_then_s2g|serial|same_map|128|2|4||||,data/b200/cuda-13.3-sm100/multi_context/mixed_direction/mixed/20260803T094309Z__v3__206fc377d643/attempt_01.csv
b200,v3,mixed_direction,intra_cta,tensor,mixed,s2g_then_g2s,serial,same_map,128,2,4,0,1990,2023,cycles,505.75,505.75,0.253089,,mixed_direction|intra_cta|tensor|mixed|s2g_then_g2s|serial|same_map|128|2|4||||,data/b200/cuda-13.3-sm100/multi_context/mixed_direction/mixed/20260803T094309Z__v3__206fc377d643/attempt_01.csv
b200,v3,mixed_direction,intra_cta,tensor,mixed,alternating,serial,same_map,128,2,4,1,1573,1593,cycles,398.25,398.25,0.321406,,mixed_direction|intra_cta|tensor|mixed|alternating|serial|same_map|128|2|4||||,data/b200/cuda-13.3-sm100/multi_context/mixed_direction/mixed/20260803T094309Z__v3__206fc377d643/attempt_01.csv
b200,v3,mixed_direction,intra_cta,tensor,mixed,g2s_then_s2g,serial,same_map,128,2,4,1,1573,1593,cycles,398.25,398.25,0.321406,,mixed_direction|intra_cta|tensor|mixed|g2s_then_s2g|serial|same_map|128|2|4||||,data/b200/cuda-13.3-sm100/multi_context/mixed_direction/mixed/20260803T094309Z__v3__206fc377d643/attempt_01.csv
b200,v3,mixed_direction,intra_cta,tensor,mixed,s2g_then_g2s,serial,same_map,128,2,4,1,1381,1401,cycles,350.25,350.25,0.365453,,mixed_direction|intra_cta|tensor|mixed|s2g_then_g2s|serial|same_map|128|2|4||||,data/b200/cuda-13.3-sm100/multi_context/mixed_direction/mixed/20260803T094309Z__v3__206fc377d643/attempt_01.csv
h100,v3,mixed_direction,intra_cta,tensor,mixed,alternating,serial,same_map,128,4,8,0,3045,3062,cycles,382.75,382.75,0.334422,,mixed_direction|intra_cta|tensor|mixed|alternating|serial|same_map|128|4|8||||,data/h100/cuda-13.3-sm90/multi_context/mixed_direction/mixed/20260803T092443Z__v3__c462b34c8090/attempt_01.csv
h100,v3,mixed_direction,intra_cta,tensor,mixed,g2s_then_s2g,serial,same_map,128,4,8,0,3174,3191,cycles,398.875,398.875,0.320903,,mixed_direction|intra_cta|tensor|mixed|g2s_then_s2g|serial|same_map|128|4|8||||,data/h100/cuda-13.3-sm90/multi_context/mixed_direction/mixed/20260803T092443Z__v3__c462b34c8090/attempt_01.csv
h100,v3,mixed_direction,intra_cta,tensor,mixed,s2g_then_g2s,serial,same_map,128,4,8,0,3062,3079,cycles,384.875,384.875,0.332576,,mixed_direction|intra_cta|tensor|mixed|s2g_then_g2s|serial|same_map|128|4|8||||,data/h100/cuda-13.3-sm90/multi_context/mixed_direction/mixed/20260803T092443Z__v3__c462b34c8090/attempt_01.csv
h100,v3,mixed_direction,intra_cta,tensor,mixed,alternating,serial,same_map,128,4,8,1,2596,2613,cycles,326.625,326.625,0.391887,,mixed_direction|intra_cta|tensor|mixed|alternating|serial|same_map|128|4|8||||,data/h100/cuda-13.3-sm90/multi_context/mixed_direction/mixed/20260803T092443Z__v3__c462b34c8090/attempt_01.csv
h100,v3,mixed_direction,intra_cta,tensor,mixed,g2s_then_s2g,serial,same_map,128,4,8,1,2596,2613,cycles,326.625,326.625,0.391887,,mixed_direction|intra_cta|tensor|mixed|g2s_then_s2g|serial|same_map|128|4|8||||,data/h100/cuda-13.3-sm90/multi_context/mixed_direction/mixed/20260803T092443Z__v3__c462b34c8090/attempt_01.csv
h100,v3,mixed_direction,intra_cta,tensor,mixed,s2g_then_g2s,serial,same_map,128,4,8,1,2508,2525,cycles,315.625,315.625,0.405545,,mixed_direction|intra_cta|tensor|mixed|s2g_then_g2s|serial|same_map|128|4|8||||,data/h100/cuda-13.3-sm90/multi_context/mixed_direction/mixed/20260803T092443Z__v3__c462b34c8090/attempt_01.csv
b200,v3,mixed_direction,intra_cta,tensor,mixed,alternating,serial,same_map,128,4,8,0,3670,3690,cycles,461.25,461.25,0.277507,,mixed_direction|intra_cta|tensor|mixed|alternating|serial|same_map|128|4|8||||,data/b200/cuda-13.3-sm100/multi_context/mixed_direction/mixed/20260803T094309Z__v3__206fc377d643/attempt_01.csv
b200,v3,mixed_direction,intra_cta,tensor,mixed,g2s_then_s2g,serial,same_map,128,4,8,0,3695,3715,cycles,464.375,464.375,0.275639,,mixed_direction|intra_cta|tensor|mixed|g2s_then_s2g|serial|same_map|128|4|8||||,data/b200/cuda-13.3-sm100/multi_context/mixed_direction/mixed/20260803T094309Z__v3__206fc377d643/attempt_01.csv
b200,v3,mixed_direction,intra_cta,tensor,mixed,s2g_then_g2s,serial,same_map,128,4,8,0,3297,3330,cycles,416.25,416.25,0.307508,,mixed_direction|intra_cta|tensor|mixed|s2g_then_g2s|serial|same_map|128|4|8||||,data/b200/cuda-13.3-sm100/multi_context/mixed_direction/mixed/20260803T094309Z__v3__206fc377d643/attempt_01.csv
b200,v3,mixed_direction,intra_cta,tensor,mixed,alternating,serial,same_map,128,4,8,1,3065,3085,cycles,385.625,385.625,0.331929,,mixed_direction|intra_cta|tensor|mixed|alternating|serial|same_map|128|4|8||||,data/b200/cuda-13.3-sm100/multi_context/mixed_direction/mixed/20260803T094309Z__v3__206fc377d643/attempt_01.csv
b200,v3,mixed_direction,intra_cta,tensor,mixed,g2s_then_s2g,serial,same_map,128,4,8,1,3065,3085,cycles,385.625,385.625,0.331929,,mixed_direction|intra_cta|tensor|mixed|g2s_then_s2g|serial|same_map|128|4|8||||,data/b200/cuda-13.3-sm100/multi_context/mixed_direction/mixed/20260803T094309Z__v3__206fc377d643/attempt_01.csv
b200,v3,mixed_direction,intra_cta,tensor,mixed,s2g_then_g2s,serial,same_map,128,4,8,1,2681,2701,cycles,337.625,337.625,0.379119,,mixed_direction|intra_cta|tensor|mixed|s2g_then_g2s|serial|same_map|128|4|8||||,data/b200/cuda-13.3-sm100/multi_context/mixed_direction/mixed/20260803T094309Z__v3__206fc377d643/attempt_01.csv
h100,v3,mixed_direction,intra_cta,tensor,mixed,alternating,serial,same_map,128,8,16,0,5548,5575,cycles,348.4375,348.4375,0.367354,,mixed_direction|intra_cta|tensor|mixed|alternating|serial|same_map|128|8|16||||,data/h100/cuda-13.3-sm90/multi_context/mixed_direction/mixed/20260803T092443Z__v3__c462b34c8090/attempt_01.csv
h100,v3,mixed_direction,intra_cta,tensor,mixed,g2s_then_s2g,serial,same_map,128,8,16,0,5543,5570,cycles,348.125,348.125,0.367684,,mixed_direction|intra_cta|tensor|mixed|g2s_then_s2g|serial|same_map|128|8|16||||,data/h100/cuda-13.3-sm90/multi_context/mixed_direction/mixed/20260803T092443Z__v3__c462b34c8090/attempt_01.csv
h100,v3,mixed_direction,intra_cta,tensor,mixed,s2g_then_g2s,serial,same_map,128,8,16,0,5381,5408,cycles,338.0,338.0,0.378698,,mixed_direction|intra_cta|tensor|mixed|s2g_then_g2s|serial|same_map|128|8|16||||,data/h100/cuda-13.3-sm90/multi_context/mixed_direction/mixed/20260803T092443Z__v3__c462b34c8090/attempt_01.csv
h100,v3,mixed_direction,intra_cta,tensor,mixed,alternating,serial,same_map,128,8,16,1,5136,5153,cycles,322.0625,322.0625,0.397438,,mixed_direction|intra_cta|tensor|mixed|alternating|serial|same_map|128|8|16||||,data/h100/cuda-13.3-sm90/multi_context/mixed_direction/mixed/20260803T092443Z__v3__c462b34c8090/attempt_01.csv
h100,v3,mixed_direction,intra_cta,tensor,mixed,g2s_then_s2g,serial,same_map,128,8,16,1,5136,5153,cycles,322.0625,322.0625,0.397438,,mixed_direction|intra_cta|tensor|mixed|g2s_then_s2g|serial|same_map|128|8|16||||,data/h100/cuda-13.3-sm90/multi_context/mixed_direction/mixed/20260803T092443Z__v3__c462b34c8090/attempt_01.csv
h100,v3,mixed_direction,intra_cta,tensor,mixed,s2g_then_g2s,serial,same_map,128,8,16,1,4960,4977,cycles,311.0625,311.0625,0.411493,,mixed_direction|intra_cta|tensor|mixed|s2g_then_g2s|serial|same_map|128|8|16||||,data/h100/cuda-13.3-sm90/multi_context/mixed_direction/mixed/20260803T092443Z__v3__c462b34c8090/attempt_01.csv
b200,v3,mixed_direction,intra_cta,tensor,mixed,alternating,serial,same_map,128,8,16,0,6661,6695,cycles,418.4375,418.4375,0.3059,,mixed_direction|intra_cta|tensor|mixed|alternating|serial|same_map|128|8|16||||,data/b200/cuda-13.3-sm100/multi_context/mixed_direction/mixed/20260803T094309Z__v3__206fc377d643/attempt_01.csv
b200,v3,mixed_direction,intra_cta,tensor,mixed,g2s_then_s2g,serial,same_map,128,8,16,0,6671,6705,cycles,419.0625,419.0625,0.305444,,mixed_direction|intra_cta|tensor|mixed|g2s_then_s2g|serial|same_map|128|8|16||||,data/b200/cuda-13.3-sm100/multi_context/mixed_direction/mixed/20260803T094309Z__v3__206fc377d643/attempt_01.csv
b200,v3,mixed_direction,intra_cta,tensor,mixed,s2g_then_g2s,serial,same_map,128,8,16,0,6022,6055,cycles,378.4375,378.4375,0.338233,,mixed_direction|intra_cta|tensor|mixed|s2g_then_g2s|serial|same_map|128|8|16||||,data/b200/cuda-13.3-sm100/multi_context/mixed_direction/mixed/20260803T094309Z__v3__206fc377d643/attempt_01.csv
b200,v3,mixed_direction,intra_cta,tensor,mixed,alternating,serial,same_map,128,8,16,1,6049,6069,cycles,379.3125,379.3125,0.337453,,mixed_direction|intra_cta|tensor|mixed|alternating|serial|same_map|128|8|16||||,data/b200/cuda-13.3-sm100/multi_context/mixed_direction/mixed/20260803T094309Z__v3__206fc377d643/attempt_01.csv
b200,v3,mixed_direction,intra_cta,tensor,mixed,g2s_then_s2g,serial,same_map,128,8,16,1,6049,6069,cycles,379.3125,379.3125,0.337453,,mixed_direction|intra_cta|tensor|mixed|g2s_then_s2g|serial|same_map|128|8|16||||,data/b200/cuda-13.3-sm100/multi_context/mixed_direction/mixed/20260803T094309Z__v3__206fc377d643/attempt_01.csv
b200,v3,mixed_direction,intra_cta,tensor,mixed,s2g_then_g2s,serial,same_map,128,8,16,1,5281,5301,cycles,331.3125,331.3125,0.386342,,mixed_direction|intra_cta|tensor|mixed|s2g_then_g2s|serial|same_map|128|8|16||||,data/b200/cuda-13.3-sm100/multi_context/mixed_direction/mixed/20260803T094309Z__v3__206fc377d643/attempt_01.csv
h100,v3,mixed_direction,intra_cta,tensor,mixed,alternating,serial,same_map,128,16,32,0,10626,10653,cycles,332.90625,332.90625,0.384493,,mixed_direction|intra_cta|tensor|mixed|alternating|serial|same_map|128|16|32||||,data/h100/cuda-13.3-sm90/multi_context/mixed_direction/mixed/20260803T092443Z__v3__c462b34c8090/attempt_01.csv
h100,v3,mixed_direction,intra_cta,tensor,mixed,g2s_then_s2g,serial,same_map,128,16,32,0,10616,10643,cycles,332.59375,332.59375,0.384854,,mixed_direction|intra_cta|tensor|mixed|g2s_then_s2g|serial|same_map|128|16|32||||,data/h100/cuda-13.3-sm90/multi_context/mixed_direction/mixed/20260803T092443Z__v3__c462b34c8090/attempt_01.csv
h100,v3,mixed_direction,intra_cta,tensor,mixed,s2g_then_g2s,serial,same_map,128,16,32,0,10415,10442,cycles,326.3125,326.3125,0.392262,,mixed_direction|intra_cta|tensor|mixed|s2g_then_g2s|serial|same_map|128|16|32||||,data/h100/cuda-13.3-sm90/multi_context/mixed_direction/mixed/20260803T092443Z__v3__c462b34c8090/attempt_01.csv
h100,v3,mixed_direction,intra_cta,tensor,mixed,alternating,serial,same_map,128,16,32,1,10216,10233,cycles,319.78125,319.78125,0.400274,,mixed_direction|intra_cta|tensor|mixed|alternating|serial|same_map|128|16|32||||,data/h100/cuda-13.3-sm90/multi_context/mixed_direction/mixed/20260803T092443Z__v3__c462b34c8090/attempt_01.csv
h100,v3,mixed_direction,intra_cta,tensor,mixed,g2s_then_s2g,serial,same_map,128,16,32,1,10216,10233,cycles,319.78125,319.78125,0.400274,,mixed_direction|intra_cta|tensor|mixed|g2s_then_s2g|serial|same_map|128|16|32||||,data/h100/cuda-13.3-sm90/multi_context/mixed_direction/mixed/20260803T092443Z__v3__c462b34c8090/attempt_01.csv
h100,v3,mixed_direction,intra_cta,tensor,mixed,s2g_then_g2s,serial,same_map,128,16,32,1,9864,9881,cycles,308.78125,308.78125,0.414533,,mixed_direction|intra_cta|tensor|mixed|s2g_then_g2s|serial|same_map|128|16|32||||,data/h100/cuda-13.3-sm90/multi_context/mixed_direction/mixed/20260803T092443Z__v3__c462b34c8090/attempt_01.csv
b200,v3,mixed_direction,intra_cta,tensor,mixed,alternating,serial,same_map,128,16,32,0,12661,12695,cycles,396.71875,396.71875,0.322647,,mixed_direction|intra_cta|tensor|mixed|alternating|serial|same_map|128|16|32||||,data/b200/cuda-13.3-sm100/multi_context/mixed_direction/mixed/20260803T094309Z__v3__206fc377d643/attempt_01.csv
b200,v3,mixed_direction,intra_cta,tensor,mixed,g2s_then_s2g,serial,same_map,128,16,32,0,12634,12654,cycles,395.4375,395.4375,0.323692,,mixed_direction|intra_cta|tensor|mixed|g2s_then_s2g|serial|same_map|128|16|32||||,data/b200/cuda-13.3-sm100/multi_context/mixed_direction/mixed/20260803T094309Z__v3__206fc377d643/attempt_01.csv
b200,v3,mixed_direction,intra_cta,tensor,mixed,s2g_then_g2s,serial,same_map,128,16,32,0,11054,11087,cycles,346.46875,346.46875,0.369442,,mixed_direction|intra_cta|tensor|mixed|s2g_then_g2s|serial|same_map|128|16|32||||,data/b200/cuda-13.3-sm100/multi_context/mixed_direction/mixed/20260803T094309Z__v3__206fc377d643/attempt_01.csv
b200,v3,mixed_direction,intra_cta,tensor,mixed,alternating,serial,same_map,128,16,32,1,12017,12037,cycles,376.15625,376.15625,0.340284,,mixed_direction|intra_cta|tensor|mixed|alternating|serial|same_map|128|16|32||||,data/b200/cuda-13.3-sm100/multi_context/mixed_direction/mixed/20260803T094309Z__v3__206fc377d643/attempt_01.csv
b200,v3,mixed_direction,intra_cta,tensor,mixed,g2s_then_s2g,serial,same_map,128,16,32,1,12017,12051,cycles,376.59375,376.59375,0.339889,,mixed_direction|intra_cta|tensor|mixed|g2s_then_s2g|serial|same_map|128|16|32||||,data/b200/cuda-13.3-sm100/multi_context/mixed_direction/mixed/20260803T094309Z__v3__206fc377d643/attempt_01.csv
b200,v3,mixed_direction,intra_cta,tensor,mixed,s2g_then_g2s,serial,same_map,128,16,32,1,10481,10501,cycles,328.15625,328.15625,0.390058,,mixed_direction|intra_cta|tensor|mixed|s2g_then_g2s|serial|same_map|128|16|32||||,data/b200/cuda-13.3-sm100/multi_context/mixed_direction/mixed/20260803T094309Z__v3__206fc377d643/attempt_01.csv
h100,v3,mixed_direction,multi_cta,tensor,mixed,alternating,batched,distinct_map,128,1,2,0,128,352,ns,176.0,,,0.727273,mixed_direction|multi_cta|tensor|mixed|alternating|batched|distinct_map|128|1|2||||,data/h100/cuda-13.3-sm90/multi_context/mixed_direction/mixed/20260803T092443Z__v3__c462b34c8090/attempt_01.csv
h100,v3,mixed_direction,multi_cta,tensor,mixed,g2s_then_s2g,batched,distinct_map,128,1,2,0,160,352,ns,176.0,,,0.727273,mixed_direction|multi_cta|tensor|mixed|g2s_then_s2g|batched|distinct_map|128|1|2||||,data/h100/cuda-13.3-sm90/multi_context/mixed_direction/mixed/20260803T092443Z__v3__c462b34c8090/attempt_01.csv
h100,v3,mixed_direction,multi_cta,tensor,mixed,s2g_then_g2s,batched,distinct_map,128,1,2,0,160,512,ns,256.0,,,0.5,mixed_direction|multi_cta|tensor|mixed|s2g_then_g2s|batched|distinct_map|128|1|2||||,data/h100/cuda-13.3-sm90/multi_context/mixed_direction/mixed/20260803T092443Z__v3__c462b34c8090/attempt_01.csv
h100,v3,mixed_direction,multi_cta,tensor,mixed,alternating,batched,distinct_map,128,1,2,1,96,224,ns,112.0,,,1.142857,mixed_direction|multi_cta|tensor|mixed|alternating|batched|distinct_map|128|1|2||||,data/h100/cuda-13.3-sm90/multi_context/mixed_direction/mixed/20260803T092443Z__v3__c462b34c8090/attempt_01.csv
h100,v3,mixed_direction,multi_cta,tensor,mixed,g2s_then_s2g,batched,distinct_map,128,1,2,1,96,224,ns,112.0,,,1.142857,mixed_direction|multi_cta|tensor|mixed|g2s_then_s2g|batched|distinct_map|128|1|2||||,data/h100/cuda-13.3-sm90/multi_context/mixed_direction/mixed/20260803T092443Z__v3__c462b34c8090/attempt_01.csv
h100,v3,mixed_direction,multi_cta,tensor,mixed,s2g_then_g2s,batched,distinct_map,128,1,2,1,128,256,ns,128.0,,,1.0,mixed_direction|multi_cta|tensor|mixed|s2g_then_g2s|batched|distinct_map|128|1|2||||,data/h100/cuda-13.3-sm90/multi_context/mixed_direction/mixed/20260803T092443Z__v3__c462b34c8090/attempt_01.csv
b200,v3,mixed_direction,multi_cta,tensor,mixed,alternating,batched,distinct_map,128,1,2,0,160,384,ns,192.0,,,0.666667,mixed_direction|multi_cta|tensor|mixed|alternating|batched|distinct_map|128|1|2||||,data/b200/cuda-13.3-sm100/multi_context/mixed_direction/mixed/20260803T094309Z__v3__206fc377d643/attempt_01.csv
b200,v3,mixed_direction,multi_cta,tensor,mixed,g2s_then_s2g,batched,distinct_map,128,1,2,0,160,416,ns,208.0,,,0.615385,mixed_direction|multi_cta|tensor|mixed|g2s_then_s2g|batched|distinct_map|128|1|2||||,data/b200/cuda-13.3-sm100/multi_context/mixed_direction/mixed/20260803T094309Z__v3__206fc377d643/attempt_01.csv
b200,v3,mixed_direction,multi_cta,tensor,mixed,s2g_then_g2s,batched,distinct_map,128,1,2,0,160,384,ns,192.0,,,0.666667,mixed_direction|multi_cta|tensor|mixed|s2g_then_g2s|batched|distinct_map|128|1|2||||,data/b200/cuda-13.3-sm100/multi_context/mixed_direction/mixed/20260803T094309Z__v3__206fc377d643/attempt_01.csv
b200,v3,mixed_direction,multi_cta,tensor,mixed,alternating,batched,distinct_map,128,1,2,1,128,288,ns,144.0,,,0.888889,mixed_direction|multi_cta|tensor|mixed|alternating|batched|distinct_map|128|1|2||||,data/b200/cuda-13.3-sm100/multi_context/mixed_direction/mixed/20260803T094309Z__v3__206fc377d643/attempt_01.csv
b200,v3,mixed_direction,multi_cta,tensor,mixed,g2s_then_s2g,batched,distinct_map,128,1,2,1,128,256,ns,128.0,,,1.0,mixed_direction|multi_cta|tensor|mixed|g2s_then_s2g|batched|distinct_map|128|1|2||||,data/b200/cuda-13.3-sm100/multi_context/mixed_direction/mixed/20260803T094309Z__v3__206fc377d643/attempt_01.csv
b200,v3,mixed_direction,multi_cta,tensor,mixed,s2g_then_g2s,batched,distinct_map,128,1,2,1,128,256,ns,128.0,,,1.0,mixed_direction|multi_cta|tensor|mixed|s2g_then_g2s|batched|distinct_map|128|1|2||||,data/b200/cuda-13.3-sm100/multi_context/mixed_direction/mixed/20260803T094309Z__v3__206fc377d643/attempt_01.csv
ventus,v3,mixed_direction,multi_cta,tensor,mixed,alternating,batched,distinct_map,128,1,2,0,189,278,cycles,139.0,139.0,0.920863,,multi_cta_tensor_mixed_alternating_batched_distinct_map_128_1,data/ventus/V3.10/multi_context/mixed_direction/mixed/20260803T103017Z__v3__e1a866548aad/raw.csv
ventus,v3,mixed_direction,multi_cta,tensor,mixed,g2s_then_s2g,batched,distinct_map,128,1,2,0,273,375,cycles,187.5,187.5,0.682667,,multi_cta_tensor_mixed_g2s_then_s2g_batched_distinct_map_128_1,data/ventus/V3.10/multi_context/mixed_direction/mixed/20260803T103017Z__v3__e1a866548aad/raw.csv
ventus,v3,mixed_direction,multi_cta,tensor,mixed,s2g_then_g2s,batched,distinct_map,128,1,2,0,270,351,cycles,175.5,175.5,0.729345,,multi_cta_tensor_mixed_s2g_then_g2s_batched_distinct_map_128_1,data/ventus/V3.10/multi_context/mixed_direction/mixed/20260803T103017Z__v3__e1a866548aad/raw.csv
ventus,v3,mixed_direction,multi_cta,tensor,mixed,alternating,batched,distinct_map,128,1,2,1,188,250,cycles,125.0,125.0,1.024,,multi_cta_tensor_mixed_alternating_batched_distinct_map_128_1,data/ventus/V3.10/multi_context/mixed_direction/mixed/20260803T103017Z__v3__e1a866548aad/raw.csv
ventus,v3,mixed_direction,multi_cta,tensor,mixed,g2s_then_s2g,batched,distinct_map,128,1,2,1,273,348,cycles,174.0,174.0,0.735632,,multi_cta_tensor_mixed_g2s_then_s2g_batched_distinct_map_128_1,data/ventus/V3.10/multi_context/mixed_direction/mixed/20260803T103017Z__v3__e1a866548aad/raw.csv
ventus,v3,mixed_direction,multi_cta,tensor,mixed,s2g_then_g2s,batched,distinct_map,128,1,2,1,270,324,cycles,162.0,162.0,0.790123,,multi_cta_tensor_mixed_s2g_then_g2s_batched_distinct_map_128_1,data/ventus/V3.10/multi_context/mixed_direction/mixed/20260803T103017Z__v3__e1a866548aad/raw.csv
h100,v3,mixed_direction,multi_cta,tensor,mixed,alternating,batched,distinct_map,128,2,4,0,160,352,ns,88.0,,,1.454545,mixed_direction|multi_cta|tensor|mixed|alternating|batched|distinct_map|128|2|4||||,data/h100/cuda-13.3-sm90/multi_context/mixed_direction/mixed/20260803T092443Z__v3__c462b34c8090/attempt_01.csv
h100,v3,mixed_direction,multi_cta,tensor,mixed,g2s_then_s2g,batched,distinct_map,128,2,4,0,160,384,ns,96.0,,,1.333333,mixed_direction|multi_cta|tensor|mixed|g2s_then_s2g|batched|distinct_map|128|2|4||||,data/h100/cuda-13.3-sm90/multi_context/mixed_direction/mixed/20260803T092443Z__v3__c462b34c8090/attempt_01.csv
h100,v3,mixed_direction,multi_cta,tensor,mixed,s2g_then_g2s,batched,distinct_map,128,2,4,0,160,480,ns,120.0,,,1.066667,mixed_direction|multi_cta|tensor|mixed|s2g_then_g2s|batched|distinct_map|128|2|4||||,data/h100/cuda-13.3-sm90/multi_context/mixed_direction/mixed/20260803T092443Z__v3__c462b34c8090/attempt_01.csv
h100,v3,mixed_direction,multi_cta,tensor,mixed,alternating,batched,distinct_map,128,2,4,1,128,256,ns,64.0,,,2.0,mixed_direction|multi_cta|tensor|mixed|alternating|batched|distinct_map|128|2|4||||,data/h100/cuda-13.3-sm90/multi_context/mixed_direction/mixed/20260803T092443Z__v3__c462b34c8090/attempt_01.csv
h100,v3,mixed_direction,multi_cta,tensor,mixed,g2s_then_s2g,batched,distinct_map,128,2,4,1,160,288,ns,72.0,,,1.777778,mixed_direction|multi_cta|tensor|mixed|g2s_then_s2g|batched|distinct_map|128|2|4||||,data/h100/cuda-13.3-sm90/multi_context/mixed_direction/mixed/20260803T092443Z__v3__c462b34c8090/attempt_01.csv
h100,v3,mixed_direction,multi_cta,tensor,mixed,s2g_then_g2s,batched,distinct_map,128,2,4,1,160,320,ns,80.0,,,1.6,mixed_direction|multi_cta|tensor|mixed|s2g_then_g2s|batched|distinct_map|128|2|4||||,data/h100/cuda-13.3-sm90/multi_context/mixed_direction/mixed/20260803T092443Z__v3__c462b34c8090/attempt_01.csv
b200,v3,mixed_direction,multi_cta,tensor,mixed,alternating,batched,distinct_map,128,2,4,0,160,416,ns,104.0,,,1.230769,mixed_direction|multi_cta|tensor|mixed|alternating|batched|distinct_map|128|2|4||||,data/b200/cuda-13.3-sm100/multi_context/mixed_direction/mixed/20260803T094309Z__v3__206fc377d643/attempt_01.csv
b200,v3,mixed_direction,multi_cta,tensor,mixed,g2s_then_s2g,batched,distinct_map,128,2,4,0,160,416,ns,104.0,,,1.230769,mixed_direction|multi_cta|tensor|mixed|g2s_then_s2g|batched|distinct_map|128|2|4||||,data/b200/cuda-13.3-sm100/multi_context/mixed_direction/mixed/20260803T094309Z__v3__206fc377d643/attempt_01.csv
b200,v3,mixed_direction,multi_cta,tensor,mixed,s2g_then_g2s,batched,distinct_map,128,2,4,0,128,384,ns,96.0,,,1.333333,mixed_direction|multi_cta|tensor|mixed|s2g_then_g2s|batched|distinct_map|128|2|4||||,data/b200/cuda-13.3-sm100/multi_context/mixed_direction/mixed/20260803T094309Z__v3__206fc377d643/attempt_01.csv
b200,v3,mixed_direction,multi_cta,tensor,mixed,alternating,batched,distinct_map,128,2,4,1,128,288,ns,72.0,,,1.777778,mixed_direction|multi_cta|tensor|mixed|alternating|batched|distinct_map|128|2|4||||,data/b200/cuda-13.3-sm100/multi_context/mixed_direction/mixed/20260803T094309Z__v3__206fc377d643/attempt_01.csv
b200,v3,mixed_direction,multi_cta,tensor,mixed,g2s_then_s2g,batched,distinct_map,128,2,4,1,128,256,ns,64.0,,,2.0,mixed_direction|multi_cta|tensor|mixed|g2s_then_s2g|batched|distinct_map|128|2|4||||,data/b200/cuda-13.3-sm100/multi_context/mixed_direction/mixed/20260803T094309Z__v3__206fc377d643/attempt_01.csv
b200,v3,mixed_direction,multi_cta,tensor,mixed,s2g_then_g2s,batched,distinct_map,128,2,4,1,160,320,ns,80.0,,,1.6,mixed_direction|multi_cta|tensor|mixed|s2g_then_g2s|batched|distinct_map|128|2|4||||,data/b200/cuda-13.3-sm100/multi_context/mixed_direction/mixed/20260803T094309Z__v3__206fc377d643/attempt_01.csv
ventus,v3,mixed_direction,multi_cta,tensor,mixed,alternating,batched,distinct_map,128,2,4,0,191,280,cycles,70.0,70.0,1.828571,,multi_cta_tensor_mixed_alternating_batched_distinct_map_128_2,data/ventus/V3.10/multi_context/mixed_direction/mixed/20260803T103017Z__v3__e1a866548aad/raw.csv
ventus,v3,mixed_direction,multi_cta,tensor,mixed,g2s_then_s2g,batched,distinct_map,128,2,4,0,276,378,cycles,94.5,94.5,1.354497,,multi_cta_tensor_mixed_g2s_then_s2g_batched_distinct_map_128_2,data/ventus/V3.10/multi_context/mixed_direction/mixed/20260803T103017Z__v3__e1a866548aad/raw.csv
ventus,v3,mixed_direction,multi_cta,tensor,mixed,s2g_then_g2s,batched,distinct_map,128,2,4,0,272,362,cycles,90.5,90.5,1.414365,,multi_cta_tensor_mixed_s2g_then_g2s_batched_distinct_map_128_2,data/ventus/V3.10/multi_context/mixed_direction/mixed/20260803T103017Z__v3__e1a866548aad/raw.csv
ventus,v3,mixed_direction,multi_cta,tensor,mixed,alternating,batched,distinct_map,128,2,4,1,190,252,cycles,63.0,63.0,2.031746,,multi_cta_tensor_mixed_alternating_batched_distinct_map_128_2,data/ventus/V3.10/multi_context/mixed_direction/mixed/20260803T103017Z__v3__e1a866548aad/raw.csv
ventus,v3,mixed_direction,multi_cta,tensor,mixed,g2s_then_s2g,batched,distinct_map,128,2,4,1,275,350,cycles,87.5,87.5,1.462857,,multi_cta_tensor_mixed_g2s_then_s2g_batched_distinct_map_128_2,data/ventus/V3.10/multi_context/mixed_direction/mixed/20260803T103017Z__v3__e1a866548aad/raw.csv
ventus,v3,mixed_direction,multi_cta,tensor,mixed,s2g_then_g2s,batched,distinct_map,128,2,4,1,283,337,cycles,84.25,84.25,1.519288,,multi_cta_tensor_mixed_s2g_then_g2s_batched_distinct_map_128_2,data/ventus/V3.10/multi_context/mixed_direction/mixed/20260803T103017Z__v3__e1a866548aad/raw.csv
h100,v3,mixed_direction,multi_cta,tensor,mixed,alternating,batched,distinct_map,128,4,8,0,160,384,ns,48.0,,,2.666667,mixed_direction|multi_cta|tensor|mixed|alternating|batched|distinct_map|128|4|8||||,data/h100/cuda-13.3-sm90/multi_context/mixed_direction/mixed/20260803T092443Z__v3__c462b34c8090/attempt_01.csv
h100,v3,mixed_direction,multi_cta,tensor,mixed,g2s_then_s2g,batched,distinct_map,128,4,8,0,160,384,ns,48.0,,,2.666667,mixed_direction|multi_cta|tensor|mixed|g2s_then_s2g|batched|distinct_map|128|4|8||||,data/h100/cuda-13.3-sm90/multi_context/mixed_direction/mixed/20260803T092443Z__v3__c462b34c8090/attempt_01.csv
h100,v3,mixed_direction,multi_cta,tensor,mixed,s2g_then_g2s,batched,distinct_map,128,4,8,0,160,512,ns,64.0,,,2.0,mixed_direction|multi_cta|tensor|mixed|s2g_then_g2s|batched|distinct_map|128|4|8||||,data/h100/cuda-13.3-sm90/multi_context/mixed_direction/mixed/20260803T092443Z__v3__c462b34c8090/attempt_01.csv
h100,v3,mixed_direction,multi_cta,tensor,mixed,alternating,batched,distinct_map,128,4,8,1,192,320,ns,40.0,,,3.2,mixed_direction|multi_cta|tensor|mixed|alternating|batched|distinct_map|128|4|8||||,data/h100/cuda-13.3-sm90/multi_context/mixed_direction/mixed/20260803T092443Z__v3__c462b34c8090/attempt_01.csv
h100,v3,mixed_direction,multi_cta,tensor,mixed,g2s_then_s2g,batched,distinct_map,128,4,8,1,160,288,ns,36.0,,,3.555556,mixed_direction|multi_cta|tensor|mixed|g2s_then_s2g|batched|distinct_map|128|4|8||||,data/h100/cuda-13.3-sm90/multi_context/mixed_direction/mixed/20260803T092443Z__v3__c462b34c8090/attempt_01.csv
h100,v3,mixed_direction,multi_cta,tensor,mixed,s2g_then_g2s,batched,distinct_map,128,4,8,1,192,320,ns,40.0,,,3.2,mixed_direction|multi_cta|tensor|mixed|s2g_then_g2s|batched|distinct_map|128|4|8||||,data/h100/cuda-13.3-sm90/multi_context/mixed_direction/mixed/20260803T092443Z__v3__c462b34c8090/attempt_01.csv
b200,v3,mixed_direction,multi_cta,tensor,mixed,alternating,batched,distinct_map,128,4,8,0,352,800,ns,100.0,,,1.28,mixed_direction|multi_cta|tensor|mixed|alternating|batched|distinct_map|128|4|8||||,data/b200/cuda-13.3-sm100/multi_context/mixed_direction/mixed/20260803T094309Z__v3__206fc377d643/attempt_01.csv
b200,v3,mixed_direction,multi_cta,tensor,mixed,g2s_then_s2g,batched,distinct_map,128,4,8,0,352,768,ns,96.0,,,1.333333,mixed_direction|multi_cta|tensor|mixed|g2s_then_s2g|batched|distinct_map|128|4|8||||,data/b200/cuda-13.3-sm100/multi_context/mixed_direction/mixed/20260803T094309Z__v3__206fc377d643/attempt_01.csv
b200,v3,mixed_direction,multi_cta,tensor,mixed,s2g_then_g2s,batched,distinct_map,128,4,8,0,320,800,ns,100.0,,,1.28,mixed_direction|multi_cta|tensor|mixed|s2g_then_g2s|batched|distinct_map|128|4|8||||,data/b200/cuda-13.3-sm100/multi_context/mixed_direction/mixed/20260803T094309Z__v3__206fc377d643/attempt_01.csv
b200,v3,mixed_direction,multi_cta,tensor,mixed,alternating,batched,distinct_map,128,4,8,1,480,608,ns,76.0,,,1.684211,mixed_direction|multi_cta|tensor|mixed|alternating|batched|distinct_map|128|4|8||||,data/b200/cuda-13.3-sm100/multi_context/mixed_direction/mixed/20260803T094309Z__v3__206fc377d643/attempt_01.csv
b200,v3,mixed_direction,multi_cta,tensor,mixed,g2s_then_s2g,batched,distinct_map,128,4,8,1,480,608,ns,76.0,,,1.684211,mixed_direction|multi_cta|tensor|mixed|g2s_then_s2g|batched|distinct_map|128|4|8||||,data/b200/cuda-13.3-sm100/multi_context/mixed_direction/mixed/20260803T094309Z__v3__206fc377d643/attempt_01.csv
b200,v3,mixed_direction,multi_cta,tensor,mixed,s2g_then_g2s,batched,distinct_map,128,4,8,1,576,736,ns,92.0,,,1.391304,mixed_direction|multi_cta|tensor|mixed|s2g_then_g2s|batched|distinct_map|128|4|8||||,data/b200/cuda-13.3-sm100/multi_context/mixed_direction/mixed/20260803T094309Z__v3__206fc377d643/attempt_01.csv
ventus,v3,mixed_direction,multi_cta,tensor,mixed,alternating,batched,distinct_map,128,4,8,0,282,379,cycles,47.375,47.375,2.701847,,multi_cta_tensor_mixed_alternating_batched_distinct_map_128_4,data/ventus/V3.10/multi_context/mixed_direction/mixed/20260803T103017Z__v3__e1a866548aad/raw.csv
ventus,v3,mixed_direction,multi_cta,tensor,mixed,g2s_then_s2g,batched,distinct_map,128,4,8,0,351,453,cycles,56.625,56.625,2.260486,,multi_cta_tensor_mixed_g2s_then_s2g_batched_distinct_map_128_4,data/ventus/V3.10/multi_context/mixed_direction/mixed/20260803T103017Z__v3__e1a866548aad/raw.csv
ventus,v3,mixed_direction,multi_cta,tensor,mixed,s2g_then_g2s,batched,distinct_map,128,4,8,0,345,427,cycles,53.375,53.375,2.398126,,multi_cta_tensor_mixed_s2g_then_g2s_batched_distinct_map_128_4,data/ventus/V3.10/multi_context/mixed_direction/mixed/20260803T103017Z__v3__e1a866548aad/raw.csv
ventus,v3,mixed_direction,multi_cta,tensor,mixed,alternating,batched,distinct_map,128,4,8,1,300,373,cycles,46.625,46.625,2.745308,,multi_cta_tensor_mixed_alternating_batched_distinct_map_128_4,data/ventus/V3.10/multi_context/mixed_direction/mixed/20260803T103017Z__v3__e1a866548aad/raw.csv
ventus,v3,mixed_direction,multi_cta,tensor,mixed,g2s_then_s2g,batched,distinct_map,128,4,8,1,386,471,cycles,58.875,58.875,2.174098,,multi_cta_tensor_mixed_g2s_then_s2g_batched_distinct_map_128_4,data/ventus/V3.10/multi_context/mixed_direction/mixed/20260803T103017Z__v3__e1a866548aad/raw.csv
ventus,v3,mixed_direction,multi_cta,tensor,mixed,s2g_then_g2s,batched,distinct_map,128,4,8,1,378,432,cycles,54.0,54.0,2.37037,,multi_cta_tensor_mixed_s2g_then_g2s_batched_distinct_map_128_4,data/ventus/V3.10/multi_context/mixed_direction/mixed/20260803T103017Z__v3__e1a866548aad/raw.csv
h100,v3,mixed_direction,multi_cta,tensor,mixed,alternating,batched,distinct_map,128,8,16,0,160,448,ns,28.0,,,4.571429,mixed_direction|multi_cta|tensor|mixed|alternating|batched|distinct_map|128|8|16||||,data/h100/cuda-13.3-sm90/multi_context/mixed_direction/mixed/20260803T092443Z__v3__c462b34c8090/attempt_01.csv
h100,v3,mixed_direction,multi_cta,tensor,mixed,g2s_then_s2g,batched,distinct_map,128,8,16,0,160,384,ns,24.0,,,5.333333,mixed_direction|multi_cta|tensor|mixed|g2s_then_s2g|batched|distinct_map|128|8|16||||,data/h100/cuda-13.3-sm90/multi_context/mixed_direction/mixed/20260803T092443Z__v3__c462b34c8090/attempt_01.csv
h100,v3,mixed_direction,multi_cta,tensor,mixed,s2g_then_g2s,batched,distinct_map,128,8,16,0,160,544,ns,34.0,,,3.764706,mixed_direction|multi_cta|tensor|mixed|s2g_then_g2s|batched|distinct_map|128|8|16||||,data/h100/cuda-13.3-sm90/multi_context/mixed_direction/mixed/20260803T092443Z__v3__c462b34c8090/attempt_01.csv
h100,v3,mixed_direction,multi_cta,tensor,mixed,alternating,batched,distinct_map,128,8,16,1,256,384,ns,24.0,,,5.333333,mixed_direction|multi_cta|tensor|mixed|alternating|batched|distinct_map|128|8|16||||,data/h100/cuda-13.3-sm90/multi_context/mixed_direction/mixed/20260803T092443Z__v3__c462b34c8090/attempt_01.csv
h100,v3,mixed_direction,multi_cta,tensor,mixed,g2s_then_s2g,batched,distinct_map,128,8,16,1,256,384,ns,24.0,,,5.333333,mixed_direction|multi_cta|tensor|mixed|g2s_then_s2g|batched|distinct_map|128|8|16||||,data/h100/cuda-13.3-sm90/multi_context/mixed_direction/mixed/20260803T092443Z__v3__c462b34c8090/attempt_01.csv
h100,v3,mixed_direction,multi_cta,tensor,mixed,s2g_then_g2s,batched,distinct_map,128,8,16,1,256,384,ns,24.0,,,5.333333,mixed_direction|multi_cta|tensor|mixed|s2g_then_g2s|batched|distinct_map|128|8|16||||,data/h100/cuda-13.3-sm90/multi_context/mixed_direction/mixed/20260803T092443Z__v3__c462b34c8090/attempt_01.csv
b200,v3,mixed_direction,multi_cta,tensor,mixed,alternating,batched,distinct_map,128,8,16,0,544,1024,ns,64.0,,,2.0,mixed_direction|multi_cta|tensor|mixed|alternating|batched|distinct_map|128|8|16||||,data/b200/cuda-13.3-sm100/multi_context/mixed_direction/mixed/20260803T094309Z__v3__206fc377d643/attempt_01.csv
b200,v3,mixed_direction,multi_cta,tensor,mixed,g2s_then_s2g,batched,distinct_map,128,8,16,0,576,1024,ns,64.0,,,2.0,mixed_direction|multi_cta|tensor|mixed|g2s_then_s2g|batched|distinct_map|128|8|16||||,data/b200/cuda-13.3-sm100/multi_context/mixed_direction/mixed/20260803T094309Z__v3__206fc377d643/attempt_01.csv
b200,v3,mixed_direction,multi_cta,tensor,mixed,s2g_then_g2s,batched,distinct_map,128,8,16,0,352,800,ns,50.0,,,2.56,mixed_direction|multi_cta|tensor|mixed|s2g_then_g2s|batched|distinct_map|128|8|16||||,data/b200/cuda-13.3-sm100/multi_context/mixed_direction/mixed/20260803T094309Z__v3__206fc377d643/attempt_01.csv
b200,v3,mixed_direction,multi_cta,tensor,mixed,alternating,batched,distinct_map,128,8,16,1,416,576,ns,36.0,,,3.555556,mixed_direction|multi_cta|tensor|mixed|alternating|batched|distinct_map|128|8|16||||,data/b200/cuda-13.3-sm100/multi_context/mixed_direction/mixed/20260803T094309Z__v3__206fc377d643/attempt_01.csv
b200,v3,mixed_direction,multi_cta,tensor,mixed,g2s_then_s2g,batched,distinct_map,128,8,16,1,416,544,ns,34.0,,,3.764706,mixed_direction|multi_cta|tensor|mixed|g2s_then_s2g|batched|distinct_map|128|8|16||||,data/b200/cuda-13.3-sm100/multi_context/mixed_direction/mixed/20260803T094309Z__v3__206fc377d643/attempt_01.csv
b200,v3,mixed_direction,multi_cta,tensor,mixed,s2g_then_g2s,batched,distinct_map,128,8,16,1,576,736,ns,46.0,,,2.782609,mixed_direction|multi_cta|tensor|mixed|s2g_then_g2s|batched|distinct_map|128|8|16||||,data/b200/cuda-13.3-sm100/multi_context/mixed_direction/mixed/20260803T094309Z__v3__206fc377d643/attempt_01.csv
ventus,v3,mixed_direction,multi_cta,tensor,mixed,alternating,batched,distinct_map,128,8,16,0,7608,7697,cycles,481.0625,481.0625,0.266078,,multi_cta_tensor_mixed_alternating_batched_distinct_map_128_8,data/ventus/V3.10/multi_context/mixed_direction/mixed/20260803T103017Z__v3__e1a866548aad/raw.csv
ventus,v3,mixed_direction,multi_cta,tensor,mixed,g2s_then_s2g,batched,distinct_map,128,8,16,0,8426,8528,cycles,533.0,533.0,0.24015,,multi_cta_tensor_mixed_g2s_then_s2g_batched_distinct_map_128_8,data/ventus/V3.10/multi_context/mixed_direction/mixed/20260803T103017Z__v3__e1a866548aad/raw.csv
ventus,v3,mixed_direction,multi_cta,tensor,mixed,s2g_then_g2s,batched,distinct_map,128,8,16,0,7853,7943,cycles,496.4375,496.4375,0.257837,,multi_cta_tensor_mixed_s2g_then_g2s_batched_distinct_map_128_8,data/ventus/V3.10/multi_context/mixed_direction/mixed/20260803T103017Z__v3__e1a866548aad/raw.csv
ventus,v3,mixed_direction,multi_cta,tensor,mixed,alternating,batched,distinct_map,128,8,16,1,7589,7665,cycles,479.0625,479.0625,0.267189,,multi_cta_tensor_mixed_alternating_batched_distinct_map_128_8,data/ventus/V3.10/multi_context/mixed_direction/mixed/20260803T103017Z__v3__e1a866548aad/raw.csv
ventus,v3,mixed_direction,multi_cta,tensor,mixed,g2s_then_s2g,batched,distinct_map,128,8,16,1,8392,8467,cycles,529.1875,529.1875,0.24188,,multi_cta_tensor_mixed_g2s_then_s2g_batched_distinct_map_128_8,data/ventus/V3.10/multi_context/mixed_direction/mixed/20260803T103017Z__v3__e1a866548aad/raw.csv
ventus,v3,mixed_direction,multi_cta,tensor,mixed,s2g_then_g2s,batched,distinct_map,128,8,16,1,7822,7876,cycles,492.25,492.25,0.26003,,multi_cta_tensor_mixed_s2g_then_g2s_batched_distinct_map_128_8,data/ventus/V3.10/multi_context/mixed_direction/mixed/20260803T103017Z__v3__e1a866548aad/raw.csv
h100,v3,mixed_direction,multi_cta,tensor,mixed,alternating,batched,distinct_map,128,16,32,0,320,608,ns,19.0,,,6.736842,mixed_direction|multi_cta|tensor|mixed|alternating|batched|distinct_map|128|16|32||||,data/h100/cuda-13.3-sm90/multi_context/mixed_direction/mixed/20260803T092443Z__v3__c462b34c8090/attempt_01.csv
h100,v3,mixed_direction,multi_cta,tensor,mixed,g2s_then_s2g,batched,distinct_map,128,16,32,0,320,576,ns,18.0,,,7.111111,mixed_direction|multi_cta|tensor|mixed|g2s_then_s2g|batched|distinct_map|128|16|32||||,data/h100/cuda-13.3-sm90/multi_context/mixed_direction/mixed/20260803T092443Z__v3__c462b34c8090/attempt_01.csv
h100,v3,mixed_direction,multi_cta,tensor,mixed,s2g_then_g2s,batched,distinct_map,128,16,32,0,384,832,ns,26.0,,,4.923077,mixed_direction|multi_cta|tensor|mixed|s2g_then_g2s|batched|distinct_map|128|16|32||||,data/h100/cuda-13.3-sm90/multi_context/mixed_direction/mixed/20260803T092443Z__v3__c462b34c8090/attempt_01.csv
h100,v3,mixed_direction,multi_cta,tensor,mixed,alternating,batched,distinct_map,128,16,32,1,320,448,ns,14.0,,,9.142857,mixed_direction|multi_cta|tensor|mixed|alternating|batched|distinct_map|128|16|32||||,data/h100/cuda-13.3-sm90/multi_context/mixed_direction/mixed/20260803T092443Z__v3__c462b34c8090/attempt_01.csv
h100,v3,mixed_direction,multi_cta,tensor,mixed,g2s_then_s2g,batched,distinct_map,128,16,32,1,288,416,ns,13.0,,,9.846154,mixed_direction|multi_cta|tensor|mixed|g2s_then_s2g|batched|distinct_map|128|16|32||||,data/h100/cuda-13.3-sm90/multi_context/mixed_direction/mixed/20260803T092443Z__v3__c462b34c8090/attempt_01.csv
h100,v3,mixed_direction,multi_cta,tensor,mixed,s2g_then_g2s,batched,distinct_map,128,16,32,1,320,480,ns,15.0,,,8.533333,mixed_direction|multi_cta|tensor|mixed|s2g_then_g2s|batched|distinct_map|128|16|32||||,data/h100/cuda-13.3-sm90/multi_context/mixed_direction/mixed/20260803T092443Z__v3__c462b34c8090/attempt_01.csv
b200,v3,mixed_direction,multi_cta,tensor,mixed,alternating,batched,distinct_map,128,16,32,0,384,832,ns,26.0,,,4.923077,mixed_direction|multi_cta|tensor|mixed|alternating|batched|distinct_map|128|16|32||||,data/b200/cuda-13.3-sm100/multi_context/mixed_direction/mixed/20260803T094309Z__v3__206fc377d643/attempt_01.csv
b200,v3,mixed_direction,multi_cta,tensor,mixed,g2s_then_s2g,batched,distinct_map,128,16,32,0,608,1024,ns,32.0,,,4.0,mixed_direction|multi_cta|tensor|mixed|g2s_then_s2g|batched|distinct_map|128|16|32||||,data/b200/cuda-13.3-sm100/multi_context/mixed_direction/mixed/20260803T094309Z__v3__206fc377d643/attempt_01.csv
b200,v3,mixed_direction,multi_cta,tensor,mixed,s2g_then_g2s,batched,distinct_map,128,16,32,0,576,1056,ns,33.0,,,3.878788,mixed_direction|multi_cta|tensor|mixed|s2g_then_g2s|batched|distinct_map|128|16|32||||,data/b200/cuda-13.3-sm100/multi_context/mixed_direction/mixed/20260803T094309Z__v3__206fc377d643/attempt_01.csv
b200,v3,mixed_direction,multi_cta,tensor,mixed,alternating,batched,distinct_map,128,16,32,1,480,608,ns,19.0,,,6.736842,mixed_direction|multi_cta|tensor|mixed|alternating|batched|distinct_map|128|16|32||||,data/b200/cuda-13.3-sm100/multi_context/mixed_direction/mixed/20260803T094309Z__v3__206fc377d643/attempt_01.csv
b200,v3,mixed_direction,multi_cta,tensor,mixed,g2s_then_s2g,batched,distinct_map,128,16,32,1,416,576,ns,18.0,,,7.111111,mixed_direction|multi_cta|tensor|mixed|g2s_then_s2g|batched|distinct_map|128|16|32||||,data/b200/cuda-13.3-sm100/multi_context/mixed_direction/mixed/20260803T094309Z__v3__206fc377d643/attempt_01.csv
b200,v3,mixed_direction,multi_cta,tensor,mixed,s2g_then_g2s,batched,distinct_map,128,16,32,1,544,736,ns,23.0,,,5.565217,mixed_direction|multi_cta|tensor|mixed|s2g_then_g2s|batched|distinct_map|128|16|32||||,data/b200/cuda-13.3-sm100/multi_context/mixed_direction/mixed/20260803T094309Z__v3__206fc377d643/attempt_01.csv
ventus,v3,mixed_direction,multi_cta,tensor,mixed,alternating,batched,distinct_map,128,16,32,0,16416,16505,cycles,515.78125,515.78125,0.248167,,multi_cta_tensor_mixed_alternating_batched_distinct_map_128_16,data/ventus/V3.10/multi_context/mixed_direction/mixed/20260803T103017Z__v3__e1a866548aad/raw.csv
ventus,v3,mixed_direction,multi_cta,tensor,mixed,g2s_then_s2g,batched,distinct_map,128,16,32,0,17810,18900,cycles,590.625,590.625,0.21672,,multi_cta_tensor_mixed_g2s_then_s2g_batched_distinct_map_128_16,data/ventus/V3.10/multi_context/mixed_direction/mixed/20260803T103017Z__v3__e1a866548aad/raw.csv
ventus,v3,mixed_direction,multi_cta,tensor,mixed,s2g_then_g2s,batched,distinct_map,128,16,32,0,14833,15946,cycles,498.3125,498.3125,0.256867,,multi_cta_tensor_mixed_s2g_then_g2s_batched_distinct_map_128_16,data/ventus/V3.10/multi_context/mixed_direction/mixed/20260803T103017Z__v3__e1a866548aad/raw.csv
ventus,v3,mixed_direction,multi_cta,tensor,mixed,alternating,batched,distinct_map,128,16,32,1,16366,17205,cycles,537.65625,537.65625,0.23807,,multi_cta_tensor_mixed_alternating_batched_distinct_map_128_16,data/ventus/V3.10/multi_context/mixed_direction/mixed/20260803T103017Z__v3__e1a866548aad/raw.csv
ventus,v3,mixed_direction,multi_cta,tensor,mixed,g2s_then_s2g,batched,distinct_map,128,16,32,1,19623,19698,cycles,615.5625,615.5625,0.20794,,multi_cta_tensor_mixed_g2s_then_s2g_batched_distinct_map_128_16,data/ventus/V3.10/multi_context/mixed_direction/mixed/20260803T103017Z__v3__e1a866548aad/raw.csv
ventus,v3,mixed_direction,multi_cta,tensor,mixed,s2g_then_g2s,batched,distinct_map,128,16,32,1,16707,17772,cycles,555.375,555.375,0.230475,,multi_cta_tensor_mixed_s2g_then_g2s_batched_distinct_map_128_16,data/ventus/V3.10/multi_context/mixed_direction/mixed/20260803T103017Z__v3__e1a866548aad/raw.csv
h100,v3,mixed_direction,multi_cta,tensor,mixed,alternating,batched,same_map,128,1,2,0,192,384,ns,192.0,,,0.666667,mixed_direction|multi_cta|tensor|mixed|alternating|batched|same_map|128|1|2||||,data/h100/cuda-13.3-sm90/multi_context/mixed_direction/mixed/20260803T092443Z__v3__c462b34c8090/attempt_01.csv
h100,v3,mixed_direction,multi_cta,tensor,mixed,g2s_then_s2g,batched,same_map,128,1,2,0,128,352,ns,176.0,,,0.727273,mixed_direction|multi_cta|tensor|mixed|g2s_then_s2g|batched|same_map|128|1|2||||,data/h100/cuda-13.3-sm90/multi_context/mixed_direction/mixed/20260803T092443Z__v3__c462b34c8090/attempt_01.csv
h100,v3,mixed_direction,multi_cta,tensor,mixed,s2g_then_g2s,batched,same_map,128,1,2,0,160,480,ns,240.0,,,0.533333,mixed_direction|multi_cta|tensor|mixed|s2g_then_g2s|batched|same_map|128|1|2||||,data/h100/cuda-13.3-sm90/multi_context/mixed_direction/mixed/20260803T092443Z__v3__c462b34c8090/attempt_01.csv
h100,v3,mixed_direction,multi_cta,tensor,mixed,alternating,batched,same_map,128,1,2,1,128,256,ns,128.0,,,1.0,mixed_direction|multi_cta|tensor|mixed|alternating|batched|same_map|128|1|2||||,data/h100/cuda-13.3-sm90/multi_context/mixed_direction/mixed/20260803T092443Z__v3__c462b34c8090/attempt_01.csv
h100,v3,mixed_direction,multi_cta,tensor,mixed,g2s_then_s2g,batched,same_map,128,1,2,1,96,224,ns,112.0,,,1.142857,mixed_direction|multi_cta|tensor|mixed|g2s_then_s2g|batched|same_map|128|1|2||||,data/h100/cuda-13.3-sm90/multi_context/mixed_direction/mixed/20260803T092443Z__v3__c462b34c8090/attempt_01.csv
h100,v3,mixed_direction,multi_cta,tensor,mixed,s2g_then_g2s,batched,same_map,128,1,2,1,160,288,ns,144.0,,,0.888889,mixed_direction|multi_cta|tensor|mixed|s2g_then_g2s|batched|same_map|128|1|2||||,data/h100/cuda-13.3-sm90/multi_context/mixed_direction/mixed/20260803T092443Z__v3__c462b34c8090/attempt_01.csv
b200,v3,mixed_direction,multi_cta,tensor,mixed,alternating,batched,same_map,128,1,2,0,160,416,ns,208.0,,,0.615385,mixed_direction|multi_cta|tensor|mixed|alternating|batched|same_map|128|1|2||||,data/b200/cuda-13.3-sm100/multi_context/mixed_direction/mixed/20260803T094309Z__v3__206fc377d643/attempt_01.csv
b200,v3,mixed_direction,multi_cta,tensor,mixed,g2s_then_s2g,batched,same_map,128,1,2,0,128,352,ns,176.0,,,0.727273,mixed_direction|multi_cta|tensor|mixed|g2s_then_s2g|batched|same_map|128|1|2||||,data/b200/cuda-13.3-sm100/multi_context/mixed_direction/mixed/20260803T094309Z__v3__206fc377d643/attempt_01.csv
b200,v3,mixed_direction,multi_cta,tensor,mixed,s2g_then_g2s,batched,same_map,128,1,2,0,128,352,ns,176.0,,,0.727273,mixed_direction|multi_cta|tensor|mixed|s2g_then_g2s|batched|same_map|128|1|2||||,data/b200/cuda-13.3-sm100/multi_context/mixed_direction/mixed/20260803T094309Z__v3__206fc377d643/attempt_01.csv
b200,v3,mixed_direction,multi_cta,tensor,mixed,alternating,batched,same_map,128,1,2,1,160,192,ns,96.0,,,1.333333,mixed_direction|multi_cta|tensor|mixed|alternating|batched|same_map|128|1|2||||,data/b200/cuda-13.3-sm100/multi_context/mixed_direction/mixed/20260803T094309Z__v3__206fc377d643/attempt_01.csv
b200,v3,mixed_direction,multi_cta,tensor,mixed,g2s_then_s2g,batched,same_map,128,1,2,1,128,256,ns,128.0,,,1.0,mixed_direction|multi_cta|tensor|mixed|g2s_then_s2g|batched|same_map|128|1|2||||,data/b200/cuda-13.3-sm100/multi_context/mixed_direction/mixed/20260803T094309Z__v3__206fc377d643/attempt_01.csv
b200,v3,mixed_direction,multi_cta,tensor,mixed,s2g_then_g2s,batched,same_map,128,1,2,1,128,288,ns,144.0,,,0.888889,mixed_direction|multi_cta|tensor|mixed|s2g_then_g2s|batched|same_map|128|1|2||||,data/b200/cuda-13.3-sm100/multi_context/mixed_direction/mixed/20260803T094309Z__v3__206fc377d643/attempt_01.csv
ventus,v3,mixed_direction,multi_cta,tensor,mixed,alternating,batched,same_map,128,1,2,0,176,265,cycles,132.5,132.5,0.966038,,multi_cta_tensor_mixed_alternating_batched_same_map_128_1,data/ventus/V3.10/multi_context/mixed_direction/mixed/20260803T103017Z__v3__e1a866548aad/raw.csv
ventus,v3,mixed_direction,multi_cta,tensor,mixed,g2s_then_s2g,batched,same_map,128,1,2,0,243,345,cycles,172.5,172.5,0.742029,,multi_cta_tensor_mixed_g2s_then_s2g_batched_same_map_128_1,data/ventus/V3.10/multi_context/mixed_direction/mixed/20260803T103017Z__v3__e1a866548aad/raw.csv
ventus,v3,mixed_direction,multi_cta,tensor,mixed,s2g_then_g2s,batched,same_map,128,1,2,0,245,326,cycles,163.0,163.0,0.785276,,multi_cta_tensor_mixed_s2g_then_g2s_batched_same_map_128_1,data/ventus/V3.10/multi_context/mixed_direction/mixed/20260803T103017Z__v3__e1a866548aad/raw.csv
ventus,v3,mixed_direction,multi_cta,tensor,mixed,alternating,batched,same_map,128,1,2,1,159,228,cycles,114.0,114.0,1.122807,,multi_cta_tensor_mixed_alternating_batched_same_map_128_1,data/ventus/V3.10/multi_context/mixed_direction/mixed/20260803T103017Z__v3__e1a866548aad/raw.csv
ventus,v3,mixed_direction,multi_cta,tensor,mixed,g2s_then_s2g,batched,same_map,128,1,2,1,247,322,cycles,161.0,161.0,0.795031,,multi_cta_tensor_mixed_g2s_then_s2g_batched_same_map_128_1,data/ventus/V3.10/multi_context/mixed_direction/mixed/20260803T103017Z__v3__e1a866548aad/raw.csv
ventus,v3,mixed_direction,multi_cta,tensor,mixed,s2g_then_g2s,batched,same_map,128,1,2,1,245,299,cycles,149.5,149.5,0.856187,,multi_cta_tensor_mixed_s2g_then_g2s_batched_same_map_128_1,data/ventus/V3.10/multi_context/mixed_direction/mixed/20260803T103017Z__v3__e1a866548aad/raw.csv
h100,v3,mixed_direction,multi_cta,tensor,mixed,alternating,batched,same_map,128,2,4,0,224,384,ns,96.0,,,1.333333,mixed_direction|multi_cta|tensor|mixed|alternating|batched|same_map|128|2|4||||,data/h100/cuda-13.3-sm90/multi_context/mixed_direction/mixed/20260803T092443Z__v3__c462b34c8090/attempt_01.csv
h100,v3,mixed_direction,multi_cta,tensor,mixed,g2s_then_s2g,batched,same_map,128,2,4,0,160,352,ns,88.0,,,1.454545,mixed_direction|multi_cta|tensor|mixed|g2s_then_s2g|batched|same_map|128|2|4||||,data/h100/cuda-13.3-sm90/multi_context/mixed_direction/mixed/20260803T092443Z__v3__c462b34c8090/attempt_01.csv
h100,v3,mixed_direction,multi_cta,tensor,mixed,s2g_then_g2s,batched,same_map,128,2,4,0,160,480,ns,120.0,,,1.066667,mixed_direction|multi_cta|tensor|mixed|s2g_then_g2s|batched|same_map|128|2|4||||,data/h100/cuda-13.3-sm90/multi_context/mixed_direction/mixed/20260803T092443Z__v3__c462b34c8090/attempt_01.csv
h100,v3,mixed_direction,multi_cta,tensor,mixed,alternating,batched,same_map,128,2,4,1,192,320,ns,80.0,,,1.6,mixed_direction|multi_cta|tensor|mixed|alternating|batched|same_map|128|2|4||||,data/h100/cuda-13.3-sm90/multi_context/mixed_direction/mixed/20260803T092443Z__v3__c462b34c8090/attempt_01.csv
h100,v3,mixed_direction,multi_cta,tensor,mixed,g2s_then_s2g,batched,same_map,128,2,4,1,128,256,ns,64.0,,,2.0,mixed_direction|multi_cta|tensor|mixed|g2s_then_s2g|batched|same_map|128|2|4||||,data/h100/cuda-13.3-sm90/multi_context/mixed_direction/mixed/20260803T092443Z__v3__c462b34c8090/attempt_01.csv
h100,v3,mixed_direction,multi_cta,tensor,mixed,s2g_then_g2s,batched,same_map,128,2,4,1,160,288,ns,72.0,,,1.777778,mixed_direction|multi_cta|tensor|mixed|s2g_then_g2s|batched|same_map|128|2|4||||,data/h100/cuda-13.3-sm90/multi_context/mixed_direction/mixed/20260803T092443Z__v3__c462b34c8090/attempt_01.csv
b200,v3,mixed_direction,multi_cta,tensor,mixed,alternating,batched,same_map,128,2,4,0,128,416,ns,104.0,,,1.230769,mixed_direction|multi_cta|tensor|mixed|alternating|batched|same_map|128|2|4||||,data/b200/cuda-13.3-sm100/multi_context/mixed_direction/mixed/20260803T094309Z__v3__206fc377d643/attempt_01.csv
b200,v3,mixed_direction,multi_cta,tensor,mixed,g2s_then_s2g,batched,same_map,128,2,4,0,160,416,ns,104.0,,,1.230769,mixed_direction|multi_cta|tensor|mixed|g2s_then_s2g|batched|same_map|128|2|4||||,data/b200/cuda-13.3-sm100/multi_context/mixed_direction/mixed/20260803T094309Z__v3__206fc377d643/attempt_01.csv
b200,v3,mixed_direction,multi_cta,tensor,mixed,s2g_then_g2s,batched,same_map,128,2,4,0,128,384,ns,96.0,,,1.333333,mixed_direction|multi_cta|tensor|mixed|s2g_then_g2s|batched|same_map|128|2|4||||,data/b200/cuda-13.3-sm100/multi_context/mixed_direction/mixed/20260803T094309Z__v3__206fc377d643/attempt_01.csv
b200,v3,mixed_direction,multi_cta,tensor,mixed,alternating,batched,same_map,128,2,4,1,160,288,ns,72.0,,,1.777778,mixed_direction|multi_cta|tensor|mixed|alternating|batched|same_map|128|2|4||||,data/b200/cuda-13.3-sm100/multi_context/mixed_direction/mixed/20260803T094309Z__v3__206fc377d643/attempt_01.csv
b200,v3,mixed_direction,multi_cta,tensor,mixed,g2s_then_s2g,batched,same_map,128,2,4,1,160,288,ns,72.0,,,1.777778,mixed_direction|multi_cta|tensor|mixed|g2s_then_s2g|batched|same_map|128|2|4||||,data/b200/cuda-13.3-sm100/multi_context/mixed_direction/mixed/20260803T094309Z__v3__206fc377d643/attempt_01.csv
b200,v3,mixed_direction,multi_cta,tensor,mixed,s2g_then_g2s,batched,same_map,128,2,4,1,128,288,ns,72.0,,,1.777778,mixed_direction|multi_cta|tensor|mixed|s2g_then_g2s|batched|same_map|128|2|4||||,data/b200/cuda-13.3-sm100/multi_context/mixed_direction/mixed/20260803T094309Z__v3__206fc377d643/attempt_01.csv
ventus,v3,mixed_direction,multi_cta,tensor,mixed,alternating,batched,same_map,128,2,4,0,177,267,cycles,66.75,66.75,1.917603,,multi_cta_tensor_mixed_alternating_batched_same_map_128_2,data/ventus/V3.10/multi_context/mixed_direction/mixed/20260803T103017Z__v3__e1a866548aad/raw.csv
ventus,v3,mixed_direction,multi_cta,tensor,mixed,g2s_then_s2g,batched,same_map,128,2,4,0,245,347,cycles,86.75,86.75,1.475504,,multi_cta_tensor_mixed_g2s_then_s2g_batched_same_map_128_2,data/ventus/V3.10/multi_context/mixed_direction/mixed/20260803T103017Z__v3__e1a866548aad/raw.csv
ventus,v3,mixed_direction,multi_cta,tensor,mixed,s2g_then_g2s,batched,same_map,128,2,4,0,247,328,cycles,82.0,82.0,1.560976,,multi_cta_tensor_mixed_s2g_then_g2s_batched_same_map_128_2,data/ventus/V3.10/multi_context/mixed_direction/mixed/20260803T103017Z__v3__e1a866548aad/raw.csv
ventus,v3,mixed_direction,multi_cta,tensor,mixed,alternating,batched,same_map,128,2,4,1,161,230,cycles,57.5,57.5,2.226087,,multi_cta_tensor_mixed_alternating_batched_same_map_128_2,data/ventus/V3.10/multi_context/mixed_direction/mixed/20260803T103017Z__v3__e1a866548aad/raw.csv
ventus,v3,mixed_direction,multi_cta,tensor,mixed,g2s_then_s2g,batched,same_map,128,2,4,1,249,324,cycles,81.0,81.0,1.580247,,multi_cta_tensor_mixed_g2s_then_s2g_batched_same_map_128_2,data/ventus/V3.10/multi_context/mixed_direction/mixed/20260803T103017Z__v3__e1a866548aad/raw.csv
ventus,v3,mixed_direction,multi_cta,tensor,mixed,s2g_then_g2s,batched,same_map,128,2,4,1,247,301,cycles,75.25,75.25,1.700997,,multi_cta_tensor_mixed_s2g_then_g2s_batched_same_map_128_2,data/ventus/V3.10/multi_context/mixed_direction/mixed/20260803T103017Z__v3__e1a866548aad/raw.csv
h100,v3,mixed_direction,multi_cta,tensor,mixed,alternating,batched,same_map,128,4,8,0,192,352,ns,44.0,,,2.909091,mixed_direction|multi_cta|tensor|mixed|alternating|batched|same_map|128|4|8||||,data/h100/cuda-13.3-sm90/multi_context/mixed_direction/mixed/20260803T092443Z__v3__c462b34c8090/attempt_01.csv
h100,v3,mixed_direction,multi_cta,tensor,mixed,g2s_then_s2g,batched,same_map,128,4,8,0,128,352,ns,44.0,,,2.909091,mixed_direction|multi_cta|tensor|mixed|g2s_then_s2g|batched|same_map|128|4|8||||,data/h100/cuda-13.3-sm90/multi_context/mixed_direction/mixed/20260803T092443Z__v3__c462b34c8090/attempt_01.csv
h100,v3,mixed_direction,multi_cta,tensor,mixed,s2g_then_g2s,batched,same_map,128,4,8,0,160,480,ns,60.0,,,2.133333,mixed_direction|multi_cta|tensor|mixed|s2g_then_g2s|batched|same_map|128|4|8||||,data/h100/cuda-13.3-sm90/multi_context/mixed_direction/mixed/20260803T092443Z__v3__c462b34c8090/attempt_01.csv
h100,v3,mixed_direction,multi_cta,tensor,mixed,alternating,batched,same_map,128,4,8,1,192,320,ns,40.0,,,3.2,mixed_direction|multi_cta|tensor|mixed|alternating|batched|same_map|128|4|8||||,data/h100/cuda-13.3-sm90/multi_context/mixed_direction/mixed/20260803T092443Z__v3__c462b34c8090/attempt_01.csv
h100,v3,mixed_direction,multi_cta,tensor,mixed,g2s_then_s2g,batched,same_map,128,4,8,1,160,288,ns,36.0,,,3.555556,mixed_direction|multi_cta|tensor|mixed|g2s_then_s2g|batched|same_map|128|4|8||||,data/h100/cuda-13.3-sm90/multi_context/mixed_direction/mixed/20260803T092443Z__v3__c462b34c8090/attempt_01.csv
h100,v3,mixed_direction,multi_cta,tensor,mixed,s2g_then_g2s,batched,same_map,128,4,8,1,192,320,ns,40.0,,,3.2,mixed_direction|multi_cta|tensor|mixed|s2g_then_g2s|batched|same_map|128|4|8||||,data/h100/cuda-13.3-sm90/multi_context/mixed_direction/mixed/20260803T092443Z__v3__c462b34c8090/attempt_01.csv
b200,v3,mixed_direction,multi_cta,tensor,mixed,alternating,batched,same_map,128,4,8,0,672,1056,ns,132.0,,,0.969697,mixed_direction|multi_cta|tensor|mixed|alternating|batched|same_map|128|4|8||||,data/b200/cuda-13.3-sm100/multi_context/mixed_direction/mixed/20260803T094309Z__v3__206fc377d643/attempt_01.csv
b200,v3,mixed_direction,multi_cta,tensor,mixed,g2s_then_s2g,batched,same_map,128,4,8,0,544,832,ns,104.0,,,1.230769,mixed_direction|multi_cta|tensor|mixed|g2s_then_s2g|batched|same_map|128|4|8||||,data/b200/cuda-13.3-sm100/multi_context/mixed_direction/mixed/20260803T094309Z__v3__206fc377d643/attempt_01.csv
b200,v3,mixed_direction,multi_cta,tensor,mixed,s2g_then_g2s,batched,same_map,128,4,8,0,320,576,ns,72.0,,,1.777778,mixed_direction|multi_cta|tensor|mixed|s2g_then_g2s|batched|same_map|128|4|8||||,data/b200/cuda-13.3-sm100/multi_context/mixed_direction/mixed/20260803T094309Z__v3__206fc377d643/attempt_01.csv
b200,v3,mixed_direction,multi_cta,tensor,mixed,alternating,batched,same_map,128,4,8,1,736,768,ns,96.0,,,1.333333,mixed_direction|multi_cta|tensor|mixed|alternating|batched|same_map|128|4|8||||,data/b200/cuda-13.3-sm100/multi_context/mixed_direction/mixed/20260803T094309Z__v3__206fc377d643/attempt_01.csv
b200,v3,mixed_direction,multi_cta,tensor,mixed,g2s_then_s2g,batched,same_map,128,4,8,1,544,704,ns,88.0,,,1.454545,mixed_direction|multi_cta|tensor|mixed|g2s_then_s2g|batched|same_map|128|4|8||||,data/b200/cuda-13.3-sm100/multi_context/mixed_direction/mixed/20260803T094309Z__v3__206fc377d643/attempt_01.csv
b200,v3,mixed_direction,multi_cta,tensor,mixed,s2g_then_g2s,batched,same_map,128,4,8,1,480,640,ns,80.0,,,1.6,mixed_direction|multi_cta|tensor|mixed|s2g_then_g2s|batched|same_map|128|4|8||||,data/b200/cuda-13.3-sm100/multi_context/mixed_direction/mixed/20260803T094309Z__v3__206fc377d643/attempt_01.csv
ventus,v3,mixed_direction,multi_cta,tensor,mixed,alternating,batched,same_map,128,4,8,0,257,334,cycles,41.75,41.75,3.065868,,multi_cta_tensor_mixed_alternating_batched_same_map_128_4,data/ventus/V3.10/multi_context/mixed_direction/mixed/20260803T103017Z__v3__e1a866548aad/raw.csv
ventus,v3,mixed_direction,multi_cta,tensor,mixed,g2s_then_s2g,batched,same_map,128,4,8,0,323,398,cycles,49.75,49.75,2.572864,,multi_cta_tensor_mixed_g2s_then_s2g_batched_same_map_128_4,data/ventus/V3.10/multi_context/mixed_direction/mixed/20260803T103017Z__v3__e1a866548aad/raw.csv
ventus,v3,mixed_direction,multi_cta,tensor,mixed,s2g_then_g2s,batched,same_map,128,4,8,0,322,376,cycles,47.0,47.0,2.723404,,multi_cta_tensor_mixed_s2g_then_g2s_batched_same_map_128_4,data/ventus/V3.10/multi_context/mixed_direction/mixed/20260803T103017Z__v3__e1a866548aad/raw.csv
ventus,v3,mixed_direction,multi_cta,tensor,mixed,alternating,batched,same_map,128,4,8,1,241,319,cycles,39.875,39.875,3.210031,,multi_cta_tensor_mixed_alternating_batched_same_map_128_4,data/ventus/V3.10/multi_context/mixed_direction/mixed/20260803T103017Z__v3__e1a866548aad/raw.csv
ventus,v3,mixed_direction,multi_cta,tensor,mixed,g2s_then_s2g,batched,same_map,128,4,8,1,327,404,cycles,50.5,50.5,2.534653,,multi_cta_tensor_mixed_g2s_then_s2g_batched_same_map_128_4,data/ventus/V3.10/multi_context/mixed_direction/mixed/20260803T103017Z__v3__e1a866548aad/raw.csv
ventus,v3,mixed_direction,multi_cta,tensor,mixed,s2g_then_g2s,batched,same_map,128,4,8,1,325,385,cycles,48.125,48.125,2.65974,,multi_cta_tensor_mixed_s2g_then_g2s_batched_same_map_128_4,data/ventus/V3.10/multi_context/mixed_direction/mixed/20260803T103017Z__v3__e1a866548aad/raw.csv
h100,v3,mixed_direction,multi_cta,tensor,mixed,alternating,batched,same_map,128,8,16,0,160,384,ns,24.0,,,5.333333,mixed_direction|multi_cta|tensor|mixed|alternating|batched|same_map|128|8|16||||,data/h100/cuda-13.3-sm90/multi_context/mixed_direction/mixed/20260803T092443Z__v3__c462b34c8090/attempt_01.csv
h100,v3,mixed_direction,multi_cta,tensor,mixed,g2s_then_s2g,batched,same_map,128,8,16,0,160,352,ns,22.0,,,5.818182,mixed_direction|multi_cta|tensor|mixed|g2s_then_s2g|batched|same_map|128|8|16||||,data/h100/cuda-13.3-sm90/multi_context/mixed_direction/mixed/20260803T092443Z__v3__c462b34c8090/attempt_01.csv
h100,v3,mixed_direction,multi_cta,tensor,mixed,s2g_then_g2s,batched,same_map,128,8,16,0,160,480,ns,30.0,,,4.266667,mixed_direction|multi_cta|tensor|mixed|s2g_then_g2s|batched|same_map|128|8|16||||,data/h100/cuda-13.3-sm90/multi_context/mixed_direction/mixed/20260803T092443Z__v3__c462b34c8090/attempt_01.csv
h100,v3,mixed_direction,multi_cta,tensor,mixed,alternating,batched,same_map,128,8,16,1,256,384,ns,24.0,,,5.333333,mixed_direction|multi_cta|tensor|mixed|alternating|batched|same_map|128|8|16||||,data/h100/cuda-13.3-sm90/multi_context/mixed_direction/mixed/20260803T092443Z__v3__c462b34c8090/attempt_01.csv
h100,v3,mixed_direction,multi_cta,tensor,mixed,g2s_then_s2g,batched,same_map,128,8,16,1,160,288,ns,18.0,,,7.111111,mixed_direction|multi_cta|tensor|mixed|g2s_then_s2g|batched|same_map|128|8|16||||,data/h100/cuda-13.3-sm90/multi_context/mixed_direction/mixed/20260803T092443Z__v3__c462b34c8090/attempt_01.csv
h100,v3,mixed_direction,multi_cta,tensor,mixed,s2g_then_g2s,batched,same_map,128,8,16,1,320,480,ns,30.0,,,4.266667,mixed_direction|multi_cta|tensor|mixed|s2g_then_g2s|batched|same_map|128|8|16||||,data/h100/cuda-13.3-sm90/multi_context/mixed_direction/mixed/20260803T092443Z__v3__c462b34c8090/attempt_01.csv
b200,v3,mixed_direction,multi_cta,tensor,mixed,alternating,batched,same_map,128,8,16,0,352,928,ns,58.0,,,2.206897,mixed_direction|multi_cta|tensor|mixed|alternating|batched|same_map|128|8|16||||,data/b200/cuda-13.3-sm100/multi_context/mixed_direction/mixed/20260803T094309Z__v3__206fc377d643/attempt_01.csv
b200,v3,mixed_direction,multi_cta,tensor,mixed,g2s_then_s2g,batched,same_map,128,8,16,0,576,768,ns,48.0,,,2.666667,mixed_direction|multi_cta|tensor|mixed|g2s_then_s2g|batched|same_map|128|8|16||||,data/b200/cuda-13.3-sm100/multi_context/mixed_direction/mixed/20260803T094309Z__v3__206fc377d643/attempt_01.csv
b200,v3,mixed_direction,multi_cta,tensor,mixed,s2g_then_g2s,batched,same_map,128,8,16,0,544,960,ns,60.0,,,2.133333,mixed_direction|multi_cta|tensor|mixed|s2g_then_g2s|batched|same_map|128|8|16||||,data/b200/cuda-13.3-sm100/multi_context/mixed_direction/mixed/20260803T094309Z__v3__206fc377d643/attempt_01.csv
b200,v3,mixed_direction,multi_cta,tensor,mixed,alternating,batched,same_map,128,8,16,1,480,512,ns,32.0,,,4.0,mixed_direction|multi_cta|tensor|mixed|alternating|batched|same_map|128|8|16||||,data/b200/cuda-13.3-sm100/multi_context/mixed_direction/mixed/20260803T094309Z__v3__206fc377d643/attempt_01.csv
b200,v3,mixed_direction,multi_cta,tensor,mixed,g2s_then_s2g,batched,same_map,128,8,16,1,544,704,ns,44.0,,,2.909091,mixed_direction|multi_cta|tensor|mixed|g2s_then_s2g|batched|same_map|128|8|16||||,data/b200/cuda-13.3-sm100/multi_context/mixed_direction/mixed/20260803T094309Z__v3__206fc377d643/attempt_01.csv
b200,v3,mixed_direction,multi_cta,tensor,mixed,s2g_then_g2s,batched,same_map,128,8,16,1,640,832,ns,52.0,,,2.461538,mixed_direction|multi_cta|tensor|mixed|s2g_then_g2s|batched|same_map|128|8|16||||,data/b200/cuda-13.3-sm100/multi_context/mixed_direction/mixed/20260803T094309Z__v3__206fc377d643/attempt_01.csv
ventus,v3,mixed_direction,multi_cta,tensor,mixed,alternating,batched,same_map,128,8,16,0,6446,6524,cycles,407.75,407.75,0.313918,,multi_cta_tensor_mixed_alternating_batched_same_map_128_8,data/ventus/V3.10/multi_context/mixed_direction/mixed/20260803T103017Z__v3__e1a866548aad/raw.csv
ventus,v3,mixed_direction,multi_cta,tensor,mixed,g2s_then_s2g,batched,same_map,128,8,16,0,6765,7839,cycles,489.9375,489.9375,0.261258,,multi_cta_tensor_mixed_g2s_then_s2g_batched_same_map_128_8,data/ventus/V3.10/multi_context/mixed_direction/mixed/20260803T103017Z__v3__e1a866548aad/raw.csv
ventus,v3,mixed_direction,multi_cta,tensor,mixed,s2g_then_g2s,batched,same_map,128,8,16,0,8313,8376,cycles,523.5,523.5,0.244508,,multi_cta_tensor_mixed_s2g_then_g2s_batched_same_map_128_8,data/ventus/V3.10/multi_context/mixed_direction/mixed/20260803T103017Z__v3__e1a866548aad/raw.csv
ventus,v3,mixed_direction,multi_cta,tensor,mixed,alternating,batched,same_map,128,8,16,1,7405,7496,cycles,468.5,468.5,0.273212,,multi_cta_tensor_mixed_alternating_batched_same_map_128_8,data/ventus/V3.10/multi_context/mixed_direction/mixed/20260803T103017Z__v3__e1a866548aad/raw.csv
ventus,v3,mixed_direction,multi_cta,tensor,mixed,g2s_then_s2g,batched,same_map,128,8,16,1,7722,7797,cycles,487.3125,487.3125,0.262665,,multi_cta_tensor_mixed_g2s_then_s2g_batched_same_map_128_8,data/ventus/V3.10/multi_context/mixed_direction/mixed/20260803T103017Z__v3__e1a866548aad/raw.csv
ventus,v3,mixed_direction,multi_cta,tensor,mixed,s2g_then_g2s,batched,same_map,128,8,16,1,8269,8323,cycles,520.1875,520.1875,0.246065,,multi_cta_tensor_mixed_s2g_then_g2s_batched_same_map_128_8,data/ventus/V3.10/multi_context/mixed_direction/mixed/20260803T103017Z__v3__e1a866548aad/raw.csv
h100,v3,mixed_direction,multi_cta,tensor,mixed,alternating,batched,same_map,128,16,32,0,352,608,ns,19.0,,,6.736842,mixed_direction|multi_cta|tensor|mixed|alternating|batched|same_map|128|16|32||||,data/h100/cuda-13.3-sm90/multi_context/mixed_direction/mixed/20260803T092443Z__v3__c462b34c8090/attempt_01.csv
h100,v3,mixed_direction,multi_cta,tensor,mixed,g2s_then_s2g,batched,same_map,128,16,32,0,416,608,ns,19.0,,,6.736842,mixed_direction|multi_cta|tensor|mixed|g2s_then_s2g|batched|same_map|128|16|32||||,data/h100/cuda-13.3-sm90/multi_context/mixed_direction/mixed/20260803T092443Z__v3__c462b34c8090/attempt_01.csv
h100,v3,mixed_direction,multi_cta,tensor,mixed,s2g_then_g2s,batched,same_map,128,16,32,0,416,736,ns,23.0,,,5.565217,mixed_direction|multi_cta|tensor|mixed|s2g_then_g2s|batched|same_map|128|16|32||||,data/h100/cuda-13.3-sm90/multi_context/mixed_direction/mixed/20260803T092443Z__v3__c462b34c8090/attempt_01.csv
h100,v3,mixed_direction,multi_cta,tensor,mixed,alternating,batched,same_map,128,16,32,1,288,416,ns,13.0,,,9.846154,mixed_direction|multi_cta|tensor|mixed|alternating|batched|same_map|128|16|32||||,data/h100/cuda-13.3-sm90/multi_context/mixed_direction/mixed/20260803T092443Z__v3__c462b34c8090/attempt_01.csv
h100,v3,mixed_direction,multi_cta,tensor,mixed,g2s_then_s2g,batched,same_map,128,16,32,1,224,352,ns,11.0,,,11.636364,mixed_direction|multi_cta|tensor|mixed|g2s_then_s2g|batched|same_map|128|16|32||||,data/h100/cuda-13.3-sm90/multi_context/mixed_direction/mixed/20260803T092443Z__v3__c462b34c8090/attempt_01.csv
h100,v3,mixed_direction,multi_cta,tensor,mixed,s2g_then_g2s,batched,same_map,128,16,32,1,288,416,ns,13.0,,,9.846154,mixed_direction|multi_cta|tensor|mixed|s2g_then_g2s|batched|same_map|128|16|32||||,data/h100/cuda-13.3-sm90/multi_context/mixed_direction/mixed/20260803T092443Z__v3__c462b34c8090/attempt_01.csv
b200,v3,mixed_direction,multi_cta,tensor,mixed,alternating,batched,same_map,128,16,32,0,384,800,ns,25.0,,,5.12,mixed_direction|multi_cta|tensor|mixed|alternating|batched|same_map|128|16|32||||,data/b200/cuda-13.3-sm100/multi_context/mixed_direction/mixed/20260803T094309Z__v3__206fc377d643/attempt_01.csv
b200,v3,mixed_direction,multi_cta,tensor,mixed,g2s_then_s2g,batched,same_map,128,16,32,0,384,800,ns,25.0,,,5.12,mixed_direction|multi_cta|tensor|mixed|g2s_then_s2g|batched|same_map|128|16|32||||,data/b200/cuda-13.3-sm100/multi_context/mixed_direction/mixed/20260803T094309Z__v3__206fc377d643/attempt_01.csv
b200,v3,mixed_direction,multi_cta,tensor,mixed,s2g_then_g2s,batched,same_map,128,16,32,0,384,800,ns,25.0,,,5.12,mixed_direction|multi_cta|tensor|mixed|s2g_then_g2s|batched|same_map|128|16|32||||,data/b200/cuda-13.3-sm100/multi_context/mixed_direction/mixed/20260803T094309Z__v3__206fc377d643/attempt_01.csv
b200,v3,mixed_direction,multi_cta,tensor,mixed,alternating,batched,same_map,128,16,32,1,576,640,ns,20.0,,,6.4,mixed_direction|multi_cta|tensor|mixed|alternating|batched|same_map|128|16|32||||,data/b200/cuda-13.3-sm100/multi_context/mixed_direction/mixed/20260803T094309Z__v3__206fc377d643/attempt_01.csv
b200,v3,mixed_direction,multi_cta,tensor,mixed,g2s_then_s2g,batched,same_map,128,16,32,1,608,736,ns,23.0,,,5.565217,mixed_direction|multi_cta|tensor|mixed|g2s_then_s2g|batched|same_map|128|16|32||||,data/b200/cuda-13.3-sm100/multi_context/mixed_direction/mixed/20260803T094309Z__v3__206fc377d643/attempt_01.csv
b200,v3,mixed_direction,multi_cta,tensor,mixed,s2g_then_g2s,batched,same_map,128,16,32,1,544,672,ns,21.0,,,6.095238,mixed_direction|multi_cta|tensor|mixed|s2g_then_g2s|batched|same_map|128|16|32||||,data/b200/cuda-13.3-sm100/multi_context/mixed_direction/mixed/20260803T094309Z__v3__206fc377d643/attempt_01.csv
ventus,v3,mixed_direction,multi_cta,tensor,mixed,alternating,batched,same_map,128,16,32,0,13317,13397,cycles,418.65625,418.65625,0.30574,,multi_cta_tensor_mixed_alternating_batched_same_map_128_16,data/ventus/V3.10/multi_context/mixed_direction/mixed/20260803T103017Z__v3__e1a866548aad/raw.csv
ventus,v3,mixed_direction,multi_cta,tensor,mixed,g2s_then_s2g,batched,same_map,128,16,32,0,18416,18491,cycles,577.84375,577.84375,0.221513,,multi_cta_tensor_mixed_g2s_then_s2g_batched_same_map_128_16,data/ventus/V3.10/multi_context/mixed_direction/mixed/20260803T103017Z__v3__e1a866548aad/raw.csv
ventus,v3,mixed_direction,multi_cta,tensor,mixed,s2g_then_g2s,batched,same_map,128,16,32,0,15775,15838,cycles,494.9375,494.9375,0.258619,,multi_cta_tensor_mixed_s2g_then_g2s_batched_same_map_128_16,data/ventus/V3.10/multi_context/mixed_direction/mixed/20260803T103017Z__v3__e1a866548aad/raw.csv
ventus,v3,mixed_direction,multi_cta,tensor,mixed,alternating,batched,same_map,128,16,32,1,16175,17262,cycles,539.4375,539.4375,0.237284,,multi_cta_tensor_mixed_alternating_batched_same_map_128_16,data/ventus/V3.10/multi_context/mixed_direction/mixed/20260803T103017Z__v3__e1a866548aad/raw.csv
ventus,v3,mixed_direction,multi_cta,tensor,mixed,g2s_then_s2g,batched,same_map,128,16,32,1,19340,19415,cycles,606.71875,606.71875,0.210971,,multi_cta_tensor_mixed_g2s_then_s2g_batched_same_map_128_16,data/ventus/V3.10/multi_context/mixed_direction/mixed/20260803T103017Z__v3__e1a866548aad/raw.csv
ventus,v3,mixed_direction,multi_cta,tensor,mixed,s2g_then_g2s,batched,same_map,128,16,32,1,16740,17715,cycles,553.59375,553.59375,0.231216,,multi_cta_tensor_mixed_s2g_then_g2s_batched_same_map_128_16,data/ventus/V3.10/multi_context/mixed_direction/mixed/20260803T103017Z__v3__e1a866548aad/raw.csv
h100,v3,mixed_direction,intra_cta,tensor,mixed,alternating,batched,distinct_map,4096,1,2,0,378,983,cycles,491.5,15.359375,8.333672,,mixed_direction|intra_cta|tensor|mixed|alternating|batched|distinct_map|4096|1|2||||,data/h100/cuda-13.3-sm90/multi_context/mixed_direction/mixed/20260803T092443Z__v3__c462b34c8090/attempt_01.csv
h100,v3,mixed_direction,intra_cta,tensor,mixed,g2s_then_s2g,batched,distinct_map,4096,1,2,0,483,922,cycles,461.0,14.40625,8.885033,,mixed_direction|intra_cta|tensor|mixed|g2s_then_s2g|batched|distinct_map|4096|1|2||||,data/h100/cuda-13.3-sm90/multi_context/mixed_direction/mixed/20260803T092443Z__v3__c462b34c8090/attempt_01.csv
h100,v3,mixed_direction,intra_cta,tensor,mixed,s2g_then_g2s,batched,distinct_map,4096,1,2,0,505,1225,cycles,612.5,19.140625,6.687347,,mixed_direction|intra_cta|tensor|mixed|s2g_then_g2s|batched|distinct_map|4096|1|2||||,data/h100/cuda-13.3-sm90/multi_context/mixed_direction/mixed/20260803T092443Z__v3__c462b34c8090/attempt_01.csv
h100,v3,mixed_direction,intra_cta,tensor,mixed,alternating,batched,distinct_map,4096,1,2,1,351,715,cycles,357.5,11.171875,11.457343,,mixed_direction|intra_cta|tensor|mixed|alternating|batched|distinct_map|4096|1|2||||,data/h100/cuda-13.3-sm90/multi_context/mixed_direction/mixed/20260803T092443Z__v3__c462b34c8090/attempt_01.csv
h100,v3,mixed_direction,intra_cta,tensor,mixed,g2s_then_s2g,batched,distinct_map,4096,1,2,1,445,668,cycles,334.0,10.4375,12.263473,,mixed_direction|intra_cta|tensor|mixed|g2s_then_s2g|batched|distinct_map|4096|1|2||||,data/h100/cuda-13.3-sm90/multi_context/mixed_direction/mixed/20260803T092443Z__v3__c462b34c8090/attempt_01.csv
h100,v3,mixed_direction,intra_cta,tensor,mixed,s2g_then_g2s,batched,distinct_map,4096,1,2,1,452,859,cycles,429.5,13.421875,9.536671,,mixed_direction|intra_cta|tensor|mixed|s2g_then_g2s|batched|distinct_map|4096|1|2||||,data/h100/cuda-13.3-sm90/multi_context/mixed_direction/mixed/20260803T092443Z__v3__c462b34c8090/attempt_01.csv
b200,v3,mixed_direction,intra_cta,tensor,mixed,alternating,batched,distinct_map,4096,1,2,0,453,982,cycles,491.0,15.34375,8.342159,,mixed_direction|intra_cta|tensor|mixed|alternating|batched|distinct_map|4096|1|2||||,data/b200/cuda-13.3-sm100/multi_context/mixed_direction/mixed/20260803T094309Z__v3__206fc377d643/attempt_01.csv
b200,v3,mixed_direction,intra_cta,tensor,mixed,g2s_then_s2g,batched,distinct_map,4096,1,2,0,452,1009,cycles,504.5,15.765625,8.11893,,mixed_direction|intra_cta|tensor|mixed|g2s_then_s2g|batched|distinct_map|4096|1|2||||,data/b200/cuda-13.3-sm100/multi_context/mixed_direction/mixed/20260803T094309Z__v3__206fc377d643/attempt_01.csv
b200,v3,mixed_direction,intra_cta,tensor,mixed,s2g_then_g2s,batched,distinct_map,4096,1,2,0,515,1183,cycles,591.5,18.484375,6.924768,,mixed_direction|intra_cta|tensor|mixed|s2g_then_g2s|batched|distinct_map|4096|1|2||||,data/b200/cuda-13.3-sm100/multi_context/mixed_direction/mixed/20260803T094309Z__v3__206fc377d643/attempt_01.csv
b200,v3,mixed_direction,intra_cta,tensor,mixed,alternating,batched,distinct_map,4096,1,2,1,348,583,cycles,291.5,9.109375,14.051458,,mixed_direction|intra_cta|tensor|mixed|alternating|batched|distinct_map|4096|1|2||||,data/b200/cuda-13.3-sm100/multi_context/mixed_direction/mixed/20260803T094309Z__v3__206fc377d643/attempt_01.csv
b200,v3,mixed_direction,intra_cta,tensor,mixed,g2s_then_s2g,batched,distinct_map,4096,1,2,1,402,637,cycles,318.5,9.953125,12.860283,,mixed_direction|intra_cta|tensor|mixed|g2s_then_s2g|batched|distinct_map|4096|1|2||||,data/b200/cuda-13.3-sm100/multi_context/mixed_direction/mixed/20260803T094309Z__v3__206fc377d643/attempt_01.csv
b200,v3,mixed_direction,intra_cta,tensor,mixed,s2g_then_g2s,batched,distinct_map,4096,1,2,1,490,810,cycles,405.0,12.65625,10.11358,,mixed_direction|intra_cta|tensor|mixed|s2g_then_g2s|batched|distinct_map|4096|1|2||||,data/b200/cuda-13.3-sm100/multi_context/mixed_direction/mixed/20260803T094309Z__v3__206fc377d643/attempt_01.csv
ventus,v3,mixed_direction,intra_cta,tensor,mixed,alternating,batched,distinct_map,4096,1,2,0,184,421,cycles,210.5,6.578125,19.458432,,intra_cta_tensor_mixed_alternating_batched_distinct_map_4096_1,data/ventus/V3.10/multi_context/mixed_direction/mixed/20260803T103017Z__v3__e1a866548aad/raw.csv
ventus,v3,mixed_direction,intra_cta,tensor,mixed,g2s_then_s2g,batched,distinct_map,4096,1,2,0,263,460,cycles,230.0,7.1875,17.808696,,intra_cta_tensor_mixed_g2s_then_s2g_batched_distinct_map_4096_1,data/ventus/V3.10/multi_context/mixed_direction/mixed/20260803T103017Z__v3__e1a866548aad/raw.csv
ventus,v3,mixed_direction,intra_cta,tensor,mixed,s2g_then_g2s,batched,distinct_map,4096,1,2,0,299,442,cycles,221.0,6.90625,18.533937,,intra_cta_tensor_mixed_s2g_then_g2s_batched_distinct_map_4096_1,data/ventus/V3.10/multi_context/mixed_direction/mixed/20260803T103017Z__v3__e1a866548aad/raw.csv
ventus,v3,mixed_direction,intra_cta,tensor,mixed,alternating,batched,distinct_map,4096,1,2,1,181,414,cycles,207.0,6.46875,19.78744,,intra_cta_tensor_mixed_alternating_batched_distinct_map_4096_1,data/ventus/V3.10/multi_context/mixed_direction/mixed/20260803T103017Z__v3__e1a866548aad/raw.csv
ventus,v3,mixed_direction,intra_cta,tensor,mixed,g2s_then_s2g,batched,distinct_map,4096,1,2,1,259,449,cycles,224.5,7.015625,18.244989,,intra_cta_tensor_mixed_g2s_then_s2g_batched_distinct_map_4096_1,data/ventus/V3.10/multi_context/mixed_direction/mixed/20260803T103017Z__v3__e1a866548aad/raw.csv
ventus,v3,mixed_direction,intra_cta,tensor,mixed,s2g_then_g2s,batched,distinct_map,4096,1,2,1,280,396,cycles,198.0,6.1875,20.686869,,intra_cta_tensor_mixed_s2g_then_g2s_batched_distinct_map_4096_1,data/ventus/V3.10/multi_context/mixed_direction/mixed/20260803T103017Z__v3__e1a866548aad/raw.csv
h100,v3,mixed_direction,intra_cta,tensor,mixed,alternating,batched,distinct_map,4096,2,4,0,528,1283,cycles,320.75,10.023438,12.77007,,mixed_direction|intra_cta|tensor|mixed|alternating|batched|distinct_map|4096|2|4||||,data/h100/cuda-13.3-sm90/multi_context/mixed_direction/mixed/20260803T092443Z__v3__c462b34c8090/attempt_01.csv
h100,v3,mixed_direction,intra_cta,tensor,mixed,g2s_then_s2g,batched,distinct_map,4096,2,4,0,660,1404,cycles,351.0,10.96875,11.669516,,mixed_direction|intra_cta|tensor|mixed|g2s_then_s2g|batched|distinct_map|4096|2|4||||,data/h100/cuda-13.3-sm90/multi_context/mixed_direction/mixed/20260803T092443Z__v3__c462b34c8090/attempt_01.csv
h100,v3,mixed_direction,intra_cta,tensor,mixed,s2g_then_g2s,batched,distinct_map,4096,2,4,0,687,1574,cycles,393.5,12.296875,10.409149,,mixed_direction|intra_cta|tensor|mixed|s2g_then_g2s|batched|distinct_map|4096|2|4||||,data/h100/cuda-13.3-sm90/multi_context/mixed_direction/mixed/20260803T092443Z__v3__c462b34c8090/attempt_01.csv
h100,v3,mixed_direction,intra_cta,tensor,mixed,alternating,batched,distinct_map,4096,2,4,1,539,856,cycles,214.0,6.6875,19.140187,,mixed_direction|intra_cta|tensor|mixed|alternating|batched|distinct_map|4096|2|4||||,data/h100/cuda-13.3-sm90/multi_context/mixed_direction/mixed/20260803T092443Z__v3__c462b34c8090/attempt_01.csv
h100,v3,mixed_direction,intra_cta,tensor,mixed,g2s_then_s2g,batched,distinct_map,4096,2,4,1,670,1035,cycles,258.75,8.085938,15.829952,,mixed_direction|intra_cta|tensor|mixed|g2s_then_s2g|batched|distinct_map|4096|2|4||||,data/h100/cuda-13.3-sm90/multi_context/mixed_direction/mixed/20260803T092443Z__v3__c462b34c8090/attempt_01.csv
h100,v3,mixed_direction,intra_cta,tensor,mixed,s2g_then_g2s,batched,distinct_map,4096,2,4,1,698,1068,cycles,267.0,8.34375,15.340824,,mixed_direction|intra_cta|tensor|mixed|s2g_then_g2s|batched|distinct_map|4096|2|4||||,data/h100/cuda-13.3-sm90/multi_context/mixed_direction/mixed/20260803T092443Z__v3__c462b34c8090/attempt_01.csv
b200,v3,mixed_direction,intra_cta,tensor,mixed,alternating,batched,distinct_map,4096,2,4,0,584,1298,cycles,324.5,10.140625,12.622496,,mixed_direction|intra_cta|tensor|mixed|alternating|batched|distinct_map|4096|2|4||||,data/b200/cuda-13.3-sm100/multi_context/mixed_direction/mixed/20260803T094309Z__v3__206fc377d643/attempt_01.csv
b200,v3,mixed_direction,intra_cta,tensor,mixed,g2s_then_s2g,batched,distinct_map,4096,2,4,0,696,1388,cycles,347.0,10.84375,11.804035,,mixed_direction|intra_cta|tensor|mixed|g2s_then_s2g|batched|distinct_map|4096|2|4||||,data/b200/cuda-13.3-sm100/multi_context/mixed_direction/mixed/20260803T094309Z__v3__206fc377d643/attempt_01.csv
b200,v3,mixed_direction,intra_cta,tensor,mixed,s2g_then_g2s,batched,distinct_map,4096,2,4,0,690,1367,cycles,341.75,10.679688,11.985369,,mixed_direction|intra_cta|tensor|mixed|s2g_then_g2s|batched|distinct_map|4096|2|4||||,data/b200/cuda-13.3-sm100/multi_context/mixed_direction/mixed/20260803T094309Z__v3__206fc377d643/attempt_01.csv
b200,v3,mixed_direction,intra_cta,tensor,mixed,alternating,batched,distinct_map,4096,2,4,1,565,877,cycles,219.25,6.851562,18.68187,,mixed_direction|intra_cta|tensor|mixed|alternating|batched|distinct_map|4096|2|4||||,data/b200/cuda-13.3-sm100/multi_context/mixed_direction/mixed/20260803T094309Z__v3__206fc377d643/attempt_01.csv
b200,v3,mixed_direction,intra_cta,tensor,mixed,g2s_then_s2g,batched,distinct_map,4096,2,4,1,646,1012,cycles,253.0,7.90625,16.189723,,mixed_direction|intra_cta|tensor|mixed|g2s_then_s2g|batched|distinct_map|4096|2|4||||,data/b200/cuda-13.3-sm100/multi_context/mixed_direction/mixed/20260803T094309Z__v3__206fc377d643/attempt_01.csv
b200,v3,mixed_direction,intra_cta,tensor,mixed,s2g_then_g2s,batched,distinct_map,4096,2,4,1,674,1085,cycles,271.25,8.476562,15.100461,,mixed_direction|intra_cta|tensor|mixed|s2g_then_g2s|batched|distinct_map|4096|2|4||||,data/b200/cuda-13.3-sm100/multi_context/mixed_direction/mixed/20260803T094309Z__v3__206fc377d643/attempt_01.csv
h100,v3,mixed_direction,intra_cta,tensor,mixed,alternating,batched,distinct_map,4096,4,8,0,850,2215,cycles,276.875,8.652344,14.793679,,mixed_direction|intra_cta|tensor|mixed|alternating|batched|distinct_map|4096|4|8||||,data/h100/cuda-13.3-sm90/multi_context/mixed_direction/mixed/20260803T092443Z__v3__c462b34c8090/attempt_01.csv
h100,v3,mixed_direction,intra_cta,tensor,mixed,g2s_then_s2g,batched,distinct_map,4096,4,8,0,920,2317,cycles,289.625,9.050781,14.142426,,mixed_direction|intra_cta|tensor|mixed|g2s_then_s2g|batched|distinct_map|4096|4|8||||,data/h100/cuda-13.3-sm90/multi_context/mixed_direction/mixed/20260803T092443Z__v3__c462b34c8090/attempt_01.csv
h100,v3,mixed_direction,intra_cta,tensor,mixed,s2g_then_g2s,batched,distinct_map,4096,4,8,0,1044,2272,cycles,284.0,8.875,14.422535,,mixed_direction|intra_cta|tensor|mixed|s2g_then_g2s|batched|distinct_map|4096|4|8||||,data/h100/cuda-13.3-sm90/multi_context/mixed_direction/mixed/20260803T092443Z__v3__c462b34c8090/attempt_01.csv
h100,v3,mixed_direction,intra_cta,tensor,mixed,alternating,batched,distinct_map,4096,4,8,1,762,1350,cycles,168.75,5.273438,24.272593,,mixed_direction|intra_cta|tensor|mixed|alternating|batched|distinct_map|4096|4|8||||,data/h100/cuda-13.3-sm90/multi_context/mixed_direction/mixed/20260803T092443Z__v3__c462b34c8090/attempt_01.csv
h100,v3,mixed_direction,intra_cta,tensor,mixed,g2s_then_s2g,batched,distinct_map,4096,4,8,1,869,1595,cycles,199.375,6.230469,20.544201,,mixed_direction|intra_cta|tensor|mixed|g2s_then_s2g|batched|distinct_map|4096|4|8||||,data/h100/cuda-13.3-sm90/multi_context/mixed_direction/mixed/20260803T092443Z__v3__c462b34c8090/attempt_01.csv
h100,v3,mixed_direction,intra_cta,tensor,mixed,s2g_then_g2s,batched,distinct_map,4096,4,8,1,887,1439,cycles,179.875,5.621094,22.771369,,mixed_direction|intra_cta|tensor|mixed|s2g_then_g2s|batched|distinct_map|4096|4|8||||,data/h100/cuda-13.3-sm90/multi_context/mixed_direction/mixed/20260803T092443Z__v3__c462b34c8090/attempt_01.csv
b200,v3,mixed_direction,intra_cta,tensor,mixed,alternating,batched,distinct_map,4096,4,8,0,824,2043,cycles,255.375,7.980469,16.039158,,mixed_direction|intra_cta|tensor|mixed|alternating|batched|distinct_map|4096|4|8||||,data/b200/cuda-13.3-sm100/multi_context/mixed_direction/mixed/20260803T094309Z__v3__206fc377d643/attempt_01.csv
b200,v3,mixed_direction,intra_cta,tensor,mixed,g2s_then_s2g,batched,distinct_map,4096,4,8,0,973,2089,cycles,261.125,8.160156,15.685974,,mixed_direction|intra_cta|tensor|mixed|g2s_then_s2g|batched|distinct_map|4096|4|8||||,data/b200/cuda-13.3-sm100/multi_context/mixed_direction/mixed/20260803T094309Z__v3__206fc377d643/attempt_01.csv
b200,v3,mixed_direction,intra_cta,tensor,mixed,s2g_then_g2s,batched,distinct_map,4096,4,8,0,976,1982,cycles,247.75,7.742188,16.532795,,mixed_direction|intra_cta|tensor|mixed|s2g_then_g2s|batched|distinct_map|4096|4|8||||,data/b200/cuda-13.3-sm100/multi_context/mixed_direction/mixed/20260803T094309Z__v3__206fc377d643/attempt_01.csv
b200,v3,mixed_direction,intra_cta,tensor,mixed,alternating,batched,distinct_map,4096,4,8,1,774,1347,cycles,168.375,5.261719,24.326652,,mixed_direction|intra_cta|tensor|mixed|alternating|batched|distinct_map|4096|4|8||||,data/b200/cuda-13.3-sm100/multi_context/mixed_direction/mixed/20260803T094309Z__v3__206fc377d643/attempt_01.csv
b200,v3,mixed_direction,intra_cta,tensor,mixed,g2s_then_s2g,batched,distinct_map,4096,4,8,1,918,1614,cycles,201.75,6.304688,20.302354,,mixed_direction|intra_cta|tensor|mixed|g2s_then_s2g|batched|distinct_map|4096|4|8||||,data/b200/cuda-13.3-sm100/multi_context/mixed_direction/mixed/20260803T094309Z__v3__206fc377d643/attempt_01.csv
b200,v3,mixed_direction,intra_cta,tensor,mixed,s2g_then_g2s,batched,distinct_map,4096,4,8,1,926,1519,cycles,189.875,5.933594,21.572087,,mixed_direction|intra_cta|tensor|mixed|s2g_then_g2s|batched|distinct_map|4096|4|8||||,data/b200/cuda-13.3-sm100/multi_context/mixed_direction/mixed/20260803T094309Z__v3__206fc377d643/attempt_01.csv
h100,v3,mixed_direction,intra_cta,tensor,mixed,alternating,batched,distinct_map,4096,8,16,0,2295,4061,cycles,253.8125,7.931641,16.137897,,mixed_direction|intra_cta|tensor|mixed|alternating|batched|distinct_map|4096|8|16||||,data/h100/cuda-13.3-sm90/multi_context/mixed_direction/mixed/20260803T092443Z__v3__c462b34c8090/attempt_01.csv
h100,v3,mixed_direction,intra_cta,tensor,mixed,g2s_then_s2g,batched,distinct_map,4096,8,16,0,2244,4156,cycles,259.75,8.117188,15.769009,,mixed_direction|intra_cta|tensor|mixed|g2s_then_s2g|batched|distinct_map|4096|8|16||||,data/h100/cuda-13.3-sm90/multi_context/mixed_direction/mixed/20260803T092443Z__v3__c462b34c8090/attempt_01.csv
h100,v3,mixed_direction,intra_cta,tensor,mixed,s2g_then_g2s,batched,distinct_map,4096,8,16,0,2688,3780,cycles,236.25,7.382812,17.337566,,mixed_direction|intra_cta|tensor|mixed|s2g_then_g2s|batched|distinct_map|4096|8|16||||,data/h100/cuda-13.3-sm90/multi_context/mixed_direction/mixed/20260803T092443Z__v3__c462b34c8090/attempt_01.csv
h100,v3,mixed_direction,intra_cta,tensor,mixed,alternating,batched,distinct_map,4096,8,16,1,1262,2412,cycles,150.75,4.710938,27.170813,,mixed_direction|intra_cta|tensor|mixed|alternating|batched|distinct_map|4096|8|16||||,data/h100/cuda-13.3-sm90/multi_context/mixed_direction/mixed/20260803T092443Z__v3__c462b34c8090/attempt_01.csv
h100,v3,mixed_direction,intra_cta,tensor,mixed,g2s_then_s2g,batched,distinct_map,4096,8,16,1,1509,2826,cycles,176.625,5.519531,23.190375,,mixed_direction|intra_cta|tensor|mixed|g2s_then_s2g|batched|distinct_map|4096|8|16||||,data/h100/cuda-13.3-sm90/multi_context/mixed_direction/mixed/20260803T092443Z__v3__c462b34c8090/attempt_01.csv
h100,v3,mixed_direction,intra_cta,tensor,mixed,s2g_then_g2s,batched,distinct_map,4096,8,16,1,1565,2481,cycles,155.0625,4.845703,26.415155,,mixed_direction|intra_cta|tensor|mixed|s2g_then_g2s|batched|distinct_map|4096|8|16||||,data/h100/cuda-13.3-sm90/multi_context/mixed_direction/mixed/20260803T092443Z__v3__c462b34c8090/attempt_01.csv
b200,v3,mixed_direction,intra_cta,tensor,mixed,alternating,batched,distinct_map,4096,8,16,0,1739,3468,cycles,216.75,6.773438,18.897347,,mixed_direction|intra_cta|tensor|mixed|alternating|batched|distinct_map|4096|8|16||||,data/b200/cuda-13.3-sm100/multi_context/mixed_direction/mixed/20260803T094309Z__v3__206fc377d643/attempt_01.csv
b200,v3,mixed_direction,intra_cta,tensor,mixed,g2s_then_s2g,batched,distinct_map,4096,8,16,0,1682,3462,cycles,216.375,6.761719,18.930098,,mixed_direction|intra_cta|tensor|mixed|g2s_then_s2g|batched|distinct_map|4096|8|16||||,data/b200/cuda-13.3-sm100/multi_context/mixed_direction/mixed/20260803T094309Z__v3__206fc377d643/attempt_01.csv
b200,v3,mixed_direction,intra_cta,tensor,mixed,s2g_then_g2s,batched,distinct_map,4096,8,16,0,1907,3038,cycles,189.875,5.933594,21.572087,,mixed_direction|intra_cta|tensor|mixed|s2g_then_g2s|batched|distinct_map|4096|8|16||||,data/b200/cuda-13.3-sm100/multi_context/mixed_direction/mixed/20260803T094309Z__v3__206fc377d643/attempt_01.csv
b200,v3,mixed_direction,intra_cta,tensor,mixed,alternating,batched,distinct_map,4096,8,16,1,1254,2418,cycles,151.125,4.722656,27.103391,,mixed_direction|intra_cta|tensor|mixed|alternating|batched|distinct_map|4096|8|16||||,data/b200/cuda-13.3-sm100/multi_context/mixed_direction/mixed/20260803T094309Z__v3__206fc377d643/attempt_01.csv
b200,v3,mixed_direction,intra_cta,tensor,mixed,g2s_then_s2g,batched,distinct_map,4096,8,16,1,1443,2868,cycles,179.25,5.601562,22.850767,,mixed_direction|intra_cta|tensor|mixed|g2s_then_s2g|batched|distinct_map|4096|8|16||||,data/b200/cuda-13.3-sm100/multi_context/mixed_direction/mixed/20260803T094309Z__v3__206fc377d643/attempt_01.csv
b200,v3,mixed_direction,intra_cta,tensor,mixed,s2g_then_g2s,batched,distinct_map,4096,8,16,1,1443,2400,cycles,150.0,4.6875,27.306667,,mixed_direction|intra_cta|tensor|mixed|s2g_then_g2s|batched|distinct_map|4096|8|16||||,data/b200/cuda-13.3-sm100/multi_context/mixed_direction/mixed/20260803T094309Z__v3__206fc377d643/attempt_01.csv
h100,v3,mixed_direction,intra_cta,tensor,mixed,alternating,batched,distinct_map,4096,16,32,0,5222,7720,cycles,241.25,7.539062,16.978238,,mixed_direction|intra_cta|tensor|mixed|alternating|batched|distinct_map|4096|16|32||||,data/h100/cuda-13.3-sm90/multi_context/mixed_direction/mixed/20260803T092443Z__v3__c462b34c8090/attempt_01.csv
h100,v3,mixed_direction,intra_cta,tensor,mixed,g2s_then_s2g,batched,distinct_map,4096,16,32,0,5223,7884,cycles,246.375,7.699219,16.625063,,mixed_direction|intra_cta|tensor|mixed|g2s_then_s2g|batched|distinct_map|4096|16|32||||,data/h100/cuda-13.3-sm90/multi_context/mixed_direction/mixed/20260803T092443Z__v3__c462b34c8090/attempt_01.csv
h100,v3,mixed_direction,intra_cta,tensor,mixed,s2g_then_g2s,batched,distinct_map,4096,16,32,0,5695,7176,cycles,224.25,7.007812,18.265329,,mixed_direction|intra_cta|tensor|mixed|s2g_then_g2s|batched|distinct_map|4096|16|32||||,data/h100/cuda-13.3-sm90/multi_context/mixed_direction/mixed/20260803T092443Z__v3__c462b34c8090/attempt_01.csv
h100,v3,mixed_direction,intra_cta,tensor,mixed,alternating,batched,distinct_map,4096,16,32,1,3768,5646,cycles,176.4375,5.513672,23.215019,,mixed_direction|intra_cta|tensor|mixed|alternating|batched|distinct_map|4096|16|32||||,data/h100/cuda-13.3-sm90/multi_context/mixed_direction/mixed/20260803T092443Z__v3__c462b34c8090/attempt_01.csv
h100,v3,mixed_direction,intra_cta,tensor,mixed,g2s_then_s2g,batched,distinct_map,4096,16,32,1,3486,5531,cycles,172.84375,5.401367,23.697704,,mixed_direction|intra_cta|tensor|mixed|g2s_then_s2g|batched|distinct_map|4096|16|32||||,data/h100/cuda-13.3-sm90/multi_context/mixed_direction/mixed/20260803T092443Z__v3__c462b34c8090/attempt_01.csv
h100,v3,mixed_direction,intra_cta,tensor,mixed,s2g_then_g2s,batched,distinct_map,4096,16,32,1,3998,5479,cycles,171.21875,5.350586,23.922614,,mixed_direction|intra_cta|tensor|mixed|s2g_then_g2s|batched|distinct_map|4096|16|32||||,data/h100/cuda-13.3-sm90/multi_context/mixed_direction/mixed/20260803T092443Z__v3__c462b34c8090/attempt_01.csv
b200,v3,mixed_direction,intra_cta,tensor,mixed,alternating,batched,distinct_map,4096,16,32,0,3887,6346,cycles,198.3125,6.197266,20.65427,,mixed_direction|intra_cta|tensor|mixed|alternating|batched|distinct_map|4096|16|32||||,data/b200/cuda-13.3-sm100/multi_context/mixed_direction/mixed/20260803T094309Z__v3__206fc377d643/attempt_01.csv
b200,v3,mixed_direction,intra_cta,tensor,mixed,g2s_then_s2g,batched,distinct_map,4096,16,32,0,3757,6329,cycles,197.78125,6.180664,20.709749,,mixed_direction|intra_cta|tensor|mixed|g2s_then_s2g|batched|distinct_map|4096|16|32||||,data/b200/cuda-13.3-sm100/multi_context/mixed_direction/mixed/20260803T094309Z__v3__206fc377d643/attempt_01.csv
b200,v3,mixed_direction,intra_cta,tensor,mixed,s2g_then_g2s,batched,distinct_map,4096,16,32,0,4133,5680,cycles,177.5,5.546875,23.076056,,mixed_direction|intra_cta|tensor|mixed|s2g_then_g2s|batched|distinct_map|4096|16|32||||,data/b200/cuda-13.3-sm100/multi_context/mixed_direction/mixed/20260803T094309Z__v3__206fc377d643/attempt_01.csv
b200,v3,mixed_direction,intra_cta,tensor,mixed,alternating,batched,distinct_map,4096,16,32,1,3228,5309,cycles,165.90625,5.18457,24.688642,,mixed_direction|intra_cta|tensor|mixed|alternating|batched|distinct_map|4096|16|32||||,data/b200/cuda-13.3-sm100/multi_context/mixed_direction/mixed/20260803T094309Z__v3__206fc377d643/attempt_01.csv
b200,v3,mixed_direction,intra_cta,tensor,mixed,g2s_then_s2g,batched,distinct_map,4096,16,32,1,3292,5562,cycles,173.8125,5.431641,23.565624,,mixed_direction|intra_cta|tensor|mixed|g2s_then_s2g|batched|distinct_map|4096|16|32||||,data/b200/cuda-13.3-sm100/multi_context/mixed_direction/mixed/20260803T094309Z__v3__206fc377d643/attempt_01.csv
b200,v3,mixed_direction,intra_cta,tensor,mixed,s2g_then_g2s,batched,distinct_map,4096,16,32,1,3407,4889,cycles,152.78125,4.774414,26.809573,,mixed_direction|intra_cta|tensor|mixed|s2g_then_g2s|batched|distinct_map|4096|16|32||||,data/b200/cuda-13.3-sm100/multi_context/mixed_direction/mixed/20260803T094309Z__v3__206fc377d643/attempt_01.csv
h100,v3,mixed_direction,intra_cta,tensor,mixed,alternating,batched,same_map,4096,1,2,0,489,1116,cycles,558.0,17.4375,7.340502,,mixed_direction|intra_cta|tensor|mixed|alternating|batched|same_map|4096|1|2||||,data/h100/cuda-13.3-sm90/multi_context/mixed_direction/mixed/20260803T092443Z__v3__c462b34c8090/attempt_01.csv
h100,v3,mixed_direction,intra_cta,tensor,mixed,g2s_then_s2g,batched,same_map,4096,1,2,0,534,1005,cycles,502.5,15.703125,8.151244,,mixed_direction|intra_cta|tensor|mixed|g2s_then_s2g|batched|same_map|4096|1|2||||,data/h100/cuda-13.3-sm90/multi_context/mixed_direction/mixed/20260803T092443Z__v3__c462b34c8090/attempt_01.csv
h100,v3,mixed_direction,intra_cta,tensor,mixed,s2g_then_g2s,batched,same_map,4096,1,2,0,528,1254,cycles,627.0,19.59375,6.532695,,mixed_direction|intra_cta|tensor|mixed|s2g_then_g2s|batched|same_map|4096|1|2||||,data/h100/cuda-13.3-sm90/multi_context/mixed_direction/mixed/20260803T092443Z__v3__c462b34c8090/attempt_01.csv
h100,v3,mixed_direction,intra_cta,tensor,mixed,alternating,batched,same_map,4096,1,2,1,351,715,cycles,357.5,11.171875,11.457343,,mixed_direction|intra_cta|tensor|mixed|alternating|batched|same_map|4096|1|2||||,data/h100/cuda-13.3-sm90/multi_context/mixed_direction/mixed/20260803T092443Z__v3__c462b34c8090/attempt_01.csv
h100,v3,mixed_direction,intra_cta,tensor,mixed,g2s_then_s2g,batched,same_map,4096,1,2,1,445,668,cycles,334.0,10.4375,12.263473,,mixed_direction|intra_cta|tensor|mixed|g2s_then_s2g|batched|same_map|4096|1|2||||,data/h100/cuda-13.3-sm90/multi_context/mixed_direction/mixed/20260803T092443Z__v3__c462b34c8090/attempt_01.csv
h100,v3,mixed_direction,intra_cta,tensor,mixed,s2g_then_g2s,batched,same_map,4096,1,2,1,452,859,cycles,429.5,13.421875,9.536671,,mixed_direction|intra_cta|tensor|mixed|s2g_then_g2s|batched|same_map|4096|1|2||||,data/h100/cuda-13.3-sm90/multi_context/mixed_direction/mixed/20260803T092443Z__v3__c462b34c8090/attempt_01.csv
b200,v3,mixed_direction,intra_cta,tensor,mixed,alternating,batched,same_map,4096,1,2,0,453,1000,cycles,500.0,15.625,8.192,,mixed_direction|intra_cta|tensor|mixed|alternating|batched|same_map|4096|1|2||||,data/b200/cuda-13.3-sm100/multi_context/mixed_direction/mixed/20260803T094309Z__v3__206fc377d643/attempt_01.csv
b200,v3,mixed_direction,intra_cta,tensor,mixed,g2s_then_s2g,batched,same_map,4096,1,2,0,514,994,cycles,497.0,15.53125,8.241449,,mixed_direction|intra_cta|tensor|mixed|g2s_then_s2g|batched|same_map|4096|1|2||||,data/b200/cuda-13.3-sm100/multi_context/mixed_direction/mixed/20260803T094309Z__v3__206fc377d643/attempt_01.csv
b200,v3,mixed_direction,intra_cta,tensor,mixed,s2g_then_g2s,batched,same_map,4096,1,2,0,544,1227,cycles,613.5,19.171875,6.676447,,mixed_direction|intra_cta|tensor|mixed|s2g_then_g2s|batched|same_map|4096|1|2||||,data/b200/cuda-13.3-sm100/multi_context/mixed_direction/mixed/20260803T094309Z__v3__206fc377d643/attempt_01.csv
b200,v3,mixed_direction,intra_cta,tensor,mixed,alternating,batched,same_map,4096,1,2,1,348,583,cycles,291.5,9.109375,14.051458,,mixed_direction|intra_cta|tensor|mixed|alternating|batched|same_map|4096|1|2||||,data/b200/cuda-13.3-sm100/multi_context/mixed_direction/mixed/20260803T094309Z__v3__206fc377d643/attempt_01.csv
b200,v3,mixed_direction,intra_cta,tensor,mixed,g2s_then_s2g,batched,same_map,4096,1,2,1,402,637,cycles,318.5,9.953125,12.860283,,mixed_direction|intra_cta|tensor|mixed|g2s_then_s2g|batched|same_map|4096|1|2||||,data/b200/cuda-13.3-sm100/multi_context/mixed_direction/mixed/20260803T094309Z__v3__206fc377d643/attempt_01.csv
b200,v3,mixed_direction,intra_cta,tensor,mixed,s2g_then_g2s,batched,same_map,4096,1,2,1,490,811,cycles,405.5,12.671875,10.10111,,mixed_direction|intra_cta|tensor|mixed|s2g_then_g2s|batched|same_map|4096|1|2||||,data/b200/cuda-13.3-sm100/multi_context/mixed_direction/mixed/20260803T094309Z__v3__206fc377d643/attempt_01.csv
ventus,v3,mixed_direction,intra_cta,tensor,mixed,alternating,batched,same_map,4096,1,2,0,184,421,cycles,210.5,6.578125,19.458432,,intra_cta_tensor_mixed_alternating_batched_same_map_4096_1,data/ventus/V3.10/multi_context/mixed_direction/mixed/20260803T103017Z__v3__e1a866548aad/raw.csv
ventus,v3,mixed_direction,intra_cta,tensor,mixed,g2s_then_s2g,batched,same_map,4096,1,2,0,263,460,cycles,230.0,7.1875,17.808696,,intra_cta_tensor_mixed_g2s_then_s2g_batched_same_map_4096_1,data/ventus/V3.10/multi_context/mixed_direction/mixed/20260803T103017Z__v3__e1a866548aad/raw.csv
ventus,v3,mixed_direction,intra_cta,tensor,mixed,s2g_then_g2s,batched,same_map,4096,1,2,0,260,426,cycles,213.0,6.65625,19.230047,,intra_cta_tensor_mixed_s2g_then_g2s_batched_same_map_4096_1,data/ventus/V3.10/multi_context/mixed_direction/mixed/20260803T103017Z__v3__e1a866548aad/raw.csv
ventus,v3,mixed_direction,intra_cta,tensor,mixed,alternating,batched,same_map,4096,1,2,1,181,412,cycles,206.0,6.4375,19.883495,,intra_cta_tensor_mixed_alternating_batched_same_map_4096_1,data/ventus/V3.10/multi_context/mixed_direction/mixed/20260803T103017Z__v3__e1a866548aad/raw.csv
ventus,v3,mixed_direction,intra_cta,tensor,mixed,g2s_then_s2g,batched,same_map,4096,1,2,1,259,449,cycles,224.5,7.015625,18.244989,,intra_cta_tensor_mixed_g2s_then_s2g_batched_same_map_4096_1,data/ventus/V3.10/multi_context/mixed_direction/mixed/20260803T103017Z__v3__e1a866548aad/raw.csv
ventus,v3,mixed_direction,intra_cta,tensor,mixed,s2g_then_g2s,batched,same_map,4096,1,2,1,268,403,cycles,201.5,6.296875,20.327543,,intra_cta_tensor_mixed_s2g_then_g2s_batched_same_map_4096_1,data/ventus/V3.10/multi_context/mixed_direction/mixed/20260803T103017Z__v3__e1a866548aad/raw.csv
h100,v3,mixed_direction,intra_cta,tensor,mixed,alternating,batched,same_map,4096,2,4,0,531,1074,cycles,268.5,8.390625,15.255121,,mixed_direction|intra_cta|tensor|mixed|alternating|batched|same_map|4096|2|4||||,data/h100/cuda-13.3-sm90/multi_context/mixed_direction/mixed/20260803T092443Z__v3__c462b34c8090/attempt_01.csv
h100,v3,mixed_direction,intra_cta,tensor,mixed,g2s_then_s2g,batched,same_map,4096,2,4,0,660,1249,cycles,312.25,9.757812,13.117694,,mixed_direction|intra_cta|tensor|mixed|g2s_then_s2g|batched|same_map|4096|2|4||||,data/h100/cuda-13.3-sm90/multi_context/mixed_direction/mixed/20260803T092443Z__v3__c462b34c8090/attempt_01.csv
h100,v3,mixed_direction,intra_cta,tensor,mixed,s2g_then_g2s,batched,same_map,4096,2,4,0,687,1452,cycles,363.0,11.34375,11.283747,,mixed_direction|intra_cta|tensor|mixed|s2g_then_g2s|batched|same_map|4096|2|4||||,data/h100/cuda-13.3-sm90/multi_context/mixed_direction/mixed/20260803T092443Z__v3__c462b34c8090/attempt_01.csv
h100,v3,mixed_direction,intra_cta,tensor,mixed,alternating,batched,same_map,4096,2,4,1,539,856,cycles,214.0,6.6875,19.140187,,mixed_direction|intra_cta|tensor|mixed|alternating|batched|same_map|4096|2|4||||,data/h100/cuda-13.3-sm90/multi_context/mixed_direction/mixed/20260803T092443Z__v3__c462b34c8090/attempt_01.csv
h100,v3,mixed_direction,intra_cta,tensor,mixed,g2s_then_s2g,batched,same_map,4096,2,4,1,670,1035,cycles,258.75,8.085938,15.829952,,mixed_direction|intra_cta|tensor|mixed|g2s_then_s2g|batched|same_map|4096|2|4||||,data/h100/cuda-13.3-sm90/multi_context/mixed_direction/mixed/20260803T092443Z__v3__c462b34c8090/attempt_01.csv
h100,v3,mixed_direction,intra_cta,tensor,mixed,s2g_then_g2s,batched,same_map,4096,2,4,1,698,1068,cycles,267.0,8.34375,15.340824,,mixed_direction|intra_cta|tensor|mixed|s2g_then_g2s|batched|same_map|4096|2|4||||,data/h100/cuda-13.3-sm90/multi_context/mixed_direction/mixed/20260803T092443Z__v3__c462b34c8090/attempt_01.csv
b200,v3,mixed_direction,intra_cta,tensor,mixed,alternating,batched,same_map,4096,2,4,0,617,1270,cycles,317.5,9.921875,12.900787,,mixed_direction|intra_cta|tensor|mixed|alternating|batched|same_map|4096|2|4||||,data/b200/cuda-13.3-sm100/multi_context/mixed_direction/mixed/20260803T094309Z__v3__206fc377d643/attempt_01.csv
b200,v3,mixed_direction,intra_cta,tensor,mixed,g2s_then_s2g,batched,same_map,4096,2,4,0,694,1362,cycles,340.5,10.640625,12.029369,,mixed_direction|intra_cta|tensor|mixed|g2s_then_s2g|batched|same_map|4096|2|4||||,data/b200/cuda-13.3-sm100/multi_context/mixed_direction/mixed/20260803T094309Z__v3__206fc377d643/attempt_01.csv
b200,v3,mixed_direction,intra_cta,tensor,mixed,s2g_then_g2s,batched,same_map,4096,2,4,0,690,1364,cycles,341.0,10.65625,12.01173,,mixed_direction|intra_cta|tensor|mixed|s2g_then_g2s|batched|same_map|4096|2|4||||,data/b200/cuda-13.3-sm100/multi_context/mixed_direction/mixed/20260803T094309Z__v3__206fc377d643/attempt_01.csv
b200,v3,mixed_direction,intra_cta,tensor,mixed,alternating,batched,same_map,4096,2,4,1,565,877,cycles,219.25,6.851562,18.68187,,mixed_direction|intra_cta|tensor|mixed|alternating|batched|same_map|4096|2|4||||,data/b200/cuda-13.3-sm100/multi_context/mixed_direction/mixed/20260803T094309Z__v3__206fc377d643/attempt_01.csv
b200,v3,mixed_direction,intra_cta,tensor,mixed,g2s_then_s2g,batched,same_map,4096,2,4,1,646,1012,cycles,253.0,7.90625,16.189723,,mixed_direction|intra_cta|tensor|mixed|g2s_then_s2g|batched|same_map|4096|2|4||||,data/b200/cuda-13.3-sm100/multi_context/mixed_direction/mixed/20260803T094309Z__v3__206fc377d643/attempt_01.csv
b200,v3,mixed_direction,intra_cta,tensor,mixed,s2g_then_g2s,batched,same_map,4096,2,4,1,674,1085,cycles,271.25,8.476562,15.100461,,mixed_direction|intra_cta|tensor|mixed|s2g_then_g2s|batched|same_map|4096|2|4||||,data/b200/cuda-13.3-sm100/multi_context/mixed_direction/mixed/20260803T094309Z__v3__206fc377d643/attempt_01.csv
h100,v3,mixed_direction,intra_cta,tensor,mixed,alternating,batched,same_map,4096,4,8,0,795,1581,cycles,197.625,6.175781,20.726123,,mixed_direction|intra_cta|tensor|mixed|alternating|batched|same_map|4096|4|8||||,data/h100/cuda-13.3-sm90/multi_context/mixed_direction/mixed/20260803T092443Z__v3__c462b34c8090/attempt_01.csv
h100,v3,mixed_direction,intra_cta,tensor,mixed,g2s_then_s2g,batched,same_map,4096,4,8,0,886,1858,cycles,232.25,7.257812,17.636168,,mixed_direction|intra_cta|tensor|mixed|g2s_then_s2g|batched|same_map|4096|4|8||||,data/h100/cuda-13.3-sm90/multi_context/mixed_direction/mixed/20260803T092443Z__v3__c462b34c8090/attempt_01.csv
h100,v3,mixed_direction,intra_cta,tensor,mixed,s2g_then_g2s,batched,same_map,4096,4,8,0,965,1915,cycles,239.375,7.480469,17.111227,,mixed_direction|intra_cta|tensor|mixed|s2g_then_g2s|batched|same_map|4096|4|8||||,data/h100/cuda-13.3-sm90/multi_context/mixed_direction/mixed/20260803T092443Z__v3__c462b34c8090/attempt_01.csv
h100,v3,mixed_direction,intra_cta,tensor,mixed,alternating,batched,same_map,4096,4,8,1,762,1350,cycles,168.75,5.273438,24.272593,,mixed_direction|intra_cta|tensor|mixed|alternating|batched|same_map|4096|4|8||||,data/h100/cuda-13.3-sm90/multi_context/mixed_direction/mixed/20260803T092443Z__v3__c462b34c8090/attempt_01.csv
h100,v3,mixed_direction,intra_cta,tensor,mixed,g2s_then_s2g,batched,same_map,4096,4,8,1,869,1595,cycles,199.375,6.230469,20.544201,,mixed_direction|intra_cta|tensor|mixed|g2s_then_s2g|batched|same_map|4096|4|8||||,data/h100/cuda-13.3-sm90/multi_context/mixed_direction/mixed/20260803T092443Z__v3__c462b34c8090/attempt_01.csv
h100,v3,mixed_direction,intra_cta,tensor,mixed,s2g_then_g2s,batched,same_map,4096,4,8,1,887,1439,cycles,179.875,5.621094,22.771369,,mixed_direction|intra_cta|tensor|mixed|s2g_then_g2s|batched|same_map|4096|4|8||||,data/h100/cuda-13.3-sm90/multi_context/mixed_direction/mixed/20260803T092443Z__v3__c462b34c8090/attempt_01.csv
b200,v3,mixed_direction,intra_cta,tensor,mixed,alternating,batched,same_map,4096,4,8,0,791,1685,cycles,210.625,6.582031,19.446884,,mixed_direction|intra_cta|tensor|mixed|alternating|batched|same_map|4096|4|8||||,data/b200/cuda-13.3-sm100/multi_context/mixed_direction/mixed/20260803T094309Z__v3__206fc377d643/attempt_01.csv
b200,v3,mixed_direction,intra_cta,tensor,mixed,g2s_then_s2g,batched,same_map,4096,4,8,0,924,1947,cycles,243.375,7.605469,16.829995,,mixed_direction|intra_cta|tensor|mixed|g2s_then_s2g|batched|same_map|4096|4|8||||,data/b200/cuda-13.3-sm100/multi_context/mixed_direction/mixed/20260803T094309Z__v3__206fc377d643/attempt_01.csv
b200,v3,mixed_direction,intra_cta,tensor,mixed,s2g_then_g2s,batched,same_map,4096,4,8,0,976,1828,cycles,228.5,7.140625,17.925602,,mixed_direction|intra_cta|tensor|mixed|s2g_then_g2s|batched|same_map|4096|4|8||||,data/b200/cuda-13.3-sm100/multi_context/mixed_direction/mixed/20260803T094309Z__v3__206fc377d643/attempt_01.csv
b200,v3,mixed_direction,intra_cta,tensor,mixed,alternating,batched,same_map,4096,4,8,1,772,1345,cycles,168.125,5.253906,24.362825,,mixed_direction|intra_cta|tensor|mixed|alternating|batched|same_map|4096|4|8||||,data/b200/cuda-13.3-sm100/multi_context/mixed_direction/mixed/20260803T094309Z__v3__206fc377d643/attempt_01.csv
b200,v3,mixed_direction,intra_cta,tensor,mixed,g2s_then_s2g,batched,same_map,4096,4,8,1,918,1614,cycles,201.75,6.304688,20.302354,,mixed_direction|intra_cta|tensor|mixed|g2s_then_s2g|batched|same_map|4096|4|8||||,data/b200/cuda-13.3-sm100/multi_context/mixed_direction/mixed/20260803T094309Z__v3__206fc377d643/attempt_01.csv
b200,v3,mixed_direction,intra_cta,tensor,mixed,s2g_then_g2s,batched,same_map,4096,4,8,1,926,1519,cycles,189.875,5.933594,21.572087,,mixed_direction|intra_cta|tensor|mixed|s2g_then_g2s|batched|same_map|4096|4|8||||,data/b200/cuda-13.3-sm100/multi_context/mixed_direction/mixed/20260803T094309Z__v3__206fc377d643/attempt_01.csv
h100,v3,mixed_direction,intra_cta,tensor,mixed,alternating,batched,same_map,4096,8,16,0,1505,2655,cycles,165.9375,5.185547,24.683992,,mixed_direction|intra_cta|tensor|mixed|alternating|batched|same_map|4096|8|16||||,data/h100/cuda-13.3-sm90/multi_context/mixed_direction/mixed/20260803T092443Z__v3__c462b34c8090/attempt_01.csv
h100,v3,mixed_direction,intra_cta,tensor,mixed,g2s_then_s2g,batched,same_map,4096,8,16,0,1769,3086,cycles,192.875,6.027344,21.236552,,mixed_direction|intra_cta|tensor|mixed|g2s_then_s2g|batched|same_map|4096|8|16||||,data/h100/cuda-13.3-sm90/multi_context/mixed_direction/mixed/20260803T092443Z__v3__c462b34c8090/attempt_01.csv
h100,v3,mixed_direction,intra_cta,tensor,mixed,s2g_then_g2s,batched,same_map,4096,8,16,0,1783,2699,cycles,168.6875,5.271484,24.281586,,mixed_direction|intra_cta|tensor|mixed|s2g_then_g2s|batched|same_map|4096|8|16||||,data/h100/cuda-13.3-sm90/multi_context/mixed_direction/mixed/20260803T092443Z__v3__c462b34c8090/attempt_01.csv
h100,v3,mixed_direction,intra_cta,tensor,mixed,alternating,batched,same_map,4096,8,16,1,1230,2370,cycles,148.125,4.628906,27.652321,,mixed_direction|intra_cta|tensor|mixed|alternating|batched|same_map|4096|8|16||||,data/h100/cuda-13.3-sm90/multi_context/mixed_direction/mixed/20260803T092443Z__v3__c462b34c8090/attempt_01.csv
h100,v3,mixed_direction,intra_cta,tensor,mixed,g2s_then_s2g,batched,same_map,4096,8,16,1,1467,2784,cycles,174.0,5.4375,23.54023,,mixed_direction|intra_cta|tensor|mixed|g2s_then_s2g|batched|same_map|4096|8|16||||,data/h100/cuda-13.3-sm90/multi_context/mixed_direction/mixed/20260803T092443Z__v3__c462b34c8090/attempt_01.csv
h100,v3,mixed_direction,intra_cta,tensor,mixed,s2g_then_g2s,batched,same_map,4096,8,16,1,1523,2439,cycles,152.4375,4.763672,26.870029,,mixed_direction|intra_cta|tensor|mixed|s2g_then_g2s|batched|same_map|4096|8|16||||,data/h100/cuda-13.3-sm90/multi_context/mixed_direction/mixed/20260803T092443Z__v3__c462b34c8090/attempt_01.csv
b200,v3,mixed_direction,intra_cta,tensor,mixed,alternating,batched,same_map,4096,8,16,0,1312,2730,cycles,170.625,5.332031,24.005861,,mixed_direction|intra_cta|tensor|mixed|alternating|batched|same_map|4096|8|16||||,data/b200/cuda-13.3-sm100/multi_context/mixed_direction/mixed/20260803T094309Z__v3__206fc377d643/attempt_01.csv
b200,v3,mixed_direction,intra_cta,tensor,mixed,g2s_then_s2g,batched,same_map,4096,8,16,0,1514,3121,cycles,195.0625,6.095703,20.998398,,mixed_direction|intra_cta|tensor|mixed|g2s_then_s2g|batched|same_map|4096|8|16||||,data/b200/cuda-13.3-sm100/multi_context/mixed_direction/mixed/20260803T094309Z__v3__206fc377d643/attempt_01.csv
b200,v3,mixed_direction,intra_cta,tensor,mixed,s2g_then_g2s,batched,same_map,4096,8,16,0,1597,2724,cycles,170.25,5.320312,24.058737,,mixed_direction|intra_cta|tensor|mixed|s2g_then_g2s|batched|same_map|4096|8|16||||,data/b200/cuda-13.3-sm100/multi_context/mixed_direction/mixed/20260803T094309Z__v3__206fc377d643/attempt_01.csv
b200,v3,mixed_direction,intra_cta,tensor,mixed,alternating,batched,same_map,4096,8,16,1,1254,2365,cycles,147.8125,4.619141,27.710782,,mixed_direction|intra_cta|tensor|mixed|alternating|batched|same_map|4096|8|16||||,data/b200/cuda-13.3-sm100/multi_context/mixed_direction/mixed/20260803T094309Z__v3__206fc377d643/attempt_01.csv
b200,v3,mixed_direction,intra_cta,tensor,mixed,g2s_then_s2g,batched,same_map,4096,8,16,1,1443,2815,cycles,175.9375,5.498047,23.280995,,mixed_direction|intra_cta|tensor|mixed|g2s_then_s2g|batched|same_map|4096|8|16||||,data/b200/cuda-13.3-sm100/multi_context/mixed_direction/mixed/20260803T094309Z__v3__206fc377d643/attempt_01.csv
b200,v3,mixed_direction,intra_cta,tensor,mixed,s2g_then_g2s,batched,same_map,4096,8,16,1,1441,2398,cycles,149.875,4.683594,27.329441,,mixed_direction|intra_cta|tensor|mixed|s2g_then_g2s|batched|same_map|4096|8|16||||,data/b200/cuda-13.3-sm100/multi_context/mixed_direction/mixed/20260803T094309Z__v3__206fc377d643/attempt_01.csv
h100,v3,mixed_direction,intra_cta,tensor,mixed,alternating,batched,same_map,4096,16,32,0,2806,4684,cycles,146.375,4.574219,27.982921,,mixed_direction|intra_cta|tensor|mixed|alternating|batched|same_map|4096|16|32||||,data/h100/cuda-13.3-sm90/multi_context/mixed_direction/mixed/20260803T092443Z__v3__c462b34c8090/attempt_01.csv
h100,v3,mixed_direction,intra_cta,tensor,mixed,g2s_then_s2g,batched,same_map,4096,16,32,0,3401,5446,cycles,170.1875,5.318359,24.067573,,mixed_direction|intra_cta|tensor|mixed|g2s_then_s2g|batched|same_map|4096|16|32||||,data/h100/cuda-13.3-sm90/multi_context/mixed_direction/mixed/20260803T092443Z__v3__c462b34c8090/attempt_01.csv
h100,v3,mixed_direction,intra_cta,tensor,mixed,s2g_then_g2s,batched,same_map,4096,16,32,0,3453,4934,cycles,154.1875,4.818359,26.565059,,mixed_direction|intra_cta|tensor|mixed|s2g_then_g2s|batched|same_map|4096|16|32||||,data/h100/cuda-13.3-sm90/multi_context/mixed_direction/mixed/20260803T092443Z__v3__c462b34c8090/attempt_01.csv
h100,v3,mixed_direction,intra_cta,tensor,mixed,alternating,batched,same_map,4096,16,32,1,2532,4410,cycles,137.8125,4.306641,29.721542,,mixed_direction|intra_cta|tensor|mixed|alternating|batched|same_map|4096|16|32||||,data/h100/cuda-13.3-sm90/multi_context/mixed_direction/mixed/20260803T092443Z__v3__c462b34c8090/attempt_01.csv
h100,v3,mixed_direction,intra_cta,tensor,mixed,g2s_then_s2g,batched,same_map,4096,16,32,1,3117,5162,cycles,161.3125,5.041016,25.391709,,mixed_direction|intra_cta|tensor|mixed|g2s_then_s2g|batched|same_map|4096|16|32||||,data/h100/cuda-13.3-sm90/multi_context/mixed_direction/mixed/20260803T092443Z__v3__c462b34c8090/attempt_01.csv
h100,v3,mixed_direction,intra_cta,tensor,mixed,s2g_then_g2s,batched,same_map,4096,16,32,1,3169,4650,cycles,145.3125,4.541016,28.187527,,mixed_direction|intra_cta|tensor|mixed|s2g_then_g2s|batched|same_map|4096|16|32||||,data/h100/cuda-13.3-sm90/multi_context/mixed_direction/mixed/20260803T092443Z__v3__c462b34c8090/attempt_01.csv
b200,v3,mixed_direction,intra_cta,tensor,mixed,alternating,batched,same_map,4096,16,32,0,2639,4785,cycles,149.53125,4.672852,27.392268,,mixed_direction|intra_cta|tensor|mixed|alternating|batched|same_map|4096|16|32||||,data/b200/cuda-13.3-sm100/multi_context/mixed_direction/mixed/20260803T094309Z__v3__206fc377d643/attempt_01.csv
b200,v3,mixed_direction,intra_cta,tensor,mixed,g2s_then_s2g,batched,same_map,4096,16,32,0,3169,5504,cycles,172.0,5.375,23.813953,,mixed_direction|intra_cta|tensor|mixed|g2s_then_s2g|batched|same_map|4096|16|32||||,data/b200/cuda-13.3-sm100/multi_context/mixed_direction/mixed/20260803T094309Z__v3__206fc377d643/attempt_01.csv
b200,v3,mixed_direction,intra_cta,tensor,mixed,s2g_then_g2s,batched,same_map,4096,16,32,0,3306,4853,cycles,151.65625,4.739258,27.008448,,mixed_direction|intra_cta|tensor|mixed|s2g_then_g2s|batched|same_map|4096|16|32||||,data/b200/cuda-13.3-sm100/multi_context/mixed_direction/mixed/20260803T094309Z__v3__206fc377d643/attempt_01.csv
b200,v3,mixed_direction,intra_cta,tensor,mixed,alternating,batched,same_map,4096,16,32,1,2324,4405,cycles,137.65625,4.301758,29.755278,,mixed_direction|intra_cta|tensor|mixed|alternating|batched|same_map|4096|16|32||||,data/b200/cuda-13.3-sm100/multi_context/mixed_direction/mixed/20260803T094309Z__v3__206fc377d643/attempt_01.csv
b200,v3,mixed_direction,intra_cta,tensor,mixed,g2s_then_s2g,batched,same_map,4096,16,32,1,2947,5217,cycles,163.03125,5.094727,25.124018,,mixed_direction|intra_cta|tensor|mixed|g2s_then_s2g|batched|same_map|4096|16|32||||,data/b200/cuda-13.3-sm100/multi_context/mixed_direction/mixed/20260803T094309Z__v3__206fc377d643/attempt_01.csv
b200,v3,mixed_direction,intra_cta,tensor,mixed,s2g_then_g2s,batched,same_map,4096,16,32,1,2991,4473,cycles,139.78125,4.368164,29.302929,,mixed_direction|intra_cta|tensor|mixed|s2g_then_g2s|batched|same_map|4096|16|32||||,data/b200/cuda-13.3-sm100/multi_context/mixed_direction/mixed/20260803T094309Z__v3__206fc377d643/attempt_01.csv
h100,v3,mixed_direction,intra_cta,tensor,mixed,alternating,serial,distinct_map,4096,1,2,0,1402,1429,cycles,714.5,22.328125,5.73268,,mixed_direction|intra_cta|tensor|mixed|alternating|serial|distinct_map|4096|1|2||||,data/h100/cuda-13.3-sm90/multi_context/mixed_direction/mixed/20260803T092443Z__v3__c462b34c8090/attempt_01.csv
h100,v3,mixed_direction,intra_cta,tensor,mixed,g2s_then_s2g,serial,distinct_map,4096,1,2,0,1391,1418,cycles,709.0,22.15625,5.777151,,mixed_direction|intra_cta|tensor|mixed|g2s_then_s2g|serial|distinct_map|4096|1|2||||,data/h100/cuda-13.3-sm90/multi_context/mixed_direction/mixed/20260803T092443Z__v3__c462b34c8090/attempt_01.csv
h100,v3,mixed_direction,intra_cta,tensor,mixed,s2g_then_g2s,serial,distinct_map,4096,1,2,0,1358,1385,cycles,692.5,21.640625,5.914801,,mixed_direction|intra_cta|tensor|mixed|s2g_then_g2s|serial|distinct_map|4096|1|2||||,data/h100/cuda-13.3-sm90/multi_context/mixed_direction/mixed/20260803T092443Z__v3__c462b34c8090/attempt_01.csv
h100,v3,mixed_direction,intra_cta,tensor,mixed,alternating,serial,distinct_map,4096,1,2,1,824,841,cycles,420.5,13.140625,9.740785,,mixed_direction|intra_cta|tensor|mixed|alternating|serial|distinct_map|4096|1|2||||,data/h100/cuda-13.3-sm90/multi_context/mixed_direction/mixed/20260803T092443Z__v3__c462b34c8090/attempt_01.csv
h100,v3,mixed_direction,intra_cta,tensor,mixed,g2s_then_s2g,serial,distinct_map,4096,1,2,1,818,835,cycles,417.5,13.046875,9.810778,,mixed_direction|intra_cta|tensor|mixed|g2s_then_s2g|serial|distinct_map|4096|1|2||||,data/h100/cuda-13.3-sm90/multi_context/mixed_direction/mixed/20260803T092443Z__v3__c462b34c8090/attempt_01.csv
h100,v3,mixed_direction,intra_cta,tensor,mixed,s2g_then_g2s,serial,distinct_map,4096,1,2,1,796,813,cycles,406.5,12.703125,10.076261,,mixed_direction|intra_cta|tensor|mixed|s2g_then_g2s|serial|distinct_map|4096|1|2||||,data/h100/cuda-13.3-sm90/multi_context/mixed_direction/mixed/20260803T092443Z__v3__c462b34c8090/attempt_01.csv
b200,v3,mixed_direction,intra_cta,tensor,mixed,alternating,serial,distinct_map,4096,1,2,0,1542,1562,cycles,781.0,24.40625,5.244558,,mixed_direction|intra_cta|tensor|mixed|alternating|serial|distinct_map|4096|1|2||||,data/b200/cuda-13.3-sm100/multi_context/mixed_direction/mixed/20260803T094309Z__v3__206fc377d643/attempt_01.csv
b200,v3,mixed_direction,intra_cta,tensor,mixed,g2s_then_s2g,serial,distinct_map,4096,1,2,0,1527,1547,cycles,773.5,24.171875,5.29541,,mixed_direction|intra_cta|tensor|mixed|g2s_then_s2g|serial|distinct_map|4096|1|2||||,data/b200/cuda-13.3-sm100/multi_context/mixed_direction/mixed/20260803T094309Z__v3__206fc377d643/attempt_01.csv
b200,v3,mixed_direction,intra_cta,tensor,mixed,s2g_then_g2s,serial,distinct_map,4096,1,2,0,1444,1477,cycles,738.5,23.078125,5.546378,,mixed_direction|intra_cta|tensor|mixed|s2g_then_g2s|serial|distinct_map|4096|1|2||||,data/b200/cuda-13.3-sm100/multi_context/mixed_direction/mixed/20260803T094309Z__v3__206fc377d643/attempt_01.csv
b200,v3,mixed_direction,intra_cta,tensor,mixed,alternating,serial,distinct_map,4096,1,2,1,951,971,cycles,485.5,15.171875,8.436663,,mixed_direction|intra_cta|tensor|mixed|alternating|serial|distinct_map|4096|1|2||||,data/b200/cuda-13.3-sm100/multi_context/mixed_direction/mixed/20260803T094309Z__v3__206fc377d643/attempt_01.csv
b200,v3,mixed_direction,intra_cta,tensor,mixed,g2s_then_s2g,serial,distinct_map,4096,1,2,1,951,971,cycles,485.5,15.171875,8.436663,,mixed_direction|intra_cta|tensor|mixed|g2s_then_s2g|serial|distinct_map|4096|1|2||||,data/b200/cuda-13.3-sm100/multi_context/mixed_direction/mixed/20260803T094309Z__v3__206fc377d643/attempt_01.csv
b200,v3,mixed_direction,intra_cta,tensor,mixed,s2g_then_g2s,serial,distinct_map,4096,1,2,1,855,875,cycles,437.5,13.671875,9.362286,,mixed_direction|intra_cta|tensor|mixed|s2g_then_g2s|serial|distinct_map|4096|1|2||||,data/b200/cuda-13.3-sm100/multi_context/mixed_direction/mixed/20260803T094309Z__v3__206fc377d643/attempt_01.csv
ventus,v3,mixed_direction,intra_cta,tensor,mixed,alternating,serial,distinct_map,4096,1,2,0,488,496,cycles,248.0,7.75,16.516129,,intra_cta_tensor_mixed_alternating_serial_distinct_map_4096_1,data/ventus/V3.10/multi_context/mixed_direction/mixed/20260803T103017Z__v3__e1a866548aad/raw.csv
ventus,v3,mixed_direction,intra_cta,tensor,mixed,g2s_then_s2g,serial,distinct_map,4096,1,2,0,568,576,cycles,288.0,9.0,14.222222,,intra_cta_tensor_mixed_g2s_then_s2g_serial_distinct_map_4096_1,data/ventus/V3.10/multi_context/mixed_direction/mixed/20260803T103017Z__v3__e1a866548aad/raw.csv
ventus,v3,mixed_direction,intra_cta,tensor,mixed,s2g_then_g2s,serial,distinct_map,4096,1,2,0,568,576,cycles,288.0,9.0,14.222222,,intra_cta_tensor_mixed_s2g_then_g2s_serial_distinct_map_4096_1,data/ventus/V3.10/multi_context/mixed_direction/mixed/20260803T103017Z__v3__e1a866548aad/raw.csv
ventus,v3,mixed_direction,intra_cta,tensor,mixed,alternating,serial,distinct_map,4096,1,2,1,454,462,cycles,231.0,7.21875,17.731602,,intra_cta_tensor_mixed_alternating_serial_distinct_map_4096_1,data/ventus/V3.10/multi_context/mixed_direction/mixed/20260803T103017Z__v3__e1a866548aad/raw.csv
ventus,v3,mixed_direction,intra_cta,tensor,mixed,g2s_then_s2g,serial,distinct_map,4096,1,2,1,534,542,cycles,271.0,8.46875,15.114391,,intra_cta_tensor_mixed_g2s_then_s2g_serial_distinct_map_4096_1,data/ventus/V3.10/multi_context/mixed_direction/mixed/20260803T103017Z__v3__e1a866548aad/raw.csv
ventus,v3,mixed_direction,intra_cta,tensor,mixed,s2g_then_g2s,serial,distinct_map,4096,1,2,1,534,542,cycles,271.0,8.46875,15.114391,,intra_cta_tensor_mixed_s2g_then_g2s_serial_distinct_map_4096_1,data/ventus/V3.10/multi_context/mixed_direction/mixed/20260803T103017Z__v3__e1a866548aad/raw.csv
h100,v3,mixed_direction,intra_cta,tensor,mixed,alternating,serial,distinct_map,4096,2,4,0,2690,2707,cycles,676.75,21.148438,6.052457,,mixed_direction|intra_cta|tensor|mixed|alternating|serial|distinct_map|4096|2|4||||,data/h100/cuda-13.3-sm90/multi_context/mixed_direction/mixed/20260803T092443Z__v3__c462b34c8090/attempt_01.csv
h100,v3,mixed_direction,intra_cta,tensor,mixed,g2s_then_s2g,serial,distinct_map,4096,2,4,0,2692,2709,cycles,677.25,21.164062,6.047988,,mixed_direction|intra_cta|tensor|mixed|g2s_then_s2g|serial|distinct_map|4096|2|4||||,data/h100/cuda-13.3-sm90/multi_context/mixed_direction/mixed/20260803T092443Z__v3__c462b34c8090/attempt_01.csv
h100,v3,mixed_direction,intra_cta,tensor,mixed,s2g_then_g2s,serial,distinct_map,4096,2,4,0,2667,2684,cycles,671.0,20.96875,6.104322,,mixed_direction|intra_cta|tensor|mixed|s2g_then_g2s|serial|distinct_map|4096|2|4||||,data/h100/cuda-13.3-sm90/multi_context/mixed_direction/mixed/20260803T092443Z__v3__c462b34c8090/attempt_01.csv
h100,v3,mixed_direction,intra_cta,tensor,mixed,alternating,serial,distinct_map,4096,2,4,1,1574,1591,cycles,397.75,12.429688,10.297926,,mixed_direction|intra_cta|tensor|mixed|alternating|serial|distinct_map|4096|2|4||||,data/h100/cuda-13.3-sm90/multi_context/mixed_direction/mixed/20260803T092443Z__v3__c462b34c8090/attempt_01.csv
h100,v3,mixed_direction,intra_cta,tensor,mixed,g2s_then_s2g,serial,distinct_map,4096,2,4,1,1577,1594,cycles,398.5,12.453125,10.278545,,mixed_direction|intra_cta|tensor|mixed|g2s_then_s2g|serial|distinct_map|4096|2|4||||,data/h100/cuda-13.3-sm90/multi_context/mixed_direction/mixed/20260803T092443Z__v3__c462b34c8090/attempt_01.csv
h100,v3,mixed_direction,intra_cta,tensor,mixed,s2g_then_g2s,serial,distinct_map,4096,2,4,1,1533,1550,cycles,387.5,12.109375,10.570323,,mixed_direction|intra_cta|tensor|mixed|s2g_then_g2s|serial|distinct_map|4096|2|4||||,data/h100/cuda-13.3-sm90/multi_context/mixed_direction/mixed/20260803T092443Z__v3__c462b34c8090/attempt_01.csv
b200,v3,mixed_direction,intra_cta,tensor,mixed,alternating,serial,distinct_map,4096,2,4,0,3000,3020,cycles,755.0,23.59375,5.425166,,mixed_direction|intra_cta|tensor|mixed|alternating|serial|distinct_map|4096|2|4||||,data/b200/cuda-13.3-sm100/multi_context/mixed_direction/mixed/20260803T094309Z__v3__206fc377d643/attempt_01.csv
b200,v3,mixed_direction,intra_cta,tensor,mixed,g2s_then_s2g,serial,distinct_map,4096,2,4,0,2982,3002,cycles,750.5,23.453125,5.457695,,mixed_direction|intra_cta|tensor|mixed|g2s_then_s2g|serial|distinct_map|4096|2|4||||,data/b200/cuda-13.3-sm100/multi_context/mixed_direction/mixed/20260803T094309Z__v3__206fc377d643/attempt_01.csv
b200,v3,mixed_direction,intra_cta,tensor,mixed,s2g_then_g2s,serial,distinct_map,4096,2,4,0,2789,2822,cycles,705.5,22.046875,5.805811,,mixed_direction|intra_cta|tensor|mixed|s2g_then_g2s|serial|distinct_map|4096|2|4||||,data/b200/cuda-13.3-sm100/multi_context/mixed_direction/mixed/20260803T094309Z__v3__206fc377d643/attempt_01.csv
b200,v3,mixed_direction,intra_cta,tensor,mixed,alternating,serial,distinct_map,4096,2,4,1,1821,1841,cycles,460.25,14.382812,8.899511,,mixed_direction|intra_cta|tensor|mixed|alternating|serial|distinct_map|4096|2|4||||,data/b200/cuda-13.3-sm100/multi_context/mixed_direction/mixed/20260803T094309Z__v3__206fc377d643/attempt_01.csv
b200,v3,mixed_direction,intra_cta,tensor,mixed,g2s_then_s2g,serial,distinct_map,4096,2,4,1,1821,1841,cycles,460.25,14.382812,8.899511,,mixed_direction|intra_cta|tensor|mixed|g2s_then_s2g|serial|distinct_map|4096|2|4||||,data/b200/cuda-13.3-sm100/multi_context/mixed_direction/mixed/20260803T094309Z__v3__206fc377d643/attempt_01.csv
b200,v3,mixed_direction,intra_cta,tensor,mixed,s2g_then_g2s,serial,distinct_map,4096,2,4,1,1779,1799,cycles,449.75,14.054688,9.107282,,mixed_direction|intra_cta|tensor|mixed|s2g_then_g2s|serial|distinct_map|4096|2|4||||,data/b200/cuda-13.3-sm100/multi_context/mixed_direction/mixed/20260803T094309Z__v3__206fc377d643/attempt_01.csv
h100,v3,mixed_direction,intra_cta,tensor,mixed,alternating,serial,distinct_map,4096,4,8,0,5306,5323,cycles,665.375,20.792969,6.155927,,mixed_direction|intra_cta|tensor|mixed|alternating|serial|distinct_map|4096|4|8||||,data/h100/cuda-13.3-sm90/multi_context/mixed_direction/mixed/20260803T092443Z__v3__c462b34c8090/attempt_01.csv
h100,v3,mixed_direction,intra_cta,tensor,mixed,g2s_then_s2g,serial,distinct_map,4096,4,8,0,5308,5325,cycles,665.625,20.800781,6.153615,,mixed_direction|intra_cta|tensor|mixed|g2s_then_s2g|serial|distinct_map|4096|4|8||||,data/h100/cuda-13.3-sm90/multi_context/mixed_direction/mixed/20260803T092443Z__v3__c462b34c8090/attempt_01.csv
h100,v3,mixed_direction,intra_cta,tensor,mixed,s2g_then_g2s,serial,distinct_map,4096,4,8,0,5236,5253,cycles,656.625,20.519531,6.237959,,mixed_direction|intra_cta|tensor|mixed|s2g_then_g2s|serial|distinct_map|4096|4|8||||,data/h100/cuda-13.3-sm90/multi_context/mixed_direction/mixed/20260803T092443Z__v3__c462b34c8090/attempt_01.csv
h100,v3,mixed_direction,intra_cta,tensor,mixed,alternating,serial,distinct_map,4096,4,8,1,3092,3109,cycles,388.625,12.144531,10.539723,,mixed_direction|intra_cta|tensor|mixed|alternating|serial|distinct_map|4096|4|8||||,data/h100/cuda-13.3-sm90/multi_context/mixed_direction/mixed/20260803T092443Z__v3__c462b34c8090/attempt_01.csv
h100,v3,mixed_direction,intra_cta,tensor,mixed,g2s_then_s2g,serial,distinct_map,4096,4,8,1,3092,3109,cycles,388.625,12.144531,10.539723,,mixed_direction|intra_cta|tensor|mixed|g2s_then_s2g|serial|distinct_map|4096|4|8||||,data/h100/cuda-13.3-sm90/multi_context/mixed_direction/mixed/20260803T092443Z__v3__c462b34c8090/attempt_01.csv
h100,v3,mixed_direction,intra_cta,tensor,mixed,s2g_then_g2s,serial,distinct_map,4096,4,8,1,3005,3022,cycles,377.75,11.804688,10.84315,,mixed_direction|intra_cta|tensor|mixed|s2g_then_g2s|serial|distinct_map|4096|4|8||||,data/h100/cuda-13.3-sm90/multi_context/mixed_direction/mixed/20260803T092443Z__v3__c462b34c8090/attempt_01.csv
b200,v3,mixed_direction,intra_cta,tensor,mixed,alternating,serial,distinct_map,4096,4,8,0,5795,5815,cycles,726.875,22.714844,5.635082,,mixed_direction|intra_cta|tensor|mixed|alternating|serial|distinct_map|4096|4|8||||,data/b200/cuda-13.3-sm100/multi_context/mixed_direction/mixed/20260803T094309Z__v3__206fc377d643/attempt_01.csv
b200,v3,mixed_direction,intra_cta,tensor,mixed,g2s_then_s2g,serial,distinct_map,4096,4,8,0,5840,5860,cycles,732.5,22.890625,5.591809,,mixed_direction|intra_cta|tensor|mixed|g2s_then_s2g|serial|distinct_map|4096|4|8||||,data/b200/cuda-13.3-sm100/multi_context/mixed_direction/mixed/20260803T094309Z__v3__206fc377d643/attempt_01.csv
b200,v3,mixed_direction,intra_cta,tensor,mixed,s2g_then_g2s,serial,distinct_map,4096,4,8,0,5616,5649,cycles,706.125,22.066406,5.800673,,mixed_direction|intra_cta|tensor|mixed|s2g_then_g2s|serial|distinct_map|4096|4|8||||,data/b200/cuda-13.3-sm100/multi_context/mixed_direction/mixed/20260803T094309Z__v3__206fc377d643/attempt_01.csv
b200,v3,mixed_direction,intra_cta,tensor,mixed,alternating,serial,distinct_map,4096,4,8,1,3561,3581,cycles,447.625,13.988281,9.150517,,mixed_direction|intra_cta|tensor|mixed|alternating|serial|distinct_map|4096|4|8||||,data/b200/cuda-13.3-sm100/multi_context/mixed_direction/mixed/20260803T094309Z__v3__206fc377d643/attempt_01.csv
b200,v3,mixed_direction,intra_cta,tensor,mixed,g2s_then_s2g,serial,distinct_map,4096,4,8,1,3561,3581,cycles,447.625,13.988281,9.150517,,mixed_direction|intra_cta|tensor|mixed|g2s_then_s2g|serial|distinct_map|4096|4|8||||,data/b200/cuda-13.3-sm100/multi_context/mixed_direction/mixed/20260803T094309Z__v3__206fc377d643/attempt_01.csv
b200,v3,mixed_direction,intra_cta,tensor,mixed,s2g_then_g2s,serial,distinct_map,4096,4,8,1,3477,3497,cycles,437.125,13.660156,9.370317,,mixed_direction|intra_cta|tensor|mixed|s2g_then_g2s|serial|distinct_map|4096|4|8||||,data/b200/cuda-13.3-sm100/multi_context/mixed_direction/mixed/20260803T094309Z__v3__206fc377d643/attempt_01.csv
h100,v3,mixed_direction,intra_cta,tensor,mixed,alternating,serial,distinct_map,4096,8,16,0,10531,10548,cycles,659.25,20.601562,6.213121,,mixed_direction|intra_cta|tensor|mixed|alternating|serial|distinct_map|4096|8|16||||,data/h100/cuda-13.3-sm90/multi_context/mixed_direction/mixed/20260803T092443Z__v3__c462b34c8090/attempt_01.csv
h100,v3,mixed_direction,intra_cta,tensor,mixed,g2s_then_s2g,serial,distinct_map,4096,8,16,0,10532,10549,cycles,659.3125,20.603516,6.212532,,mixed_direction|intra_cta|tensor|mixed|g2s_then_s2g|serial|distinct_map|4096|8|16||||,data/h100/cuda-13.3-sm90/multi_context/mixed_direction/mixed/20260803T092443Z__v3__c462b34c8090/attempt_01.csv
h100,v3,mixed_direction,intra_cta,tensor,mixed,s2g_then_g2s,serial,distinct_map,4096,8,16,0,10310,10327,cycles,645.4375,20.169922,6.346083,,mixed_direction|intra_cta|tensor|mixed|s2g_then_g2s|serial|distinct_map|4096|8|16||||,data/h100/cuda-13.3-sm90/multi_context/mixed_direction/mixed/20260803T092443Z__v3__c462b34c8090/attempt_01.csv
h100,v3,mixed_direction,intra_cta,tensor,mixed,alternating,serial,distinct_map,4096,8,16,1,6615,6632,cycles,414.5,12.953125,9.881785,,mixed_direction|intra_cta|tensor|mixed|alternating|serial|distinct_map|4096|8|16||||,data/h100/cuda-13.3-sm90/multi_context/mixed_direction/mixed/20260803T092443Z__v3__c462b34c8090/attempt_01.csv
h100,v3,mixed_direction,intra_cta,tensor,mixed,g2s_then_s2g,serial,distinct_map,4096,8,16,1,6614,6631,cycles,414.4375,12.951172,9.883276,,mixed_direction|intra_cta|tensor|mixed|g2s_then_s2g|serial|distinct_map|4096|8|16||||,data/h100/cuda-13.3-sm90/multi_context/mixed_direction/mixed/20260803T092443Z__v3__c462b34c8090/attempt_01.csv
h100,v3,mixed_direction,intra_cta,tensor,mixed,s2g_then_g2s,serial,distinct_map,4096,8,16,1,6438,6455,cycles,403.4375,12.607422,10.15275,,mixed_direction|intra_cta|tensor|mixed|s2g_then_g2s|serial|distinct_map|4096|8|16||||,data/h100/cuda-13.3-sm90/multi_context/mixed_direction/mixed/20260803T092443Z__v3__c462b34c8090/attempt_01.csv
b200,v3,mixed_direction,intra_cta,tensor,mixed,alternating,serial,distinct_map,4096,8,16,0,11520,11540,cycles,721.25,22.539062,5.679029,,mixed_direction|intra_cta|tensor|mixed|alternating|serial|distinct_map|4096|8|16||||,data/b200/cuda-13.3-sm100/multi_context/mixed_direction/mixed/20260803T094309Z__v3__206fc377d643/attempt_01.csv
b200,v3,mixed_direction,intra_cta,tensor,mixed,g2s_then_s2g,serial,distinct_map,4096,8,16,0,11563,11583,cycles,723.9375,22.623047,5.657947,,mixed_direction|intra_cta|tensor|mixed|g2s_then_s2g|serial|distinct_map|4096|8|16||||,data/b200/cuda-13.3-sm100/multi_context/mixed_direction/mixed/20260803T094309Z__v3__206fc377d643/attempt_01.csv
b200,v3,mixed_direction,intra_cta,tensor,mixed,s2g_then_g2s,serial,distinct_map,4096,8,16,0,10881,10914,cycles,682.125,21.316406,6.004765,,mixed_direction|intra_cta|tensor|mixed|s2g_then_g2s|serial|distinct_map|4096|8|16||||,data/b200/cuda-13.3-sm100/multi_context/mixed_direction/mixed/20260803T094309Z__v3__206fc377d643/attempt_01.csv
b200,v3,mixed_direction,intra_cta,tensor,mixed,alternating,serial,distinct_map,4096,8,16,1,7615,7635,cycles,477.1875,14.912109,8.583628,,mixed_direction|intra_cta|tensor|mixed|alternating|serial|distinct_map|4096|8|16||||,data/b200/cuda-13.3-sm100/multi_context/mixed_direction/mixed/20260803T094309Z__v3__206fc377d643/attempt_01.csv
b200,v3,mixed_direction,intra_cta,tensor,mixed,g2s_then_s2g,serial,distinct_map,4096,8,16,1,7766,7786,cycles,486.625,15.207031,8.417159,,mixed_direction|intra_cta|tensor|mixed|g2s_then_s2g|serial|distinct_map|4096|8|16||||,data/b200/cuda-13.3-sm100/multi_context/mixed_direction/mixed/20260803T094309Z__v3__206fc377d643/attempt_01.csv
b200,v3,mixed_direction,intra_cta,tensor,mixed,s2g_then_g2s,serial,distinct_map,4096,8,16,1,7897,7917,cycles,494.8125,15.462891,8.277883,,mixed_direction|intra_cta|tensor|mixed|s2g_then_g2s|serial|distinct_map|4096|8|16||||,data/b200/cuda-13.3-sm100/multi_context/mixed_direction/mixed/20260803T094309Z__v3__206fc377d643/attempt_01.csv
h100,v3,mixed_direction,intra_cta,tensor,mixed,alternating,serial,distinct_map,4096,16,32,0,20907,20924,cycles,653.875,20.433594,6.264194,,mixed_direction|intra_cta|tensor|mixed|alternating|serial|distinct_map|4096|16|32||||,data/h100/cuda-13.3-sm90/multi_context/mixed_direction/mixed/20260803T092443Z__v3__c462b34c8090/attempt_01.csv
h100,v3,mixed_direction,intra_cta,tensor,mixed,g2s_then_s2g,serial,distinct_map,4096,16,32,0,20784,20801,cycles,650.03125,20.313477,6.301236,,mixed_direction|intra_cta|tensor|mixed|g2s_then_s2g|serial|distinct_map|4096|16|32||||,data/h100/cuda-13.3-sm90/multi_context/mixed_direction/mixed/20260803T092443Z__v3__c462b34c8090/attempt_01.csv
h100,v3,mixed_direction,intra_cta,tensor,mixed,s2g_then_g2s,serial,distinct_map,4096,16,32,0,20580,20597,cycles,643.65625,20.114258,6.363645,,mixed_direction|intra_cta|tensor|mixed|s2g_then_g2s|serial|distinct_map|4096|16|32||||,data/h100/cuda-13.3-sm90/multi_context/mixed_direction/mixed/20260803T092443Z__v3__c462b34c8090/attempt_01.csv
h100,v3,mixed_direction,intra_cta,tensor,mixed,alternating,serial,distinct_map,4096,16,32,1,15073,15090,cycles,471.5625,14.736328,8.686017,,mixed_direction|intra_cta|tensor|mixed|alternating|serial|distinct_map|4096|16|32||||,data/h100/cuda-13.3-sm90/multi_context/mixed_direction/mixed/20260803T092443Z__v3__c462b34c8090/attempt_01.csv
h100,v3,mixed_direction,intra_cta,tensor,mixed,g2s_then_s2g,serial,distinct_map,4096,16,32,1,15017,15034,cycles,469.8125,14.681641,8.718372,,mixed_direction|intra_cta|tensor|mixed|g2s_then_s2g|serial|distinct_map|4096|16|32||||,data/h100/cuda-13.3-sm90/multi_context/mixed_direction/mixed/20260803T092443Z__v3__c462b34c8090/attempt_01.csv
h100,v3,mixed_direction,intra_cta,tensor,mixed,s2g_then_g2s,serial,distinct_map,4096,16,32,1,14639,14656,cycles,458.0,14.3125,8.943231,,mixed_direction|intra_cta|tensor|mixed|s2g_then_g2s|serial|distinct_map|4096|16|32||||,data/h100/cuda-13.3-sm90/multi_context/mixed_direction/mixed/20260803T092443Z__v3__c462b34c8090/attempt_01.csv
b200,v3,mixed_direction,intra_cta,tensor,mixed,alternating,serial,distinct_map,4096,16,32,0,22980,23000,cycles,718.75,22.460938,5.698783,,mixed_direction|intra_cta|tensor|mixed|alternating|serial|distinct_map|4096|16|32||||,data/b200/cuda-13.3-sm100/multi_context/mixed_direction/mixed/20260803T094309Z__v3__206fc377d643/attempt_01.csv
b200,v3,mixed_direction,intra_cta,tensor,mixed,g2s_then_s2g,serial,distinct_map,4096,16,32,0,22914,22934,cycles,716.6875,22.396484,5.715183,,mixed_direction|intra_cta|tensor|mixed|g2s_then_s2g|serial|distinct_map|4096|16|32||||,data/b200/cuda-13.3-sm100/multi_context/mixed_direction/mixed/20260803T094309Z__v3__206fc377d643/attempt_01.csv
b200,v3,mixed_direction,intra_cta,tensor,mixed,s2g_then_g2s,serial,distinct_map,4096,16,32,0,21688,21721,cycles,678.78125,21.211914,6.034345,,mixed_direction|intra_cta|tensor|mixed|s2g_then_g2s|serial|distinct_map|4096|16|32||||,data/b200/cuda-13.3-sm100/multi_context/mixed_direction/mixed/20260803T094309Z__v3__206fc377d643/attempt_01.csv
b200,v3,mixed_direction,intra_cta,tensor,mixed,alternating,serial,distinct_map,4096,16,32,1,16843,16863,cycles,526.96875,16.467773,7.772757,,mixed_direction|intra_cta|tensor|mixed|alternating|serial|distinct_map|4096|16|32||||,data/b200/cuda-13.3-sm100/multi_context/mixed_direction/mixed/20260803T094309Z__v3__206fc377d643/attempt_01.csv
b200,v3,mixed_direction,intra_cta,tensor,mixed,g2s_then_s2g,serial,distinct_map,4096,16,32,1,16865,16885,cycles,527.65625,16.489258,7.76263,,mixed_direction|intra_cta|tensor|mixed|g2s_then_s2g|serial|distinct_map|4096|16|32||||,data/b200/cuda-13.3-sm100/multi_context/mixed_direction/mixed/20260803T094309Z__v3__206fc377d643/attempt_01.csv
b200,v3,mixed_direction,intra_cta,tensor,mixed,s2g_then_g2s,serial,distinct_map,4096,16,32,1,17231,17251,cycles,539.09375,16.84668,7.597936,,mixed_direction|intra_cta|tensor|mixed|s2g_then_g2s|serial|distinct_map|4096|16|32||||,data/b200/cuda-13.3-sm100/multi_context/mixed_direction/mixed/20260803T094309Z__v3__206fc377d643/attempt_01.csv
h100,v3,mixed_direction,intra_cta,tensor,mixed,alternating,serial,same_map,4096,1,2,0,1382,1399,cycles,699.5,21.859375,5.855611,,mixed_direction|intra_cta|tensor|mixed|alternating|serial|same_map|4096|1|2||||,data/h100/cuda-13.3-sm90/multi_context/mixed_direction/mixed/20260803T092443Z__v3__c462b34c8090/attempt_01.csv
h100,v3,mixed_direction,intra_cta,tensor,mixed,g2s_then_s2g,serial,same_map,4096,1,2,0,1395,1422,cycles,711.0,22.21875,5.7609,,mixed_direction|intra_cta|tensor|mixed|g2s_then_s2g|serial|same_map|4096|1|2||||,data/h100/cuda-13.3-sm90/multi_context/mixed_direction/mixed/20260803T092443Z__v3__c462b34c8090/attempt_01.csv
h100,v3,mixed_direction,intra_cta,tensor,mixed,s2g_then_g2s,serial,same_map,4096,1,2,0,1357,1384,cycles,692.0,21.625,5.919075,,mixed_direction|intra_cta|tensor|mixed|s2g_then_g2s|serial|same_map|4096|1|2||||,data/h100/cuda-13.3-sm90/multi_context/mixed_direction/mixed/20260803T092443Z__v3__c462b34c8090/attempt_01.csv
h100,v3,mixed_direction,intra_cta,tensor,mixed,alternating,serial,same_map,4096,1,2,1,818,835,cycles,417.5,13.046875,9.810778,,mixed_direction|intra_cta|tensor|mixed|alternating|serial|same_map|4096|1|2||||,data/h100/cuda-13.3-sm90/multi_context/mixed_direction/mixed/20260803T092443Z__v3__c462b34c8090/attempt_01.csv
h100,v3,mixed_direction,intra_cta,tensor,mixed,g2s_then_s2g,serial,same_map,4096,1,2,1,824,841,cycles,420.5,13.140625,9.740785,,mixed_direction|intra_cta|tensor|mixed|g2s_then_s2g|serial|same_map|4096|1|2||||,data/h100/cuda-13.3-sm90/multi_context/mixed_direction/mixed/20260803T092443Z__v3__c462b34c8090/attempt_01.csv
h100,v3,mixed_direction,intra_cta,tensor,mixed,s2g_then_g2s,serial,same_map,4096,1,2,1,796,813,cycles,406.5,12.703125,10.076261,,mixed_direction|intra_cta|tensor|mixed|s2g_then_g2s|serial|same_map|4096|1|2||||,data/h100/cuda-13.3-sm90/multi_context/mixed_direction/mixed/20260803T092443Z__v3__c462b34c8090/attempt_01.csv
b200,v3,mixed_direction,intra_cta,tensor,mixed,alternating,serial,same_map,4096,1,2,0,1564,1584,cycles,792.0,24.75,5.171717,,mixed_direction|intra_cta|tensor|mixed|alternating|serial|same_map|4096|1|2||||,data/b200/cuda-13.3-sm100/multi_context/mixed_direction/mixed/20260803T094309Z__v3__206fc377d643/attempt_01.csv
b200,v3,mixed_direction,intra_cta,tensor,mixed,g2s_then_s2g,serial,same_map,4096,1,2,0,1545,1565,cycles,782.5,24.453125,5.234505,,mixed_direction|intra_cta|tensor|mixed|g2s_then_s2g|serial|same_map|4096|1|2||||,data/b200/cuda-13.3-sm100/multi_context/mixed_direction/mixed/20260803T094309Z__v3__206fc377d643/attempt_01.csv
b200,v3,mixed_direction,intra_cta,tensor,mixed,s2g_then_g2s,serial,same_map,4096,1,2,0,1434,1467,cycles,733.5,22.921875,5.584185,,mixed_direction|intra_cta|tensor|mixed|s2g_then_g2s|serial|same_map|4096|1|2||||,data/b200/cuda-13.3-sm100/multi_context/mixed_direction/mixed/20260803T094309Z__v3__206fc377d643/attempt_01.csv
b200,v3,mixed_direction,intra_cta,tensor,mixed,alternating,serial,same_map,4096,1,2,1,951,971,cycles,485.5,15.171875,8.436663,,mixed_direction|intra_cta|tensor|mixed|alternating|serial|same_map|4096|1|2||||,data/b200/cuda-13.3-sm100/multi_context/mixed_direction/mixed/20260803T094309Z__v3__206fc377d643/attempt_01.csv
b200,v3,mixed_direction,intra_cta,tensor,mixed,g2s_then_s2g,serial,same_map,4096,1,2,1,951,971,cycles,485.5,15.171875,8.436663,,mixed_direction|intra_cta|tensor|mixed|g2s_then_s2g|serial|same_map|4096|1|2||||,data/b200/cuda-13.3-sm100/multi_context/mixed_direction/mixed/20260803T094309Z__v3__206fc377d643/attempt_01.csv
b200,v3,mixed_direction,intra_cta,tensor,mixed,s2g_then_g2s,serial,same_map,4096,1,2,1,855,875,cycles,437.5,13.671875,9.362286,,mixed_direction|intra_cta|tensor|mixed|s2g_then_g2s|serial|same_map|4096|1|2||||,data/b200/cuda-13.3-sm100/multi_context/mixed_direction/mixed/20260803T094309Z__v3__206fc377d643/attempt_01.csv
ventus,v3,mixed_direction,intra_cta,tensor,mixed,alternating,serial,same_map,4096,1,2,0,488,496,cycles,248.0,7.75,16.516129,,intra_cta_tensor_mixed_alternating_serial_same_map_4096_1,data/ventus/V3.10/multi_context/mixed_direction/mixed/20260803T103017Z__v3__e1a866548aad/raw.csv
ventus,v3,mixed_direction,intra_cta,tensor,mixed,g2s_then_s2g,serial,same_map,4096,1,2,0,568,576,cycles,288.0,9.0,14.222222,,intra_cta_tensor_mixed_g2s_then_s2g_serial_same_map_4096_1,data/ventus/V3.10/multi_context/mixed_direction/mixed/20260803T103017Z__v3__e1a866548aad/raw.csv
ventus,v3,mixed_direction,intra_cta,tensor,mixed,s2g_then_g2s,serial,same_map,4096,1,2,0,568,576,cycles,288.0,9.0,14.222222,,intra_cta_tensor_mixed_s2g_then_g2s_serial_same_map_4096_1,data/ventus/V3.10/multi_context/mixed_direction/mixed/20260803T103017Z__v3__e1a866548aad/raw.csv
ventus,v3,mixed_direction,intra_cta,tensor,mixed,alternating,serial,same_map,4096,1,2,1,454,462,cycles,231.0,7.21875,17.731602,,intra_cta_tensor_mixed_alternating_serial_same_map_4096_1,data/ventus/V3.10/multi_context/mixed_direction/mixed/20260803T103017Z__v3__e1a866548aad/raw.csv
ventus,v3,mixed_direction,intra_cta,tensor,mixed,g2s_then_s2g,serial,same_map,4096,1,2,1,534,542,cycles,271.0,8.46875,15.114391,,intra_cta_tensor_mixed_g2s_then_s2g_serial_same_map_4096_1,data/ventus/V3.10/multi_context/mixed_direction/mixed/20260803T103017Z__v3__e1a866548aad/raw.csv
ventus,v3,mixed_direction,intra_cta,tensor,mixed,s2g_then_g2s,serial,same_map,4096,1,2,1,534,542,cycles,271.0,8.46875,15.114391,,intra_cta_tensor_mixed_s2g_then_g2s_serial_same_map_4096_1,data/ventus/V3.10/multi_context/mixed_direction/mixed/20260803T103017Z__v3__e1a866548aad/raw.csv
h100,v3,mixed_direction,intra_cta,tensor,mixed,alternating,serial,same_map,4096,2,4,0,2150,2177,cycles,544.25,17.007812,7.525953,,mixed_direction|intra_cta|tensor|mixed|alternating|serial|same_map|4096|2|4||||,data/h100/cuda-13.3-sm90/multi_context/mixed_direction/mixed/20260803T092443Z__v3__c462b34c8090/attempt_01.csv
h100,v3,mixed_direction,intra_cta,tensor,mixed,g2s_then_s2g,serial,same_map,4096,2,4,0,2128,2145,cycles,536.25,16.757812,7.638228,,mixed_direction|intra_cta|tensor|mixed|g2s_then_s2g|serial|same_map|4096|2|4||||,data/h100/cuda-13.3-sm90/multi_context/mixed_direction/mixed/20260803T092443Z__v3__c462b34c8090/attempt_01.csv
h100,v3,mixed_direction,intra_cta,tensor,mixed,s2g_then_g2s,serial,same_map,4096,2,4,0,2091,2108,cycles,527.0,16.46875,7.772296,,mixed_direction|intra_cta|tensor|mixed|s2g_then_g2s|serial|same_map|4096|2|4||||,data/h100/cuda-13.3-sm90/multi_context/mixed_direction/mixed/20260803T092443Z__v3__c462b34c8090/attempt_01.csv
h100,v3,mixed_direction,intra_cta,tensor,mixed,alternating,serial,same_map,4096,2,4,1,1583,1600,cycles,400.0,12.5,10.24,,mixed_direction|intra_cta|tensor|mixed|alternating|serial|same_map|4096|2|4||||,data/h100/cuda-13.3-sm90/multi_context/mixed_direction/mixed/20260803T092443Z__v3__c462b34c8090/attempt_01.csv
h100,v3,mixed_direction,intra_cta,tensor,mixed,g2s_then_s2g,serial,same_map,4096,2,4,1,1577,1594,cycles,398.5,12.453125,10.278545,,mixed_direction|intra_cta|tensor|mixed|g2s_then_s2g|serial|same_map|4096|2|4||||,data/h100/cuda-13.3-sm90/multi_context/mixed_direction/mixed/20260803T092443Z__v3__c462b34c8090/attempt_01.csv
h100,v3,mixed_direction,intra_cta,tensor,mixed,s2g_then_g2s,serial,same_map,4096,2,4,1,1533,1550,cycles,387.5,12.109375,10.570323,,mixed_direction|intra_cta|tensor|mixed|s2g_then_g2s|serial|same_map|4096|2|4||||,data/h100/cuda-13.3-sm90/multi_context/mixed_direction/mixed/20260803T092443Z__v3__c462b34c8090/attempt_01.csv
b200,v3,mixed_direction,intra_cta,tensor,mixed,alternating,serial,same_map,4096,2,4,0,2868,2888,cycles,722.0,22.5625,5.67313,,mixed_direction|intra_cta|tensor|mixed|alternating|serial|same_map|4096|2|4||||,data/b200/cuda-13.3-sm100/multi_context/mixed_direction/mixed/20260803T094309Z__v3__206fc377d643/attempt_01.csv
b200,v3,mixed_direction,intra_cta,tensor,mixed,g2s_then_s2g,serial,same_map,4096,2,4,0,2398,2418,cycles,604.5,18.890625,6.775848,,mixed_direction|intra_cta|tensor|mixed|g2s_then_s2g|serial|same_map|4096|2|4||||,data/b200/cuda-13.3-sm100/multi_context/mixed_direction/mixed/20260803T094309Z__v3__206fc377d643/attempt_01.csv
b200,v3,mixed_direction,intra_cta,tensor,mixed,s2g_then_g2s,serial,same_map,4096,2,4,0,2489,2522,cycles,630.5,19.703125,6.496431,,mixed_direction|intra_cta|tensor|mixed|s2g_then_g2s|serial|same_map|4096|2|4||||,data/b200/cuda-13.3-sm100/multi_context/mixed_direction/mixed/20260803T094309Z__v3__206fc377d643/attempt_01.csv
b200,v3,mixed_direction,intra_cta,tensor,mixed,alternating,serial,same_map,4096,2,4,1,1821,1841,cycles,460.25,14.382812,8.899511,,mixed_direction|intra_cta|tensor|mixed|alternating|serial|same_map|4096|2|4||||,data/b200/cuda-13.3-sm100/multi_context/mixed_direction/mixed/20260803T094309Z__v3__206fc377d643/attempt_01.csv
b200,v3,mixed_direction,intra_cta,tensor,mixed,g2s_then_s2g,serial,same_map,4096,2,4,1,1821,1841,cycles,460.25,14.382812,8.899511,,mixed_direction|intra_cta|tensor|mixed|g2s_then_s2g|serial|same_map|4096|2|4||||,data/b200/cuda-13.3-sm100/multi_context/mixed_direction/mixed/20260803T094309Z__v3__206fc377d643/attempt_01.csv
b200,v3,mixed_direction,intra_cta,tensor,mixed,s2g_then_g2s,serial,same_map,4096,2,4,1,1779,1799,cycles,449.75,14.054688,9.107282,,mixed_direction|intra_cta|tensor|mixed|s2g_then_g2s|serial|same_map|4096|2|4||||,data/b200/cuda-13.3-sm100/multi_context/mixed_direction/mixed/20260803T094309Z__v3__206fc377d643/attempt_01.csv
h100,v3,mixed_direction,intra_cta,tensor,mixed,alternating,serial,same_map,4096,4,8,0,3700,3717,cycles,464.625,14.519531,8.815712,,mixed_direction|intra_cta|tensor|mixed|alternating|serial|same_map|4096|4|8||||,data/h100/cuda-13.3-sm90/multi_context/mixed_direction/mixed/20260803T092443Z__v3__c462b34c8090/attempt_01.csv
h100,v3,mixed_direction,intra_cta,tensor,mixed,g2s_then_s2g,serial,same_map,4096,4,8,0,3674,3691,cycles,461.375,14.417969,8.877811,,mixed_direction|intra_cta|tensor|mixed|g2s_then_s2g|serial|same_map|4096|4|8||||,data/h100/cuda-13.3-sm90/multi_context/mixed_direction/mixed/20260803T092443Z__v3__c462b34c8090/attempt_01.csv
h100,v3,mixed_direction,intra_cta,tensor,mixed,s2g_then_g2s,serial,same_map,4096,4,8,0,3579,3596,cycles,449.5,14.046875,9.112347,,mixed_direction|intra_cta|tensor|mixed|s2g_then_g2s|serial|same_map|4096|4|8||||,data/h100/cuda-13.3-sm90/multi_context/mixed_direction/mixed/20260803T092443Z__v3__c462b34c8090/attempt_01.csv
h100,v3,mixed_direction,intra_cta,tensor,mixed,alternating,serial,same_map,4096,4,8,1,3092,3109,cycles,388.625,12.144531,10.539723,,mixed_direction|intra_cta|tensor|mixed|alternating|serial|same_map|4096|4|8||||,data/h100/cuda-13.3-sm90/multi_context/mixed_direction/mixed/20260803T092443Z__v3__c462b34c8090/attempt_01.csv
h100,v3,mixed_direction,intra_cta,tensor,mixed,g2s_then_s2g,serial,same_map,4096,4,8,1,3092,3109,cycles,388.625,12.144531,10.539723,,mixed_direction|intra_cta|tensor|mixed|g2s_then_s2g|serial|same_map|4096|4|8||||,data/h100/cuda-13.3-sm90/multi_context/mixed_direction/mixed/20260803T092443Z__v3__c462b34c8090/attempt_01.csv
h100,v3,mixed_direction,intra_cta,tensor,mixed,s2g_then_g2s,serial,same_map,4096,4,8,1,3004,3021,cycles,377.625,11.800781,10.846739,,mixed_direction|intra_cta|tensor|mixed|s2g_then_g2s|serial|same_map|4096|4|8||||,data/h100/cuda-13.3-sm90/multi_context/mixed_direction/mixed/20260803T092443Z__v3__c462b34c8090/attempt_01.csv
b200,v3,mixed_direction,intra_cta,tensor,mixed,alternating,serial,same_map,4096,4,8,0,4605,4625,cycles,578.125,18.066406,7.084973,,mixed_direction|intra_cta|tensor|mixed|alternating|serial|same_map|4096|4|8||||,data/b200/cuda-13.3-sm100/multi_context/mixed_direction/mixed/20260803T094309Z__v3__206fc377d643/attempt_01.csv
b200,v3,mixed_direction,intra_cta,tensor,mixed,g2s_then_s2g,serial,same_map,4096,4,8,0,4138,4158,cycles,519.75,16.242188,7.880712,,mixed_direction|intra_cta|tensor|mixed|g2s_then_s2g|serial|same_map|4096|4|8||||,data/b200/cuda-13.3-sm100/multi_context/mixed_direction/mixed/20260803T094309Z__v3__206fc377d643/attempt_01.csv
b200,v3,mixed_direction,intra_cta,tensor,mixed,s2g_then_g2s,serial,same_map,4096,4,8,0,4203,4236,cycles,529.5,16.546875,7.7356,,mixed_direction|intra_cta|tensor|mixed|s2g_then_g2s|serial|same_map|4096|4|8||||,data/b200/cuda-13.3-sm100/multi_context/mixed_direction/mixed/20260803T094309Z__v3__206fc377d643/attempt_01.csv
b200,v3,mixed_direction,intra_cta,tensor,mixed,alternating,serial,same_map,4096,4,8,1,3561,3581,cycles,447.625,13.988281,9.150517,,mixed_direction|intra_cta|tensor|mixed|alternating|serial|same_map|4096|4|8||||,data/b200/cuda-13.3-sm100/multi_context/mixed_direction/mixed/20260803T094309Z__v3__206fc377d643/attempt_01.csv
b200,v3,mixed_direction,intra_cta,tensor,mixed,g2s_then_s2g,serial,same_map,4096,4,8,1,3561,3581,cycles,447.625,13.988281,9.150517,,mixed_direction|intra_cta|tensor|mixed|g2s_then_s2g|serial|same_map|4096|4|8||||,data/b200/cuda-13.3-sm100/multi_context/mixed_direction/mixed/20260803T094309Z__v3__206fc377d643/attempt_01.csv
b200,v3,mixed_direction,intra_cta,tensor,mixed,s2g_then_g2s,serial,same_map,4096,4,8,1,3627,3647,cycles,455.875,14.246094,8.984919,,mixed_direction|intra_cta|tensor|mixed|s2g_then_g2s|serial|same_map|4096|4|8||||,data/b200/cuda-13.3-sm100/multi_context/mixed_direction/mixed/20260803T094309Z__v3__206fc377d643/attempt_01.csv
h100,v3,mixed_direction,intra_cta,tensor,mixed,alternating,serial,same_map,4096,8,16,0,7013,7030,cycles,439.375,13.730469,9.322333,,mixed_direction|intra_cta|tensor|mixed|alternating|serial|same_map|4096|8|16||||,data/h100/cuda-13.3-sm90/multi_context/mixed_direction/mixed/20260803T092443Z__v3__c462b34c8090/attempt_01.csv
h100,v3,mixed_direction,intra_cta,tensor,mixed,g2s_then_s2g,serial,same_map,4096,8,16,0,6712,6729,cycles,420.5625,13.142578,9.739337,,mixed_direction|intra_cta|tensor|mixed|g2s_then_s2g|serial|same_map|4096|8|16||||,data/h100/cuda-13.3-sm90/multi_context/mixed_direction/mixed/20260803T092443Z__v3__c462b34c8090/attempt_01.csv
h100,v3,mixed_direction,intra_cta,tensor,mixed,s2g_then_g2s,serial,same_map,4096,8,16,0,6532,6549,cycles,409.3125,12.791016,10.007024,,mixed_direction|intra_cta|tensor|mixed|s2g_then_g2s|serial|same_map|4096|8|16||||,data/h100/cuda-13.3-sm90/multi_context/mixed_direction/mixed/20260803T092443Z__v3__c462b34c8090/attempt_01.csv
h100,v3,mixed_direction,intra_cta,tensor,mixed,alternating,serial,same_map,4096,8,16,1,6128,6145,cycles,384.0625,12.001953,10.664931,,mixed_direction|intra_cta|tensor|mixed|alternating|serial|same_map|4096|8|16||||,data/h100/cuda-13.3-sm90/multi_context/mixed_direction/mixed/20260803T092443Z__v3__c462b34c8090/attempt_01.csv
h100,v3,mixed_direction,intra_cta,tensor,mixed,g2s_then_s2g,serial,same_map,4096,8,16,1,6131,6148,cycles,384.25,12.007812,10.659727,,mixed_direction|intra_cta|tensor|mixed|g2s_then_s2g|serial|same_map|4096|8|16||||,data/h100/cuda-13.3-sm90/multi_context/mixed_direction/mixed/20260803T092443Z__v3__c462b34c8090/attempt_01.csv
h100,v3,mixed_direction,intra_cta,tensor,mixed,s2g_then_g2s,serial,same_map,4096,8,16,1,5952,5969,cycles,373.0625,11.658203,10.979394,,mixed_direction|intra_cta|tensor|mixed|s2g_then_g2s|serial|same_map|4096|8|16||||,data/h100/cuda-13.3-sm90/multi_context/mixed_direction/mixed/20260803T092443Z__v3__c462b34c8090/attempt_01.csv
b200,v3,mixed_direction,intra_cta,tensor,mixed,alternating,serial,same_map,4096,8,16,0,8109,8129,cycles,508.0625,15.876953,8.062,,mixed_direction|intra_cta|tensor|mixed|alternating|serial|same_map|4096|8|16||||,data/b200/cuda-13.3-sm100/multi_context/mixed_direction/mixed/20260803T094309Z__v3__206fc377d643/attempt_01.csv
b200,v3,mixed_direction,intra_cta,tensor,mixed,g2s_then_s2g,serial,same_map,4096,8,16,0,7622,7642,cycles,477.625,14.925781,8.575766,,mixed_direction|intra_cta|tensor|mixed|g2s_then_s2g|serial|same_map|4096|8|16||||,data/b200/cuda-13.3-sm100/multi_context/mixed_direction/mixed/20260803T094309Z__v3__206fc377d643/attempt_01.csv
b200,v3,mixed_direction,intra_cta,tensor,mixed,s2g_then_g2s,serial,same_map,4096,8,16,0,7894,7927,cycles,495.4375,15.482422,8.26744,,mixed_direction|intra_cta|tensor|mixed|s2g_then_g2s|serial|same_map|4096|8|16||||,data/b200/cuda-13.3-sm100/multi_context/mixed_direction/mixed/20260803T094309Z__v3__206fc377d643/attempt_01.csv
b200,v3,mixed_direction,intra_cta,tensor,mixed,alternating,serial,same_map,4096,8,16,1,7045,7065,cycles,441.5625,13.798828,9.27615,,mixed_direction|intra_cta|tensor|mixed|alternating|serial|same_map|4096|8|16||||,data/b200/cuda-13.3-sm100/multi_context/mixed_direction/mixed/20260803T094309Z__v3__206fc377d643/attempt_01.csv
b200,v3,mixed_direction,intra_cta,tensor,mixed,g2s_then_s2g,serial,same_map,4096,8,16,1,7041,7061,cycles,441.3125,13.791016,9.281405,,mixed_direction|intra_cta|tensor|mixed|g2s_then_s2g|serial|same_map|4096|8|16||||,data/b200/cuda-13.3-sm100/multi_context/mixed_direction/mixed/20260803T094309Z__v3__206fc377d643/attempt_01.csv
b200,v3,mixed_direction,intra_cta,tensor,mixed,s2g_then_g2s,serial,same_map,4096,8,16,1,7173,7193,cycles,449.5625,14.048828,9.11108,,mixed_direction|intra_cta|tensor|mixed|s2g_then_g2s|serial|same_map|4096|8|16||||,data/b200/cuda-13.3-sm100/multi_context/mixed_direction/mixed/20260803T094309Z__v3__206fc377d643/attempt_01.csv
h100,v3,mixed_direction,intra_cta,tensor,mixed,alternating,serial,same_map,4096,16,32,0,13086,13103,cycles,409.46875,12.795898,10.003205,,mixed_direction|intra_cta|tensor|mixed|alternating|serial|same_map|4096|16|32||||,data/h100/cuda-13.3-sm90/multi_context/mixed_direction/mixed/20260803T092443Z__v3__c462b34c8090/attempt_01.csv
h100,v3,mixed_direction,intra_cta,tensor,mixed,g2s_then_s2g,serial,same_map,4096,16,32,0,12789,12806,cycles,400.1875,12.505859,10.235202,,mixed_direction|intra_cta|tensor|mixed|g2s_then_s2g|serial|same_map|4096|16|32||||,data/h100/cuda-13.3-sm90/multi_context/mixed_direction/mixed/20260803T092443Z__v3__c462b34c8090/attempt_01.csv
h100,v3,mixed_direction,intra_cta,tensor,mixed,s2g_then_g2s,serial,same_map,4096,16,32,0,12541,12558,cycles,392.4375,12.263672,10.437331,,mixed_direction|intra_cta|tensor|mixed|s2g_then_g2s|serial|same_map|4096|16|32||||,data/h100/cuda-13.3-sm90/multi_context/mixed_direction/mixed/20260803T092443Z__v3__c462b34c8090/attempt_01.csv
h100,v3,mixed_direction,intra_cta,tensor,mixed,alternating,serial,same_map,4096,16,32,1,12204,12221,cycles,381.90625,11.93457,10.725145,,mixed_direction|intra_cta|tensor|mixed|alternating|serial|same_map|4096|16|32||||,data/h100/cuda-13.3-sm90/multi_context/mixed_direction/mixed/20260803T092443Z__v3__c462b34c8090/attempt_01.csv
h100,v3,mixed_direction,intra_cta,tensor,mixed,g2s_then_s2g,serial,same_map,4096,16,32,1,12202,12219,cycles,381.84375,11.932617,10.726901,,mixed_direction|intra_cta|tensor|mixed|g2s_then_s2g|serial|same_map|4096|16|32||||,data/h100/cuda-13.3-sm90/multi_context/mixed_direction/mixed/20260803T092443Z__v3__c462b34c8090/attempt_01.csv
h100,v3,mixed_direction,intra_cta,tensor,mixed,s2g_then_g2s,serial,same_map,4096,16,32,1,11853,11870,cycles,370.9375,11.591797,11.042291,,mixed_direction|intra_cta|tensor|mixed|s2g_then_g2s|serial|same_map|4096|16|32||||,data/h100/cuda-13.3-sm90/multi_context/mixed_direction/mixed/20260803T092443Z__v3__c462b34c8090/attempt_01.csv
b200,v3,mixed_direction,intra_cta,tensor,mixed,alternating,serial,same_map,4096,16,32,0,15492,15512,cycles,484.75,15.148438,8.449716,,mixed_direction|intra_cta|tensor|mixed|alternating|serial|same_map|4096|16|32||||,data/b200/cuda-13.3-sm100/multi_context/mixed_direction/mixed/20260803T094309Z__v3__206fc377d643/attempt_01.csv
b200,v3,mixed_direction,intra_cta,tensor,mixed,g2s_then_s2g,serial,same_map,4096,16,32,0,14635,14655,cycles,457.96875,14.311523,8.943842,,mixed_direction|intra_cta|tensor|mixed|g2s_then_s2g|serial|same_map|4096|16|32||||,data/b200/cuda-13.3-sm100/multi_context/mixed_direction/mixed/20260803T094309Z__v3__206fc377d643/attempt_01.csv
b200,v3,mixed_direction,intra_cta,tensor,mixed,s2g_then_g2s,serial,same_map,4096,16,32,0,15144,15177,cycles,474.28125,14.821289,8.636226,,mixed_direction|intra_cta|tensor|mixed|s2g_then_g2s|serial|same_map|4096|16|32||||,data/b200/cuda-13.3-sm100/multi_context/mixed_direction/mixed/20260803T094309Z__v3__206fc377d643/attempt_01.csv
b200,v3,mixed_direction,intra_cta,tensor,mixed,alternating,serial,same_map,4096,16,32,1,14003,14023,cycles,438.21875,13.694336,9.34693,,mixed_direction|intra_cta|tensor|mixed|alternating|serial|same_map|4096|16|32||||,data/b200/cuda-13.3-sm100/multi_context/mixed_direction/mixed/20260803T094309Z__v3__206fc377d643/attempt_01.csv
b200,v3,mixed_direction,intra_cta,tensor,mixed,g2s_then_s2g,serial,same_map,4096,16,32,1,14009,14029,cycles,438.40625,13.700195,9.342932,,mixed_direction|intra_cta|tensor|mixed|g2s_then_s2g|serial|same_map|4096|16|32||||,data/b200/cuda-13.3-sm100/multi_context/mixed_direction/mixed/20260803T094309Z__v3__206fc377d643/attempt_01.csv
b200,v3,mixed_direction,intra_cta,tensor,mixed,s2g_then_g2s,serial,same_map,4096,16,32,1,14565,14585,cycles,455.78125,14.243164,8.986767,,mixed_direction|intra_cta|tensor|mixed|s2g_then_g2s|serial|same_map|4096|16|32||||,data/b200/cuda-13.3-sm100/multi_context/mixed_direction/mixed/20260803T094309Z__v3__206fc377d643/attempt_01.csv
h100,v3,mixed_direction,multi_cta,tensor,mixed,alternating,batched,distinct_map,4096,1,2,0,160,416,ns,208.0,,,19.692308,mixed_direction|multi_cta|tensor|mixed|alternating|batched|distinct_map|4096|1|2||||,data/h100/cuda-13.3-sm90/multi_context/mixed_direction/mixed/20260803T092443Z__v3__c462b34c8090/attempt_01.csv
h100,v3,mixed_direction,multi_cta,tensor,mixed,g2s_then_s2g,batched,distinct_map,4096,1,2,0,128,416,ns,208.0,,,19.692308,mixed_direction|multi_cta|tensor|mixed|g2s_then_s2g|batched|distinct_map|4096|1|2||||,data/h100/cuda-13.3-sm90/multi_context/mixed_direction/mixed/20260803T092443Z__v3__c462b34c8090/attempt_01.csv
h100,v3,mixed_direction,multi_cta,tensor,mixed,s2g_then_g2s,batched,distinct_map,4096,1,2,0,160,544,ns,272.0,,,15.058824,mixed_direction|multi_cta|tensor|mixed|s2g_then_g2s|batched|distinct_map|4096|1|2||||,data/h100/cuda-13.3-sm90/multi_context/mixed_direction/mixed/20260803T092443Z__v3__c462b34c8090/attempt_01.csv
h100,v3,mixed_direction,multi_cta,tensor,mixed,alternating,batched,distinct_map,4096,1,2,1,128,288,ns,144.0,,,28.444444,mixed_direction|multi_cta|tensor|mixed|alternating|batched|distinct_map|4096|1|2||||,data/h100/cuda-13.3-sm90/multi_context/mixed_direction/mixed/20260803T092443Z__v3__c462b34c8090/attempt_01.csv
h100,v3,mixed_direction,multi_cta,tensor,mixed,g2s_then_s2g,batched,distinct_map,4096,1,2,1,128,288,ns,144.0,,,28.444444,mixed_direction|multi_cta|tensor|mixed|g2s_then_s2g|batched|distinct_map|4096|1|2||||,data/h100/cuda-13.3-sm90/multi_context/mixed_direction/mixed/20260803T092443Z__v3__c462b34c8090/attempt_01.csv
h100,v3,mixed_direction,multi_cta,tensor,mixed,s2g_then_g2s,batched,distinct_map,4096,1,2,1,128,352,ns,176.0,,,23.272727,mixed_direction|multi_cta|tensor|mixed|s2g_then_g2s|batched|distinct_map|4096|1|2||||,data/h100/cuda-13.3-sm90/multi_context/mixed_direction/mixed/20260803T092443Z__v3__c462b34c8090/attempt_01.csv
b200,v3,mixed_direction,multi_cta,tensor,mixed,alternating,batched,distinct_map,4096,1,2,0,128,384,ns,192.0,,,21.333333,mixed_direction|multi_cta|tensor|mixed|alternating|batched|distinct_map|4096|1|2||||,data/b200/cuda-13.3-sm100/multi_context/mixed_direction/mixed/20260803T094309Z__v3__206fc377d643/attempt_01.csv
b200,v3,mixed_direction,multi_cta,tensor,mixed,g2s_then_s2g,batched,distinct_map,4096,1,2,0,128,416,ns,208.0,,,19.692308,mixed_direction|multi_cta|tensor|mixed|g2s_then_s2g|batched|distinct_map|4096|1|2||||,data/b200/cuda-13.3-sm100/multi_context/mixed_direction/mixed/20260803T094309Z__v3__206fc377d643/attempt_01.csv
b200,v3,mixed_direction,multi_cta,tensor,mixed,s2g_then_g2s,batched,distinct_map,4096,1,2,0,128,448,ns,224.0,,,18.285714,mixed_direction|multi_cta|tensor|mixed|s2g_then_g2s|batched|distinct_map|4096|1|2||||,data/b200/cuda-13.3-sm100/multi_context/mixed_direction/mixed/20260803T094309Z__v3__206fc377d643/attempt_01.csv
b200,v3,mixed_direction,multi_cta,tensor,mixed,alternating,batched,distinct_map,4096,1,2,1,128,288,ns,144.0,,,28.444444,mixed_direction|multi_cta|tensor|mixed|alternating|batched|distinct_map|4096|1|2||||,data/b200/cuda-13.3-sm100/multi_context/mixed_direction/mixed/20260803T094309Z__v3__206fc377d643/attempt_01.csv
b200,v3,mixed_direction,multi_cta,tensor,mixed,g2s_then_s2g,batched,distinct_map,4096,1,2,1,128,288,ns,144.0,,,28.444444,mixed_direction|multi_cta|tensor|mixed|g2s_then_s2g|batched|distinct_map|4096|1|2||||,data/b200/cuda-13.3-sm100/multi_context/mixed_direction/mixed/20260803T094309Z__v3__206fc377d643/attempt_01.csv
b200,v3,mixed_direction,multi_cta,tensor,mixed,s2g_then_g2s,batched,distinct_map,4096,1,2,1,128,352,ns,176.0,,,23.272727,mixed_direction|multi_cta|tensor|mixed|s2g_then_g2s|batched|distinct_map|4096|1|2||||,data/b200/cuda-13.3-sm100/multi_context/mixed_direction/mixed/20260803T094309Z__v3__206fc377d643/attempt_01.csv
ventus,v3,mixed_direction,multi_cta,tensor,mixed,alternating,batched,distinct_map,4096,1,2,0,187,425,cycles,212.5,6.640625,19.275294,,multi_cta_tensor_mixed_alternating_batched_distinct_map_4096_1,data/ventus/V3.10/multi_context/mixed_direction/mixed/20260803T103017Z__v3__e1a866548aad/raw.csv
ventus,v3,mixed_direction,multi_cta,tensor,mixed,g2s_then_s2g,batched,distinct_map,4096,1,2,0,271,468,cycles,234.0,7.3125,17.504274,,multi_cta_tensor_mixed_g2s_then_s2g_batched_distinct_map_4096_1,data/ventus/V3.10/multi_context/mixed_direction/mixed/20260803T103017Z__v3__e1a866548aad/raw.csv
ventus,v3,mixed_direction,multi_cta,tensor,mixed,s2g_then_g2s,batched,distinct_map,4096,1,2,0,268,422,cycles,211.0,6.59375,19.412322,,multi_cta_tensor_mixed_s2g_then_g2s_batched_distinct_map_4096_1,data/ventus/V3.10/multi_context/mixed_direction/mixed/20260803T103017Z__v3__e1a866548aad/raw.csv
ventus,v3,mixed_direction,multi_cta,tensor,mixed,alternating,batched,distinct_map,4096,1,2,1,182,404,cycles,202.0,6.3125,20.277228,,multi_cta_tensor_mixed_alternating_batched_distinct_map_4096_1,data/ventus/V3.10/multi_context/mixed_direction/mixed/20260803T103017Z__v3__e1a866548aad/raw.csv
ventus,v3,mixed_direction,multi_cta,tensor,mixed,g2s_then_s2g,batched,distinct_map,4096,1,2,1,271,450,cycles,225.0,7.03125,18.204444,,multi_cta_tensor_mixed_g2s_then_s2g_batched_distinct_map_4096_1,data/ventus/V3.10/multi_context/mixed_direction/mixed/20260803T103017Z__v3__e1a866548aad/raw.csv
ventus,v3,mixed_direction,multi_cta,tensor,mixed,s2g_then_g2s,batched,distinct_map,4096,1,2,1,285,402,cycles,201.0,6.28125,20.378109,,multi_cta_tensor_mixed_s2g_then_g2s_batched_distinct_map_4096_1,data/ventus/V3.10/multi_context/mixed_direction/mixed/20260803T103017Z__v3__e1a866548aad/raw.csv
h100,v3,mixed_direction,multi_cta,tensor,mixed,alternating,batched,distinct_map,4096,2,4,0,160,448,ns,112.0,,,36.571429,mixed_direction|multi_cta|tensor|mixed|alternating|batched|distinct_map|4096|2|4||||,data/h100/cuda-13.3-sm90/multi_context/mixed_direction/mixed/20260803T092443Z__v3__c462b34c8090/attempt_01.csv
h100,v3,mixed_direction,multi_cta,tensor,mixed,g2s_then_s2g,batched,distinct_map,4096,2,4,0,160,448,ns,112.0,,,36.571429,mixed_direction|multi_cta|tensor|mixed|g2s_then_s2g|batched|distinct_map|4096|2|4||||,data/h100/cuda-13.3-sm90/multi_context/mixed_direction/mixed/20260803T092443Z__v3__c462b34c8090/attempt_01.csv
h100,v3,mixed_direction,multi_cta,tensor,mixed,s2g_then_g2s,batched,distinct_map,4096,2,4,0,160,544,ns,136.0,,,30.117647,mixed_direction|multi_cta|tensor|mixed|s2g_then_g2s|batched|distinct_map|4096|2|4||||,data/h100/cuda-13.3-sm90/multi_context/mixed_direction/mixed/20260803T092443Z__v3__c462b34c8090/attempt_01.csv
h100,v3,mixed_direction,multi_cta,tensor,mixed,alternating,batched,distinct_map,4096,2,4,1,128,320,ns,80.0,,,51.2,mixed_direction|multi_cta|tensor|mixed|alternating|batched|distinct_map|4096|2|4||||,data/h100/cuda-13.3-sm90/multi_context/mixed_direction/mixed/20260803T092443Z__v3__c462b34c8090/attempt_01.csv
h100,v3,mixed_direction,multi_cta,tensor,mixed,g2s_then_s2g,batched,distinct_map,4096,2,4,1,192,352,ns,88.0,,,46.545455,mixed_direction|multi_cta|tensor|mixed|g2s_then_s2g|batched|distinct_map|4096|2|4||||,data/h100/cuda-13.3-sm90/multi_context/mixed_direction/mixed/20260803T092443Z__v3__c462b34c8090/attempt_01.csv
h100,v3,mixed_direction,multi_cta,tensor,mixed,s2g_then_g2s,batched,distinct_map,4096,2,4,1,128,352,ns,88.0,,,46.545455,mixed_direction|multi_cta|tensor|mixed|s2g_then_g2s|batched|distinct_map|4096|2|4||||,data/h100/cuda-13.3-sm90/multi_context/mixed_direction/mixed/20260803T092443Z__v3__c462b34c8090/attempt_01.csv
b200,v3,mixed_direction,multi_cta,tensor,mixed,alternating,batched,distinct_map,4096,2,4,0,160,448,ns,112.0,,,36.571429,mixed_direction|multi_cta|tensor|mixed|alternating|batched|distinct_map|4096|2|4||||,data/b200/cuda-13.3-sm100/multi_context/mixed_direction/mixed/20260803T094309Z__v3__206fc377d643/attempt_01.csv
b200,v3,mixed_direction,multi_cta,tensor,mixed,g2s_then_s2g,batched,distinct_map,4096,2,4,0,160,416,ns,104.0,,,39.384615,mixed_direction|multi_cta|tensor|mixed|g2s_then_s2g|batched|distinct_map|4096|2|4||||,data/b200/cuda-13.3-sm100/multi_context/mixed_direction/mixed/20260803T094309Z__v3__206fc377d643/attempt_01.csv
b200,v3,mixed_direction,multi_cta,tensor,mixed,s2g_then_g2s,batched,distinct_map,4096,2,4,0,128,416,ns,104.0,,,39.384615,mixed_direction|multi_cta|tensor|mixed|s2g_then_g2s|batched|distinct_map|4096|2|4||||,data/b200/cuda-13.3-sm100/multi_context/mixed_direction/mixed/20260803T094309Z__v3__206fc377d643/attempt_01.csv
b200,v3,mixed_direction,multi_cta,tensor,mixed,alternating,batched,distinct_map,4096,2,4,1,160,288,ns,72.0,,,56.888889,mixed_direction|multi_cta|tensor|mixed|alternating|batched|distinct_map|4096|2|4||||,data/b200/cuda-13.3-sm100/multi_context/mixed_direction/mixed/20260803T094309Z__v3__206fc377d643/attempt_01.csv
b200,v3,mixed_direction,multi_cta,tensor,mixed,g2s_then_s2g,batched,distinct_map,4096,2,4,1,128,288,ns,72.0,,,56.888889,mixed_direction|multi_cta|tensor|mixed|g2s_then_s2g|batched|distinct_map|4096|2|4||||,data/b200/cuda-13.3-sm100/multi_context/mixed_direction/mixed/20260803T094309Z__v3__206fc377d643/attempt_01.csv
b200,v3,mixed_direction,multi_cta,tensor,mixed,s2g_then_g2s,batched,distinct_map,4096,2,4,1,128,352,ns,88.0,,,46.545455,mixed_direction|multi_cta|tensor|mixed|s2g_then_g2s|batched|distinct_map|4096|2|4||||,data/b200/cuda-13.3-sm100/multi_context/mixed_direction/mixed/20260803T094309Z__v3__206fc377d643/attempt_01.csv
ventus,v3,mixed_direction,multi_cta,tensor,mixed,alternating,batched,distinct_map,4096,2,4,0,189,628,cycles,157.0,4.90625,26.089172,,multi_cta_tensor_mixed_alternating_batched_distinct_map_4096_2,data/ventus/V3.10/multi_context/mixed_direction/mixed/20260803T103017Z__v3__e1a866548aad/raw.csv
ventus,v3,mixed_direction,multi_cta,tensor,mixed,g2s_then_s2g,batched,distinct_map,4096,2,4,0,304,595,cycles,148.75,4.648438,27.536134,,multi_cta_tensor_mixed_g2s_then_s2g_batched_distinct_map_4096_2,data/ventus/V3.10/multi_context/mixed_direction/mixed/20260803T103017Z__v3__e1a866548aad/raw.csv
ventus,v3,mixed_direction,multi_cta,tensor,mixed,s2g_then_g2s,batched,distinct_map,4096,2,4,0,324,559,cycles,139.75,4.367188,29.309481,,multi_cta_tensor_mixed_s2g_then_g2s_batched_distinct_map_4096_2,data/ventus/V3.10/multi_context/mixed_direction/mixed/20260803T103017Z__v3__e1a866548aad/raw.csv
ventus,v3,mixed_direction,multi_cta,tensor,mixed,alternating,batched,distinct_map,4096,2,4,1,436,666,cycles,166.5,5.203125,24.600601,,multi_cta_tensor_mixed_alternating_batched_distinct_map_4096_2,data/ventus/V3.10/multi_context/mixed_direction/mixed/20260803T103017Z__v3__e1a866548aad/raw.csv
ventus,v3,mixed_direction,multi_cta,tensor,mixed,g2s_then_s2g,batched,distinct_map,4096,2,4,1,330,571,cycles,142.75,4.460938,28.69352,,multi_cta_tensor_mixed_g2s_then_s2g_batched_distinct_map_4096_2,data/ventus/V3.10/multi_context/mixed_direction/mixed/20260803T103017Z__v3__e1a866548aad/raw.csv
ventus,v3,mixed_direction,multi_cta,tensor,mixed,s2g_then_g2s,batched,distinct_map,4096,2,4,1,324,530,cycles,132.5,4.140625,30.913208,,multi_cta_tensor_mixed_s2g_then_g2s_batched_distinct_map_4096_2,data/ventus/V3.10/multi_context/mixed_direction/mixed/20260803T103017Z__v3__e1a866548aad/raw.csv
h100,v3,mixed_direction,multi_cta,tensor,mixed,alternating,batched,distinct_map,4096,4,8,0,160,448,ns,56.0,,,73.142857,mixed_direction|multi_cta|tensor|mixed|alternating|batched|distinct_map|4096|4|8||||,data/h100/cuda-13.3-sm90/multi_context/mixed_direction/mixed/20260803T092443Z__v3__c462b34c8090/attempt_01.csv
h100,v3,mixed_direction,multi_cta,tensor,mixed,g2s_then_s2g,batched,distinct_map,4096,4,8,0,160,416,ns,52.0,,,78.769231,mixed_direction|multi_cta|tensor|mixed|g2s_then_s2g|batched|distinct_map|4096|4|8||||,data/h100/cuda-13.3-sm90/multi_context/mixed_direction/mixed/20260803T092443Z__v3__c462b34c8090/attempt_01.csv
h100,v3,mixed_direction,multi_cta,tensor,mixed,s2g_then_g2s,batched,distinct_map,4096,4,8,0,160,544,ns,68.0,,,60.235294,mixed_direction|multi_cta|tensor|mixed|s2g_then_g2s|batched|distinct_map|4096|4|8||||,data/h100/cuda-13.3-sm90/multi_context/mixed_direction/mixed/20260803T092443Z__v3__c462b34c8090/attempt_01.csv
h100,v3,mixed_direction,multi_cta,tensor,mixed,alternating,batched,distinct_map,4096,4,8,1,160,352,ns,44.0,,,93.090909,mixed_direction|multi_cta|tensor|mixed|alternating|batched|distinct_map|4096|4|8||||,data/h100/cuda-13.3-sm90/multi_context/mixed_direction/mixed/20260803T092443Z__v3__c462b34c8090/attempt_01.csv
h100,v3,mixed_direction,multi_cta,tensor,mixed,g2s_then_s2g,batched,distinct_map,4096,4,8,1,160,352,ns,44.0,,,93.090909,mixed_direction|multi_cta|tensor|mixed|g2s_then_s2g|batched|distinct_map|4096|4|8||||,data/h100/cuda-13.3-sm90/multi_context/mixed_direction/mixed/20260803T092443Z__v3__c462b34c8090/attempt_01.csv
h100,v3,mixed_direction,multi_cta,tensor,mixed,s2g_then_g2s,batched,distinct_map,4096,4,8,1,192,416,ns,52.0,,,78.769231,mixed_direction|multi_cta|tensor|mixed|s2g_then_g2s|batched|distinct_map|4096|4|8||||,data/h100/cuda-13.3-sm90/multi_context/mixed_direction/mixed/20260803T092443Z__v3__c462b34c8090/attempt_01.csv
b200,v3,mixed_direction,multi_cta,tensor,mixed,alternating,batched,distinct_map,4096,4,8,0,576,1024,ns,128.0,,,32.0,mixed_direction|multi_cta|tensor|mixed|alternating|batched|distinct_map|4096|4|8||||,data/b200/cuda-13.3-sm100/multi_context/mixed_direction/mixed/20260803T094309Z__v3__206fc377d643/attempt_01.csv
b200,v3,mixed_direction,multi_cta,tensor,mixed,g2s_then_s2g,batched,distinct_map,4096,4,8,0,352,800,ns,100.0,,,40.96,mixed_direction|multi_cta|tensor|mixed|g2s_then_s2g|batched|distinct_map|4096|4|8||||,data/b200/cuda-13.3-sm100/multi_context/mixed_direction/mixed/20260803T094309Z__v3__206fc377d643/attempt_01.csv
b200,v3,mixed_direction,multi_cta,tensor,mixed,s2g_then_g2s,batched,distinct_map,4096,4,8,0,544,1024,ns,128.0,,,32.0,mixed_direction|multi_cta|tensor|mixed|s2g_then_g2s|batched|distinct_map|4096|4|8||||,data/b200/cuda-13.3-sm100/multi_context/mixed_direction/mixed/20260803T094309Z__v3__206fc377d643/attempt_01.csv
b200,v3,mixed_direction,multi_cta,tensor,mixed,alternating,batched,distinct_map,4096,4,8,1,448,608,ns,76.0,,,53.894737,mixed_direction|multi_cta|tensor|mixed|alternating|batched|distinct_map|4096|4|8||||,data/b200/cuda-13.3-sm100/multi_context/mixed_direction/mixed/20260803T094309Z__v3__206fc377d643/attempt_01.csv
b200,v3,mixed_direction,multi_cta,tensor,mixed,g2s_then_s2g,batched,distinct_map,4096,4,8,1,480,640,ns,80.0,,,51.2,mixed_direction|multi_cta|tensor|mixed|g2s_then_s2g|batched|distinct_map|4096|4|8||||,data/b200/cuda-13.3-sm100/multi_context/mixed_direction/mixed/20260803T094309Z__v3__206fc377d643/attempt_01.csv
b200,v3,mixed_direction,multi_cta,tensor,mixed,s2g_then_g2s,batched,distinct_map,4096,4,8,1,448,640,ns,80.0,,,51.2,mixed_direction|multi_cta|tensor|mixed|s2g_then_g2s|batched|distinct_map|4096|4|8||||,data/b200/cuda-13.3-sm100/multi_context/mixed_direction/mixed/20260803T094309Z__v3__206fc377d643/attempt_01.csv
ventus,v3,mixed_direction,multi_cta,tensor,mixed,alternating,batched,distinct_map,4096,4,8,0,781,1199,cycles,149.875,4.683594,27.329441,,multi_cta_tensor_mixed_alternating_batched_distinct_map_4096_4,data/ventus/V3.10/multi_context/mixed_direction/mixed/20260803T103017Z__v3__e1a866548aad/raw.csv
ventus,v3,mixed_direction,multi_cta,tensor,mixed,g2s_then_s2g,batched,distinct_map,4096,4,8,0,712,1248,cycles,156.0,4.875,26.25641,,multi_cta_tensor_mixed_g2s_then_s2g_batched_distinct_map_4096_4,data/ventus/V3.10/multi_context/mixed_direction/mixed/20260803T103017Z__v3__e1a866548aad/raw.csv
ventus,v3,mixed_direction,multi_cta,tensor,mixed,s2g_then_g2s,batched,distinct_map,4096,4,8,0,706,1202,cycles,150.25,4.695312,27.261231,,multi_cta_tensor_mixed_s2g_then_g2s_batched_distinct_map_4096_4,data/ventus/V3.10/multi_context/mixed_direction/mixed/20260803T103017Z__v3__e1a866548aad/raw.csv
ventus,v3,mixed_direction,multi_cta,tensor,mixed,alternating,batched,distinct_map,4096,4,8,1,1014,1256,cycles,157.0,4.90625,26.089172,,multi_cta_tensor_mixed_alternating_batched_distinct_map_4096_4,data/ventus/V3.10/multi_context/mixed_direction/mixed/20260803T103017Z__v3__e1a866548aad/raw.csv
ventus,v3,mixed_direction,multi_cta,tensor,mixed,g2s_then_s2g,batched,distinct_map,4096,4,8,1,1047,1242,cycles,155.25,4.851562,26.383253,,multi_cta_tensor_mixed_g2s_then_s2g_batched_distinct_map_4096_4,data/ventus/V3.10/multi_context/mixed_direction/mixed/20260803T103017Z__v3__e1a866548aad/raw.csv
ventus,v3,mixed_direction,multi_cta,tensor,mixed,s2g_then_g2s,batched,distinct_map,4096,4,8,1,973,1129,cycles,141.125,4.410156,29.023915,,multi_cta_tensor_mixed_s2g_then_g2s_batched_distinct_map_4096_4,data/ventus/V3.10/multi_context/mixed_direction/mixed/20260803T103017Z__v3__e1a866548aad/raw.csv
h100,v3,mixed_direction,multi_cta,tensor,mixed,alternating,batched,distinct_map,4096,8,16,0,160,448,ns,28.0,,,146.285714,mixed_direction|multi_cta|tensor|mixed|alternating|batched|distinct_map|4096|8|16||||,data/h100/cuda-13.3-sm90/multi_context/mixed_direction/mixed/20260803T092443Z__v3__c462b34c8090/attempt_01.csv
h100,v3,mixed_direction,multi_cta,tensor,mixed,g2s_then_s2g,batched,distinct_map,4096,8,16,0,160,448,ns,28.0,,,146.285714,mixed_direction|multi_cta|tensor|mixed|g2s_then_s2g|batched|distinct_map|4096|8|16||||,data/h100/cuda-13.3-sm90/multi_context/mixed_direction/mixed/20260803T092443Z__v3__c462b34c8090/attempt_01.csv
h100,v3,mixed_direction,multi_cta,tensor,mixed,s2g_then_g2s,batched,distinct_map,4096,8,16,0,160,544,ns,34.0,,,120.470588,mixed_direction|multi_cta|tensor|mixed|s2g_then_g2s|batched|distinct_map|4096|8|16||||,data/h100/cuda-13.3-sm90/multi_context/mixed_direction/mixed/20260803T092443Z__v3__c462b34c8090/attempt_01.csv
h100,v3,mixed_direction,multi_cta,tensor,mixed,alternating,batched,distinct_map,4096,8,16,1,256,448,ns,28.0,,,146.285714,mixed_direction|multi_cta|tensor|mixed|alternating|batched|distinct_map|4096|8|16||||,data/h100/cuda-13.3-sm90/multi_context/mixed_direction/mixed/20260803T092443Z__v3__c462b34c8090/attempt_01.csv
h100,v3,mixed_direction,multi_cta,tensor,mixed,g2s_then_s2g,batched,distinct_map,4096,8,16,1,224,384,ns,24.0,,,170.666667,mixed_direction|multi_cta|tensor|mixed|g2s_then_s2g|batched|distinct_map|4096|8|16||||,data/h100/cuda-13.3-sm90/multi_context/mixed_direction/mixed/20260803T092443Z__v3__c462b34c8090/attempt_01.csv
h100,v3,mixed_direction,multi_cta,tensor,mixed,s2g_then_g2s,batched,distinct_map,4096,8,16,1,288,512,ns,32.0,,,128.0,mixed_direction|multi_cta|tensor|mixed|s2g_then_g2s|batched|distinct_map|4096|8|16||||,data/h100/cuda-13.3-sm90/multi_context/mixed_direction/mixed/20260803T092443Z__v3__c462b34c8090/attempt_01.csv
b200,v3,mixed_direction,multi_cta,tensor,mixed,alternating,batched,distinct_map,4096,8,16,0,352,800,ns,50.0,,,81.92,mixed_direction|multi_cta|tensor|mixed|alternating|batched|distinct_map|4096|8|16||||,data/b200/cuda-13.3-sm100/multi_context/mixed_direction/mixed/20260803T094309Z__v3__206fc377d643/attempt_01.csv
b200,v3,mixed_direction,multi_cta,tensor,mixed,g2s_then_s2g,batched,distinct_map,4096,8,16,0,544,1024,ns,64.0,,,64.0,mixed_direction|multi_cta|tensor|mixed|g2s_then_s2g|batched|distinct_map|4096|8|16||||,data/b200/cuda-13.3-sm100/multi_context/mixed_direction/mixed/20260803T094309Z__v3__206fc377d643/attempt_01.csv
b200,v3,mixed_direction,multi_cta,tensor,mixed,s2g_then_g2s,batched,distinct_map,4096,8,16,0,352,864,ns,54.0,,,75.851852,mixed_direction|multi_cta|tensor|mixed|s2g_then_g2s|batched|distinct_map|4096|8|16||||,data/b200/cuda-13.3-sm100/multi_context/mixed_direction/mixed/20260803T094309Z__v3__206fc377d643/attempt_01.csv
b200,v3,mixed_direction,multi_cta,tensor,mixed,alternating,batched,distinct_map,4096,8,16,1,448,608,ns,38.0,,,107.789474,mixed_direction|multi_cta|tensor|mixed|alternating|batched|distinct_map|4096|8|16||||,data/b200/cuda-13.3-sm100/multi_context/mixed_direction/mixed/20260803T094309Z__v3__206fc377d643/attempt_01.csv
b200,v3,mixed_direction,multi_cta,tensor,mixed,g2s_then_s2g,batched,distinct_map,4096,8,16,1,352,480,ns,30.0,,,136.533333,mixed_direction|multi_cta|tensor|mixed|g2s_then_s2g|batched|distinct_map|4096|8|16||||,data/b200/cuda-13.3-sm100/multi_context/mixed_direction/mixed/20260803T094309Z__v3__206fc377d643/attempt_01.csv
b200,v3,mixed_direction,multi_cta,tensor,mixed,s2g_then_g2s,batched,distinct_map,4096,8,16,1,544,704,ns,44.0,,,93.090909,mixed_direction|multi_cta|tensor|mixed|s2g_then_g2s|batched|distinct_map|4096|8|16||||,data/b200/cuda-13.3-sm100/multi_context/mixed_direction/mixed/20260803T094309Z__v3__206fc377d643/attempt_01.csv
ventus,v3,mixed_direction,multi_cta,tensor,mixed,alternating,batched,distinct_map,4096,8,16,0,19589,19901,cycles,1243.8125,38.869141,3.293101,,multi_cta_tensor_mixed_alternating_batched_distinct_map_4096_8,data/ventus/V3.10/multi_context/mixed_direction/mixed/20260803T103017Z__v3__e1a866548aad/raw.csv
ventus,v3,mixed_direction,multi_cta,tensor,mixed,s2g_then_g2s,batched,distinct_map,4096,8,16,0,20474,20663,cycles,1291.4375,40.357422,3.171659,,multi_cta_tensor_mixed_s2g_then_g2s_batched_distinct_map_4096_8,data/ventus/V3.10/multi_context/mixed_direction/mixed/20260803T103017Z__v3__e1a866548aad/raw.csv
ventus,v3,mixed_direction,multi_cta,tensor,mixed,alternating,batched,distinct_map,4096,8,16,1,19579,19971,cycles,1248.1875,39.005859,3.281558,,multi_cta_tensor_mixed_alternating_batched_distinct_map_4096_8,data/ventus/V3.10/multi_context/mixed_direction/mixed/20260803T103017Z__v3__e1a866548aad/raw.csv
ventus,v3,mixed_direction,multi_cta,tensor,mixed,s2g_then_g2s,batched,distinct_map,4096,8,16,1,20403,20534,cycles,1283.375,40.105469,3.191585,,multi_cta_tensor_mixed_s2g_then_g2s_batched_distinct_map_4096_8,data/ventus/V3.10/multi_context/mixed_direction/mixed/20260803T103017Z__v3__e1a866548aad/raw.csv
h100,v3,mixed_direction,multi_cta,tensor,mixed,alternating,batched,distinct_map,4096,16,32,0,384,640,ns,20.0,,,204.8,mixed_direction|multi_cta|tensor|mixed|alternating|batched|distinct_map|4096|16|32||||,data/h100/cuda-13.3-sm90/multi_context/mixed_direction/mixed/20260803T092443Z__v3__c462b34c8090/attempt_01.csv
h100,v3,mixed_direction,multi_cta,tensor,mixed,g2s_then_s2g,batched,distinct_map,4096,16,32,0,384,640,ns,20.0,,,204.8,mixed_direction|multi_cta|tensor|mixed|g2s_then_s2g|batched|distinct_map|4096|16|32||||,data/h100/cuda-13.3-sm90/multi_context/mixed_direction/mixed/20260803T092443Z__v3__c462b34c8090/attempt_01.csv
h100,v3,mixed_direction,multi_cta,tensor,mixed,s2g_then_g2s,batched,distinct_map,4096,16,32,0,416,800,ns,25.0,,,163.84,mixed_direction|multi_cta|tensor|mixed|s2g_then_g2s|batched|distinct_map|4096|16|32||||,data/h100/cuda-13.3-sm90/multi_context/mixed_direction/mixed/20260803T092443Z__v3__c462b34c8090/attempt_01.csv
h100,v3,mixed_direction,multi_cta,tensor,mixed,alternating,batched,distinct_map,4096,16,32,1,224,416,ns,13.0,,,315.076923,mixed_direction|multi_cta|tensor|mixed|alternating|batched|distinct_map|4096|16|32||||,data/h100/cuda-13.3-sm90/multi_context/mixed_direction/mixed/20260803T092443Z__v3__c462b34c8090/attempt_01.csv
h100,v3,mixed_direction,multi_cta,tensor,mixed,g2s_then_s2g,batched,distinct_map,4096,16,32,1,224,416,ns,13.0,,,315.076923,mixed_direction|multi_cta|tensor|mixed|g2s_then_s2g|batched|distinct_map|4096|16|32||||,data/h100/cuda-13.3-sm90/multi_context/mixed_direction/mixed/20260803T092443Z__v3__c462b34c8090/attempt_01.csv
h100,v3,mixed_direction,multi_cta,tensor,mixed,s2g_then_g2s,batched,distinct_map,4096,16,32,1,320,512,ns,16.0,,,256.0,mixed_direction|multi_cta|tensor|mixed|s2g_then_g2s|batched|distinct_map|4096|16|32||||,data/h100/cuda-13.3-sm90/multi_context/mixed_direction/mixed/20260803T092443Z__v3__c462b34c8090/attempt_01.csv
b200,v3,mixed_direction,multi_cta,tensor,mixed,alternating,batched,distinct_map,4096,16,32,0,576,1024,ns,32.0,,,128.0,mixed_direction|multi_cta|tensor|mixed|alternating|batched|distinct_map|4096|16|32||||,data/b200/cuda-13.3-sm100/multi_context/mixed_direction/mixed/20260803T094309Z__v3__206fc377d643/attempt_01.csv
b200,v3,mixed_direction,multi_cta,tensor,mixed,g2s_then_s2g,batched,distinct_map,4096,16,32,0,352,800,ns,25.0,,,163.84,mixed_direction|multi_cta|tensor|mixed|g2s_then_s2g|batched|distinct_map|4096|16|32||||,data/b200/cuda-13.3-sm100/multi_context/mixed_direction/mixed/20260803T094309Z__v3__206fc377d643/attempt_01.csv
b200,v3,mixed_direction,multi_cta,tensor,mixed,s2g_then_g2s,batched,distinct_map,4096,16,32,0,576,1056,ns,33.0,,,124.121212,mixed_direction|multi_cta|tensor|mixed|s2g_then_g2s|batched|distinct_map|4096|16|32||||,data/b200/cuda-13.3-sm100/multi_context/mixed_direction/mixed/20260803T094309Z__v3__206fc377d643/attempt_01.csv
b200,v3,mixed_direction,multi_cta,tensor,mixed,alternating,batched,distinct_map,4096,16,32,1,416,576,ns,18.0,,,227.555556,mixed_direction|multi_cta|tensor|mixed|alternating|batched|distinct_map|4096|16|32||||,data/b200/cuda-13.3-sm100/multi_context/mixed_direction/mixed/20260803T094309Z__v3__206fc377d643/attempt_01.csv
b200,v3,mixed_direction,multi_cta,tensor,mixed,g2s_then_s2g,batched,distinct_map,4096,16,32,1,480,640,ns,20.0,,,204.8,mixed_direction|multi_cta|tensor|mixed|g2s_then_s2g|batched|distinct_map|4096|16|32||||,data/b200/cuda-13.3-sm100/multi_context/mixed_direction/mixed/20260803T094309Z__v3__206fc377d643/attempt_01.csv
b200,v3,mixed_direction,multi_cta,tensor,mixed,s2g_then_g2s,batched,distinct_map,4096,16,32,1,480,640,ns,20.0,,,204.8,mixed_direction|multi_cta|tensor|mixed|s2g_then_g2s|batched|distinct_map|4096|16|32||||,data/b200/cuda-13.3-sm100/multi_context/mixed_direction/mixed/20260803T094309Z__v3__206fc377d643/attempt_01.csv
ventus,v3,mixed_direction,multi_cta,tensor,mixed,alternating,batched,distinct_map,4096,16,32,0,52484,52752,cycles,1648.5,51.515625,2.484683,,multi_cta_tensor_mixed_alternating_batched_distinct_map_4096_16,data/ventus/V3.10/multi_context/mixed_direction/mixed/20260803T103017Z__v3__e1a866548aad/raw.csv
ventus,v3,mixed_direction,multi_cta,tensor,mixed,s2g_then_g2s,batched,distinct_map,4096,16,32,0,52277,52461,cycles,1639.40625,51.231445,2.498466,,multi_cta_tensor_mixed_s2g_then_g2s_batched_distinct_map_4096_16,data/ventus/V3.10/multi_context/mixed_direction/mixed/20260803T103017Z__v3__e1a866548aad/raw.csv
ventus,v3,mixed_direction,multi_cta,tensor,mixed,alternating,batched,distinct_map,4096,16,32,1,52350,52575,cycles,1642.96875,51.342773,2.493048,,multi_cta_tensor_mixed_alternating_batched_distinct_map_4096_16,data/ventus/V3.10/multi_context/mixed_direction/mixed/20260803T103017Z__v3__e1a866548aad/raw.csv
ventus,v3,mixed_direction,multi_cta,tensor,mixed,s2g_then_g2s,batched,distinct_map,4096,16,32,1,52188,52306,cycles,1634.5625,51.080078,2.505869,,multi_cta_tensor_mixed_s2g_then_g2s_batched_distinct_map_4096_16,data/ventus/V3.10/multi_context/mixed_direction/mixed/20260803T103017Z__v3__e1a866548aad/raw.csv
h100,v3,mixed_direction,multi_cta,tensor,mixed,alternating,batched,same_map,4096,1,2,0,160,416,ns,208.0,,,19.692308,mixed_direction|multi_cta|tensor|mixed|alternating|batched|same_map|4096|1|2||||,data/h100/cuda-13.3-sm90/multi_context/mixed_direction/mixed/20260803T092443Z__v3__c462b34c8090/attempt_01.csv
h100,v3,mixed_direction,multi_cta,tensor,mixed,g2s_then_s2g,batched,same_map,4096,1,2,0,128,416,ns,208.0,,,19.692308,mixed_direction|multi_cta|tensor|mixed|g2s_then_s2g|batched|same_map|4096|1|2||||,data/h100/cuda-13.3-sm90/multi_context/mixed_direction/mixed/20260803T092443Z__v3__c462b34c8090/attempt_01.csv
h100,v3,mixed_direction,multi_cta,tensor,mixed,s2g_then_g2s,batched,same_map,4096,1,2,0,160,544,ns,272.0,,,15.058824,mixed_direction|multi_cta|tensor|mixed|s2g_then_g2s|batched|same_map|4096|1|2||||,data/h100/cuda-13.3-sm90/multi_context/mixed_direction/mixed/20260803T092443Z__v3__c462b34c8090/attempt_01.csv
h100,v3,mixed_direction,multi_cta,tensor,mixed,alternating,batched,same_map,4096,1,2,1,128,288,ns,144.0,,,28.444444,mixed_direction|multi_cta|tensor|mixed|alternating|batched|same_map|4096|1|2||||,data/h100/cuda-13.3-sm90/multi_context/mixed_direction/mixed/20260803T092443Z__v3__c462b34c8090/attempt_01.csv
h100,v3,mixed_direction,multi_cta,tensor,mixed,g2s_then_s2g,batched,same_map,4096,1,2,1,128,288,ns,144.0,,,28.444444,mixed_direction|multi_cta|tensor|mixed|g2s_then_s2g|batched|same_map|4096|1|2||||,data/h100/cuda-13.3-sm90/multi_context/mixed_direction/mixed/20260803T092443Z__v3__c462b34c8090/attempt_01.csv
h100,v3,mixed_direction,multi_cta,tensor,mixed,s2g_then_g2s,batched,same_map,4096,1,2,1,128,352,ns,176.0,,,23.272727,mixed_direction|multi_cta|tensor|mixed|s2g_then_g2s|batched|same_map|4096|1|2||||,data/h100/cuda-13.3-sm90/multi_context/mixed_direction/mixed/20260803T092443Z__v3__c462b34c8090/attempt_01.csv
b200,v3,mixed_direction,multi_cta,tensor,mixed,alternating,batched,same_map,4096,1,2,0,160,448,ns,224.0,,,18.285714,mixed_direction|multi_cta|tensor|mixed|alternating|batched|same_map|4096|1|2||||,data/b200/cuda-13.3-sm100/multi_context/mixed_direction/mixed/20260803T094309Z__v3__206fc377d643/attempt_01.csv
b200,v3,mixed_direction,multi_cta,tensor,mixed,g2s_then_s2g,batched,same_map,4096,1,2,0,160,416,ns,208.0,,,19.692308,mixed_direction|multi_cta|tensor|mixed|g2s_then_s2g|batched|same_map|4096|1|2||||,data/b200/cuda-13.3-sm100/multi_context/mixed_direction/mixed/20260803T094309Z__v3__206fc377d643/attempt_01.csv
b200,v3,mixed_direction,multi_cta,tensor,mixed,s2g_then_g2s,batched,same_map,4096,1,2,0,160,480,ns,240.0,,,17.066667,mixed_direction|multi_cta|tensor|mixed|s2g_then_g2s|batched|same_map|4096|1|2||||,data/b200/cuda-13.3-sm100/multi_context/mixed_direction/mixed/20260803T094309Z__v3__206fc377d643/attempt_01.csv
b200,v3,mixed_direction,multi_cta,tensor,mixed,alternating,batched,same_map,4096,1,2,1,128,288,ns,144.0,,,28.444444,mixed_direction|multi_cta|tensor|mixed|alternating|batched|same_map|4096|1|2||||,data/b200/cuda-13.3-sm100/multi_context/mixed_direction/mixed/20260803T094309Z__v3__206fc377d643/attempt_01.csv
b200,v3,mixed_direction,multi_cta,tensor,mixed,g2s_then_s2g,batched,same_map,4096,1,2,1,160,288,ns,144.0,,,28.444444,mixed_direction|multi_cta|tensor|mixed|g2s_then_s2g|batched|same_map|4096|1|2||||,data/b200/cuda-13.3-sm100/multi_context/mixed_direction/mixed/20260803T094309Z__v3__206fc377d643/attempt_01.csv
b200,v3,mixed_direction,multi_cta,tensor,mixed,s2g_then_g2s,batched,same_map,4096,1,2,1,128,352,ns,176.0,,,23.272727,mixed_direction|multi_cta|tensor|mixed|s2g_then_g2s|batched|same_map|4096|1|2||||,data/b200/cuda-13.3-sm100/multi_context/mixed_direction/mixed/20260803T094309Z__v3__206fc377d643/attempt_01.csv
ventus,v3,mixed_direction,multi_cta,tensor,mixed,alternating,batched,same_map,4096,1,2,0,172,409,cycles,204.5,6.390625,20.02934,,multi_cta_tensor_mixed_alternating_batched_same_map_4096_1,data/ventus/V3.10/multi_context/mixed_direction/mixed/20260803T103017Z__v3__e1a866548aad/raw.csv
ventus,v3,mixed_direction,multi_cta,tensor,mixed,g2s_then_s2g,batched,same_map,4096,1,2,0,241,441,cycles,220.5,6.890625,18.575964,,multi_cta_tensor_mixed_g2s_then_s2g_batched_same_map_4096_1,data/ventus/V3.10/multi_context/mixed_direction/mixed/20260803T103017Z__v3__e1a866548aad/raw.csv
ventus,v3,mixed_direction,multi_cta,tensor,mixed,s2g_then_g2s,batched,same_map,4096,1,2,0,244,393,cycles,196.5,6.140625,20.844784,,multi_cta_tensor_mixed_s2g_then_g2s_batched_same_map_4096_1,data/ventus/V3.10/multi_context/mixed_direction/mixed/20260803T103017Z__v3__e1a866548aad/raw.csv
ventus,v3,mixed_direction,multi_cta,tensor,mixed,alternating,batched,same_map,4096,1,2,1,151,389,cycles,194.5,6.078125,21.059126,,multi_cta_tensor_mixed_alternating_batched_same_map_4096_1,data/ventus/V3.10/multi_context/mixed_direction/mixed/20260803T103017Z__v3__e1a866548aad/raw.csv
ventus,v3,mixed_direction,multi_cta,tensor,mixed,g2s_then_s2g,batched,same_map,4096,1,2,1,245,424,cycles,212.0,6.625,19.320755,,multi_cta_tensor_mixed_g2s_then_s2g_batched_same_map_4096_1,data/ventus/V3.10/multi_context/mixed_direction/mixed/20260803T103017Z__v3__e1a866548aad/raw.csv
ventus,v3,mixed_direction,multi_cta,tensor,mixed,s2g_then_g2s,batched,same_map,4096,1,2,1,243,379,cycles,189.5,5.921875,21.614776,,multi_cta_tensor_mixed_s2g_then_g2s_batched_same_map_4096_1,data/ventus/V3.10/multi_context/mixed_direction/mixed/20260803T103017Z__v3__e1a866548aad/raw.csv
h100,v3,mixed_direction,multi_cta,tensor,mixed,alternating,batched,same_map,4096,2,4,0,160,448,ns,112.0,,,36.571429,mixed_direction|multi_cta|tensor|mixed|alternating|batched|same_map|4096|2|4||||,data/h100/cuda-13.3-sm90/multi_context/mixed_direction/mixed/20260803T092443Z__v3__c462b34c8090/attempt_01.csv
h100,v3,mixed_direction,multi_cta,tensor,mixed,g2s_then_s2g,batched,same_map,4096,2,4,0,160,480,ns,120.0,,,34.133333,mixed_direction|multi_cta|tensor|mixed|g2s_then_s2g|batched|same_map|4096|2|4||||,data/h100/cuda-13.3-sm90/multi_context/mixed_direction/mixed/20260803T092443Z__v3__c462b34c8090/attempt_01.csv
h100,v3,mixed_direction,multi_cta,tensor,mixed,s2g_then_g2s,batched,same_map,4096,2,4,0,160,544,ns,136.0,,,30.117647,mixed_direction|multi_cta|tensor|mixed|s2g_then_g2s|batched|same_map|4096|2|4||||,data/h100/cuda-13.3-sm90/multi_context/mixed_direction/mixed/20260803T092443Z__v3__c462b34c8090/attempt_01.csv
h100,v3,mixed_direction,multi_cta,tensor,mixed,alternating,batched,same_map,4096,2,4,1,160,352,ns,88.0,,,46.545455,mixed_direction|multi_cta|tensor|mixed|alternating|batched|same_map|4096|2|4||||,data/h100/cuda-13.3-sm90/multi_context/mixed_direction/mixed/20260803T092443Z__v3__c462b34c8090/attempt_01.csv
h100,v3,mixed_direction,multi_cta,tensor,mixed,g2s_then_s2g,batched,same_map,4096,2,4,1,160,320,ns,80.0,,,51.2,mixed_direction|multi_cta|tensor|mixed|g2s_then_s2g|batched|same_map|4096|2|4||||,data/h100/cuda-13.3-sm90/multi_context/mixed_direction/mixed/20260803T092443Z__v3__c462b34c8090/attempt_01.csv
h100,v3,mixed_direction,multi_cta,tensor,mixed,s2g_then_g2s,batched,same_map,4096,2,4,1,192,416,ns,104.0,,,39.384615,mixed_direction|multi_cta|tensor|mixed|s2g_then_g2s|batched|same_map|4096|2|4||||,data/h100/cuda-13.3-sm90/multi_context/mixed_direction/mixed/20260803T092443Z__v3__c462b34c8090/attempt_01.csv
b200,v3,mixed_direction,multi_cta,tensor,mixed,alternating,batched,same_map,4096,2,4,0,128,416,ns,104.0,,,39.384615,mixed_direction|multi_cta|tensor|mixed|alternating|batched|same_map|4096|2|4||||,data/b200/cuda-13.3-sm100/multi_context/mixed_direction/mixed/20260803T094309Z__v3__206fc377d643/attempt_01.csv
b200,v3,mixed_direction,multi_cta,tensor,mixed,g2s_then_s2g,batched,same_map,4096,2,4,0,128,480,ns,120.0,,,34.133333,mixed_direction|multi_cta|tensor|mixed|g2s_then_s2g|batched|same_map|4096|2|4||||,data/b200/cuda-13.3-sm100/multi_context/mixed_direction/mixed/20260803T094309Z__v3__206fc377d643/attempt_01.csv
b200,v3,mixed_direction,multi_cta,tensor,mixed,s2g_then_g2s,batched,same_map,4096,2,4,0,128,448,ns,112.0,,,36.571429,mixed_direction|multi_cta|tensor|mixed|s2g_then_g2s|batched|same_map|4096|2|4||||,data/b200/cuda-13.3-sm100/multi_context/mixed_direction/mixed/20260803T094309Z__v3__206fc377d643/attempt_01.csv
b200,v3,mixed_direction,multi_cta,tensor,mixed,alternating,batched,same_map,4096,2,4,1,160,320,ns,80.0,,,51.2,mixed_direction|multi_cta|tensor|mixed|alternating|batched|same_map|4096|2|4||||,data/b200/cuda-13.3-sm100/multi_context/mixed_direction/mixed/20260803T094309Z__v3__206fc377d643/attempt_01.csv
b200,v3,mixed_direction,multi_cta,tensor,mixed,g2s_then_s2g,batched,same_map,4096,2,4,1,128,288,ns,72.0,,,56.888889,mixed_direction|multi_cta|tensor|mixed|g2s_then_s2g|batched|same_map|4096|2|4||||,data/b200/cuda-13.3-sm100/multi_context/mixed_direction/mixed/20260803T094309Z__v3__206fc377d643/attempt_01.csv
b200,v3,mixed_direction,multi_cta,tensor,mixed,s2g_then_g2s,batched,same_map,4096,2,4,1,128,352,ns,88.0,,,46.545455,mixed_direction|multi_cta|tensor|mixed|s2g_then_g2s|batched|same_map|4096|2|4||||,data/b200/cuda-13.3-sm100/multi_context/mixed_direction/mixed/20260803T094309Z__v3__206fc377d643/attempt_01.csv
ventus,v3,mixed_direction,multi_cta,tensor,mixed,alternating,batched,same_map,4096,2,4,0,174,585,cycles,146.25,4.570312,28.006838,,multi_cta_tensor_mixed_alternating_batched_same_map_4096_2,data/ventus/V3.10/multi_context/mixed_direction/mixed/20260803T103017Z__v3__e1a866548aad/raw.csv
ventus,v3,mixed_direction,multi_cta,tensor,mixed,g2s_then_s2g,batched,same_map,4096,2,4,0,277,607,cycles,151.75,4.742188,26.991763,,multi_cta_tensor_mixed_g2s_then_s2g_batched_same_map_4096_2,data/ventus/V3.10/multi_context/mixed_direction/mixed/20260803T103017Z__v3__e1a866548aad/raw.csv
ventus,v3,mixed_direction,multi_cta,tensor,mixed,s2g_then_g2s,batched,same_map,4096,2,4,0,245,530,cycles,132.5,4.140625,30.913208,,multi_cta_tensor_mixed_s2g_then_g2s_batched_same_map_4096_2,data/ventus/V3.10/multi_context/mixed_direction/mixed/20260803T103017Z__v3__e1a866548aad/raw.csv
ventus,v3,mixed_direction,multi_cta,tensor,mixed,alternating,batched,same_map,4096,2,4,1,325,605,cycles,151.25,4.726562,27.080992,,multi_cta_tensor_mixed_alternating_batched_same_map_4096_2,data/ventus/V3.10/multi_context/mixed_direction/mixed/20260803T103017Z__v3__e1a866548aad/raw.csv
ventus,v3,mixed_direction,multi_cta,tensor,mixed,g2s_then_s2g,batched,same_map,4096,2,4,1,406,649,cycles,162.25,5.070312,25.244992,,multi_cta_tensor_mixed_g2s_then_s2g_batched_same_map_4096_2,data/ventus/V3.10/multi_context/mixed_direction/mixed/20260803T103017Z__v3__e1a866548aad/raw.csv
ventus,v3,mixed_direction,multi_cta,tensor,mixed,s2g_then_g2s,batched,same_map,4096,2,4,1,318,534,cycles,133.5,4.171875,30.681648,,multi_cta_tensor_mixed_s2g_then_g2s_batched_same_map_4096_2,data/ventus/V3.10/multi_context/mixed_direction/mixed/20260803T103017Z__v3__e1a866548aad/raw.csv
h100,v3,mixed_direction,multi_cta,tensor,mixed,alternating,batched,same_map,4096,4,8,0,160,416,ns,52.0,,,78.769231,mixed_direction|multi_cta|tensor|mixed|alternating|batched|same_map|4096|4|8||||,data/h100/cuda-13.3-sm90/multi_context/mixed_direction/mixed/20260803T092443Z__v3__c462b34c8090/attempt_01.csv
h100,v3,mixed_direction,multi_cta,tensor,mixed,g2s_then_s2g,batched,same_map,4096,4,8,0,160,448,ns,56.0,,,73.142857,mixed_direction|multi_cta|tensor|mixed|g2s_then_s2g|batched|same_map|4096|4|8||||,data/h100/cuda-13.3-sm90/multi_context/mixed_direction/mixed/20260803T092443Z__v3__c462b34c8090/attempt_01.csv
h100,v3,mixed_direction,multi_cta,tensor,mixed,s2g_then_g2s,batched,same_map,4096,4,8,0,160,544,ns,68.0,,,60.235294,mixed_direction|multi_cta|tensor|mixed|s2g_then_g2s|batched|same_map|4096|4|8||||,data/h100/cuda-13.3-sm90/multi_context/mixed_direction/mixed/20260803T092443Z__v3__c462b34c8090/attempt_01.csv
h100,v3,mixed_direction,multi_cta,tensor,mixed,alternating,batched,same_map,4096,4,8,1,192,352,ns,44.0,,,93.090909,mixed_direction|multi_cta|tensor|mixed|alternating|batched|same_map|4096|4|8||||,data/h100/cuda-13.3-sm90/multi_context/mixed_direction/mixed/20260803T092443Z__v3__c462b34c8090/attempt_01.csv
h100,v3,mixed_direction,multi_cta,tensor,mixed,g2s_then_s2g,batched,same_map,4096,4,8,1,192,384,ns,48.0,,,85.333333,mixed_direction|multi_cta|tensor|mixed|g2s_then_s2g|batched|same_map|4096|4|8||||,data/h100/cuda-13.3-sm90/multi_context/mixed_direction/mixed/20260803T092443Z__v3__c462b34c8090/attempt_01.csv
h100,v3,mixed_direction,multi_cta,tensor,mixed,s2g_then_g2s,batched,same_map,4096,4,8,1,192,416,ns,52.0,,,78.769231,mixed_direction|multi_cta|tensor|mixed|s2g_then_g2s|batched|same_map|4096|4|8||||,data/h100/cuda-13.3-sm90/multi_context/mixed_direction/mixed/20260803T092443Z__v3__c462b34c8090/attempt_01.csv
b200,v3,mixed_direction,multi_cta,tensor,mixed,alternating,batched,same_map,4096,4,8,0,352,960,ns,120.0,,,34.133333,mixed_direction|multi_cta|tensor|mixed|alternating|batched|same_map|4096|4|8||||,data/b200/cuda-13.3-sm100/multi_context/mixed_direction/mixed/20260803T094309Z__v3__206fc377d643/attempt_01.csv
b200,v3,mixed_direction,multi_cta,tensor,mixed,g2s_then_s2g,batched,same_map,4096,4,8,0,576,864,ns,108.0,,,37.925926,mixed_direction|multi_cta|tensor|mixed|g2s_then_s2g|batched|same_map|4096|4|8||||,data/b200/cuda-13.3-sm100/multi_context/mixed_direction/mixed/20260803T094309Z__v3__206fc377d643/attempt_01.csv
b200,v3,mixed_direction,multi_cta,tensor,mixed,s2g_then_g2s,batched,same_map,4096,4,8,0,320,800,ns,100.0,,,40.96,mixed_direction|multi_cta|tensor|mixed|s2g_then_g2s|batched|same_map|4096|4|8||||,data/b200/cuda-13.3-sm100/multi_context/mixed_direction/mixed/20260803T094309Z__v3__206fc377d643/attempt_01.csv
b200,v3,mixed_direction,multi_cta,tensor,mixed,alternating,batched,same_map,4096,4,8,1,384,576,ns,72.0,,,56.888889,mixed_direction|multi_cta|tensor|mixed|alternating|batched|same_map|4096|4|8||||,data/b200/cuda-13.3-sm100/multi_context/mixed_direction/mixed/20260803T094309Z__v3__206fc377d643/attempt_01.csv
b200,v3,mixed_direction,multi_cta,tensor,mixed,g2s_then_s2g,batched,same_map,4096,4,8,1,544,704,ns,88.0,,,46.545455,mixed_direction|multi_cta|tensor|mixed|g2s_then_s2g|batched|same_map|4096|4|8||||,data/b200/cuda-13.3-sm100/multi_context/mixed_direction/mixed/20260803T094309Z__v3__206fc377d643/attempt_01.csv
b200,v3,mixed_direction,multi_cta,tensor,mixed,s2g_then_g2s,batched,same_map,4096,4,8,1,576,768,ns,96.0,,,42.666667,mixed_direction|multi_cta|tensor|mixed|s2g_then_g2s|batched|same_map|4096|4|8||||,data/b200/cuda-13.3-sm100/multi_context/mixed_direction/mixed/20260803T094309Z__v3__206fc377d643/attempt_01.csv
ventus,v3,mixed_direction,multi_cta,tensor,mixed,alternating,batched,same_map,4096,4,8,0,748,1165,cycles,145.625,4.550781,28.127039,,multi_cta_tensor_mixed_alternating_batched_same_map_4096_4,data/ventus/V3.10/multi_context/mixed_direction/mixed/20260803T103017Z__v3__e1a866548aad/raw.csv
ventus,v3,mixed_direction,multi_cta,tensor,mixed,g2s_then_s2g,batched,same_map,4096,4,8,0,812,1227,cycles,153.375,4.792969,26.705786,,multi_cta_tensor_mixed_g2s_then_s2g_batched_same_map_4096_4,data/ventus/V3.10/multi_context/mixed_direction/mixed/20260803T103017Z__v3__e1a866548aad/raw.csv
ventus,v3,mixed_direction,multi_cta,tensor,mixed,s2g_then_g2s,batched,same_map,4096,4,8,0,657,1105,cycles,138.125,4.316406,29.654299,,multi_cta_tensor_mixed_s2g_then_g2s_batched_same_map_4096_4,data/ventus/V3.10/multi_context/mixed_direction/mixed/20260803T103017Z__v3__e1a866548aad/raw.csv
ventus,v3,mixed_direction,multi_cta,tensor,mixed,alternating,batched,same_map,4096,4,8,1,944,1199,cycles,149.875,4.683594,27.329441,,multi_cta_tensor_mixed_alternating_batched_same_map_4096_4,data/ventus/V3.10/multi_context/mixed_direction/mixed/20260803T103017Z__v3__e1a866548aad/raw.csv
ventus,v3,mixed_direction,multi_cta,tensor,mixed,g2s_then_s2g,batched,same_map,4096,4,8,1,1062,1276,cycles,159.5,4.984375,25.680251,,multi_cta_tensor_mixed_g2s_then_s2g_batched_same_map_4096_4,data/ventus/V3.10/multi_context/mixed_direction/mixed/20260803T103017Z__v3__e1a866548aad/raw.csv
ventus,v3,mixed_direction,multi_cta,tensor,mixed,s2g_then_g2s,batched,same_map,4096,4,8,1,1045,1178,cycles,147.25,4.601562,27.816638,,multi_cta_tensor_mixed_s2g_then_g2s_batched_same_map_4096_4,data/ventus/V3.10/multi_context/mixed_direction/mixed/20260803T103017Z__v3__e1a866548aad/raw.csv
h100,v3,mixed_direction,multi_cta,tensor,mixed,alternating,batched,same_map,4096,8,16,0,160,448,ns,28.0,,,146.285714,mixed_direction|multi_cta|tensor|mixed|alternating|batched|same_map|4096|8|16||||,data/h100/cuda-13.3-sm90/multi_context/mixed_direction/mixed/20260803T092443Z__v3__c462b34c8090/attempt_01.csv
h100,v3,mixed_direction,multi_cta,tensor,mixed,g2s_then_s2g,batched,same_map,4096,8,16,0,160,416,ns,26.0,,,157.538462,mixed_direction|multi_cta|tensor|mixed|g2s_then_s2g|batched|same_map|4096|8|16||||,data/h100/cuda-13.3-sm90/multi_context/mixed_direction/mixed/20260803T092443Z__v3__c462b34c8090/attempt_01.csv
h100,v3,mixed_direction,multi_cta,tensor,mixed,s2g_then_g2s,batched,same_map,4096,8,16,0,160,576,ns,36.0,,,113.777778,mixed_direction|multi_cta|tensor|mixed|s2g_then_g2s|batched|same_map|4096|8|16||||,data/h100/cuda-13.3-sm90/multi_context/mixed_direction/mixed/20260803T092443Z__v3__c462b34c8090/attempt_01.csv
h100,v3,mixed_direction,multi_cta,tensor,mixed,alternating,batched,same_map,4096,8,16,1,192,352,ns,22.0,,,186.181818,mixed_direction|multi_cta|tensor|mixed|alternating|batched|same_map|4096|8|16||||,data/h100/cuda-13.3-sm90/multi_context/mixed_direction/mixed/20260803T092443Z__v3__c462b34c8090/attempt_01.csv
h100,v3,mixed_direction,multi_cta,tensor,mixed,g2s_then_s2g,batched,same_map,4096,8,16,1,256,448,ns,28.0,,,146.285714,mixed_direction|multi_cta|tensor|mixed|g2s_then_s2g|batched|same_map|4096|8|16||||,data/h100/cuda-13.3-sm90/multi_context/mixed_direction/mixed/20260803T092443Z__v3__c462b34c8090/attempt_01.csv
h100,v3,mixed_direction,multi_cta,tensor,mixed,s2g_then_g2s,batched,same_map,4096,8,16,1,224,448,ns,28.0,,,146.285714,mixed_direction|multi_cta|tensor|mixed|s2g_then_g2s|batched|same_map|4096|8|16||||,data/h100/cuda-13.3-sm90/multi_context/mixed_direction/mixed/20260803T092443Z__v3__c462b34c8090/attempt_01.csv
b200,v3,mixed_direction,multi_cta,tensor,mixed,alternating,batched,same_map,4096,8,16,0,544,1152,ns,72.0,,,56.888889,mixed_direction|multi_cta|tensor|mixed|alternating|batched|same_map|4096|8|16||||,data/b200/cuda-13.3-sm100/multi_context/mixed_direction/mixed/20260803T094309Z__v3__206fc377d643/attempt_01.csv
b200,v3,mixed_direction,multi_cta,tensor,mixed,g2s_then_s2g,batched,same_map,4096,8,16,0,352,800,ns,50.0,,,81.92,mixed_direction|multi_cta|tensor|mixed|g2s_then_s2g|batched|same_map|4096|8|16||||,data/b200/cuda-13.3-sm100/multi_context/mixed_direction/mixed/20260803T094309Z__v3__206fc377d643/attempt_01.csv
b200,v3,mixed_direction,multi_cta,tensor,mixed,s2g_then_g2s,batched,same_map,4096,8,16,0,544,1024,ns,64.0,,,64.0,mixed_direction|multi_cta|tensor|mixed|s2g_then_g2s|batched|same_map|4096|8|16||||,data/b200/cuda-13.3-sm100/multi_context/mixed_direction/mixed/20260803T094309Z__v3__206fc377d643/attempt_01.csv
b200,v3,mixed_direction,multi_cta,tensor,mixed,alternating,batched,same_map,4096,8,16,1,352,544,ns,34.0,,,120.470588,mixed_direction|multi_cta|tensor|mixed|alternating|batched|same_map|4096|8|16||||,data/b200/cuda-13.3-sm100/multi_context/mixed_direction/mixed/20260803T094309Z__v3__206fc377d643/attempt_01.csv
b200,v3,mixed_direction,multi_cta,tensor,mixed,g2s_then_s2g,batched,same_map,4096,8,16,1,512,672,ns,42.0,,,97.52381,mixed_direction|multi_cta|tensor|mixed|g2s_then_s2g|batched|same_map|4096|8|16||||,data/b200/cuda-13.3-sm100/multi_context/mixed_direction/mixed/20260803T094309Z__v3__206fc377d643/attempt_01.csv
b200,v3,mixed_direction,multi_cta,tensor,mixed,s2g_then_g2s,batched,same_map,4096,8,16,1,512,736,ns,46.0,,,89.043478,mixed_direction|multi_cta|tensor|mixed|s2g_then_g2s|batched|same_map|4096|8|16||||,data/b200/cuda-13.3-sm100/multi_context/mixed_direction/mixed/20260803T094309Z__v3__206fc377d643/attempt_01.csv
ventus,v3,mixed_direction,multi_cta,tensor,mixed,alternating,batched,same_map,4096,8,16,0,19944,20216,cycles,1263.5,39.484375,3.241789,,multi_cta_tensor_mixed_alternating_batched_same_map_4096_8,data/ventus/V3.10/multi_context/mixed_direction/mixed/20260803T103017Z__v3__e1a866548aad/raw.csv
ventus,v3,mixed_direction,multi_cta,tensor,mixed,g2s_then_s2g,batched,same_map,4096,8,16,0,19780,19995,cycles,1249.6875,39.052734,3.277619,,multi_cta_tensor_mixed_g2s_then_s2g_batched_same_map_4096_8,data/ventus/V3.10/multi_context/mixed_direction/mixed/20260803T103017Z__v3__e1a866548aad/raw.csv
ventus,v3,mixed_direction,multi_cta,tensor,mixed,s2g_then_g2s,batched,same_map,4096,8,16,0,23764,23984,cycles,1499.0,46.84375,2.732488,,multi_cta_tensor_mixed_s2g_then_g2s_batched_same_map_4096_8,data/ventus/V3.10/multi_context/mixed_direction/mixed/20260803T103017Z__v3__e1a866548aad/raw.csv
ventus,v3,mixed_direction,multi_cta,tensor,mixed,alternating,batched,same_map,4096,8,16,1,21007,21289,cycles,1330.5625,41.580078,3.078397,,multi_cta_tensor_mixed_alternating_batched_same_map_4096_8,data/ventus/V3.10/multi_context/mixed_direction/mixed/20260803T103017Z__v3__e1a866548aad/raw.csv
ventus,v3,mixed_direction,multi_cta,tensor,mixed,g2s_then_s2g,batched,same_map,4096,8,16,1,19619,19908,cycles,1244.25,38.882812,3.291943,,multi_cta_tensor_mixed_g2s_then_s2g_batched_same_map_4096_8,data/ventus/V3.10/multi_context/mixed_direction/mixed/20260803T103017Z__v3__e1a866548aad/raw.csv
ventus,v3,mixed_direction,multi_cta,tensor,mixed,s2g_then_g2s,batched,same_map,4096,8,16,1,23701,23939,cycles,1496.1875,46.755859,2.737625,,multi_cta_tensor_mixed_s2g_then_g2s_batched_same_map_4096_8,data/ventus/V3.10/multi_context/mixed_direction/mixed/20260803T103017Z__v3__e1a866548aad/raw.csv
h100,v3,mixed_direction,multi_cta,tensor,mixed,alternating,batched,same_map,4096,16,32,0,352,640,ns,20.0,,,204.8,mixed_direction|multi_cta|tensor|mixed|alternating|batched|same_map|4096|16|32||||,data/h100/cuda-13.3-sm90/multi_context/mixed_direction/mixed/20260803T092443Z__v3__c462b34c8090/attempt_01.csv
h100,v3,mixed_direction,multi_cta,tensor,mixed,g2s_then_s2g,batched,same_map,4096,16,32,0,384,672,ns,21.0,,,195.047619,mixed_direction|multi_cta|tensor|mixed|g2s_then_s2g|batched|same_map|4096|16|32||||,data/h100/cuda-13.3-sm90/multi_context/mixed_direction/mixed/20260803T092443Z__v3__c462b34c8090/attempt_01.csv
h100,v3,mixed_direction,multi_cta,tensor,mixed,s2g_then_g2s,batched,same_map,4096,16,32,0,384,768,ns,24.0,,,170.666667,mixed_direction|multi_cta|tensor|mixed|s2g_then_g2s|batched|same_map|4096|16|32||||,data/h100/cuda-13.3-sm90/multi_context/mixed_direction/mixed/20260803T092443Z__v3__c462b34c8090/attempt_01.csv
h100,v3,mixed_direction,multi_cta,tensor,mixed,alternating,batched,same_map,4096,16,32,1,288,448,ns,14.0,,,292.571429,mixed_direction|multi_cta|tensor|mixed|alternating|batched|same_map|4096|16|32||||,data/h100/cuda-13.3-sm90/multi_context/mixed_direction/mixed/20260803T092443Z__v3__c462b34c8090/attempt_01.csv
h100,v3,mixed_direction,multi_cta,tensor,mixed,g2s_then_s2g,batched,same_map,4096,16,32,1,320,480,ns,15.0,,,273.066667,mixed_direction|multi_cta|tensor|mixed|g2s_then_s2g|batched|same_map|4096|16|32||||,data/h100/cuda-13.3-sm90/multi_context/mixed_direction/mixed/20260803T092443Z__v3__c462b34c8090/attempt_01.csv
h100,v3,mixed_direction,multi_cta,tensor,mixed,s2g_then_g2s,batched,same_map,4096,16,32,1,256,480,ns,15.0,,,273.066667,mixed_direction|multi_cta|tensor|mixed|s2g_then_g2s|batched|same_map|4096|16|32||||,data/h100/cuda-13.3-sm90/multi_context/mixed_direction/mixed/20260803T092443Z__v3__c462b34c8090/attempt_01.csv
b200,v3,mixed_direction,multi_cta,tensor,mixed,alternating,batched,same_map,4096,16,32,0,352,800,ns,25.0,,,163.84,mixed_direction|multi_cta|tensor|mixed|alternating|batched|same_map|4096|16|32||||,data/b200/cuda-13.3-sm100/multi_context/mixed_direction/mixed/20260803T094309Z__v3__206fc377d643/attempt_01.csv
b200,v3,mixed_direction,multi_cta,tensor,mixed,g2s_then_s2g,batched,same_map,4096,16,32,0,576,1024,ns,32.0,,,128.0,mixed_direction|multi_cta|tensor|mixed|g2s_then_s2g|batched|same_map|4096|16|32||||,data/b200/cuda-13.3-sm100/multi_context/mixed_direction/mixed/20260803T094309Z__v3__206fc377d643/attempt_01.csv
b200,v3,mixed_direction,multi_cta,tensor,mixed,s2g_then_g2s,batched,same_map,4096,16,32,0,352,672,ns,21.0,,,195.047619,mixed_direction|multi_cta|tensor|mixed|s2g_then_g2s|batched|same_map|4096|16|32||||,data/b200/cuda-13.3-sm100/multi_context/mixed_direction/mixed/20260803T094309Z__v3__206fc377d643/attempt_01.csv
b200,v3,mixed_direction,multi_cta,tensor,mixed,alternating,batched,same_map,4096,16,32,1,512,640,ns,20.0,,,204.8,mixed_direction|multi_cta|tensor|mixed|alternating|batched|same_map|4096|16|32||||,data/b200/cuda-13.3-sm100/multi_context/mixed_direction/mixed/20260803T094309Z__v3__206fc377d643/attempt_01.csv
b200,v3,mixed_direction,multi_cta,tensor,mixed,g2s_then_s2g,batched,same_map,4096,16,32,1,480,640,ns,20.0,,,204.8,mixed_direction|multi_cta|tensor|mixed|g2s_then_s2g|batched|same_map|4096|16|32||||,data/b200/cuda-13.3-sm100/multi_context/mixed_direction/mixed/20260803T094309Z__v3__206fc377d643/attempt_01.csv
b200,v3,mixed_direction,multi_cta,tensor,mixed,s2g_then_g2s,batched,same_map,4096,16,32,1,480,704,ns,22.0,,,186.181818,mixed_direction|multi_cta|tensor|mixed|s2g_then_g2s|batched|same_map|4096|16|32||||,data/b200/cuda-13.3-sm100/multi_context/mixed_direction/mixed/20260803T094309Z__v3__206fc377d643/attempt_01.csv
ventus,v3,mixed_direction,multi_cta,tensor,mixed,alternating,batched,same_map,4096,16,32,0,51250,51520,cycles,1610.0,50.3125,2.544099,,multi_cta_tensor_mixed_alternating_batched_same_map_4096_16,data/ventus/V3.10/multi_context/mixed_direction/mixed/20260803T103017Z__v3__e1a866548aad/raw.csv
ventus,v3,mixed_direction,multi_cta,tensor,mixed,g2s_then_s2g,batched,same_map,4096,16,32,0,52386,52571,cycles,1642.84375,51.338867,2.493238,,multi_cta_tensor_mixed_g2s_then_s2g_batched_same_map_4096_16,data/ventus/V3.10/multi_context/mixed_direction/mixed/20260803T103017Z__v3__e1a866548aad/raw.csv
ventus,v3,mixed_direction,multi_cta,tensor,mixed,s2g_then_g2s,batched,same_map,4096,16,32,0,53011,53145,cycles,1660.78125,51.899414,2.466309,,multi_cta_tensor_mixed_s2g_then_g2s_batched_same_map_4096_16,data/ventus/V3.10/multi_context/mixed_direction/mixed/20260803T103017Z__v3__e1a866548aad/raw.csv
ventus,v3,mixed_direction,multi_cta,tensor,mixed,alternating,batched,same_map,4096,16,32,1,51075,51323,cycles,1603.84375,50.120117,2.553865,,multi_cta_tensor_mixed_alternating_batched_same_map_4096_16,data/ventus/V3.10/multi_context/mixed_direction/mixed/20260803T103017Z__v3__e1a866548aad/raw.csv
ventus,v3,mixed_direction,multi_cta,tensor,mixed,g2s_then_s2g,batched,same_map,4096,16,32,1,52322,52513,cycles,1641.03125,51.282227,2.495991,,multi_cta_tensor_mixed_g2s_then_s2g_batched_same_map_4096_16,data/ventus/V3.10/multi_context/mixed_direction/mixed/20260803T103017Z__v3__e1a866548aad/raw.csv
ventus,v3,mixed_direction,multi_cta,tensor,mixed,s2g_then_g2s,batched,same_map,4096,16,32,1,52885,53033,cycles,1657.28125,51.790039,2.471518,,multi_cta_tensor_mixed_s2g_then_g2s_batched_same_map_4096_16,data/ventus/V3.10/multi_context/mixed_direction/mixed/20260803T103017Z__v3__e1a866548aad/raw.csv
