device_class,suite_id,level,path,direction,order,mode,map_mode,bytes,repeat,high_n_commands,high_n_completion_metric,completion_metric,slope_unit_per_command,completion_slope_per_command,effective_bytes_per_cycle,effective_gb_per_second,note
h100,multi_context.same_direction,intra_cta,bulk,g2s,na,serial,na,128,0,8;16;32,4406;8745;17280,total_cycles,cycles,535.991071,0.23881,,effective service slope; does not identify physical datapath count
h100,multi_context.same_direction,intra_cta,bulk,g2s,na,batched,na,128,0,8;16;32,1812;3396;6564,total_cycles,cycles,198.0,0.646465,,effective service slope; does not identify physical datapath count
h100,multi_context.same_direction,multi_cta,bulk,g2s,na,batched,na,128,0,8;16;32,352;512;576,completion_span_ns,ns,8.571429,,14.933333,effective service slope; does not identify physical datapath count
h100,multi_context.same_direction,intra_cta,bulk,g2s,na,serial,na,128,1,8;16;32,4402;8775;17387,total_cycles,cycles,540.642857,0.236755,,effective service slope; does not identify physical datapath count
h100,multi_context.same_direction,intra_cta,bulk,g2s,na,batched,na,128,1,8;16;32,1812;3396;6564,total_cycles,cycles,198.0,0.646465,,effective service slope; does not identify physical datapath count
h100,multi_context.same_direction,multi_cta,bulk,g2s,na,batched,na,128,1,8;16;32,320;480;448,completion_span_ns,ns,4.285714,,29.866667,effective service slope; does not identify physical datapath count
b200,multi_context.same_direction,intra_cta,bulk,g2s,na,serial,na,128,0,8;16;32,4156;8297;17775,total_cycles,cycles,571.017857,0.224161,,effective service slope; does not identify physical datapath count
b200,multi_context.same_direction,intra_cta,bulk,g2s,na,batched,na,128,0,8;16;32,2072;3888;7520,total_cycles,cycles,227.0,0.563877,,effective service slope; does not identify physical datapath count
b200,multi_context.same_direction,multi_cta,bulk,g2s,na,batched,na,128,0,8;16;32,288;416;608,completion_span_ns,ns,13.142857,,9.73913,effective service slope; does not identify physical datapath count
b200,multi_context.same_direction,intra_cta,bulk,g2s,na,serial,na,128,1,8;16;32,4219;9535;17791,total_cycles,cycles,558.428571,0.229215,,effective service slope; does not identify physical datapath count
b200,multi_context.same_direction,intra_cta,bulk,g2s,na,batched,na,128,1,8;16;32,2072;3888;7520,total_cycles,cycles,227.0,0.563877,,effective service slope; does not identify physical datapath count
b200,multi_context.same_direction,multi_cta,bulk,g2s,na,batched,na,128,1,8;16;32,320;448;544,completion_span_ns,ns,8.857143,,14.451613,effective service slope; does not identify physical datapath count
ventus,multi_context.same_direction,intra_cta,bulk,g2s,na,batched,na,128,0,1;2;4,149;189;279,total_cycles,cycles,43.571429,2.937705,,effective service slope; does not identify physical datapath count
ventus,multi_context.same_direction,intra_cta,bulk,g2s,na,batched,na,128,1,1;2;4,154;192;284,total_cycles,cycles,43.714286,2.928105,,effective service slope; does not identify physical datapath count
ventus,multi_context.same_direction,intra_cta,bulk,g2s,na,serial,na,128,0,1;2;4,153;237;407,total_cycles,cycles,84.714286,1.510961,,effective service slope; does not identify physical datapath count
ventus,multi_context.same_direction,intra_cta,bulk,g2s,na,serial,na,128,1,1;2;4,158;241;411,total_cycles,cycles,84.428571,1.516074,,effective service slope; does not identify physical datapath count
ventus,multi_context.same_direction,multi_cta,bulk,g2s,na,batched,na,128,0,8;16;32,7477;16439;34928,completion_span,cycles,1145.473214,0.111744,,effective service slope; does not identify physical datapath count
ventus,multi_context.same_direction,multi_cta,bulk,g2s,na,batched,na,128,1,8;16;32,7465;17278;36664,completion_span,cycles,1215.910714,0.105271,,effective service slope; does not identify physical datapath count
h100,multi_context.same_direction,intra_cta,bulk,g2s,na,serial,na,4096,0,8;16;32,4424;8749;17405,total_cycles,cycles,540.892857,7.572664,,effective service slope; does not identify physical datapath count
h100,multi_context.same_direction,intra_cta,bulk,g2s,na,batched,na,4096,0,8;16;32,1812;3396;6564,total_cycles,cycles,198.0,20.686869,,effective service slope; does not identify physical datapath count
h100,multi_context.same_direction,multi_cta,bulk,g2s,na,batched,na,4096,0,8;16;32,320;544;576,completion_span_ns,ns,9.428571,,434.424242,effective service slope; does not identify physical datapath count
h100,multi_context.same_direction,intra_cta,bulk,g2s,na,serial,na,4096,1,8;16;32,4398;8726;18432,total_cycles,cycles,587.875,6.967468,,effective service slope; does not identify physical datapath count
h100,multi_context.same_direction,intra_cta,bulk,g2s,na,batched,na,4096,1,8;16;32,1812;3396;6564,total_cycles,cycles,198.0,20.686869,,effective service slope; does not identify physical datapath count
h100,multi_context.same_direction,multi_cta,bulk,g2s,na,batched,na,4096,1,8;16;32,352;480;544,completion_span_ns,ns,7.428571,,551.384615,effective service slope; does not identify physical datapath count
b200,multi_context.same_direction,intra_cta,bulk,g2s,na,serial,na,4096,0,8;16;32,5229;10407;20763,total_cycles,cycles,647.25,6.328312,,effective service slope; does not identify physical datapath count
b200,multi_context.same_direction,intra_cta,bulk,g2s,na,batched,na,4096,0,8;16;32,2072;3888;7520,total_cycles,cycles,227.0,18.044053,,effective service slope; does not identify physical datapath count
b200,multi_context.same_direction,multi_cta,bulk,g2s,na,batched,na,4096,0,8;16;32,352;608;512,completion_span_ns,ns,4.857143,,843.294118,effective service slope; does not identify physical datapath count
b200,multi_context.same_direction,intra_cta,bulk,g2s,na,serial,na,4096,1,8;16;32,5257;10436;21244,total_cycles,cycles,667.464286,6.136658,,effective service slope; does not identify physical datapath count
b200,multi_context.same_direction,intra_cta,bulk,g2s,na,batched,na,4096,1,8;16;32,2072;3888;7520,total_cycles,cycles,227.0,18.044053,,effective service slope; does not identify physical datapath count
b200,multi_context.same_direction,multi_cta,bulk,g2s,na,batched,na,4096,1,8;16;32,416;448;768,completion_span_ns,ns,15.428571,,265.481481,effective service slope; does not identify physical datapath count
ventus,multi_context.same_direction,intra_cta,bulk,g2s,na,batched,na,4096,0,1;2;4,221;326;537,total_cycles,cycles,105.357143,38.877288,,effective service slope; does not identify physical datapath count
ventus,multi_context.same_direction,intra_cta,bulk,g2s,na,batched,na,4096,1,1;2;4,227;333;545,total_cycles,cycles,106.0,38.641509,,effective service slope; does not identify physical datapath count
ventus,multi_context.same_direction,intra_cta,bulk,g2s,na,serial,na,4096,0,1;2;4,225;384;713,total_cycles,cycles,162.928571,25.139851,,effective service slope; does not identify physical datapath count
ventus,multi_context.same_direction,intra_cta,bulk,g2s,na,serial,na,4096,1,1;2;4,231;395;726,total_cycles,cycles,165.071429,24.813501,,effective service slope; does not identify physical datapath count
ventus,multi_context.same_direction,multi_cta,bulk,g2s,na,batched,na,4096,0,4;8;16,567;23125;45938,completion_span,cycles,3648.160714,1.122758,,effective service slope; does not identify physical datapath count
ventus,multi_context.same_direction,multi_cta,bulk,g2s,na,batched,na,4096,1,4;8;16,566;23068;45881,completion_span,cycles,3644.160714,1.12399,,effective service slope; does not identify physical datapath count
h100,multi_context.same_direction,intra_cta,tensor,g2s,na,serial,same_map,128,0,8;16;32,4546;8722;16955,total_cycles,cycles,516.6875,0.247732,,effective service slope; does not identify physical datapath count
h100,multi_context.same_direction,intra_cta,tensor,g2s,na,batched,same_map,128,0,8;16;32,1767;3273;6274,total_cycles,cycles,187.758929,0.681725,,effective service slope; does not identify physical datapath count
h100,multi_context.same_direction,intra_cta,tensor,g2s,na,serial,distinct_map,128,0,8;16;32,5617;11456;22343,total_cycles,cycles,694.5625,0.184289,,effective service slope; does not identify physical datapath count
h100,multi_context.same_direction,intra_cta,tensor,g2s,na,batched,distinct_map,128,0,8;16;32,1767;3273;6553,total_cycles,cycles,200.214286,0.639315,,effective service slope; does not identify physical datapath count
h100,multi_context.same_direction,multi_cta,tensor,g2s,na,batched,same_map,128,0,8;16;32,416;672;672,completion_span_ns,ns,9.142857,,14.0,effective service slope; does not identify physical datapath count
h100,multi_context.same_direction,multi_cta,tensor,g2s,na,batched,distinct_map,128,0,8;16;32,480;576;736,completion_span_ns,ns,10.571429,,12.108108,effective service slope; does not identify physical datapath count
h100,multi_context.same_direction,intra_cta,tensor,g2s,na,serial,same_map,128,1,8;16;32,4246;8422;16774,total_cycles,cycles,522.0,0.245211,,effective service slope; does not identify physical datapath count
h100,multi_context.same_direction,intra_cta,tensor,g2s,na,batched,same_map,128,1,8;16;32,1767;3273;6285,total_cycles,cycles,188.25,0.679947,,effective service slope; does not identify physical datapath count
h100,multi_context.same_direction,intra_cta,tensor,g2s,na,serial,distinct_map,128,1,8;16;32,4246;8433;17381,total_cycles,cycles,549.0,0.233151,,effective service slope; does not identify physical datapath count
h100,multi_context.same_direction,intra_cta,tensor,g2s,na,batched,distinct_map,128,1,8;16;32,1767;3273;6285,total_cycles,cycles,188.25,0.679947,,effective service slope; does not identify physical datapath count
h100,multi_context.same_direction,multi_cta,tensor,g2s,na,batched,same_map,128,1,8;16;32,352;480;448,completion_span_ns,ns,3.142857,,40.727273,effective service slope; does not identify physical datapath count
h100,multi_context.same_direction,multi_cta,tensor,g2s,na,batched,distinct_map,128,1,8;16;32,288;480;416,completion_span_ns,ns,4.0,,32.0,effective service slope; does not identify physical datapath count
b200,multi_context.same_direction,intra_cta,tensor,g2s,na,serial,same_map,128,0,8;16;32,4669;8933;17474,total_cycles,cycles,533.580357,0.239889,,effective service slope; does not identify physical datapath count
b200,multi_context.same_direction,intra_cta,tensor,g2s,na,batched,same_map,128,0,8;16;32,2002;3726;7162,total_cycles,cycles,214.964286,0.595448,,effective service slope; does not identify physical datapath count
b200,multi_context.same_direction,intra_cta,tensor,g2s,na,serial,distinct_map,128,0,8;16;32,6763;13432;26760,total_cycles,cycles,833.178571,0.153629,,effective service slope; does not identify physical datapath count
b200,multi_context.same_direction,intra_cta,tensor,g2s,na,batched,distinct_map,128,0,8;16;32,2002;3726;7174,total_cycles,cycles,215.5,0.593968,,effective service slope; does not identify physical datapath count
b200,multi_context.same_direction,multi_cta,tensor,g2s,na,batched,same_map,128,0,8;16;32,448;960;928,completion_span_ns,ns,16.857143,,7.59322,effective service slope; does not identify physical datapath count
b200,multi_context.same_direction,multi_cta,tensor,g2s,na,batched,distinct_map,128,0,8;16;32,416;864;992,completion_span_ns,ns,21.714286,,5.894737,effective service slope; does not identify physical datapath count
b200,multi_context.same_direction,intra_cta,tensor,g2s,na,serial,same_map,128,1,8;16;32,4347;8614;17138,total_cycles,cycles,532.928571,0.240182,,effective service slope; does not identify physical datapath count
b200,multi_context.same_direction,intra_cta,tensor,g2s,na,batched,same_map,128,1,8;16;32,2002;3726;7174,total_cycles,cycles,215.5,0.593968,,effective service slope; does not identify physical datapath count
b200,multi_context.same_direction,intra_cta,tensor,g2s,na,serial,distinct_map,128,1,8;16;32,4346;8607;20135,total_cycles,cycles,666.821429,0.191955,,effective service slope; does not identify physical datapath count
b200,multi_context.same_direction,intra_cta,tensor,g2s,na,batched,distinct_map,128,1,8;16;32,2002;3726;7174,total_cycles,cycles,215.5,0.593968,,effective service slope; does not identify physical datapath count
b200,multi_context.same_direction,multi_cta,tensor,g2s,na,batched,same_map,128,1,8;16;32,480;672;608,completion_span_ns,ns,4.0,,32.0,effective service slope; does not identify physical datapath count
b200,multi_context.same_direction,multi_cta,tensor,g2s,na,batched,distinct_map,128,1,8;16;32,384;512;480,completion_span_ns,ns,3.142857,,40.727273,effective service slope; does not identify physical datapath count
ventus,multi_context.same_direction,intra_cta,tensor,g2s,na,batched,distinct_map,128,0,1;2;4,234;378;680,total_cycles,cycles,149.0,0.85906,,effective service slope; does not identify physical datapath count
ventus,multi_context.same_direction,intra_cta,tensor,g2s,na,batched,distinct_map,128,1,1;2;4,200;345;676,total_cycles,cycles,159.642857,0.80179,,effective service slope; does not identify physical datapath count
ventus,multi_context.same_direction,intra_cta,tensor,g2s,na,batched,same_map,128,0,1;2;4,234;345;667,total_cycles,cycles,146.714286,0.872444,,effective service slope; does not identify physical datapath count
ventus,multi_context.same_direction,intra_cta,tensor,g2s,na,batched,same_map,128,1,1;2;4,200;336;667,total_cycles,cycles,157.071429,0.814916,,effective service slope; does not identify physical datapath count
ventus,multi_context.same_direction,intra_cta,tensor,g2s,na,serial,distinct_map,128,0,1;2;4,238;472;940,total_cycles,cycles,234.0,0.547009,,effective service slope; does not identify physical datapath count
ventus,multi_context.same_direction,intra_cta,tensor,g2s,na,serial,distinct_map,128,1,1;2;4,202;400;796,total_cycles,cycles,198.0,0.646465,,effective service slope; does not identify physical datapath count
ventus,multi_context.same_direction,intra_cta,tensor,g2s,na,serial,same_map,128,0,1;2;4,238;440;846,total_cycles,cycles,202.714286,0.631431,,effective service slope; does not identify physical datapath count
ventus,multi_context.same_direction,intra_cta,tensor,g2s,na,serial,same_map,128,1,1;2;4,202;395;783,total_cycles,cycles,193.714286,0.660767,,effective service slope; does not identify physical datapath count
ventus,multi_context.same_direction,multi_cta,tensor,g2s,na,batched,distinct_map,128,0,8;16;32,7542;16935;30762,completion_span,cycles,952.741071,0.134349,,effective service slope; does not identify physical datapath count
ventus,multi_context.same_direction,multi_cta,tensor,g2s,na,batched,distinct_map,128,1,8;16;32,7480;17638;33500,completion_span,cycles,1070.910714,0.119524,,effective service slope; does not identify physical datapath count
ventus,multi_context.same_direction,multi_cta,tensor,g2s,na,batched,same_map,128,0,8;16;32,7534;14181;30270,completion_span,cycles,955.651786,0.13394,,effective service slope; does not identify physical datapath count
ventus,multi_context.same_direction,multi_cta,tensor,g2s,na,batched,same_map,128,1,8;16;32,7463;14994;34363,completion_span,cycles,1133.651786,0.112909,,effective service slope; does not identify physical datapath count
h100,multi_context.same_direction,intra_cta,tensor,g2s,na,serial,same_map,4096,0,8;16;32,4865;9054;17573,total_cycles,cycles,529.919643,7.729474,,effective service slope; does not identify physical datapath count
h100,multi_context.same_direction,intra_cta,tensor,g2s,na,batched,same_map,4096,0,8;16;32,1767;3273;6285,total_cycles,cycles,188.25,21.7583,,effective service slope; does not identify physical datapath count
h100,multi_context.same_direction,intra_cta,tensor,g2s,na,serial,distinct_map,4096,0,8;16;32,6690;13092;26400,total_cycles,cycles,822.75,4.978426,,effective service slope; does not identify physical datapath count
h100,multi_context.same_direction,intra_cta,tensor,g2s,na,batched,distinct_map,4096,0,8;16;32,1767;3273;6569,total_cycles,cycles,200.928571,20.385354,,effective service slope; does not identify physical datapath count
h100,multi_context.same_direction,multi_cta,tensor,g2s,na,batched,same_map,4096,0,8;16;32,480;704;672,completion_span_ns,ns,6.571429,,623.304348,effective service slope; does not identify physical datapath count
h100,multi_context.same_direction,multi_cta,tensor,g2s,na,batched,distinct_map,4096,0,8;16;32,480;672;704,completion_span_ns,ns,8.285714,,494.344828,effective service slope; does not identify physical datapath count
h100,multi_context.same_direction,intra_cta,tensor,g2s,na,serial,same_map,4096,1,8;16;32,4246;8423;16784,total_cycles,cycles,522.4375,7.840172,,effective service slope; does not identify physical datapath count
h100,multi_context.same_direction,intra_cta,tensor,g2s,na,batched,same_map,4096,1,8;16;32,1767;3273;6285,total_cycles,cycles,188.25,21.7583,,effective service slope; does not identify physical datapath count
h100,multi_context.same_direction,intra_cta,tensor,g2s,na,serial,distinct_map,4096,1,8;16;32,4246;8572;18002,total_cycles,cycles,575.482143,7.11751,,effective service slope; does not identify physical datapath count
h100,multi_context.same_direction,intra_cta,tensor,g2s,na,batched,distinct_map,4096,1,8;16;32,1767;3273;6285,total_cycles,cycles,188.25,21.7583,,effective service slope; does not identify physical datapath count
h100,multi_context.same_direction,multi_cta,tensor,g2s,na,batched,same_map,4096,1,8;16;32,352;416;448,completion_span_ns,ns,3.714286,,1102.769231,effective service slope; does not identify physical datapath count
h100,multi_context.same_direction,multi_cta,tensor,g2s,na,batched,distinct_map,4096,1,8;16;32,416;416;512,completion_span_ns,ns,4.285714,,955.733333,effective service slope; does not identify physical datapath count
b200,multi_context.same_direction,intra_cta,tensor,g2s,na,serial,same_map,4096,0,8;16;32,5863;11481;21967,total_cycles,cycles,668.767857,6.124696,,effective service slope; does not identify physical datapath count
b200,multi_context.same_direction,intra_cta,tensor,g2s,na,batched,same_map,4096,0,8;16;32,2002;3726;7174,total_cycles,cycles,215.5,19.006961,,effective service slope; does not identify physical datapath count
b200,multi_context.same_direction,intra_cta,tensor,g2s,na,serial,distinct_map,4096,0,8;16;32,6913;13580;27076,total_cycles,cycles,840.607143,4.872669,,effective service slope; does not identify physical datapath count
b200,multi_context.same_direction,intra_cta,tensor,g2s,na,batched,distinct_map,4096,0,8;16;32,2002;3726;7174,total_cycles,cycles,215.5,19.006961,,effective service slope; does not identify physical datapath count
b200,multi_context.same_direction,multi_cta,tensor,g2s,na,batched,same_map,4096,0,8;16;32,416;736;1152,completion_span_ns,ns,30.0,,136.533333,effective service slope; does not identify physical datapath count
b200,multi_context.same_direction,multi_cta,tensor,g2s,na,batched,distinct_map,4096,0,8;16;32,416;736;896,completion_span_ns,ns,18.571429,,220.553846,effective service slope; does not identify physical datapath count
b200,multi_context.same_direction,intra_cta,tensor,g2s,na,serial,same_map,4096,1,8;16;32,5243;10257;20437,total_cycles,cycles,633.535714,6.465302,,effective service slope; does not identify physical datapath count
b200,multi_context.same_direction,intra_cta,tensor,g2s,na,batched,same_map,4096,1,8;16;32,2002;3726;7174,total_cycles,cycles,215.5,19.006961,,effective service slope; does not identify physical datapath count
b200,multi_context.same_direction,intra_cta,tensor,g2s,na,serial,distinct_map,4096,1,8;16;32,5243;11018;22235,total_cycles,cycles,707.008929,5.79342,,effective service slope; does not identify physical datapath count
b200,multi_context.same_direction,intra_cta,tensor,g2s,na,batched,distinct_map,4096,1,8;16;32,2002;3726;7174,total_cycles,cycles,215.5,19.006961,,effective service slope; does not identify physical datapath count
b200,multi_context.same_direction,multi_cta,tensor,g2s,na,batched,same_map,4096,1,8;16;32,352;480;480,completion_span_ns,ns,4.571429,,896.0,effective service slope; does not identify physical datapath count
b200,multi_context.same_direction,multi_cta,tensor,g2s,na,batched,distinct_map,4096,1,8;16;32,320;352;480,completion_span_ns,ns,6.857143,,597.333333,effective service slope; does not identify physical datapath count
ventus,multi_context.same_direction,intra_cta,tensor,g2s,na,batched,distinct_map,4096,0,1;2;4,306;447;744,total_cycles,cycles,146.357143,27.986335,,effective service slope; does not identify physical datapath count
ventus,multi_context.same_direction,intra_cta,tensor,g2s,na,batched,distinct_map,4096,1,1;2;4,260;403;693,total_cycles,cycles,144.428571,28.36004,,effective service slope; does not identify physical datapath count
ventus,multi_context.same_direction,intra_cta,tensor,g2s,na,batched,same_map,4096,0,1;2;4,306;419;708,total_cycles,cycles,135.5,30.228782,,effective service slope; does not identify physical datapath count
ventus,multi_context.same_direction,intra_cta,tensor,g2s,na,batched,same_map,4096,1,1;2;4,260;394;681,total_cycles,cycles,140.785714,29.093861,,effective service slope; does not identify physical datapath count
ventus,multi_context.same_direction,intra_cta,tensor,g2s,na,serial,distinct_map,4096,0,1;2;4,310;616;1235,total_cycles,cycles,308.5,13.277147,,effective service slope; does not identify physical datapath count
ventus,multi_context.same_direction,intra_cta,tensor,g2s,na,serial,distinct_map,4096,1,1;2;4,262;520;1057,total_cycles,cycles,265.5,15.427495,,effective service slope; does not identify physical datapath count
ventus,multi_context.same_direction,intra_cta,tensor,g2s,na,serial,same_map,4096,0,1;2;4,310;584;1140,total_cycles,cycles,276.857143,14.794634,,effective service slope; does not identify physical datapath count
ventus,multi_context.same_direction,intra_cta,tensor,g2s,na,serial,same_map,4096,1,1;2;4,262;515;1046,total_cycles,cycles,261.928571,15.637851,,effective service slope; does not identify physical datapath count
ventus,multi_context.same_direction,multi_cta,tensor,g2s,na,batched,distinct_map,4096,0,4;8;16,636;23553;49201,completion_span,cycles,3926.928571,1.043054,,effective service slope; does not identify physical datapath count
ventus,multi_context.same_direction,multi_cta,tensor,g2s,na,batched,distinct_map,4096,1,4;8;16,558;23437;49070,completion_span,cycles,3922.875,1.044132,,effective service slope; does not identify physical datapath count
ventus,multi_context.same_direction,multi_cta,tensor,g2s,na,batched,same_map,4096,0,4;8;16,605;23618;46938,completion_span,cycles,3725.928571,1.099323,,effective service slope; does not identify physical datapath count
ventus,multi_context.same_direction,multi_cta,tensor,g2s,na,batched,same_map,4096,1,4;8;16,484;23480;46835,completion_span,cycles,3727.839286,1.09876,,effective service slope; does not identify physical datapath count
h100,multi_context.same_direction,intra_cta,bulk,s2g,na,serial,na,128,0,8;16;32,1489;2873;5641,total_cycles,cycles,173.0,0.739884,,effective service slope; does not identify physical datapath count
h100,multi_context.same_direction,intra_cta,bulk,s2g,na,batched,na,128,0,8;16;32,853;1506;2837,total_cycles,cycles,82.741071,1.546995,,effective service slope; does not identify physical datapath count
h100,multi_context.same_direction,multi_cta,bulk,s2g,na,batched,na,128,0,8;16;32,192;352;416,completion_span_ns,ns,8.571429,,14.933333,effective service slope; does not identify physical datapath count
h100,multi_context.same_direction,intra_cta,bulk,s2g,na,serial,na,128,1,8;16;32,1489;2873;5641,total_cycles,cycles,173.0,0.739884,,effective service slope; does not identify physical datapath count
h100,multi_context.same_direction,intra_cta,bulk,s2g,na,batched,na,128,1,8;16;32,823;1498;2826,total_cycles,cycles,83.392857,1.534904,,effective service slope; does not identify physical datapath count
h100,multi_context.same_direction,multi_cta,bulk,s2g,na,batched,na,128,1,8;16;32,192;256;288,completion_span_ns,ns,3.714286,,34.461538,effective service slope; does not identify physical datapath count
b200,multi_context.same_direction,intra_cta,bulk,s2g,na,serial,na,128,0,8;16;32,1823;3567;7078,total_cycles,cycles,219.026786,0.584403,,effective service slope; does not identify physical datapath count
b200,multi_context.same_direction,intra_cta,bulk,s2g,na,batched,na,128,0,8;16;32,904;1552;2824,total_cycles,cycles,79.928571,1.60143,,effective service slope; does not identify physical datapath count
b200,multi_context.same_direction,multi_cta,bulk,s2g,na,batched,na,128,0,8;16;32,256;320;480,completion_span_ns,ns,9.428571,,13.575758,effective service slope; does not identify physical datapath count
b200,multi_context.same_direction,intra_cta,bulk,s2g,na,serial,na,128,1,8;16;32,1823;3567;7055,total_cycles,cycles,218.0,0.587156,,effective service slope; does not identify physical datapath count
b200,multi_context.same_direction,intra_cta,bulk,s2g,na,batched,na,128,1,8;16;32,875;1511;2783,total_cycles,cycles,79.5,1.610063,,effective service slope; does not identify physical datapath count
b200,multi_context.same_direction,multi_cta,bulk,s2g,na,batched,na,128,1,8;16;32,320;384;416,completion_span_ns,ns,3.714286,,34.461538,effective service slope; does not identify physical datapath count
ventus,multi_context.same_direction,intra_cta,bulk,s2g,na,batched,na,128,0,8;16;32,305;528;978,total_cycles,cycles,28.053571,4.562699,,effective service slope; does not identify physical datapath count
ventus,multi_context.same_direction,intra_cta,bulk,s2g,na,batched,na,128,1,8;16;32,309;537;986,total_cycles,cycles,28.1875,4.54102,,effective service slope; does not identify physical datapath count
ventus,multi_context.same_direction,intra_cta,bulk,s2g,na,serial,na,128,0,8;16;32,421;786;1605,total_cycles,cycles,49.598214,2.580738,,effective service slope; does not identify physical datapath count
ventus,multi_context.same_direction,intra_cta,bulk,s2g,na,serial,na,128,1,8;16;32,431;795;1707,total_cycles,cycles,53.714286,2.382979,,effective service slope; does not identify physical datapath count
ventus,multi_context.same_direction,multi_cta,bulk,s2g,na,batched,na,128,0,8;16;32,7444;11528;33866,completion_span,cycles,1143.089286,0.111977,,effective service slope; does not identify physical datapath count
ventus,multi_context.same_direction,multi_cta,bulk,s2g,na,batched,na,128,1,8;16;32,7435;12447;37917,completion_span,cycles,1316.053571,0.09726,,effective service slope; does not identify physical datapath count
h100,multi_context.same_direction,intra_cta,bulk,s2g,na,serial,na,4096,0,8;16;32,2481;4857;9609,total_cycles,cycles,297.0,13.791246,,effective service slope; does not identify physical datapath count
h100,multi_context.same_direction,intra_cta,bulk,s2g,na,batched,na,4096,0,8;16;32,1253;2285;4349,total_cycles,cycles,129.0,31.751938,,effective service slope; does not identify physical datapath count
h100,multi_context.same_direction,multi_cta,bulk,s2g,na,batched,na,4096,0,8;16;32,224;416;448,completion_span_ns,ns,8.285714,,494.344828,effective service slope; does not identify physical datapath count
h100,multi_context.same_direction,intra_cta,bulk,s2g,na,serial,na,4096,1,8;16;32,2481;4857;9609,total_cycles,cycles,297.0,13.791246,,effective service slope; does not identify physical datapath count
h100,multi_context.same_direction,intra_cta,bulk,s2g,na,batched,na,4096,1,8;16;32,1264;2296;4360,total_cycles,cycles,129.0,31.751938,,effective service slope; does not identify physical datapath count
h100,multi_context.same_direction,multi_cta,bulk,s2g,na,batched,na,4096,1,8;16;32,256;352;320,completion_span_ns,ns,2.0,,2048.0,effective service slope; does not identify physical datapath count
b200,multi_context.same_direction,intra_cta,bulk,s2g,na,serial,na,4096,0,8;16;32,2815;5551;11023,total_cycles,cycles,342.0,11.976608,,effective service slope; does not identify physical datapath count
b200,multi_context.same_direction,intra_cta,bulk,s2g,na,batched,na,4096,0,8;16;32,1302;2334;4398,total_cycles,cycles,129.0,31.751938,,effective service slope; does not identify physical datapath count
b200,multi_context.same_direction,multi_cta,bulk,s2g,na,batched,na,4096,0,8;16;32,480;448;320,completion_span_ns,ns,-6.857143,,,effective service slope; does not identify physical datapath count
b200,multi_context.same_direction,intra_cta,bulk,s2g,na,serial,na,4096,1,8;16;32,2815;5551;11023,total_cycles,cycles,342.0,11.976608,,effective service slope; does not identify physical datapath count
b200,multi_context.same_direction,intra_cta,bulk,s2g,na,batched,na,4096,1,8;16;32,1291;2323;4387,total_cycles,cycles,129.0,31.751938,,effective service slope; does not identify physical datapath count
b200,multi_context.same_direction,multi_cta,bulk,s2g,na,batched,na,4096,1,8;16;32,384;416;448,completion_span_ns,ns,2.571429,,1592.888889,effective service slope; does not identify physical datapath count
ventus,multi_context.same_direction,intra_cta,bulk,s2g,na,batched,na,4096,0,2;4;8,343;627;1201,total_cycles,cycles,143.071429,28.629056,,effective service slope; does not identify physical datapath count
ventus,multi_context.same_direction,intra_cta,bulk,s2g,na,batched,na,4096,1,2;4;8,380;656;1230,total_cycles,cycles,141.928571,28.859587,,effective service slope; does not identify physical datapath count
ventus,multi_context.same_direction,intra_cta,bulk,s2g,na,serial,na,4096,0,2;4;8,363;686;1342,total_cycles,cycles,163.285714,25.084864,,effective service slope; does not identify physical datapath count
ventus,multi_context.same_direction,intra_cta,bulk,s2g,na,serial,na,4096,1,2;4;8,395;725;1391,total_cycles,cycles,166.071429,24.664086,,effective service slope; does not identify physical datapath count
ventus,multi_context.same_direction,multi_cta,bulk,s2g,na,batched,na,4096,0,8;16;32,23535;51607;117413,completion_span,cycles,3940.339286,1.039504,,effective service slope; does not identify physical datapath count
ventus,multi_context.same_direction,multi_cta,bulk,s2g,na,batched,na,4096,1,8;16;32,23489;51590;117306,completion_span,cycles,3937.357143,1.040292,,effective service slope; does not identify physical datapath count
h100,multi_context.s2g_size_sweep,intra_cta,tensor,s2g,na,batched,same_map,128,0,8;16;32,802;1330;2512,total_cycles,cycles,71.625,1.787086,,effective service slope; does not identify physical datapath count
h100,multi_context.same_direction,intra_cta,tensor,s2g,na,serial,same_map,128,0,8;16;32,1684;2980;5681,total_cycles,cycles,166.866071,0.767082,,effective service slope; does not identify physical datapath count
h100,multi_context.same_direction,intra_cta,tensor,s2g,na,batched,same_map,128,0,8;16;32,802;1372;2501,total_cycles,cycles,70.758929,1.808959,,effective service slope; does not identify physical datapath count
h100,multi_context.same_direction,intra_cta,tensor,s2g,na,serial,distinct_map,128,0,8;16;32,3357;6688;13155,total_cycles,cycles,407.669643,0.31398,,effective service slope; does not identify physical datapath count
h100,multi_context.same_direction,intra_cta,tensor,s2g,na,batched,distinct_map,128,0,8;16;32,2222;4277;8278,total_cycles,cycles,252.008929,0.507919,,effective service slope; does not identify physical datapath count
h100,multi_context.same_direction,multi_cta,tensor,s2g,na,batched,same_map,128,0,8;16;32,288;544;448,completion_span_ns,ns,4.857143,,26.352941,effective service slope; does not identify physical datapath count
h100,multi_context.same_direction,multi_cta,tensor,s2g,na,batched,distinct_map,128,0,8;16;32,320;544;640,completion_span_ns,ns,12.285714,,10.418605,effective service slope; does not identify physical datapath count
h100,multi_context.s2g_size_sweep,intra_cta,tensor,s2g,na,batched,same_map,128,1,8;16;32,729;1350;2439,total_cycles,cycles,70.794643,1.808046,,effective service slope; does not identify physical datapath count
h100,multi_context.same_direction,intra_cta,tensor,s2g,na,serial,same_map,128,1,8;16;32,1433;2761;5417,total_cycles,cycles,166.0,0.771084,,effective service slope; does not identify physical datapath count
h100,multi_context.same_direction,intra_cta,tensor,s2g,na,batched,same_map,128,1,8;16;32,729;1299;2450,total_cycles,cycles,71.741071,1.784194,,effective service slope; does not identify physical datapath count
h100,multi_context.same_direction,intra_cta,tensor,s2g,na,serial,distinct_map,128,1,8;16;32,1433;3353;7483,total_cycles,cycles,252.946429,0.506036,,effective service slope; does not identify physical datapath count
h100,multi_context.same_direction,intra_cta,tensor,s2g,na,batched,distinct_map,128,1,8;16;32,729;1306;2864,total_cycles,cycles,90.160714,1.419687,,effective service slope; does not identify physical datapath count
h100,multi_context.same_direction,multi_cta,tensor,s2g,na,batched,same_map,128,1,8;16;32,192;352;384,completion_span_ns,ns,7.142857,,17.92,effective service slope; does not identify physical datapath count
h100,multi_context.same_direction,multi_cta,tensor,s2g,na,batched,distinct_map,128,1,8;16;32,160;256;288,completion_span_ns,ns,4.857143,,26.352941,effective service slope; does not identify physical datapath count
b200,multi_context.s2g_size_sweep,intra_cta,tensor,s2g,na,batched,same_map,128,0,8;16;32,775;1320;2364,total_cycles,cycles,66.071429,1.937297,,effective service slope; does not identify physical datapath count
b200,multi_context.same_direction,intra_cta,tensor,s2g,na,serial,same_map,128,0,8;16;32,2291;4149;7862,total_cycles,cycles,232.116071,0.551448,,effective service slope; does not identify physical datapath count
b200,multi_context.same_direction,intra_cta,tensor,s2g,na,batched,same_map,128,0,8;16;32,776;1332;2344,total_cycles,cycles,65.035714,1.968149,,effective service slope; does not identify physical datapath count
b200,multi_context.same_direction,intra_cta,tensor,s2g,na,serial,distinct_map,128,0,8;16;32,4110;8160;16177,total_cycles,cycles,502.544643,0.254704,,effective service slope; does not identify physical datapath count
b200,multi_context.same_direction,intra_cta,tensor,s2g,na,batched,distinct_map,128,0,8;16;32,1399;2490;4702,total_cycles,cycles,137.714286,0.929461,,effective service slope; does not identify physical datapath count
b200,multi_context.same_direction,multi_cta,tensor,s2g,na,batched,same_map,128,0,8;16;32,384;320;576,completion_span_ns,ns,9.142857,,14.0,effective service slope; does not identify physical datapath count
b200,multi_context.same_direction,multi_cta,tensor,s2g,na,batched,distinct_map,128,0,8;16;32,544;544;480,completion_span_ns,ns,-2.857143,,,effective service slope; does not identify physical datapath count
b200,multi_context.s2g_size_sweep,intra_cta,tensor,s2g,na,batched,same_map,128,1,8;16;32,741;1334;2365,total_cycles,cycles,67.205357,1.90461,,effective service slope; does not identify physical datapath count
b200,multi_context.same_direction,intra_cta,tensor,s2g,na,serial,same_map,128,1,8;16;32,1935;3791;7503,total_cycles,cycles,232.0,0.551724,,effective service slope; does not identify physical datapath count
b200,multi_context.same_direction,intra_cta,tensor,s2g,na,batched,same_map,128,1,8;16;32,795;1318;2323,total_cycles,cycles,63.544643,2.014332,,effective service slope; does not identify physical datapath count
b200,multi_context.same_direction,intra_cta,tensor,s2g,na,serial,distinct_map,128,1,8;16;32,1935;4799;9934,total_cycles,cycles,331.526786,0.386092,,effective service slope; does not identify physical datapath count
b200,multi_context.same_direction,intra_cta,tensor,s2g,na,batched,distinct_map,128,1,8;16;32,802;1334;2367,total_cycles,cycles,65.116071,1.965721,,effective service slope; does not identify physical datapath count
b200,multi_context.same_direction,multi_cta,tensor,s2g,na,batched,same_map,128,1,8;16;32,256;352;320,completion_span_ns,ns,2.0,,64.0,effective service slope; does not identify physical datapath count
b200,multi_context.same_direction,multi_cta,tensor,s2g,na,batched,distinct_map,128,1,8;16;32,288;384;384,completion_span_ns,ns,3.428571,,37.333333,effective service slope; does not identify physical datapath count
ventus,multi_context.same_direction,intra_cta,tensor,s2g,na,batched,distinct_map,128,0,8;16;32,1014;1958;3910,total_cycles,cycles,120.857143,1.059102,,effective service slope; does not identify physical datapath count
ventus,multi_context.same_direction,intra_cta,tensor,s2g,na,batched,distinct_map,128,1,8;16;32,1005;1949;3901,total_cycles,cycles,120.857143,1.059102,,effective service slope; does not identify physical datapath count
ventus,multi_context.same_direction,intra_cta,tensor,s2g,na,batched,same_map,128,0,8;16;32,946;1842;3702,total_cycles,cycles,115.035714,1.112698,,effective service slope; does not identify physical datapath count
ventus,multi_context.same_direction,intra_cta,tensor,s2g,na,batched,same_map,128,1,8;16;32,946;1842;3730,total_cycles,cycles,116.285714,1.100737,,effective service slope; does not identify physical datapath count
ventus,multi_context.same_direction,intra_cta,tensor,s2g,na,serial,distinct_map,128,0,8;16;32,1536;3072;6208,total_cycles,cycles,194.857143,0.656891,,effective service slope; does not identify physical datapath count
ventus,multi_context.same_direction,intra_cta,tensor,s2g,na,serial,distinct_map,128,1,8;16;32,1464;2928;5929,total_cycles,cycles,186.258929,0.687215,,effective service slope; does not identify physical datapath count
ventus,multi_context.same_direction,intra_cta,tensor,s2g,na,serial,same_map,128,0,8;16;32,1307;2578;5188,total_cycles,cycles,161.910714,0.790559,,effective service slope; does not identify physical datapath count
ventus,multi_context.same_direction,intra_cta,tensor,s2g,na,serial,same_map,128,1,8;16;32,1279;2551;5191,total_cycles,cycles,163.285714,0.783902,,effective service slope; does not identify physical datapath count
ventus,multi_context.same_direction,multi_cta,tensor,s2g,na,batched,distinct_map,128,0,4;8;16,280;7453;16358,completion_span,cycles,1307.446429,0.097901,,effective service slope; does not identify physical datapath count
ventus,multi_context.same_direction,multi_cta,tensor,s2g,na,batched,distinct_map,128,1,4;8;16,273;7412;17299,completion_span,cycles,1392.696429,0.091908,,effective service slope; does not identify physical datapath count
ventus,multi_context.same_direction,multi_cta,tensor,s2g,na,batched,same_map,128,0,8;16;32,7497;17626;35780,completion_span,cycles,1172.196429,0.109197,,effective service slope; does not identify physical datapath count
ventus,multi_context.same_direction,multi_cta,tensor,s2g,na,batched,same_map,128,1,8;16;32,7450;17592;36694,completion_span,cycles,1214.982143,0.105351,,effective service slope; does not identify physical datapath count
h100,multi_context.s2g_size_sweep,intra_cta,tensor,s2g,na,batched,same_map,256,0,8;16;32,791;1372;2511,total_cycles,cycles,71.598214,3.575508,,effective service slope; does not identify physical datapath count
h100,multi_context.s2g_size_sweep,intra_cta,tensor,s2g,na,batched,same_map,256,1,8;16;32,740;1299;2450,total_cycles,cycles,71.348214,3.588037,,effective service slope; does not identify physical datapath count
b200,multi_context.s2g_size_sweep,intra_cta,tensor,s2g,na,batched,same_map,256,0,8;16;32,786;1320;2364,total_cycles,cycles,65.678571,3.897771,,effective service slope; does not identify physical datapath count
b200,multi_context.s2g_size_sweep,intra_cta,tensor,s2g,na,batched,same_map,256,1,8;16;32,777;1321;2376,total_cycles,cycles,66.526786,3.848074,,effective service slope; does not identify physical datapath count
h100,multi_context.s2g_size_sweep,intra_cta,tensor,s2g,na,batched,same_map,512,0,8;16;32,802;1361;2512,total_cycles,cycles,71.348214,7.176073,,effective service slope; does not identify physical datapath count
h100,multi_context.s2g_size_sweep,intra_cta,tensor,s2g,na,batched,same_map,512,1,8;16;32,729;1310;2439,total_cycles,cycles,71.151786,7.195884,,effective service slope; does not identify physical datapath count
b200,multi_context.s2g_size_sweep,intra_cta,tensor,s2g,na,batched,same_map,512,0,8;16;32,798;1308;2364,total_cycles,cycles,65.357143,7.83388,,effective service slope; does not identify physical datapath count
b200,multi_context.s2g_size_sweep,intra_cta,tensor,s2g,na,batched,same_map,512,1,8;16;32,799;1321;2365,total_cycles,cycles,65.25,7.846743,,effective service slope; does not identify physical datapath count
h100,multi_context.s2g_size_sweep,intra_cta,tensor,s2g,na,batched,same_map,1024,0,8;16;32,802;1361;2512,total_cycles,cycles,71.348214,14.352146,,effective service slope; does not identify physical datapath count
h100,multi_context.s2g_size_sweep,intra_cta,tensor,s2g,na,batched,same_map,1024,1,8;16;32,729;1310;2439,total_cycles,cycles,71.151786,14.391768,,effective service slope; does not identify physical datapath count
b200,multi_context.s2g_size_sweep,intra_cta,tensor,s2g,na,batched,same_map,1024,0,8;16;32,798;1320;2356,total_cycles,cycles,64.892857,15.779857,,effective service slope; does not identify physical datapath count
b200,multi_context.s2g_size_sweep,intra_cta,tensor,s2g,na,batched,same_map,1024,1,8;16;32,799;1321;2281,total_cycles,cycles,61.5,16.650407,,effective service slope; does not identify physical datapath count
h100,multi_context.s2g_size_sweep,intra_cta,tensor,s2g,na,batched,same_map,1536,0,8;16;32,882;1375;2504,total_cycles,cycles,68.008929,22.58527,,effective service slope; does not identify physical datapath count
h100,multi_context.s2g_size_sweep,intra_cta,tensor,s2g,na,batched,same_map,1536,1,8;16;32,754;1313;2464,total_cycles,cycles,71.348214,21.528219,,effective service slope; does not identify physical datapath count
b200,multi_context.s2g_size_sweep,intra_cta,tensor,s2g,na,batched,same_map,1536,0,8;16;32,881;1320;2364,total_cycles,cycles,62.285714,24.66055,,effective service slope; does not identify physical datapath count
b200,multi_context.s2g_size_sweep,intra_cta,tensor,s2g,na,batched,same_map,1536,1,8;16;32,773;1321;2365,total_cycles,cycles,66.178571,23.20993,,effective service slope; does not identify physical datapath count
h100,multi_context.s2g_size_sweep,intra_cta,tensor,s2g,na,batched,same_map,2048,0,8;16;32,1011;1491;2570,total_cycles,cycles,65.3125,31.356938,,effective service slope; does not identify physical datapath count
h100,multi_context.s2g_size_sweep,intra_cta,tensor,s2g,na,batched,same_map,2048,1,8;16;32,765;1346;2475,total_cycles,cycles,71.151786,28.783536,,effective service slope; does not identify physical datapath count
b200,multi_context.s2g_size_sweep,intra_cta,tensor,s2g,na,batched,same_map,2048,0,8;16;32,1036;1547;2563,total_cycles,cycles,63.607143,32.197642,,effective service slope; does not identify physical datapath count
b200,multi_context.s2g_size_sweep,intra_cta,tensor,s2g,na,batched,same_map,2048,1,8;16;32,810;1343;2376,total_cycles,cycles,65.151786,31.434288,,effective service slope; does not identify physical datapath count
h100,multi_context.s2g_size_sweep,intra_cta,tensor,s2g,na,batched,same_map,2560,0,8;16;32,1116;1774;3066,total_cycles,cycles,81.178571,31.535416,,effective service slope; does not identify physical datapath count
h100,multi_context.s2g_size_sweep,intra_cta,tensor,s2g,na,batched,same_map,2560,1,8;16;32,879;1516;2823,total_cycles,cycles,81.098214,31.566663,,effective service slope; does not identify physical datapath count
b200,multi_context.s2g_size_sweep,intra_cta,tensor,s2g,na,batched,same_map,2560,0,8;16;32,1137;1785;3100,total_cycles,cycles,81.848214,31.277408,,effective service slope; does not identify physical datapath count
b200,multi_context.s2g_size_sweep,intra_cta,tensor,s2g,na,batched,same_map,2560,1,8;16;32,897;1521;2841,total_cycles,cycles,81.214286,31.521548,,effective service slope; does not identify physical datapath count
h100,multi_context.s2g_size_sweep,intra_cta,tensor,s2g,na,batched,same_map,3072,0,8;16;32,1251;2020;3583,total_cycles,cycles,97.241071,31.591589,,effective service slope; does not identify physical datapath count
h100,multi_context.s2g_size_sweep,intra_cta,tensor,s2g,na,batched,same_map,3072,1,8;16;32,1007;1772;3335,total_cycles,cycles,97.098214,31.638069,,effective service slope; does not identify physical datapath count
b200,multi_context.s2g_size_sweep,intra_cta,tensor,s2g,na,batched,same_map,3072,0,8;16;32,1277;2055;3591,total_cycles,cycles,96.357143,31.881394,,effective service slope; does not identify physical datapath count
b200,multi_context.s2g_size_sweep,intra_cta,tensor,s2g,na,batched,same_map,3072,1,8;16;32,1025;1801;3353,total_cycles,cycles,97.0,31.670103,,effective service slope; does not identify physical datapath count
h100,multi_context.s2g_size_sweep,intra_cta,tensor,s2g,na,batched,same_map,3584,0,8;16;32,1386;2291;4096,total_cycles,cycles,112.901786,31.744405,,effective service slope; does not identify physical datapath count
h100,multi_context.s2g_size_sweep,intra_cta,tensor,s2g,na,batched,same_map,3584,1,8;16;32,1124;2028;3836,total_cycles,cycles,113.0,31.716814,,effective service slope; does not identify physical datapath count
b200,multi_context.s2g_size_sweep,intra_cta,tensor,s2g,na,batched,same_map,3584,0,8;16;32,1427;2306;4101,total_cycles,cycles,111.526786,32.135778,,effective service slope; does not identify physical datapath count
b200,multi_context.s2g_size_sweep,intra_cta,tensor,s2g,na,batched,same_map,3584,1,8;16;32,1153;2033;3865,total_cycles,cycles,113.214286,31.656782,,effective service slope; does not identify physical datapath count
h100,multi_context.s2g_size_sweep,intra_cta,tensor,s2g,na,batched,same_map,4096,0,8;16;32,1513;2544;4621,total_cycles,cycles,129.544643,31.618444,,effective service slope; does not identify physical datapath count
h100,multi_context.same_direction,intra_cta,tensor,s2g,na,serial,same_map,4096,0,8;16;32,2692;5016;9630,total_cycles,cycles,288.982143,14.173886,,effective service slope; does not identify physical datapath count
h100,multi_context.same_direction,intra_cta,tensor,s2g,na,batched,same_map,4096,0,8;16;32,1495;2547;4614,total_cycles,cycles,129.848214,31.544523,,effective service slope; does not identify physical datapath count
h100,multi_context.same_direction,intra_cta,tensor,s2g,na,serial,distinct_map,4096,0,8;16;32,4372;8691;17108,total_cycles,cycles,530.008929,7.728172,,effective service slope; does not identify physical datapath count
h100,multi_context.same_direction,intra_cta,tensor,s2g,na,batched,distinct_map,4096,0,8;16;32,2344;4394;8435,total_cycles,cycles,253.616071,16.150396,,effective service slope; does not identify physical datapath count
h100,multi_context.same_direction,multi_cta,tensor,s2g,na,batched,same_map,4096,0,8;16;32,352;544;512,completion_span_ns,ns,5.428571,,754.526316,effective service slope; does not identify physical datapath count
h100,multi_context.same_direction,multi_cta,tensor,s2g,na,batched,distinct_map,4096,0,8;16;32,352;608;672,completion_span_ns,ns,12.0,,341.333333,effective service slope; does not identify physical datapath count
h100,multi_context.s2g_size_sweep,intra_cta,tensor,s2g,na,batched,same_map,4096,1,8;16;32,1252;2295;4348,total_cycles,cycles,128.901786,31.776131,,effective service slope; does not identify physical datapath count
h100,multi_context.same_direction,intra_cta,tensor,s2g,na,serial,same_map,4096,1,8;16;32,2425;4745;9385,total_cycles,cycles,290.0,14.124138,,effective service slope; does not identify physical datapath count
h100,multi_context.same_direction,intra_cta,tensor,s2g,na,batched,same_map,4096,1,8;16;32,1252;2284;4348,total_cycles,cycles,129.0,31.751938,,effective service slope; does not identify physical datapath count
h100,multi_context.same_direction,intra_cta,tensor,s2g,na,serial,distinct_map,4096,1,8;16;32,2425;5337;11434,total_cycles,cycles,376.1875,10.888187,,effective service slope; does not identify physical datapath count
h100,multi_context.same_direction,intra_cta,tensor,s2g,na,batched,distinct_map,4096,1,8;16;32,1252;2321;4840,total_cycles,cycles,150.633929,27.191749,,effective service slope; does not identify physical datapath count
h100,multi_context.same_direction,multi_cta,tensor,s2g,na,batched,same_map,4096,1,8;16;32,256;320;416,completion_span_ns,ns,6.571429,,623.304348,effective service slope; does not identify physical datapath count
h100,multi_context.same_direction,multi_cta,tensor,s2g,na,batched,distinct_map,4096,1,8;16;32,224;320;384,completion_span_ns,ns,6.285714,,651.636364,effective service slope; does not identify physical datapath count
b200,multi_context.s2g_size_sweep,intra_cta,tensor,s2g,na,batched,same_map,4096,0,8;16;32,1535;2592;4642,total_cycles,cycles,129.267857,31.686144,,effective service slope; does not identify physical datapath count
b200,multi_context.same_direction,intra_cta,tensor,s2g,na,serial,same_map,4096,0,8;16;32,3299;6152;11872,total_cycles,cycles,357.25,11.46536,,effective service slope; does not identify physical datapath count
b200,multi_context.same_direction,intra_cta,tensor,s2g,na,batched,same_map,4096,0,8;16;32,1560;2592;4630,total_cycles,cycles,127.839286,32.040229,,effective service slope; does not identify physical datapath count
b200,multi_context.same_direction,intra_cta,tensor,s2g,na,serial,distinct_map,4096,0,8;16;32,5168;10198;20151,total_cycles,cycles,623.973214,6.564384,,effective service slope; does not identify physical datapath count
b200,multi_context.same_direction,intra_cta,tensor,s2g,na,batched,distinct_map,4096,0,8;16;32,1869;3376;6241,total_cycles,cycles,181.723214,22.539773,,effective service slope; does not identify physical datapath count
b200,multi_context.same_direction,multi_cta,tensor,s2g,na,batched,same_map,4096,0,8;16;32,576;448;608,completion_span_ns,ns,2.571429,,1592.888889,effective service slope; does not identify physical datapath count
b200,multi_context.same_direction,multi_cta,tensor,s2g,na,batched,distinct_map,4096,0,8;16;32,448;480;640,completion_span_ns,ns,8.285714,,494.344828,effective service slope; does not identify physical datapath count
b200,multi_context.s2g_size_sweep,intra_cta,tensor,s2g,na,batched,same_map,4096,1,8;16;32,1281;2313;4377,total_cycles,cycles,129.0,31.751938,,effective service slope; does not identify physical datapath count
b200,multi_context.same_direction,intra_cta,tensor,s2g,na,serial,same_map,4096,1,8;16;32,2927;5775;11471,total_cycles,cycles,356.0,11.505618,,effective service slope; does not identify physical datapath count
b200,multi_context.same_direction,intra_cta,tensor,s2g,na,batched,same_map,4096,1,8;16;32,1281;2313;4377,total_cycles,cycles,129.0,31.751938,,effective service slope; does not identify physical datapath count
b200,multi_context.same_direction,intra_cta,tensor,s2g,na,serial,distinct_map,4096,1,8;16;32,2927;6783;13922,total_cycles,cycles,456.419643,8.974197,,effective service slope; does not identify physical datapath count
b200,multi_context.same_direction,intra_cta,tensor,s2g,na,batched,distinct_map,4096,1,8;16;32,1281;2376;4645,total_cycles,cycles,140.401786,29.173418,,effective service slope; does not identify physical datapath count
b200,multi_context.same_direction,multi_cta,tensor,s2g,na,batched,same_map,4096,1,8;16;32,384;352;448,completion_span_ns,ns,3.142857,,1303.272727,effective service slope; does not identify physical datapath count
b200,multi_context.same_direction,multi_cta,tensor,s2g,na,batched,distinct_map,4096,1,8;16;32,352;416;448,completion_span_ns,ns,3.714286,,1102.769231,effective service slope; does not identify physical datapath count
ventus,multi_context.same_direction,intra_cta,tensor,s2g,na,batched,distinct_map,4096,0,2;4;8,452;762;1366,total_cycles,cycles,152.142857,26.922066,,effective service slope; does not identify physical datapath count
ventus,multi_context.same_direction,intra_cta,tensor,s2g,na,batched,distinct_map,4096,1,2;4;8,437;735;1358,total_cycles,cycles,153.821429,26.62828,,effective service slope; does not identify physical datapath count
ventus,multi_context.same_direction,intra_cta,tensor,s2g,na,batched,same_map,4096,0,2;4;8,421;736;1322,total_cycles,cycles,149.642857,27.371838,,effective service slope; does not identify physical datapath count
ventus,multi_context.same_direction,intra_cta,tensor,s2g,na,batched,same_map,4096,1,2;4;8,434;729;1339,total_cycles,cycles,151.071429,27.113002,,effective service slope; does not identify physical datapath count
ventus,multi_context.same_direction,intra_cta,tensor,s2g,na,serial,distinct_map,4096,0,2;4;8,585;1201;2442,total_cycles,cycles,309.607143,13.229669,,effective service slope; does not identify physical datapath count
ventus,multi_context.same_direction,intra_cta,tensor,s2g,na,serial,distinct_map,4096,1,2;4;8,562;1124;2392,total_cycles,cycles,306.714286,13.354448,,effective service slope; does not identify physical datapath count
ventus,multi_context.same_direction,intra_cta,tensor,s2g,na,serial,same_map,4096,0,2;4;8,564;1116;2224,total_cycles,cycles,276.714286,14.802272,,effective service slope; does not identify physical datapath count
ventus,multi_context.same_direction,intra_cta,tensor,s2g,na,serial,same_map,4096,1,2;4;8,557;1111;2219,total_cycles,cycles,277.0,14.787004,,effective service slope; does not identify physical datapath count
ventus,multi_context.same_direction,multi_cta,tensor,s2g,na,batched,distinct_map,4096,0,4;8;16,654;22907;50874,completion_span,cycles,4086.553571,1.002312,,effective service slope; does not identify physical datapath count
ventus,multi_context.same_direction,multi_cta,tensor,s2g,na,batched,distinct_map,4096,1,4;8;16,609;22782;50783,completion_span,cycles,4083.875,1.002969,,effective service slope; does not identify physical datapath count
ventus,multi_context.same_direction,multi_cta,tensor,s2g,na,batched,same_map,4096,0,8;16;32,21100;48770;118390,completion_span,cycles,4096.25,0.999939,,effective service slope; does not identify physical datapath count
ventus,multi_context.same_direction,multi_cta,tensor,s2g,na,batched,same_map,4096,1,8;16;32,21007;48696;118276,completion_span,cycles,4095.142857,1.000209,,effective service slope; does not identify physical datapath count
h100,multi_context.mixed_direction,intra_cta,bulk,mixed,alternating,serial,na,128,0,8;16;32,2715;5232;10612,total_cycles,cycles,330.071429,0.387795,,effective service slope; does not identify physical datapath count
h100,multi_context.mixed_direction,intra_cta,bulk,mixed,alternating,batched,na,128,0,8;16;32,1249;2152;4038,total_cycles,cycles,116.446429,1.099218,,effective service slope; does not identify physical datapath count
h100,multi_context.mixed_direction,intra_cta,bulk,mixed,g2s_then_s2g,serial,na,128,0,8;16;32,2597;5348;10496,total_cycles,cycles,328.071429,0.390159,,effective service slope; does not identify physical datapath count
h100,multi_context.mixed_direction,intra_cta,bulk,mixed,g2s_then_s2g,batched,na,128,0,8;16;32,1324;2388;4390,total_cycles,cycles,127.375,1.004907,,effective service slope; does not identify physical datapath count
h100,multi_context.mixed_direction,intra_cta,bulk,mixed,s2g_then_g2s,serial,na,128,0,8;16;32,2657;5240;10349,total_cycles,cycles,320.330357,0.399587,,effective service slope; does not identify physical datapath count
h100,multi_context.mixed_direction,intra_cta,bulk,mixed,s2g_then_g2s,batched,na,128,0,8;16;32,1383;2347;4345,total_cycles,cycles,123.625,1.035389,,effective service slope; does not identify physical datapath count
h100,multi_context.mixed_direction,multi_cta,bulk,mixed,alternating,batched,na,128,0,8;16;32,288;256;416,completion_span_ns,ns,6.0,,21.333333,effective service slope; does not identify physical datapath count
h100,multi_context.mixed_direction,multi_cta,bulk,mixed,g2s_then_s2g,batched,na,128,0,8;16;32,256;256;448,completion_span_ns,ns,8.571429,,14.933333,effective service slope; does not identify physical datapath count
h100,multi_context.mixed_direction,multi_cta,bulk,mixed,s2g_then_g2s,batched,na,128,0,8;16;32,288;352;512,completion_span_ns,ns,9.428571,,13.575758,effective service slope; does not identify physical datapath count
h100,multi_context.mixed_direction,intra_cta,bulk,mixed,alternating,serial,na,128,1,8;16;32,2709;5337;10612,total_cycles,cycles,329.348214,0.388646,,effective service slope; does not identify physical datapath count
h100,multi_context.mixed_direction,intra_cta,bulk,mixed,alternating,batched,na,128,1,8;16;32,1209;2152;4038,total_cycles,cycles,117.875,1.085896,,effective service slope; does not identify physical datapath count
h100,multi_context.mixed_direction,intra_cta,bulk,mixed,g2s_then_s2g,serial,na,128,1,8;16;32,2709;5337;10608,total_cycles,cycles,329.169643,0.388857,,effective service slope; does not identify physical datapath count
h100,multi_context.mixed_direction,intra_cta,bulk,mixed,g2s_then_s2g,batched,na,128,1,8;16;32,1335;2336;4338,total_cycles,cycles,125.125,1.022977,,effective service slope; does not identify physical datapath count
h100,multi_context.mixed_direction,intra_cta,bulk,mixed,s2g_then_g2s,serial,na,128,1,8;16;32,2641;5209;10341,total_cycles,cycles,320.821429,0.398976,,effective service slope; does not identify physical datapath count
h100,multi_context.mixed_direction,intra_cta,bulk,mixed,s2g_then_g2s,batched,na,128,1,8;16;32,1348;2347;4345,total_cycles,cycles,124.875,1.025025,,effective service slope; does not identify physical datapath count
h100,multi_context.mixed_direction,multi_cta,bulk,mixed,alternating,batched,na,128,1,8;16;32,352;320;480,completion_span_ns,ns,6.0,,21.333333,effective service slope; does not identify physical datapath count
h100,multi_context.mixed_direction,multi_cta,bulk,mixed,g2s_then_s2g,batched,na,128,1,8;16;32,352;320;416,completion_span_ns,ns,3.142857,,40.727273,effective service slope; does not identify physical datapath count
h100,multi_context.mixed_direction,multi_cta,bulk,mixed,s2g_then_g2s,batched,na,128,1,8;16;32,352;352;416,completion_span_ns,ns,2.857143,,44.8,effective service slope; does not identify physical datapath count
b200,multi_context.mixed_direction,intra_cta,bulk,mixed,alternating,serial,na,128,0,8;16;32,3062;5962;11762,total_cycles,cycles,362.5,0.353103,,effective service slope; does not identify physical datapath count
b200,multi_context.mixed_direction,intra_cta,bulk,mixed,alternating,batched,na,128,0,8;16;32,1256;2160;3968,total_cycles,cycles,113.0,1.132743,,effective service slope; does not identify physical datapath count
b200,multi_context.mixed_direction,intra_cta,bulk,mixed,g2s_then_s2g,serial,na,128,0,8;16;32,3062;5962;11762,total_cycles,cycles,362.5,0.353103,,effective service slope; does not identify physical datapath count
b200,multi_context.mixed_direction,intra_cta,bulk,mixed,g2s_then_s2g,batched,na,128,0,8;16;32,1403;2380;4330,total_cycles,cycles,121.946429,1.049641,,effective service slope; does not identify physical datapath count
b200,multi_context.mixed_direction,intra_cta,bulk,mixed,s2g_then_g2s,serial,na,128,0,8;16;32,2668;5112;10008,total_cycles,cycles,305.857143,0.418496,,effective service slope; does not identify physical datapath count
b200,multi_context.mixed_direction,intra_cta,bulk,mixed,s2g_then_g2s,batched,na,128,0,8;16;32,1403;2366;4288,total_cycles,cycles,120.196429,1.064923,,effective service slope; does not identify physical datapath count
b200,multi_context.mixed_direction,multi_cta,bulk,mixed,alternating,batched,na,128,0,8;16;32,448;448;512,completion_span_ns,ns,2.857143,,44.8,effective service slope; does not identify physical datapath count
b200,multi_context.mixed_direction,multi_cta,bulk,mixed,g2s_then_s2g,batched,na,128,0,8;16;32,640;672;448,completion_span_ns,ns,-8.857143,,,effective service slope; does not identify physical datapath count
b200,multi_context.mixed_direction,multi_cta,bulk,mixed,s2g_then_g2s,batched,na,128,0,8;16;32,512;736;736,completion_span_ns,ns,8.0,,16.0,effective service slope; does not identify physical datapath count
b200,multi_context.mixed_direction,intra_cta,bulk,mixed,alternating,serial,na,128,1,8;16;32,3015;5901;11715,total_cycles,cycles,362.625,0.352982,,effective service slope; does not identify physical datapath count
b200,multi_context.mixed_direction,intra_cta,bulk,mixed,alternating,batched,na,128,1,8;16;32,1191;2095;3903,total_cycles,cycles,113.0,1.132743,,effective service slope; does not identify physical datapath count
b200,multi_context.mixed_direction,intra_cta,bulk,mixed,g2s_then_s2g,serial,na,128,1,8;16;32,3001;5915;11701,total_cycles,cycles,362.375,0.353225,,effective service slope; does not identify physical datapath count
b200,multi_context.mixed_direction,intra_cta,bulk,mixed,g2s_then_s2g,batched,na,128,1,8;16;32,1338;2315;4265,total_cycles,cycles,121.946429,1.049641,,effective service slope; does not identify physical datapath count
b200,multi_context.mixed_direction,intra_cta,bulk,mixed,s2g_then_g2s,serial,na,128,1,8;16;32,2559;5000;9891,total_cycles,cycles,305.526786,0.418949,,effective service slope; does not identify physical datapath count
b200,multi_context.mixed_direction,intra_cta,bulk,mixed,s2g_then_g2s,batched,na,128,1,8;16;32,1338;2301;4223,total_cycles,cycles,120.196429,1.064923,,effective service slope; does not identify physical datapath count
b200,multi_context.mixed_direction,multi_cta,bulk,mixed,alternating,batched,na,128,1,8;16;32,640;544;640,completion_span_ns,ns,0.857143,,149.333333,effective service slope; does not identify physical datapath count
b200,multi_context.mixed_direction,multi_cta,bulk,mixed,g2s_then_s2g,batched,na,128,1,8;16;32,672;608;640,completion_span_ns,ns,-0.857143,,,effective service slope; does not identify physical datapath count
b200,multi_context.mixed_direction,multi_cta,bulk,mixed,s2g_then_g2s,batched,na,128,1,8;16;32,640;704;672,completion_span_ns,ns,0.857143,,149.333333,effective service slope; does not identify physical datapath count
ventus,multi_context.mixed_direction,multi_cta,bulk,mixed,alternating,batched,na,128,0,8;16;32,290;7590;18909,completion_span,cycles,766.026786,0.167096,,effective service slope; does not identify physical datapath count
ventus,multi_context.mixed_direction,multi_cta,bulk,mixed,alternating,batched,na,128,1,8;16;32,311;7578;19925,completion_span,cycles,810.741071,0.15788,,effective service slope; does not identify physical datapath count
ventus,multi_context.mixed_direction,multi_cta,bulk,mixed,g2s_then_s2g,batched,na,128,0,8;16;32,277;7658;16737,completion_span,cycles,668.919643,0.191353,,effective service slope; does not identify physical datapath count
ventus,multi_context.mixed_direction,multi_cta,bulk,mixed,g2s_then_s2g,batched,na,128,1,8;16;32,304;7649;16757,completion_span,cycles,668.928571,0.191351,,effective service slope; does not identify physical datapath count
ventus,multi_context.mixed_direction,multi_cta,bulk,mixed,s2g_then_g2s,batched,na,128,0,8;16;32,291;8027;18451,completion_span,cycles,741.642857,0.17259,,effective service slope; does not identify physical datapath count
ventus,multi_context.mixed_direction,multi_cta,bulk,mixed,s2g_then_g2s,batched,na,128,1,8;16;32,314;8024;19440,completion_span,cycles,785.0,0.163057,,effective service slope; does not identify physical datapath count
h100,multi_context.mixed_direction,intra_cta,bulk,mixed,alternating,serial,na,4096,0,8;16;32,3228;6352;12600,total_cycles,cycles,390.5,10.489117,,effective service slope; does not identify physical datapath count
h100,multi_context.mixed_direction,intra_cta,bulk,mixed,alternating,batched,na,4096,0,8;16;32,1356;2376;4416,total_cycles,cycles,127.5,32.12549,,effective service slope; does not identify physical datapath count
h100,multi_context.mixed_direction,intra_cta,bulk,mixed,g2s_then_s2g,serial,na,4096,0,8;16;32,3228;6352;12600,total_cycles,cycles,390.5,10.489117,,effective service slope; does not identify physical datapath count
h100,multi_context.mixed_direction,intra_cta,bulk,mixed,g2s_then_s2g,batched,na,4096,0,8;16;32,1632;2942;5458,total_cycles,cycles,159.107143,25.743659,,effective service slope; does not identify physical datapath count
h100,multi_context.mixed_direction,intra_cta,bulk,mixed,s2g_then_g2s,serial,na,4096,0,8;16;32,3168;6224;12336,total_cycles,cycles,382.0,10.722513,,effective service slope; does not identify physical datapath count
h100,multi_context.mixed_direction,intra_cta,bulk,mixed,s2g_then_g2s,batched,na,4096,0,8;16;32,1546;2383;4897,total_cycles,cycles,142.125,28.819701,,effective service slope; does not identify physical datapath count
h100,multi_context.mixed_direction,multi_cta,bulk,mixed,alternating,batched,na,4096,0,8;16;32,288;352;544,completion_span_ns,ns,10.857143,,377.263158,effective service slope; does not identify physical datapath count
h100,multi_context.mixed_direction,multi_cta,bulk,mixed,g2s_then_s2g,batched,na,4096,0,8;16;32,288;352;576,completion_span_ns,ns,12.285714,,333.395349,effective service slope; does not identify physical datapath count
h100,multi_context.mixed_direction,multi_cta,bulk,mixed,s2g_then_g2s,batched,na,4096,0,8;16;32,352;416;608,completion_span_ns,ns,10.857143,,377.263158,effective service slope; does not identify physical datapath count
h100,multi_context.mixed_direction,intra_cta,bulk,mixed,alternating,serial,na,4096,1,8;16;32,3197;6321;13019,total_cycles,cycles,410.589286,9.975906,,effective service slope; does not identify physical datapath count
h100,multi_context.mixed_direction,intra_cta,bulk,mixed,alternating,batched,na,4096,1,8;16;32,1356;2376;4416,total_cycles,cycles,127.5,32.12549,,effective service slope; does not identify physical datapath count
h100,multi_context.mixed_direction,intra_cta,bulk,mixed,g2s_then_s2g,serial,na,4096,1,8;16;32,3197;6321;12569,total_cycles,cycles,390.5,10.489117,,effective service slope; does not identify physical datapath count
h100,multi_context.mixed_direction,intra_cta,bulk,mixed,g2s_then_s2g,batched,na,4096,1,8;16;32,1632;2890;5406,total_cycles,cycles,157.25,26.047695,,effective service slope; does not identify physical datapath count
h100,multi_context.mixed_direction,intra_cta,bulk,mixed,s2g_then_g2s,serial,na,4096,1,8;16;32,3129;6185;12297,total_cycles,cycles,382.0,10.722513,,effective service slope; does not identify physical datapath count
h100,multi_context.mixed_direction,intra_cta,bulk,mixed,s2g_then_g2s,batched,na,4096,1,8;16;32,1511;2383;4897,total_cycles,cycles,143.375,28.568439,,effective service slope; does not identify physical datapath count
h100,multi_context.mixed_direction,multi_cta,bulk,mixed,alternating,batched,na,4096,1,8;16;32,384;416;448,completion_span_ns,ns,2.571429,,1592.888889,effective service slope; does not identify physical datapath count
h100,multi_context.mixed_direction,multi_cta,bulk,mixed,g2s_then_s2g,batched,na,4096,1,8;16;32,384;384;480,completion_span_ns,ns,4.285714,,955.733333,effective service slope; does not identify physical datapath count
h100,multi_context.mixed_direction,multi_cta,bulk,mixed,s2g_then_g2s,batched,na,4096,1,8;16;32,448;448;480,completion_span_ns,ns,1.428571,,2867.2,effective service slope; does not identify physical datapath count
b200,multi_context.mixed_direction,intra_cta,bulk,mixed,alternating,serial,na,4096,0,8;16;32,3548;6944;13743,total_cycles,cycles,424.8125,9.641901,,effective service slope; does not identify physical datapath count
b200,multi_context.mixed_direction,intra_cta,bulk,mixed,alternating,batched,na,4096,0,8;16;32,1458;2511;4551,total_cycles,cycles,128.678571,31.831252,,effective service slope; does not identify physical datapath count
b200,multi_context.mixed_direction,intra_cta,bulk,mixed,g2s_then_s2g,serial,na,4096,0,8;16;32,3548;6944;13745,total_cycles,cycles,424.901786,9.639875,,effective service slope; does not identify physical datapath count
b200,multi_context.mixed_direction,intra_cta,bulk,mixed,g2s_then_s2g,batched,na,4096,0,8;16;32,1694;2941;5431,total_cycles,cycles,155.696429,26.307604,,effective service slope; does not identify physical datapath count
b200,multi_context.mixed_direction,intra_cta,bulk,mixed,s2g_then_g2s,serial,na,4096,0,8;16;32,3614;7154;14234,total_cycles,cycles,442.5,9.256497,,effective service slope; does not identify physical datapath count
b200,multi_context.mixed_direction,intra_cta,bulk,mixed,s2g_then_g2s,batched,na,4096,0,8;16;32,1578;2402;4705,total_cycles,cycles,132.241071,30.973736,,effective service slope; does not identify physical datapath count
b200,multi_context.mixed_direction,multi_cta,bulk,mixed,alternating,batched,na,4096,0,8;16;32,512;736;736,completion_span_ns,ns,8.0,,512.0,effective service slope; does not identify physical datapath count
b200,multi_context.mixed_direction,multi_cta,bulk,mixed,g2s_then_s2g,batched,na,4096,0,8;16;32,736;768;544,completion_span_ns,ns,-8.857143,,,effective service slope; does not identify physical datapath count
b200,multi_context.mixed_direction,multi_cta,bulk,mixed,s2g_then_g2s,batched,na,4096,0,8;16;32,736;544;544,completion_span_ns,ns,-6.857143,,,effective service slope; does not identify physical datapath count
b200,multi_context.mixed_direction,intra_cta,bulk,mixed,alternating,serial,na,4096,1,8;16;32,3497;6897;15939,total_cycles,cycles,525.089286,7.800578,,effective service slope; does not identify physical datapath count
b200,multi_context.mixed_direction,intra_cta,bulk,mixed,alternating,batched,na,4096,1,8;16;32,1363;2383;4423,total_cycles,cycles,127.5,32.12549,,effective service slope; does not identify physical datapath count
b200,multi_context.mixed_direction,intra_cta,bulk,mixed,g2s_then_s2g,serial,na,4096,1,8;16;32,3497;6900;13690,total_cycles,cycles,424.660714,9.645347,,effective service slope; does not identify physical datapath count
b200,multi_context.mixed_direction,intra_cta,bulk,mixed,g2s_then_s2g,batched,na,4096,1,8;16;32,1629;2876;5366,total_cycles,cycles,155.696429,26.307604,,effective service slope; does not identify physical datapath count
b200,multi_context.mixed_direction,intra_cta,bulk,mixed,s2g_then_g2s,serial,na,4096,1,8;16;32,3641;7181;14112,total_cycles,cycles,435.848214,9.397767,,effective service slope; does not identify physical datapath count
b200,multi_context.mixed_direction,intra_cta,bulk,mixed,s2g_then_g2s,batched,na,4096,1,8;16;32,1541;2440;4604,total_cycles,cycles,128.714286,31.82242,,effective service slope; does not identify physical datapath count
b200,multi_context.mixed_direction,multi_cta,bulk,mixed,alternating,batched,na,4096,1,8;16;32,640;704;832,completion_span_ns,ns,8.0,,512.0,effective service slope; does not identify physical datapath count
b200,multi_context.mixed_direction,multi_cta,bulk,mixed,g2s_then_s2g,batched,na,4096,1,8;16;32,704;672;640,completion_span_ns,ns,-2.571429,,,effective service slope; does not identify physical datapath count
b200,multi_context.mixed_direction,multi_cta,bulk,mixed,s2g_then_g2s,batched,na,4096,1,8;16;32,736;704;704,completion_span_ns,ns,-1.142857,,,effective service slope; does not identify physical datapath count
ventus,multi_context.mixed_direction,multi_cta,bulk,mixed,alternating,batched,na,4096,0,8;16;32,1172;19562;62847,completion_span,cycles,2589.151786,1.581985,,effective service slope; does not identify physical datapath count
ventus,multi_context.mixed_direction,multi_cta,bulk,mixed,alternating,batched,na,4096,1,8;16;32,1350;19527;62963,completion_span,cycles,2588.285714,1.582515,,effective service slope; does not identify physical datapath count
ventus,multi_context.mixed_direction,multi_cta,bulk,mixed,g2s_then_s2g,batched,na,4096,0,8;16;32,1149;20811;50218,completion_span,cycles,2015.026786,2.032727,,effective service slope; does not identify physical datapath count
ventus,multi_context.mixed_direction,multi_cta,bulk,mixed,g2s_then_s2g,batched,na,4096,1,8;16;32,1326;20762;50166,completion_span,cycles,2006.821429,2.041039,,effective service slope; does not identify physical datapath count
ventus,multi_context.mixed_direction,multi_cta,bulk,mixed,s2g_then_g2s,batched,na,4096,0,8;16;32,1134;20070;70784,completion_span,cycles,2940.303571,1.393053,,effective service slope; does not identify physical datapath count
ventus,multi_context.mixed_direction,multi_cta,bulk,mixed,s2g_then_g2s,batched,na,4096,1,8;16;32,1258;19986;70784,completion_span,cycles,2936.625,1.394798,,effective service slope; does not identify physical datapath count
h100,multi_context.mixed_direction,intra_cta,tensor,mixed,alternating,serial,same_map,128,0,8;16;32,3062;5575;10653,total_cycles,cycles,316.446429,0.404492,,effective service slope; does not identify physical datapath count
h100,multi_context.mixed_direction,intra_cta,tensor,mixed,alternating,batched,same_map,128,0,8;16;32,1203;2035;3699,total_cycles,cycles,104.0,1.230769,,effective service slope; does not identify physical datapath count
h100,multi_context.mixed_direction,intra_cta,tensor,mixed,g2s_then_s2g,serial,same_map,128,0,8;16;32,3191;5570;10643,total_cycles,cycles,311.4375,0.410997,,effective service slope; does not identify physical datapath count
h100,multi_context.mixed_direction,intra_cta,tensor,mixed,g2s_then_s2g,batched,same_map,128,0,8;16;32,1345;2211;3930,total_cycles,cycles,107.669643,1.188822,,effective service slope; does not identify physical datapath count
h100,multi_context.mixed_direction,intra_cta,tensor,mixed,s2g_then_g2s,serial,same_map,128,0,8;16;32,3079;5408;10442,total_cycles,cycles,307.910714,0.415705,,effective service slope; does not identify physical datapath count
h100,multi_context.mixed_direction,intra_cta,tensor,mixed,s2g_then_g2s,batched,same_map,128,0,8;16;32,1476;2244;3965,total_cycles,cycles,104.258929,1.227713,,effective service slope; does not identify physical datapath count
h100,multi_context.mixed_direction,intra_cta,tensor,mixed,alternating,serial,distinct_map,128,0,8;16;32,4382;8471;17074,total_cycles,cycles,530.098214,0.241465,,effective service slope; does not identify physical datapath count
h100,multi_context.mixed_direction,intra_cta,tensor,mixed,alternating,batched,distinct_map,128,0,8;16;32,1786;3181;6112,total_cycles,cycles,180.669643,0.708475,,effective service slope; does not identify physical datapath count
h100,multi_context.mixed_direction,intra_cta,tensor,mixed,g2s_then_s2g,serial,distinct_map,128,0,8;16;32,4398;8365;17185,total_cycles,cycles,535.428571,0.239061,,effective service slope; does not identify physical datapath count
h100,multi_context.mixed_direction,intra_cta,tensor,mixed,g2s_then_s2g,batched,distinct_map,128,0,8;16;32,2179;4050;7734,total_cycles,cycles,231.285714,0.553428,,effective service slope; does not identify physical datapath count
h100,multi_context.mixed_direction,intra_cta,tensor,mixed,s2g_then_g2s,serial,distinct_map,128,0,8;16;32,4258;8460;16809,total_cycles,cycles,522.794643,0.244838,,effective service slope; does not identify physical datapath count
h100,multi_context.mixed_direction,intra_cta,tensor,mixed,s2g_then_g2s,batched,distinct_map,128,0,8;16;32,2349;3763;7154,total_cycles,cycles,201.883929,0.634028,,effective service slope; does not identify physical datapath count
h100,multi_context.mixed_direction,multi_cta,tensor,mixed,alternating,batched,same_map,128,0,8;16;32,352;384;608,completion_span_ns,ns,11.142857,,11.487179,effective service slope; does not identify physical datapath count
h100,multi_context.mixed_direction,multi_cta,tensor,mixed,g2s_then_s2g,batched,same_map,128,0,8;16;32,352;352;608,completion_span_ns,ns,11.428571,,11.2,effective service slope; does not identify physical datapath count
h100,multi_context.mixed_direction,multi_cta,tensor,mixed,s2g_then_g2s,batched,same_map,128,0,8;16;32,480;480;736,completion_span_ns,ns,11.428571,,11.2,effective service slope; does not identify physical datapath count
h100,multi_context.mixed_direction,multi_cta,tensor,mixed,alternating,batched,distinct_map,128,0,8;16;32,384;448;608,completion_span_ns,ns,9.428571,,13.575758,effective service slope; does not identify physical datapath count
h100,multi_context.mixed_direction,multi_cta,tensor,mixed,g2s_then_s2g,batched,distinct_map,128,0,8;16;32,384;384;576,completion_span_ns,ns,8.571429,,14.933333,effective service slope; does not identify physical datapath count
h100,multi_context.mixed_direction,multi_cta,tensor,mixed,s2g_then_g2s,batched,distinct_map,128,0,8;16;32,512;544;832,completion_span_ns,ns,14.0,,9.142857,effective service slope; does not identify physical datapath count
h100,multi_context.mixed_direction,intra_cta,tensor,mixed,alternating,serial,same_map,128,1,8;16;32,2613;5153;10233,total_cycles,cycles,317.5,0.40315,,effective service slope; does not identify physical datapath count
h100,multi_context.mixed_direction,intra_cta,tensor,mixed,alternating,batched,same_map,128,1,8;16;32,1151;1983;3647,total_cycles,cycles,104.0,1.230769,,effective service slope; does not identify physical datapath count
h100,multi_context.mixed_direction,intra_cta,tensor,mixed,g2s_then_s2g,serial,same_map,128,1,8;16;32,2613;5153;10233,total_cycles,cycles,317.5,0.40315,,effective service slope; does not identify physical datapath count
h100,multi_context.mixed_direction,intra_cta,tensor,mixed,g2s_then_s2g,batched,same_map,128,1,8;16;32,1258;2132;3880,total_cycles,cycles,109.25,1.171625,,effective service slope; does not identify physical datapath count
h100,multi_context.mixed_direction,intra_cta,tensor,mixed,s2g_then_g2s,serial,same_map,128,1,8;16;32,2525;4977;9881,total_cycles,cycles,306.5,0.417618,,effective service slope; does not identify physical datapath count
h100,multi_context.mixed_direction,intra_cta,tensor,mixed,s2g_then_g2s,batched,same_map,128,1,8;16;32,1276;2148;3892,total_cycles,cycles,109.0,1.174312,,effective service slope; does not identify physical datapath count
h100,multi_context.mixed_direction,intra_cta,tensor,mixed,alternating,serial,distinct_map,128,1,8;16;32,2613;5491;12321,total_cycles,cycles,407.696429,0.313959,,effective service slope; does not identify physical datapath count
h100,multi_context.mixed_direction,intra_cta,tensor,mixed,alternating,batched,distinct_map,128,1,8;16;32,1151;1990;4181,total_cycles,cycles,127.776786,1.001747,,effective service slope; does not identify physical datapath count
h100,multi_context.mixed_direction,intra_cta,tensor,mixed,g2s_then_s2g,serial,distinct_map,128,1,8;16;32,2613;5491;12438,total_cycles,cycles,412.919643,0.309988,,effective service slope; does not identify physical datapath count
h100,multi_context.mixed_direction,intra_cta,tensor,mixed,g2s_then_s2g,batched,distinct_map,128,1,8;16;32,1258;2152;4270,total_cycles,cycles,126.482143,1.012001,,effective service slope; does not identify physical datapath count
h100,multi_context.mixed_direction,intra_cta,tensor,mixed,s2g_then_g2s,serial,distinct_map,128,1,8;16;32,2525;5318;12119,total_cycles,cycles,403.366071,0.31733,,effective service slope; does not identify physical datapath count
h100,multi_context.mixed_direction,intra_cta,tensor,mixed,s2g_then_g2s,batched,distinct_map,128,1,8;16;32,1276;2148;4725,total_cycles,cycles,146.1875,0.875588,,effective service slope; does not identify physical datapath count
h100,multi_context.mixed_direction,multi_cta,tensor,mixed,alternating,batched,same_map,128,1,8;16;32,320;384;416,completion_span_ns,ns,3.714286,,34.461538,effective service slope; does not identify physical datapath count
h100,multi_context.mixed_direction,multi_cta,tensor,mixed,g2s_then_s2g,batched,same_map,128,1,8;16;32,288;288;352,completion_span_ns,ns,2.857143,,44.8,effective service slope; does not identify physical datapath count
h100,multi_context.mixed_direction,multi_cta,tensor,mixed,s2g_then_g2s,batched,same_map,128,1,8;16;32,320;480;416,completion_span_ns,ns,2.857143,,44.8,effective service slope; does not identify physical datapath count
h100,multi_context.mixed_direction,multi_cta,tensor,mixed,alternating,batched,distinct_map,128,1,8;16;32,320;384;448,completion_span_ns,ns,5.142857,,24.888889,effective service slope; does not identify physical datapath count
h100,multi_context.mixed_direction,multi_cta,tensor,mixed,g2s_then_s2g,batched,distinct_map,128,1,8;16;32,288;384;416,completion_span_ns,ns,4.857143,,26.352941,effective service slope; does not identify physical datapath count
h100,multi_context.mixed_direction,multi_cta,tensor,mixed,s2g_then_g2s,batched,distinct_map,128,1,8;16;32,320;384;480,completion_span_ns,ns,6.571429,,19.478261,effective service slope; does not identify physical datapath count
b200,multi_context.mixed_direction,intra_cta,tensor,mixed,alternating,serial,same_map,128,0,8;16;32,3690;6695;12695,total_cycles,cycles,375.178571,0.341171,,effective service slope; does not identify physical datapath count
b200,multi_context.mixed_direction,intra_cta,tensor,mixed,alternating,batched,same_map,128,0,8;16;32,1425;2136;3828,total_cycles,cycles,100.928571,1.268224,,effective service slope; does not identify physical datapath count
b200,multi_context.mixed_direction,intra_cta,tensor,mixed,g2s_then_s2g,serial,same_map,128,0,8;16;32,3715;6705;12654,total_cycles,cycles,372.366071,0.343748,,effective service slope; does not identify physical datapath count
b200,multi_context.mixed_direction,intra_cta,tensor,mixed,g2s_then_s2g,batched,same_map,128,0,8;16;32,1511;2272;4050,total_cycles,cycles,106.553571,1.201274,,effective service slope; does not identify physical datapath count
b200,multi_context.mixed_direction,intra_cta,tensor,mixed,s2g_then_g2s,serial,same_map,128,0,8;16;32,3330;6055;11087,total_cycles,cycles,321.964286,0.39756,,effective service slope; does not identify physical datapath count
b200,multi_context.mixed_direction,intra_cta,tensor,mixed,s2g_then_g2s,batched,same_map,128,0,8;16;32,1508;2312;4058,total_cycles,cycles,106.660714,1.200067,,effective service slope; does not identify physical datapath count
b200,multi_context.mixed_direction,intra_cta,tensor,mixed,alternating,serial,distinct_map,128,0,8;16;32,5364;10570;19823,total_cycles,cycles,599.008929,0.213686,,effective service slope; does not identify physical datapath count
b200,multi_context.mixed_direction,intra_cta,tensor,mixed,alternating,batched,distinct_map,128,0,8;16;32,1901;3370;6277,total_cycles,cycles,182.241071,0.702366,,effective service slope; does not identify physical datapath count
b200,multi_context.mixed_direction,intra_cta,tensor,mixed,g2s_then_s2g,serial,distinct_map,128,0,8;16;32,5338;10561;19808,total_cycles,cycles,599.348214,0.213565,,effective service slope; does not identify physical datapath count
b200,multi_context.mixed_direction,intra_cta,tensor,mixed,g2s_then_s2g,batched,distinct_map,128,0,8;16;32,1765;3039;5654,total_cycles,cycles,162.241071,0.788949,,effective service slope; does not identify physical datapath count
b200,multi_context.mixed_direction,intra_cta,tensor,mixed,s2g_then_g2s,serial,distinct_map,128,0,8;16;32,4970;9772;19595,total_cycles,cycles,610.026786,0.209827,,effective service slope; does not identify physical datapath count
b200,multi_context.mixed_direction,intra_cta,tensor,mixed,s2g_then_g2s,batched,distinct_map,128,0,8;16;32,1718;2571;4913,total_cycles,cycles,135.017857,0.948023,,effective service slope; does not identify physical datapath count
b200,multi_context.mixed_direction,multi_cta,tensor,mixed,alternating,batched,same_map,128,0,8;16;32,1056;928;800,completion_span_ns,ns,-10.285714,,,effective service slope; does not identify physical datapath count
b200,multi_context.mixed_direction,multi_cta,tensor,mixed,g2s_then_s2g,batched,same_map,128,0,8;16;32,832;768;800,completion_span_ns,ns,-0.857143,,,effective service slope; does not identify physical datapath count
b200,multi_context.mixed_direction,multi_cta,tensor,mixed,s2g_then_g2s,batched,same_map,128,0,8;16;32,576;960;800,completion_span_ns,ns,6.571429,,19.478261,effective service slope; does not identify physical datapath count
b200,multi_context.mixed_direction,multi_cta,tensor,mixed,alternating,batched,distinct_map,128,0,8;16;32,800;1024;832,completion_span_ns,ns,-0.571429,,,effective service slope; does not identify physical datapath count
b200,multi_context.mixed_direction,multi_cta,tensor,mixed,g2s_then_s2g,batched,distinct_map,128,0,8;16;32,768;1024;1024,completion_span_ns,ns,9.142857,,14.0,effective service slope; does not identify physical datapath count
b200,multi_context.mixed_direction,multi_cta,tensor,mixed,s2g_then_g2s,batched,distinct_map,128,0,8;16;32,800;800;1056,completion_span_ns,ns,11.428571,,11.2,effective service slope; does not identify physical datapath count
b200,multi_context.mixed_direction,intra_cta,tensor,mixed,alternating,serial,same_map,128,1,8;16;32,3085;6069;12037,total_cycles,cycles,373.0,0.343164,,effective service slope; does not identify physical datapath count
b200,multi_context.mixed_direction,intra_cta,tensor,mixed,alternating,batched,same_map,128,1,8;16;32,1162;2008;3700,total_cycles,cycles,105.75,1.210402,,effective service slope; does not identify physical datapath count
b200,multi_context.mixed_direction,intra_cta,tensor,mixed,g2s_then_s2g,serial,same_map,128,1,8;16;32,3085;6069;12051,total_cycles,cycles,373.625,0.342589,,effective service slope; does not identify physical datapath count
b200,multi_context.mixed_direction,intra_cta,tensor,mixed,g2s_then_s2g,batched,same_map,128,1,8;16;32,1308;2197;3975,total_cycles,cycles,111.125,1.151856,,effective service slope; does not identify physical datapath count
b200,multi_context.mixed_direction,intra_cta,tensor,mixed,s2g_then_g2s,serial,same_map,128,1,8;16;32,2701;5301;10501,total_cycles,cycles,325.0,0.393846,,effective service slope; does not identify physical datapath count
b200,multi_context.mixed_direction,intra_cta,tensor,mixed,s2g_then_g2s,batched,same_map,128,1,8;16;32,1314;2195;3957,total_cycles,cycles,110.125,1.162316,,effective service slope; does not identify physical datapath count
b200,multi_context.mixed_direction,intra_cta,tensor,mixed,alternating,serial,distinct_map,128,1,8;16;32,3085;6493;14599,total_cycles,cycles,483.589286,0.264687,,effective service slope; does not identify physical datapath count
b200,multi_context.mixed_direction,intra_cta,tensor,mixed,alternating,batched,distinct_map,128,1,8;16;32,1162;2029;4627,total_cycles,cycles,146.946429,0.871066,,effective service slope; does not identify physical datapath count
b200,multi_context.mixed_direction,intra_cta,tensor,mixed,g2s_then_s2g,serial,distinct_map,128,1,8;16;32,3085;6493;14732,total_cycles,cycles,489.526786,0.261477,,effective service slope; does not identify physical datapath count
b200,multi_context.mixed_direction,intra_cta,tensor,mixed,g2s_then_s2g,batched,distinct_map,128,1,8;16;32,1308;2218;4147,total_cycles,cycles,118.616071,1.079112,,effective service slope; does not identify physical datapath count
b200,multi_context.mixed_direction,intra_cta,tensor,mixed,s2g_then_g2s,serial,distinct_map,128,1,8;16;32,2715;6937;14122,total_cycles,cycles,471.544643,0.271448,,effective service slope; does not identify physical datapath count
b200,multi_context.mixed_direction,intra_cta,tensor,mixed,s2g_then_g2s,batched,distinct_map,128,1,8;16;32,1314;2195;4153,total_cycles,cycles,118.875,1.076761,,effective service slope; does not identify physical datapath count
b200,multi_context.mixed_direction,multi_cta,tensor,mixed,alternating,batched,same_map,128,1,8;16;32,768;512;640,completion_span_ns,ns,-3.428571,,,effective service slope; does not identify physical datapath count
b200,multi_context.mixed_direction,multi_cta,tensor,mixed,g2s_then_s2g,batched,same_map,128,1,8;16;32,704;704;736,completion_span_ns,ns,1.428571,,89.6,effective service slope; does not identify physical datapath count
b200,multi_context.mixed_direction,multi_cta,tensor,mixed,s2g_then_g2s,batched,same_map,128,1,8;16;32,640;832;672,completion_span_ns,ns,-0.285714,,,effective service slope; does not identify physical datapath count
b200,multi_context.mixed_direction,multi_cta,tensor,mixed,alternating,batched,distinct_map,128,1,8;16;32,608;576;608,completion_span_ns,ns,0.285714,,448.0,effective service slope; does not identify physical datapath count
b200,multi_context.mixed_direction,multi_cta,tensor,mixed,g2s_then_s2g,batched,distinct_map,128,1,8;16;32,608;544;576,completion_span_ns,ns,-0.857143,,,effective service slope; does not identify physical datapath count
b200,multi_context.mixed_direction,multi_cta,tensor,mixed,s2g_then_g2s,batched,distinct_map,128,1,8;16;32,736;736;736,completion_span_ns,ns,0.0,,,effective service slope; does not identify physical datapath count
ventus,multi_context.mixed_direction,multi_cta,tensor,mixed,alternating,batched,distinct_map,128,0,8;16;32,379;7697;16505,completion_span,cycles,654.571429,0.195548,,effective service slope; does not identify physical datapath count
ventus,multi_context.mixed_direction,multi_cta,tensor,mixed,alternating,batched,distinct_map,128,1,8;16;32,373;7665;17205,completion_span,cycles,686.321429,0.186502,,effective service slope; does not identify physical datapath count
ventus,multi_context.mixed_direction,multi_cta,tensor,mixed,alternating,batched,same_map,128,0,8;16;32,334;6524;13397,completion_span,cycles,527.901786,0.242469,,effective service slope; does not identify physical datapath count
ventus,multi_context.mixed_direction,multi_cta,tensor,mixed,alternating,batched,same_map,128,1,8;16;32,319;7496;17262,completion_span,cycles,692.303571,0.18489,,effective service slope; does not identify physical datapath count
ventus,multi_context.mixed_direction,multi_cta,tensor,mixed,g2s_then_s2g,batched,distinct_map,128,0,8;16;32,453;8528;18900,completion_span,cycles,751.428571,0.170342,,effective service slope; does not identify physical datapath count
ventus,multi_context.mixed_direction,multi_cta,tensor,mixed,g2s_then_s2g,batched,distinct_map,128,1,8;16;32,471;8467;19698,completion_span,cycles,786.955357,0.162652,,effective service slope; does not identify physical datapath count
ventus,multi_context.mixed_direction,multi_cta,tensor,mixed,g2s_then_s2g,batched,same_map,128,0,8;16;32,398;7839;18491,completion_span,cycles,741.285714,0.172673,,effective service slope; does not identify physical datapath count
ventus,multi_context.mixed_direction,multi_cta,tensor,mixed,g2s_then_s2g,batched,same_map,128,1,8;16;32,404;7797;19415,completion_span,cycles,782.696429,0.163537,,effective service slope; does not identify physical datapath count
ventus,multi_context.mixed_direction,multi_cta,tensor,mixed,s2g_then_g2s,batched,distinct_map,128,0,8;16;32,427;7943;15946,completion_span,cycles,625.705357,0.204569,,effective service slope; does not identify physical datapath count
ventus,multi_context.mixed_direction,multi_cta,tensor,mixed,s2g_then_g2s,batched,distinct_map,128,1,8;16;32,432;7876;17772,completion_span,cycles,707.642857,0.180882,,effective service slope; does not identify physical datapath count
ventus,multi_context.mixed_direction,multi_cta,tensor,mixed,s2g_then_g2s,batched,same_map,128,0,8;16;32,376;8376;15838,completion_span,cycles,618.839286,0.206839,,effective service slope; does not identify physical datapath count
ventus,multi_context.mixed_direction,multi_cta,tensor,mixed,s2g_then_g2s,batched,same_map,128,1,8;16;32,385;8323;17715,completion_span,cycles,702.785714,0.182132,,effective service slope; does not identify physical datapath count
h100,multi_context.mixed_direction,intra_cta,tensor,mixed,alternating,serial,same_map,4096,0,8;16;32,3717;7030;13103,total_cycles,cycles,389.4375,10.517734,,effective service slope; does not identify physical datapath count
h100,multi_context.mixed_direction,intra_cta,tensor,mixed,alternating,batched,same_map,4096,0,8;16;32,1581;2655;4684,total_cycles,cycles,128.9375,31.767329,,effective service slope; does not identify physical datapath count
h100,multi_context.mixed_direction,intra_cta,tensor,mixed,g2s_then_s2g,serial,same_map,4096,0,8;16;32,3691;6729;12806,total_cycles,cycles,379.794643,10.784776,,effective service slope; does not identify physical datapath count
h100,multi_context.mixed_direction,intra_cta,tensor,mixed,g2s_then_s2g,batched,same_map,4096,0,8;16;32,1858;3086;5446,total_cycles,cycles,149.214286,27.450455,,effective service slope; does not identify physical datapath count
h100,multi_context.mixed_direction,intra_cta,tensor,mixed,s2g_then_g2s,serial,same_map,4096,0,8;16;32,3596;6549;12558,total_cycles,cycles,373.723214,10.959983,,effective service slope; does not identify physical datapath count
h100,multi_context.mixed_direction,intra_cta,tensor,mixed,s2g_then_g2s,batched,same_map,4096,0,8;16;32,1915;2699;4934,total_cycles,cycles,127.776786,32.055901,,effective service slope; does not identify physical datapath count
h100,multi_context.mixed_direction,intra_cta,tensor,mixed,alternating,serial,distinct_map,4096,0,8;16;32,5323;10548;20924,total_cycles,cycles,649.821429,6.30327,,effective service slope; does not identify physical datapath count
h100,multi_context.mixed_direction,intra_cta,tensor,mixed,alternating,batched,distinct_map,4096,0,8;16;32,2215;4061;7720,total_cycles,cycles,229.276786,17.86487,,effective service slope; does not identify physical datapath count
h100,multi_context.mixed_direction,intra_cta,tensor,mixed,g2s_then_s2g,serial,distinct_map,4096,0,8;16;32,5325;10549;20801,total_cycles,cycles,644.25,6.35778,,effective service slope; does not identify physical datapath count
h100,multi_context.mixed_direction,intra_cta,tensor,mixed,g2s_then_s2g,batched,distinct_map,4096,0,8;16;32,2317;4156;7884,total_cycles,cycles,232.107143,17.647023,,effective service slope; does not identify physical datapath count
h100,multi_context.mixed_direction,intra_cta,tensor,mixed,s2g_then_g2s,serial,distinct_map,4096,0,8;16;32,5253;10327;20597,total_cycles,cycles,639.696429,6.403037,,effective service slope; does not identify physical datapath count
h100,multi_context.mixed_direction,intra_cta,tensor,mixed,s2g_then_g2s,batched,distinct_map,4096,0,8;16;32,2272;3780;7176,total_cycles,cycles,205.464286,19.935338,,effective service slope; does not identify physical datapath count
h100,multi_context.mixed_direction,multi_cta,tensor,mixed,alternating,batched,same_map,4096,0,8;16;32,416;448;640,completion_span_ns,ns,9.714286,,421.647059,effective service slope; does not identify physical datapath count
h100,multi_context.mixed_direction,multi_cta,tensor,mixed,g2s_then_s2g,batched,same_map,4096,0,8;16;32,448;416;672,completion_span_ns,ns,10.285714,,398.222222,effective service slope; does not identify physical datapath count
h100,multi_context.mixed_direction,multi_cta,tensor,mixed,s2g_then_g2s,batched,same_map,4096,0,8;16;32,544;576;768,completion_span_ns,ns,9.714286,,421.647059,effective service slope; does not identify physical datapath count
h100,multi_context.mixed_direction,multi_cta,tensor,mixed,alternating,batched,distinct_map,4096,0,8;16;32,448;448;640,completion_span_ns,ns,8.571429,,477.866667,effective service slope; does not identify physical datapath count
h100,multi_context.mixed_direction,multi_cta,tensor,mixed,g2s_then_s2g,batched,distinct_map,4096,0,8;16;32,416;448;640,completion_span_ns,ns,9.714286,,421.647059,effective service slope; does not identify physical datapath count
h100,multi_context.mixed_direction,multi_cta,tensor,mixed,s2g_then_g2s,batched,distinct_map,4096,0,8;16;32,544;544;800,completion_span_ns,ns,11.428571,,358.4,effective service slope; does not identify physical datapath count
h100,multi_context.mixed_direction,intra_cta,tensor,mixed,alternating,serial,same_map,4096,1,8;16;32,3109;6145;12221,total_cycles,cycles,379.678571,10.788073,,effective service slope; does not identify physical datapath count
h100,multi_context.mixed_direction,intra_cta,tensor,mixed,alternating,batched,same_map,4096,1,8;16;32,1350;2370;4410,total_cycles,cycles,127.5,32.12549,,effective service slope; does not identify physical datapath count
h100,multi_context.mixed_direction,intra_cta,tensor,mixed,g2s_then_s2g,serial,same_map,4096,1,8;16;32,3109;6148;12219,total_cycles,cycles,379.5625,10.791372,,effective service slope; does not identify physical datapath count
h100,multi_context.mixed_direction,intra_cta,tensor,mixed,g2s_then_s2g,batched,same_map,4096,1,8;16;32,1595;2784;5162,total_cycles,cycles,148.625,27.559294,,effective service slope; does not identify physical datapath count
h100,multi_context.mixed_direction,intra_cta,tensor,mixed,s2g_then_g2s,serial,same_map,4096,1,8;16;32,3021;5969;11870,total_cycles,cycles,368.723214,11.108604,,effective service slope; does not identify physical datapath count
h100,multi_context.mixed_direction,intra_cta,tensor,mixed,s2g_then_g2s,batched,same_map,4096,1,8;16;32,1439;2439;4650,total_cycles,cycles,134.419643,30.471737,,effective service slope; does not identify physical datapath count
h100,multi_context.mixed_direction,intra_cta,tensor,mixed,alternating,serial,distinct_map,4096,1,8;16;32,3109;6632;15090,total_cycles,cycles,503.410714,8.136497,,effective service slope; does not identify physical datapath count
h100,multi_context.mixed_direction,intra_cta,tensor,mixed,alternating,batched,distinct_map,4096,1,8;16;32,1350;2412;5646,total_cycles,cycles,182.303571,22.468018,,effective service slope; does not identify physical datapath count
h100,multi_context.mixed_direction,intra_cta,tensor,mixed,g2s_then_s2g,serial,distinct_map,4096,1,8;16;32,3109;6631;15034,total_cycles,cycles,500.919643,8.17696,,effective service slope; does not identify physical datapath count
h100,multi_context.mixed_direction,intra_cta,tensor,mixed,g2s_then_s2g,batched,distinct_map,4096,1,8;16;32,1595;2826;5531,total_cycles,cycles,164.723214,24.865955,,effective service slope; does not identify physical datapath count
h100,multi_context.mixed_direction,intra_cta,tensor,mixed,s2g_then_g2s,serial,distinct_map,4096,1,8;16;32,3022;6455;14656,total_cycles,cycles,488.723214,8.381022,,effective service slope; does not identify physical datapath count
h100,multi_context.mixed_direction,intra_cta,tensor,mixed,s2g_then_g2s,batched,distinct_map,4096,1,8;16;32,1439;2481;5479,total_cycles,cycles,171.053571,23.945715,,effective service slope; does not identify physical datapath count
h100,multi_context.mixed_direction,multi_cta,tensor,mixed,alternating,batched,same_map,4096,1,8;16;32,352;352;448,completion_span_ns,ns,4.285714,,955.733333,effective service slope; does not identify physical datapath count
h100,multi_context.mixed_direction,multi_cta,tensor,mixed,g2s_then_s2g,batched,same_map,4096,1,8;16;32,384;448;480,completion_span_ns,ns,3.714286,,1102.769231,effective service slope; does not identify physical datapath count
h100,multi_context.mixed_direction,multi_cta,tensor,mixed,s2g_then_g2s,batched,same_map,4096,1,8;16;32,416;448;480,completion_span_ns,ns,2.571429,,1592.888889,effective service slope; does not identify physical datapath count
h100,multi_context.mixed_direction,multi_cta,tensor,mixed,alternating,batched,distinct_map,4096,1,8;16;32,352;448;416,completion_span_ns,ns,2.0,,2048.0,effective service slope; does not identify physical datapath count
h100,multi_context.mixed_direction,multi_cta,tensor,mixed,g2s_then_s2g,batched,distinct_map,4096,1,8;16;32,352;384;416,completion_span_ns,ns,2.571429,,1592.888889,effective service slope; does not identify physical datapath count
h100,multi_context.mixed_direction,multi_cta,tensor,mixed,s2g_then_g2s,batched,distinct_map,4096,1,8;16;32,416;512;512,completion_span_ns,ns,3.428571,,1194.666667,effective service slope; does not identify physical datapath count
b200,multi_context.mixed_direction,intra_cta,tensor,mixed,alternating,serial,same_map,4096,0,8;16;32,4625;8129;15512,total_cycles,cycles,454.741071,9.007324,,effective service slope; does not identify physical datapath count
b200,multi_context.mixed_direction,intra_cta,tensor,mixed,alternating,batched,same_map,4096,0,8;16;32,1685;2730;4785,total_cycles,cycles,129.0625,31.736562,,effective service slope; does not identify physical datapath count
b200,multi_context.mixed_direction,intra_cta,tensor,mixed,g2s_then_s2g,serial,same_map,4096,0,8;16;32,4158;7642;14655,total_cycles,cycles,437.508929,9.362095,,effective service slope; does not identify physical datapath count
b200,multi_context.mixed_direction,intra_cta,tensor,mixed,g2s_then_s2g,batched,same_map,4096,0,8;16;32,1947;3121;5504,total_cycles,cycles,148.3125,27.617362,,effective service slope; does not identify physical datapath count
b200,multi_context.mixed_direction,intra_cta,tensor,mixed,s2g_then_g2s,serial,same_map,4096,0,8;16;32,4236;7927;15177,total_cycles,cycles,455.482143,8.992669,,effective service slope; does not identify physical datapath count
b200,multi_context.mixed_direction,intra_cta,tensor,mixed,s2g_then_g2s,batched,same_map,4096,0,8;16;32,1828;2724;4853,total_cycles,cycles,127.044643,32.240635,,effective service slope; does not identify physical datapath count
b200,multi_context.mixed_direction,intra_cta,tensor,mixed,alternating,serial,distinct_map,4096,0,8;16;32,5815;11540;23000,total_cycles,cycles,716.071429,5.7201,,effective service slope; does not identify physical datapath count
b200,multi_context.mixed_direction,intra_cta,tensor,mixed,alternating,batched,distinct_map,4096,0,8;16;32,2043;3468;6346,total_cycles,cycles,179.375,22.834843,,effective service slope; does not identify physical datapath count
b200,multi_context.mixed_direction,intra_cta,tensor,mixed,g2s_then_s2g,serial,distinct_map,4096,0,8;16;32,5860;11583;22934,total_cycles,cycles,711.133929,5.759815,,effective service slope; does not identify physical datapath count
b200,multi_context.mixed_direction,intra_cta,tensor,mixed,g2s_then_s2g,batched,distinct_map,4096,0,8;16;32,2089;3462;6329,total_cycles,cycles,177.026786,23.137741,,effective service slope; does not identify physical datapath count
b200,multi_context.mixed_direction,intra_cta,tensor,mixed,s2g_then_g2s,serial,distinct_map,4096,0,8;16;32,5649;10914;21721,total_cycles,cycles,670.491071,6.108955,,effective service slope; does not identify physical datapath count
b200,multi_context.mixed_direction,intra_cta,tensor,mixed,s2g_then_g2s,batched,distinct_map,4096,0,8;16;32,1982;3038;5680,total_cycles,cycles,155.660714,26.31364,,effective service slope; does not identify physical datapath count
b200,multi_context.mixed_direction,multi_cta,tensor,mixed,alternating,batched,same_map,4096,0,8;16;32,960;1152;800,completion_span_ns,ns,-8.857143,,,effective service slope; does not identify physical datapath count
b200,multi_context.mixed_direction,multi_cta,tensor,mixed,g2s_then_s2g,batched,same_map,4096,0,8;16;32,864;800;1024,completion_span_ns,ns,7.714286,,530.962963,effective service slope; does not identify physical datapath count
b200,multi_context.mixed_direction,multi_cta,tensor,mixed,s2g_then_g2s,batched,same_map,4096,0,8;16;32,800;1024;672,completion_span_ns,ns,-7.714286,,,effective service slope; does not identify physical datapath count
b200,multi_context.mixed_direction,multi_cta,tensor,mixed,alternating,batched,distinct_map,4096,0,8;16;32,1024;800;1024,completion_span_ns,ns,2.0,,2048.0,effective service slope; does not identify physical datapath count
b200,multi_context.mixed_direction,multi_cta,tensor,mixed,g2s_then_s2g,batched,distinct_map,4096,0,8;16;32,800;1024;800,completion_span_ns,ns,-2.0,,,effective service slope; does not identify physical datapath count
b200,multi_context.mixed_direction,multi_cta,tensor,mixed,s2g_then_g2s,batched,distinct_map,4096,0,8;16;32,1024;864;1056,completion_span_ns,ns,2.857143,,1433.6,effective service slope; does not identify physical datapath count
b200,multi_context.mixed_direction,intra_cta,tensor,mixed,alternating,serial,same_map,4096,1,8;16;32,3581;7065;14023,total_cycles,cycles,435.053571,9.414932,,effective service slope; does not identify physical datapath count
b200,multi_context.mixed_direction,intra_cta,tensor,mixed,alternating,batched,same_map,4096,1,8;16;32,1345;2365;4405,total_cycles,cycles,127.5,32.12549,,effective service slope; does not identify physical datapath count
b200,multi_context.mixed_direction,intra_cta,tensor,mixed,g2s_then_s2g,serial,same_map,4096,1,8;16;32,3581;7061;14029,total_cycles,cycles,435.357143,9.408368,,effective service slope; does not identify physical datapath count
b200,multi_context.mixed_direction,intra_cta,tensor,mixed,g2s_then_s2g,batched,same_map,4096,1,8;16;32,1614;2815;5217,total_cycles,cycles,150.125,27.28393,,effective service slope; does not identify physical datapath count
b200,multi_context.mixed_direction,intra_cta,tensor,mixed,s2g_then_g2s,serial,same_map,4096,1,8;16;32,3647;7193;14585,total_cycles,cycles,456.642857,8.969811,,effective service slope; does not identify physical datapath count
b200,multi_context.mixed_direction,intra_cta,tensor,mixed,s2g_then_g2s,batched,same_map,4096,1,8;16;32,1519;2398;4473,total_cycles,cycles,124.026786,33.025124,,effective service slope; does not identify physical datapath count
b200,multi_context.mixed_direction,intra_cta,tensor,mixed,alternating,serial,distinct_map,4096,1,8;16;32,3581;7635;16863,total_cycles,cycles,556.75,7.356982,,effective service slope; does not identify physical datapath count
b200,multi_context.mixed_direction,intra_cta,tensor,mixed,alternating,batched,distinct_map,4096,1,8;16;32,1347;2418;5309,total_cycles,cycles,167.3125,24.481136,,effective service slope; does not identify physical datapath count
b200,multi_context.mixed_direction,intra_cta,tensor,mixed,g2s_then_s2g,serial,distinct_map,4096,1,8;16;32,3581;7786;16885,total_cycles,cycles,556.383929,7.361823,,effective service slope; does not identify physical datapath count
b200,multi_context.mixed_direction,intra_cta,tensor,mixed,g2s_then_s2g,batched,distinct_map,4096,1,8;16;32,1614;2868;5562,total_cycles,cycles,165.053571,24.816185,,effective service slope; does not identify physical datapath count
b200,multi_context.mixed_direction,intra_cta,tensor,mixed,s2g_then_g2s,serial,distinct_map,4096,1,8;16;32,3497;7917;17251,total_cycles,cycles,574.553571,7.129013,,effective service slope; does not identify physical datapath count
b200,multi_context.mixed_direction,intra_cta,tensor,mixed,s2g_then_g2s,batched,distinct_map,4096,1,8;16;32,1519;2400;4889,total_cycles,cycles,142.580357,28.72766,,effective service slope; does not identify physical datapath count
b200,multi_context.mixed_direction,multi_cta,tensor,mixed,alternating,batched,same_map,4096,1,8;16;32,576;544;640,completion_span_ns,ns,3.142857,,1303.272727,effective service slope; does not identify physical datapath count
b200,multi_context.mixed_direction,multi_cta,tensor,mixed,g2s_then_s2g,batched,same_map,4096,1,8;16;32,704;672;640,completion_span_ns,ns,-2.571429,,,effective service slope; does not identify physical datapath count
b200,multi_context.mixed_direction,multi_cta,tensor,mixed,s2g_then_g2s,batched,same_map,4096,1,8;16;32,768;736;704,completion_span_ns,ns,-2.571429,,,effective service slope; does not identify physical datapath count
b200,multi_context.mixed_direction,multi_cta,tensor,mixed,alternating,batched,distinct_map,4096,1,8;16;32,608;608;576,completion_span_ns,ns,-1.428571,,,effective service slope; does not identify physical datapath count
b200,multi_context.mixed_direction,multi_cta,tensor,mixed,g2s_then_s2g,batched,distinct_map,4096,1,8;16;32,640;480;640,completion_span_ns,ns,1.428571,,2867.2,effective service slope; does not identify physical datapath count
b200,multi_context.mixed_direction,multi_cta,tensor,mixed,s2g_then_g2s,batched,distinct_map,4096,1,8;16;32,640;704;640,completion_span_ns,ns,-0.571429,,,effective service slope; does not identify physical datapath count
ventus,multi_context.mixed_direction,multi_cta,tensor,mixed,alternating,batched,distinct_map,4096,0,8;16;32,1199;19901;52752,completion_span,cycles,2134.491071,1.918959,,effective service slope; does not identify physical datapath count
ventus,multi_context.mixed_direction,multi_cta,tensor,mixed,alternating,batched,distinct_map,4096,1,8;16;32,1256;19971;52575,completion_span,cycles,2123.928571,1.928502,,effective service slope; does not identify physical datapath count
ventus,multi_context.mixed_direction,multi_cta,tensor,mixed,alternating,batched,same_map,4096,0,8;16;32,1165;20216;51520,completion_span,cycles,2077.892857,1.971228,,effective service slope; does not identify physical datapath count
ventus,multi_context.mixed_direction,multi_cta,tensor,mixed,alternating,batched,same_map,4096,1,8;16;32,1199;21289;51323,completion_span,cycles,2058.303571,1.989988,,effective service slope; does not identify physical datapath count
ventus,multi_context.mixed_direction,multi_cta,tensor,mixed,g2s_then_s2g,batched,distinct_map,4096,0,2;4;8,468;595;1248,completion_span,cycles,134.75,30.397032,,effective service slope; does not identify physical datapath count
ventus,multi_context.mixed_direction,multi_cta,tensor,mixed,g2s_then_s2g,batched,distinct_map,4096,1,2;4;8,450;571;1242,completion_span,cycles,137.107143,29.874446,,effective service slope; does not identify physical datapath count
ventus,multi_context.mixed_direction,multi_cta,tensor,mixed,g2s_then_s2g,batched,same_map,4096,0,8;16;32,1227;19995;52571,completion_span,cycles,2124.571429,1.927918,,effective service slope; does not identify physical datapath count
ventus,multi_context.mixed_direction,multi_cta,tensor,mixed,g2s_then_s2g,batched,same_map,4096,1,8;16;32,1276;19908;52513,completion_span,cycles,2121.008929,1.931156,,effective service slope; does not identify physical datapath count
ventus,multi_context.mixed_direction,multi_cta,tensor,mixed,s2g_then_g2s,batched,distinct_map,4096,0,8;16;32,1202;20663;52461,completion_span,cycles,2114.589286,1.937019,,effective service slope; does not identify physical datapath count
ventus,multi_context.mixed_direction,multi_cta,tensor,mixed,s2g_then_g2s,batched,distinct_map,4096,1,8;16;32,1129;20534;52306,completion_span,cycles,2111.428571,1.939919,,effective service slope; does not identify physical datapath count
ventus,multi_context.mixed_direction,multi_cta,tensor,mixed,s2g_then_g2s,batched,same_map,4096,0,8;16;32,1105;23984;53145,completion_span,cycles,2118.9375,1.933044,,effective service slope; does not identify physical datapath count
ventus,multi_context.mixed_direction,multi_cta,tensor,mixed,s2g_then_g2s,batched,same_map,4096,1,8;16;32,1178;23939;53033,completion_span,cycles,2111.732143,1.93964,,effective service slope; does not identify physical datapath count
