gpu,cc,shard,family,case_id,path,direction,dtype,dtype_bits,rank,logical_bytes,global_span,global_offset,alignment_class,stride_class,interleave,swizzle,oob_fill,reduce_op,descriptor_mode,risk,repeat,cycles,event_ns,errors,status,descriptor_state,payload_state,source_descriptor_va,destination_descriptor_va,source_descriptor_fingerprint64,destination_descriptor_fingerprint64,prior_tma_use,descriptor_l2_warm_method,tma_prefetch_before_issue,pair_role
Ventus,rtlsim,tensor_2d_length,tensor_2d_length_u8_row32,tensor_2d_length_g2s_u8_row32_b32,tensor,g2s,u8,8,2,32,32,0,aligned128,contiguous,none,none,zero,none,direct,low,0,136,0,0,ok,tmau_cold_first_use_fresh_allocation,model_default,0x90000000,0x0,0x183a4e3a5f88f40a,0x0,0,patch_descriptor_write,0,cold
Ventus,rtlsim,tensor_2d_length,tensor_2d_length_u8_row32,tensor_2d_length_g2s_u8_row32_b32,tensor,g2s,u8,8,2,32,32,0,aligned128,contiguous,none,none,zero,none,direct,low,1,100,0,0,ok,tmau_hot_reuse,model_default,0x90000000,0x0,0x183a4e3a5f88f40a,0x0,1,patch_descriptor_write,0,hot
Ventus,rtlsim,tensor_2d_length,tensor_2d_length_u8_row32,tensor_2d_length_g2s_u8_row32_b64,tensor,g2s,u8,8,2,64,64,0,aligned128,contiguous,none,none,zero,none,direct,low,0,136,0,0,ok,tmau_cold_first_use_fresh_allocation,model_default,0x90000000,0x0,0x9527340db524be1a,0x0,0,patch_descriptor_write,0,cold
Ventus,rtlsim,tensor_2d_length,tensor_2d_length_u8_row32,tensor_2d_length_g2s_u8_row32_b64,tensor,g2s,u8,8,2,64,64,0,aligned128,contiguous,none,none,zero,none,direct,low,1,100,0,0,ok,tmau_hot_reuse,model_default,0x90000000,0x0,0x9527340db524be1a,0x0,1,patch_descriptor_write,0,hot
Ventus,rtlsim,tensor_2d_length,tensor_2d_length_u8_row32,tensor_2d_length_g2s_u8_row32_b96,tensor,g2s,u8,8,2,96,96,0,aligned128,contiguous,none,none,zero,none,direct,low,0,136,0,0,ok,tmau_cold_first_use_fresh_allocation,model_default,0x90000000,0x0,0xc0d83cc74346256a,0x0,0,patch_descriptor_write,0,cold
Ventus,rtlsim,tensor_2d_length,tensor_2d_length_u8_row32,tensor_2d_length_g2s_u8_row32_b96,tensor,g2s,u8,8,2,96,96,0,aligned128,contiguous,none,none,zero,none,direct,low,1,100,0,0,ok,tmau_hot_reuse,model_default,0x90000000,0x0,0xc0d83cc74346256a,0x0,1,patch_descriptor_write,0,hot
Ventus,rtlsim,tensor_2d_length,tensor_2d_length_u8_row32,tensor_2d_length_g2s_u8_row32_b128,tensor,g2s,u8,8,2,128,128,0,aligned128,contiguous,none,none,zero,none,direct,low,0,136,0,0,ok,tmau_cold_first_use_fresh_allocation,model_default,0x90000000,0x0,0x9b4d686709ed29fa,0x0,0,patch_descriptor_write,0,cold
Ventus,rtlsim,tensor_2d_length,tensor_2d_length_u8_row32,tensor_2d_length_g2s_u8_row32_b128,tensor,g2s,u8,8,2,128,128,0,aligned128,contiguous,none,none,zero,none,direct,low,1,100,0,0,ok,tmau_hot_reuse,model_default,0x90000000,0x0,0x9b4d686709ed29fa,0x0,1,patch_descriptor_write,0,hot
Ventus,rtlsim,tensor_2d_length,tensor_2d_length_u8_row32,tensor_2d_length_g2s_u8_row32_b160,tensor,g2s,u8,8,2,160,160,0,aligned128,contiguous,none,none,zero,none,direct,low,0,138,0,0,ok,tmau_cold_first_use_fresh_allocation,model_default,0x90000000,0x0,0xc6fe7120980e914a,0x0,0,patch_descriptor_write,0,cold
Ventus,rtlsim,tensor_2d_length,tensor_2d_length_u8_row32,tensor_2d_length_g2s_u8_row32_b160,tensor,g2s,u8,8,2,160,160,0,aligned128,contiguous,none,none,zero,none,direct,low,1,102,0,0,ok,tmau_hot_reuse,model_default,0x90000000,0x0,0xc6fe7120980e914a,0x0,1,patch_descriptor_write,0,hot
Ventus,rtlsim,tensor_2d_length,tensor_2d_length_u8_row32,tensor_2d_length_g2s_u8_row32_b192,tensor,g2s,u8,8,2,192,192,0,aligned128,contiguous,none,none,zero,none,direct,low,0,138,0,0,ok,tmau_cold_first_use_fresh_allocation,model_default,0x90000000,0x0,0x43eb56f3edaa5b5a,0x0,0,patch_descriptor_write,0,cold
Ventus,rtlsim,tensor_2d_length,tensor_2d_length_u8_row32,tensor_2d_length_g2s_u8_row32_b192,tensor,g2s,u8,8,2,192,192,0,aligned128,contiguous,none,none,zero,none,direct,low,1,102,0,0,ok,tmau_hot_reuse,model_default,0x90000000,0x0,0x43eb56f3edaa5b5a,0x0,1,patch_descriptor_write,0,hot
Ventus,rtlsim,tensor_2d_length,tensor_2d_length_u8_row32,tensor_2d_length_g2s_u8_row32_b224,tensor,g2s,u8,8,2,224,224,0,aligned128,contiguous,none,none,zero,none,direct,low,0,138,0,0,ok,tmau_cold_first_use_fresh_allocation,model_default,0x90000000,0x0,0x6f9c5fad7bcbc2aa,0x0,0,patch_descriptor_write,0,cold
Ventus,rtlsim,tensor_2d_length,tensor_2d_length_u8_row32,tensor_2d_length_g2s_u8_row32_b224,tensor,g2s,u8,8,2,224,224,0,aligned128,contiguous,none,none,zero,none,direct,low,1,102,0,0,ok,tmau_hot_reuse,model_default,0x90000000,0x0,0x6f9c5fad7bcbc2aa,0x0,1,patch_descriptor_write,0,hot
Ventus,rtlsim,tensor_2d_length,tensor_2d_length_u8_row32,tensor_2d_length_g2s_u8_row32_b256,tensor,g2s,u8,8,2,256,256,0,aligned128,contiguous,none,none,zero,none,direct,low,0,138,0,0,ok,tmau_cold_first_use_fresh_allocation,model_default,0x90000000,0x0,0x8f00ffb4605c523a,0x0,0,patch_descriptor_write,0,cold
Ventus,rtlsim,tensor_2d_length,tensor_2d_length_u8_row32,tensor_2d_length_g2s_u8_row32_b256,tensor,g2s,u8,8,2,256,256,0,aligned128,contiguous,none,none,zero,none,direct,low,1,102,0,0,ok,tmau_hot_reuse,model_default,0x90000000,0x0,0x8f00ffb4605c523a,0x0,1,patch_descriptor_write,0,hot
Ventus,rtlsim,tensor_2d_length,tensor_2d_length_u8_row32,tensor_2d_length_g2s_u8_row32_b288,tensor,g2s,u8,8,2,288,288,0,aligned128,contiguous,none,none,zero,none,direct,low,0,140,0,0,ok,tmau_cold_first_use_fresh_allocation,model_default,0x90000000,0x0,0xbab2086dee7db98a,0x0,0,patch_descriptor_write,0,cold
Ventus,rtlsim,tensor_2d_length,tensor_2d_length_u8_row32,tensor_2d_length_g2s_u8_row32_b288,tensor,g2s,u8,8,2,288,288,0,aligned128,contiguous,none,none,zero,none,direct,low,1,104,0,0,ok,tmau_hot_reuse,model_default,0x90000000,0x0,0xbab2086dee7db98a,0x0,1,patch_descriptor_write,0,hot
Ventus,rtlsim,tensor_2d_length,tensor_2d_length_u8_row32,tensor_2d_length_g2s_u8_row32_b320,tensor,g2s,u8,8,2,320,320,0,aligned128,contiguous,none,none,zero,none,direct,low,0,140,0,0,ok,tmau_cold_first_use_fresh_allocation,model_default,0x90000000,0x0,0x379eee414419839a,0x0,0,patch_descriptor_write,0,cold
Ventus,rtlsim,tensor_2d_length,tensor_2d_length_u8_row32,tensor_2d_length_g2s_u8_row32_b320,tensor,g2s,u8,8,2,320,320,0,aligned128,contiguous,none,none,zero,none,direct,low,1,104,0,0,ok,tmau_hot_reuse,model_default,0x90000000,0x0,0x379eee414419839a,0x0,1,patch_descriptor_write,0,hot
Ventus,rtlsim,tensor_2d_length,tensor_2d_length_u8_row32,tensor_2d_length_g2s_u8_row32_b352,tensor,g2s,u8,8,2,352,352,0,aligned128,contiguous,none,none,zero,none,direct,low,0,140,0,0,ok,tmau_cold_first_use_fresh_allocation,model_default,0x90000000,0x0,0x634ff6fad23aeaea,0x0,0,patch_descriptor_write,0,cold
Ventus,rtlsim,tensor_2d_length,tensor_2d_length_u8_row32,tensor_2d_length_g2s_u8_row32_b352,tensor,g2s,u8,8,2,352,352,0,aligned128,contiguous,none,none,zero,none,direct,low,1,104,0,0,ok,tmau_hot_reuse,model_default,0x90000000,0x0,0x634ff6fad23aeaea,0x0,1,patch_descriptor_write,0,hot
Ventus,rtlsim,tensor_2d_length,tensor_2d_length_u8_row32,tensor_2d_length_g2s_u8_row32_b384,tensor,g2s,u8,8,2,384,384,0,aligned128,contiguous,none,none,zero,none,direct,low,0,140,0,0,ok,tmau_cold_first_use_fresh_allocation,model_default,0x90000000,0x0,0x3dc5229a98e1ef7a,0x0,0,patch_descriptor_write,0,cold
Ventus,rtlsim,tensor_2d_length,tensor_2d_length_u8_row32,tensor_2d_length_g2s_u8_row32_b384,tensor,g2s,u8,8,2,384,384,0,aligned128,contiguous,none,none,zero,none,direct,low,1,104,0,0,ok,tmau_hot_reuse,model_default,0x90000000,0x0,0x3dc5229a98e1ef7a,0x0,1,patch_descriptor_write,0,hot
Ventus,rtlsim,tensor_2d_length,tensor_2d_length_u8_row32,tensor_2d_length_g2s_u8_row32_b416,tensor,g2s,u8,8,2,416,416,0,aligned128,contiguous,none,none,zero,none,direct,low,0,142,0,0,ok,tmau_cold_first_use_fresh_allocation,model_default,0x90000000,0x0,0x69762b54270356ca,0x0,0,patch_descriptor_write,0,cold
Ventus,rtlsim,tensor_2d_length,tensor_2d_length_u8_row32,tensor_2d_length_g2s_u8_row32_b416,tensor,g2s,u8,8,2,416,416,0,aligned128,contiguous,none,none,zero,none,direct,low,1,106,0,0,ok,tmau_hot_reuse,model_default,0x90000000,0x0,0x69762b54270356ca,0x0,1,patch_descriptor_write,0,hot
Ventus,rtlsim,tensor_2d_length,tensor_2d_length_u8_row32,tensor_2d_length_g2s_u8_row32_b448,tensor,g2s,u8,8,2,448,448,0,aligned128,contiguous,none,none,zero,none,direct,low,0,142,0,0,ok,tmau_cold_first_use_fresh_allocation,model_default,0x90000000,0x0,0xe66311277c9f20da,0x0,0,patch_descriptor_write,0,cold
Ventus,rtlsim,tensor_2d_length,tensor_2d_length_u8_row32,tensor_2d_length_g2s_u8_row32_b448,tensor,g2s,u8,8,2,448,448,0,aligned128,contiguous,none,none,zero,none,direct,low,1,106,0,0,ok,tmau_hot_reuse,model_default,0x90000000,0x0,0xe66311277c9f20da,0x0,1,patch_descriptor_write,0,hot
Ventus,rtlsim,tensor_2d_length,tensor_2d_length_u8_row32,tensor_2d_length_g2s_u8_row32_b480,tensor,g2s,u8,8,2,480,480,0,aligned128,contiguous,none,none,zero,none,direct,low,0,142,0,0,ok,tmau_cold_first_use_fresh_allocation,model_default,0x90000000,0x0,0x121419e10ac0882a,0x0,0,patch_descriptor_write,0,cold
Ventus,rtlsim,tensor_2d_length,tensor_2d_length_u8_row32,tensor_2d_length_g2s_u8_row32_b480,tensor,g2s,u8,8,2,480,480,0,aligned128,contiguous,none,none,zero,none,direct,low,1,106,0,0,ok,tmau_hot_reuse,model_default,0x90000000,0x0,0x121419e10ac0882a,0x0,1,patch_descriptor_write,0,hot
Ventus,rtlsim,tensor_2d_length,tensor_2d_length_u8_row32,tensor_2d_length_g2s_u8_row32_b512,tensor,g2s,u8,8,2,512,512,0,aligned128,contiguous,none,none,zero,none,direct,low,0,142,0,0,ok,tmau_cold_first_use_fresh_allocation,model_default,0x90000000,0x0,0xa799d119b37e01ba,0x0,0,patch_descriptor_write,0,cold
Ventus,rtlsim,tensor_2d_length,tensor_2d_length_u8_row32,tensor_2d_length_g2s_u8_row32_b512,tensor,g2s,u8,8,2,512,512,0,aligned128,contiguous,none,none,zero,none,direct,low,1,106,0,0,ok,tmau_hot_reuse,model_default,0x90000000,0x0,0xa799d119b37e01ba,0x0,1,patch_descriptor_write,0,hot
Ventus,rtlsim,tensor_2d_length,tensor_2d_length_u8_row32,tensor_2d_length_g2s_u8_row32_b640,tensor,g2s,u8,8,2,640,640,0,aligned128,contiguous,none,none,zero,none,direct,low,0,144,0,0,ok,tmau_cold_first_use_fresh_allocation,model_default,0x90000000,0x0,0x565df3ffec039efa,0x0,0,patch_descriptor_write,0,cold
Ventus,rtlsim,tensor_2d_length,tensor_2d_length_u8_row32,tensor_2d_length_g2s_u8_row32_b640,tensor,g2s,u8,8,2,640,640,0,aligned128,contiguous,none,none,zero,none,direct,low,1,108,0,0,ok,tmau_hot_reuse,model_default,0x90000000,0x0,0x565df3ffec039efa,0x0,1,patch_descriptor_write,0,hot
Ventus,rtlsim,tensor_2d_length,tensor_2d_length_u8_row32,tensor_2d_length_g2s_u8_row32_b768,tensor,g2s,u8,8,2,768,768,0,aligned128,contiguous,none,none,zero,none,direct,low,0,146,0,0,ok,tmau_cold_first_use_fresh_allocation,model_default,0x90000000,0x0,0x4a118b4d4272c73a,0x0,0,patch_descriptor_write,0,cold
Ventus,rtlsim,tensor_2d_length,tensor_2d_length_u8_row32,tensor_2d_length_g2s_u8_row32_b768,tensor,g2s,u8,8,2,768,768,0,aligned128,contiguous,none,none,zero,none,direct,low,1,110,0,0,ok,tmau_hot_reuse,model_default,0x90000000,0x0,0x4a118b4d4272c73a,0x0,1,patch_descriptor_write,0,hot
Ventus,rtlsim,tensor_2d_length,tensor_2d_length_u8_row32,tensor_2d_length_g2s_u8_row32_b896,tensor,g2s,u8,8,2,896,896,0,aligned128,contiguous,none,none,zero,none,direct,low,0,148,0,0,ok,tmau_cold_first_use_fresh_allocation,model_default,0x90000000,0x0,0xf8d5ae337af8647a,0x0,0,patch_descriptor_write,0,cold
Ventus,rtlsim,tensor_2d_length,tensor_2d_length_u8_row32,tensor_2d_length_g2s_u8_row32_b896,tensor,g2s,u8,8,2,896,896,0,aligned128,contiguous,none,none,zero,none,direct,low,1,112,0,0,ok,tmau_hot_reuse,model_default,0x90000000,0x0,0xf8d5ae337af8647a,0x0,1,patch_descriptor_write,0,hot
Ventus,rtlsim,tensor_2d_length,tensor_2d_length_u8_row32,tensor_2d_length_g2s_u8_row32_b992,tensor,g2s,u8,8,2,992,992,0,aligned128,contiguous,none,none,zero,none,direct,low,0,150,0,0,ok,tmau_cold_first_use_fresh_allocation,model_default,0x90000000,0x0,0x1e2d5beaf282594a,0x0,0,patch_descriptor_write,0,cold
Ventus,rtlsim,tensor_2d_length,tensor_2d_length_u8_row32,tensor_2d_length_g2s_u8_row32_b992,tensor,g2s,u8,8,2,992,992,0,aligned128,contiguous,none,none,zero,none,direct,low,1,114,0,0,ok,tmau_hot_reuse,model_default,0x90000000,0x0,0x1e2d5beaf282594a,0x0,1,patch_descriptor_write,0,hot
Ventus,rtlsim,tensor_2d_length,tensor_2d_length_u8_row32,tensor_2d_length_g2s_u8_row32_b1024,tensor,g2s,u8,8,2,1024,1024,0,aligned128,contiguous,none,none,zero,none,direct,low,0,150,0,0,ok,tmau_cold_first_use_fresh_allocation,model_default,0x90000000,0x0,0x587f8211cdad0efa,0x0,0,patch_descriptor_write,0,cold
Ventus,rtlsim,tensor_2d_length,tensor_2d_length_u8_row32,tensor_2d_length_g2s_u8_row32_b1024,tensor,g2s,u8,8,2,1024,1024,0,aligned128,contiguous,none,none,zero,none,direct,low,1,114,0,0,ok,tmau_hot_reuse,model_default,0x90000000,0x0,0x587f8211cdad0efa,0x0,1,patch_descriptor_write,0,hot
Ventus,rtlsim,tensor_2d_length,tensor_2d_length_u8_row32,tensor_2d_length_g2s_u8_row32_b1056,tensor,g2s,u8,8,2,1056,1056,0,aligned128,contiguous,none,none,zero,none,direct,low,0,152,0,0,ok,tmau_cold_first_use_fresh_allocation,model_default,0x90000000,0x0,0x84308acb5bce764a,0x0,0,patch_descriptor_write,0,cold
Ventus,rtlsim,tensor_2d_length,tensor_2d_length_u8_row32,tensor_2d_length_g2s_u8_row32_b1056,tensor,g2s,u8,8,2,1056,1056,0,aligned128,contiguous,none,none,zero,none,direct,low,1,116,0,0,ok,tmau_hot_reuse,model_default,0x90000000,0x0,0x84308acb5bce764a,0x0,1,patch_descriptor_write,0,hot
Ventus,rtlsim,tensor_2d_length,tensor_2d_length_u8_row32,tensor_2d_length_g2s_u8_row32_b1152,tensor,g2s,u8,8,2,1152,1152,0,aligned128,contiguous,none,none,zero,none,direct,low,0,152,0,0,ok,tmau_cold_first_use_fresh_allocation,model_default,0x90000000,0x0,0x743a4f80632ac3a,0x0,0,patch_descriptor_write,0,cold
Ventus,rtlsim,tensor_2d_length,tensor_2d_length_u8_row32,tensor_2d_length_g2s_u8_row32_b1152,tensor,g2s,u8,8,2,1152,1152,0,aligned128,contiguous,none,none,zero,none,direct,low,1,116,0,0,ok,tmau_hot_reuse,model_default,0x90000000,0x0,0x743a4f80632ac3a,0x0,1,patch_descriptor_write,0,hot
Ventus,rtlsim,tensor_2d_length,tensor_2d_length_u8_row32,tensor_2d_length_g2s_u8_row32_b1280,tensor,g2s,u8,8,2,1280,1280,0,aligned128,contiguous,none,none,zero,none,direct,low,0,155,0,0,ok,tmau_cold_first_use_fresh_allocation,model_default,0x90000000,0x0,0xfaf73c455ca1d47a,0x0,0,patch_descriptor_write,0,cold
Ventus,rtlsim,tensor_2d_length,tensor_2d_length_u8_row32,tensor_2d_length_g2s_u8_row32_b1280,tensor,g2s,u8,8,2,1280,1280,0,aligned128,contiguous,none,none,zero,none,direct,low,1,118,0,0,ok,tmau_hot_reuse,model_default,0x90000000,0x0,0xfaf73c455ca1d47a,0x0,1,patch_descriptor_write,0,hot
Ventus,rtlsim,tensor_2d_length,tensor_2d_length_u8_row32,tensor_2d_length_g2s_u8_row32_b1408,tensor,g2s,u8,8,2,1408,1408,0,aligned128,contiguous,none,none,zero,none,direct,low,0,158,0,0,ok,tmau_cold_first_use_fresh_allocation,model_default,0x90000000,0x0,0xa9bb5f2b952771ba,0x0,0,patch_descriptor_write,0,cold
Ventus,rtlsim,tensor_2d_length,tensor_2d_length_u8_row32,tensor_2d_length_g2s_u8_row32_b1408,tensor,g2s,u8,8,2,1408,1408,0,aligned128,contiguous,none,none,zero,none,direct,low,1,120,0,0,ok,tmau_hot_reuse,model_default,0x90000000,0x0,0xa9bb5f2b952771ba,0x0,1,patch_descriptor_write,0,hot
Ventus,rtlsim,tensor_2d_length,tensor_2d_length_u8_row32,tensor_2d_length_g2s_u8_row32_b1536,tensor,g2s,u8,8,2,1536,1536,0,aligned128,contiguous,none,none,zero,none,direct,low,0,161,0,0,ok,tmau_cold_first_use_fresh_allocation,model_default,0x90000000,0x0,0x13900daaafc383fa,0x0,0,patch_descriptor_write,0,cold
Ventus,rtlsim,tensor_2d_length,tensor_2d_length_u8_row32,tensor_2d_length_g2s_u8_row32_b1536,tensor,g2s,u8,8,2,1536,1536,0,aligned128,contiguous,none,none,zero,none,direct,low,1,122,0,0,ok,tmau_hot_reuse,model_default,0x90000000,0x0,0x13900daaafc383fa,0x0,1,patch_descriptor_write,0,hot
Ventus,rtlsim,tensor_2d_length,tensor_2d_length_u8_row32,tensor_2d_length_g2s_u8_row32_b1664,tensor,g2s,u8,8,2,1664,1664,0,aligned128,contiguous,none,none,zero,none,direct,low,0,164,0,0,ok,tmau_cold_first_use_fresh_allocation,model_default,0x90000000,0x0,0xc2543090e849213a,0x0,0,patch_descriptor_write,0,cold
Ventus,rtlsim,tensor_2d_length,tensor_2d_length_u8_row32,tensor_2d_length_g2s_u8_row32_b1664,tensor,g2s,u8,8,2,1664,1664,0,aligned128,contiguous,none,none,zero,none,direct,low,1,124,0,0,ok,tmau_hot_reuse,model_default,0x90000000,0x0,0xc2543090e849213a,0x0,1,patch_descriptor_write,0,hot
Ventus,rtlsim,tensor_2d_length,tensor_2d_length_u8_row32,tensor_2d_length_g2s_u8_row32_b1792,tensor,g2s,u8,8,2,1792,1792,0,aligned128,contiguous,none,none,zero,none,direct,low,0,167,0,0,ok,tmau_cold_first_use_fresh_allocation,model_default,0x90000000,0x0,0xb607c7de3eb8497a,0x0,0,patch_descriptor_write,0,cold
Ventus,rtlsim,tensor_2d_length,tensor_2d_length_u8_row32,tensor_2d_length_g2s_u8_row32_b1792,tensor,g2s,u8,8,2,1792,1792,0,aligned128,contiguous,none,none,zero,none,direct,low,1,126,0,0,ok,tmau_hot_reuse,model_default,0x90000000,0x0,0xb607c7de3eb8497a,0x0,1,patch_descriptor_write,0,hot
Ventus,rtlsim,tensor_2d_length,tensor_2d_length_u8_row32,tensor_2d_length_g2s_u8_row32_b1920,tensor,g2s,u8,8,2,1920,1920,0,aligned128,contiguous,none,none,zero,none,direct,low,0,170,0,0,ok,tmau_cold_first_use_fresh_allocation,model_default,0x90000000,0x0,0x64cbeac4773de6ba,0x0,0,patch_descriptor_write,0,cold
Ventus,rtlsim,tensor_2d_length,tensor_2d_length_u8_row32,tensor_2d_length_g2s_u8_row32_b1920,tensor,g2s,u8,8,2,1920,1920,0,aligned128,contiguous,none,none,zero,none,direct,low,1,128,0,0,ok,tmau_hot_reuse,model_default,0x90000000,0x0,0x64cbeac4773de6ba,0x0,1,patch_descriptor_write,0,hot
Ventus,rtlsim,tensor_2d_length,tensor_2d_length_u8_row32,tensor_2d_length_g2s_u8_row32_b2016,tensor,g2s,u8,8,2,2016,2016,0,aligned128,contiguous,none,none,zero,none,direct,low,0,173,0,0,ok,tmau_cold_first_use_fresh_allocation,model_default,0x90000000,0x0,0x8a23987beec7db8a,0x0,0,patch_descriptor_write,0,cold
Ventus,rtlsim,tensor_2d_length,tensor_2d_length_u8_row32,tensor_2d_length_g2s_u8_row32_b2016,tensor,g2s,u8,8,2,2016,2016,0,aligned128,contiguous,none,none,zero,none,direct,low,1,130,0,0,ok,tmau_hot_reuse,model_default,0x90000000,0x0,0x8a23987beec7db8a,0x0,1,patch_descriptor_write,0,hot
Ventus,rtlsim,tensor_2d_length,tensor_2d_length_u8_row32,tensor_2d_length_g2s_u8_row32_b2048,tensor,g2s,u8,8,2,2048,2048,0,aligned128,contiguous,none,none,zero,none,direct,low,0,173,0,0,ok,tmau_cold_first_use_fresh_allocation,model_default,0x90000000,0x0,0x47171d490db8ba,0x0,0,patch_descriptor_write,0,cold
Ventus,rtlsim,tensor_2d_length,tensor_2d_length_u8_row32,tensor_2d_length_g2s_u8_row32_b2048,tensor,g2s,u8,8,2,2048,2048,0,aligned128,contiguous,none,none,zero,none,direct,low,1,130,0,0,ok,tmau_hot_reuse,model_default,0x90000000,0x0,0x47171d490db8ba,0x0,1,patch_descriptor_write,0,hot
Ventus,rtlsim,tensor_2d_length,tensor_2d_length_u8_row32,tensor_2d_length_g2s_u8_row32_b2080,tensor,g2s,u8,8,2,2080,2080,0,aligned128,contiguous,none,none,zero,none,direct,low,0,176,0,0,ok,tmau_cold_first_use_fresh_allocation,model_default,0x90000000,0x0,0xe7d54612c081af8a,0x0,0,patch_descriptor_write,0,cold
Ventus,rtlsim,tensor_2d_length,tensor_2d_length_u8_row32,tensor_2d_length_g2s_u8_row32_b2080,tensor,g2s,u8,8,2,2080,2080,0,aligned128,contiguous,none,none,zero,none,direct,low,1,132,0,0,ok,tmau_hot_reuse,model_default,0x90000000,0x0,0xe7d54612c081af8a,0x0,1,patch_descriptor_write,0,hot
Ventus,rtlsim,tensor_2d_length,tensor_2d_length_u8_row32,tensor_2d_length_g2s_u8_row32_b2560,tensor,g2s,u8,8,2,2560,2560,0,aligned128,contiguous,none,none,zero,none,direct,low,0,184,0,0,ok,tmau_cold_first_use_fresh_allocation,model_default,0x90000000,0x0,0xbb57a2b62b242dba,0x0,0,patch_descriptor_write,0,cold
Ventus,rtlsim,tensor_2d_length,tensor_2d_length_u8_row32,tensor_2d_length_g2s_u8_row32_b2560,tensor,g2s,u8,8,2,2560,2560,0,aligned128,contiguous,none,none,zero,none,direct,low,1,138,0,0,ok,tmau_hot_reuse,model_default,0x90000000,0x0,0xbb57a2b62b242dba,0x0,1,patch_descriptor_write,0,hot
Ventus,rtlsim,tensor_2d_length,tensor_2d_length_u8_row32,tensor_2d_length_g2s_u8_row32_b3072,tensor,g2s,u8,8,2,3072,3072,0,aligned128,contiguous,none,none,zero,none,direct,low,0,193,0,0,ok,tmau_cold_first_use_fresh_allocation,model_default,0x90000000,0x0,0x281a79ea2ea5ca7a,0x0,0,patch_descriptor_write,0,cold
Ventus,rtlsim,tensor_2d_length,tensor_2d_length_u8_row32,tensor_2d_length_g2s_u8_row32_b3072,tensor,g2s,u8,8,2,3072,3072,0,aligned128,contiguous,none,none,zero,none,direct,low,1,146,0,0,ok,tmau_hot_reuse,model_default,0x90000000,0x0,0x281a79ea2ea5ca7a,0x0,1,patch_descriptor_write,0,hot
Ventus,rtlsim,tensor_2d_length,tensor_2d_length_u8_row32,tensor_2d_length_g2s_u8_row32_b3584,tensor,g2s,u8,8,2,3584,3584,0,aligned128,contiguous,none,none,zero,none,direct,low,0,201,0,0,ok,tmau_cold_first_use_fresh_allocation,model_default,0x90000000,0x0,0xe32b058310bc3f7a,0x0,0,patch_descriptor_write,0,cold
Ventus,rtlsim,tensor_2d_length,tensor_2d_length_u8_row32,tensor_2d_length_g2s_u8_row32_b3584,tensor,g2s,u8,8,2,3584,3584,0,aligned128,contiguous,none,none,zero,none,direct,low,1,154,0,0,ok,tmau_hot_reuse,model_default,0x90000000,0x0,0xe32b058310bc3f7a,0x0,1,patch_descriptor_write,0,hot
Ventus,rtlsim,tensor_2d_length,tensor_2d_length_u8_row32,tensor_2d_length_g2s_u8_row32_b4064,tensor,g2s,u8,8,2,4064,4064,0,aligned128,contiguous,none,none,zero,none,direct,low,0,210,0,0,ok,tmau_cold_first_use_fresh_allocation,model_default,0x90000000,0x0,0x59be90544fc0970a,0x0,0,patch_descriptor_write,0,cold
Ventus,rtlsim,tensor_2d_length,tensor_2d_length_u8_row32,tensor_2d_length_g2s_u8_row32_b4064,tensor,g2s,u8,8,2,4064,4064,0,aligned128,contiguous,none,none,zero,none,direct,low,1,162,0,0,ok,tmau_hot_reuse,model_default,0x90000000,0x0,0x59be90544fc0970a,0x0,1,patch_descriptor_write,0,hot
Ventus,rtlsim,tensor_2d_length,tensor_2d_length_u8_row32,tensor_2d_length_g2s_u8_row32_b4096,tensor,g2s,u8,8,2,4096,4096,0,aligned128,contiguous,none,none,zero,none,direct,low,0,210,0,0,ok,tmau_cold_first_use_fresh_allocation,model_default,0x90000000,0x0,0xc50da247e21b34ba,0x0,0,patch_descriptor_write,0,cold
Ventus,rtlsim,tensor_2d_length,tensor_2d_length_u8_row32,tensor_2d_length_g2s_u8_row32_b4096,tensor,g2s,u8,8,2,4096,4096,0,aligned128,contiguous,none,none,zero,none,direct,low,1,162,0,0,ok,tmau_hot_reuse,model_default,0x90000000,0x0,0xc50da247e21b34ba,0x0,1,patch_descriptor_write,0,hot
Ventus,rtlsim,tensor_2d_length,tensor_2d_length_u8_row32,tensor_2d_length_g2s_u8_row32_b4128,tensor,g2s,u8,8,2,4128,4128,0,aligned128,contiguous,none,none,zero,none,direct,low,0,224,0,0,ok,tmau_cold_first_use_fresh_allocation,model_default,0x90000000,0x0,0x79045e899d977d0a,0x0,0,patch_descriptor_write,0,cold
Ventus,rtlsim,tensor_2d_length,tensor_2d_length_u8_row32,tensor_2d_length_g2s_u8_row32_b4128,tensor,g2s,u8,8,2,4128,4128,0,aligned128,contiguous,none,none,zero,none,direct,low,1,164,0,0,ok,tmau_hot_reuse,model_default,0x90000000,0x0,0x79045e899d977d0a,0x0,1,patch_descriptor_write,0,hot
Ventus,rtlsim,tensor_2d_length,tensor_2d_length_u8_row32,tensor_2d_length_g2s_u8_row32_b4608,tensor,g2s,u8,8,2,4608,4608,0,aligned128,contiguous,none,none,zero,none,direct,low,0,230,0,0,ok,tmau_cold_first_use_fresh_allocation,model_default,0x90000000,0x0,0x801e2de0c431a9ba,0x0,0,patch_descriptor_write,0,cold
Ventus,rtlsim,tensor_2d_length,tensor_2d_length_u8_row32,tensor_2d_length_g2s_u8_row32_b4608,tensor,g2s,u8,8,2,4608,4608,0,aligned128,contiguous,none,none,zero,none,direct,low,1,170,0,0,ok,tmau_hot_reuse,model_default,0x90000000,0x0,0x801e2de0c431a9ba,0x0,1,patch_descriptor_write,0,hot
Ventus,rtlsim,tensor_2d_length,tensor_2d_length_u8_row32,tensor_2d_length_g2s_u8_row32_b5120,tensor,g2s,u8,8,2,5120,5120,0,aligned128,contiguous,none,none,zero,none,direct,low,0,239,0,0,ok,tmau_cold_first_use_fresh_allocation,model_default,0x90000000,0x0,0xb94992610bbb97fa,0x0,0,patch_descriptor_write,0,cold
Ventus,rtlsim,tensor_2d_length,tensor_2d_length_u8_row32,tensor_2d_length_g2s_u8_row32_b5120,tensor,g2s,u8,8,2,5120,5120,0,aligned128,contiguous,none,none,zero,none,direct,low,1,178,0,0,ok,tmau_hot_reuse,model_default,0x90000000,0x0,0xb94992610bbb97fa,0x0,1,patch_descriptor_write,0,hot
Ventus,rtlsim,tensor_2d_length,tensor_2d_length_u8_row32,tensor_2d_length_g2s_u8_row32_b5632,tensor,g2s,u8,8,2,5632,5632,0,aligned128,contiguous,none,none,zero,none,direct,low,0,247,0,0,ok,tmau_cold_first_use_fresh_allocation,model_default,0x90000000,0x0,0x745a1df9edd20cfa,0x0,0,patch_descriptor_write,0,cold
Ventus,rtlsim,tensor_2d_length,tensor_2d_length_u8_row32,tensor_2d_length_g2s_u8_row32_b5632,tensor,g2s,u8,8,2,5632,5632,0,aligned128,contiguous,none,none,zero,none,direct,low,1,186,0,0,ok,tmau_hot_reuse,model_default,0x90000000,0x0,0x745a1df9edd20cfa,0x0,1,patch_descriptor_write,0,hot
Ventus,rtlsim,tensor_2d_length,tensor_2d_length_u8_row32,tensor_2d_length_g2s_u8_row32_b6144,tensor,g2s,u8,8,2,6144,6144,0,aligned128,contiguous,none,none,zero,none,direct,low,0,255,0,0,ok,tmau_cold_first_use_fresh_allocation,model_default,0x90000000,0x0,0xd8cb73e459c160ba,0x0,0,patch_descriptor_write,0,cold
Ventus,rtlsim,tensor_2d_length,tensor_2d_length_u8_row32,tensor_2d_length_g2s_u8_row32_b6144,tensor,g2s,u8,8,2,6144,6144,0,aligned128,contiguous,none,none,zero,none,direct,low,1,194,0,0,ok,tmau_hot_reuse,model_default,0x90000000,0x0,0xd8cb73e459c160ba,0x0,1,patch_descriptor_write,0,hot
Ventus,rtlsim,tensor_2d_length,tensor_2d_length_u8_row32,tensor_2d_length_g2s_u8_row32_b6656,tensor,g2s,u8,8,2,6656,6656,0,aligned128,contiguous,none,none,zero,none,direct,low,0,263,0,0,ok,tmau_cold_first_use_fresh_allocation,model_default,0x90000000,0x0,0x93dbff7d3bd7d5ba,0x0,0,patch_descriptor_write,0,cold
Ventus,rtlsim,tensor_2d_length,tensor_2d_length_u8_row32,tensor_2d_length_g2s_u8_row32_b6656,tensor,g2s,u8,8,2,6656,6656,0,aligned128,contiguous,none,none,zero,none,direct,low,1,202,0,0,ok,tmau_hot_reuse,model_default,0x90000000,0x0,0x93dbff7d3bd7d5ba,0x0,1,patch_descriptor_write,0,hot
Ventus,rtlsim,tensor_2d_length,tensor_2d_length_u8_row32,tensor_2d_length_g2s_u8_row32_b7168,tensor,g2s,u8,8,2,7168,7168,0,aligned128,contiguous,none,none,zero,none,direct,low,0,271,0,0,ok,tmau_cold_first_use_fresh_allocation,model_default,0x90000000,0x0,0x9ed6b13f59727a,0x0,0,patch_descriptor_write,0,cold
Ventus,rtlsim,tensor_2d_length,tensor_2d_length_u8_row32,tensor_2d_length_g2s_u8_row32_b7168,tensor,g2s,u8,8,2,7168,7168,0,aligned128,contiguous,none,none,zero,none,direct,low,1,210,0,0,ok,tmau_hot_reuse,model_default,0x90000000,0x0,0x9ed6b13f59727a,0x0,1,patch_descriptor_write,0,hot
Ventus,rtlsim,tensor_2d_length,tensor_2d_length_u8_row32,tensor_2d_length_g2s_u8_row32_b7680,tensor,g2s,u8,8,2,7680,7680,0,aligned128,contiguous,none,none,zero,none,direct,low,0,279,0,0,ok,tmau_cold_first_use_fresh_allocation,model_default,0x90000000,0x0,0xbbaf624a216fe77a,0x0,0,patch_descriptor_write,0,cold
Ventus,rtlsim,tensor_2d_length,tensor_2d_length_u8_row32,tensor_2d_length_g2s_u8_row32_b7680,tensor,g2s,u8,8,2,7680,7680,0,aligned128,contiguous,none,none,zero,none,direct,low,1,218,0,0,ok,tmau_hot_reuse,model_default,0x90000000,0x0,0xbbaf624a216fe77a,0x0,1,patch_descriptor_write,0,hot
Ventus,rtlsim,tensor_2d_length,tensor_2d_length_u8_row32,tensor_2d_length_g2s_u8_row32_b8160,tensor,g2s,u8,8,2,8160,8160,0,aligned128,contiguous,none,none,zero,none,direct,low,0,287,0,0,ok,tmau_cold_first_use_fresh_allocation,model_default,0x90000000,0x0,0xbb064043fe93e22a,0x0,0,patch_descriptor_write,0,cold
Ventus,rtlsim,tensor_2d_length,tensor_2d_length_u8_row32,tensor_2d_length_g2s_u8_row32_b8160,tensor,g2s,u8,8,2,8160,8160,0,aligned128,contiguous,none,none,zero,none,direct,low,1,226,0,0,ok,tmau_hot_reuse,model_default,0x90000000,0x0,0xbb064043fe93e22a,0x0,1,patch_descriptor_write,0,hot
Ventus,rtlsim,tensor_2d_length,tensor_2d_length_u8_row32,tensor_2d_length_g2s_u8_row32_b8192,tensor,g2s,u8,8,2,8192,8192,0,aligned128,contiguous,none,none,zero,none,direct,low,0,287,0,0,ok,tmau_cold_first_use_fresh_allocation,model_default,0x90000000,0x0,0x69ee3b48d618164a,0x0,0,patch_descriptor_write,0,cold
Ventus,rtlsim,tensor_2d_length,tensor_2d_length_u8_row32,tensor_2d_length_g2s_u8_row32_b8192,tensor,g2s,u8,8,2,8192,8192,0,aligned128,contiguous,none,none,zero,none,direct,low,1,229,0,0,ok,tmau_hot_reuse,model_default,0x90000000,0x0,0x69ee3b48d618164a,0x0,1,patch_descriptor_write,0,hot
Ventus,rtlsim,tensor_2d_length,tensor_2d_length_u8_row64,tensor_2d_length_g2s_u8_row64_b8128,tensor,g2s,u8,8,2,8128,8128,0,aligned128,contiguous,none,none,zero,none,direct,low,0,287,0,0,ok,tmau_cold_first_use_fresh_allocation,model_default,0x90000000,0x0,0x86d0cb4fa062c50a,0x0,0,patch_descriptor_write,0,cold
Ventus,rtlsim,tensor_2d_length,tensor_2d_length_u8_row64,tensor_2d_length_g2s_u8_row64_b8128,tensor,g2s,u8,8,2,8128,8128,0,aligned128,contiguous,none,none,zero,none,direct,low,1,229,0,0,ok,tmau_hot_reuse,model_default,0x90000000,0x0,0x86d0cb4fa062c50a,0x0,1,patch_descriptor_write,0,hot
Ventus,rtlsim,tensor_2d_length,tensor_2d_length_u8_row64,tensor_2d_length_g2s_u8_row64_b8192,tensor,g2s,u8,8,2,8192,8192,0,aligned128,contiguous,none,none,zero,none,direct,low,0,287,0,0,ok,tmau_cold_first_use_fresh_allocation,model_default,0x90000000,0x0,0x45e395c05f7f42ba,0x0,0,patch_descriptor_write,0,cold
Ventus,rtlsim,tensor_2d_length,tensor_2d_length_u8_row64,tensor_2d_length_g2s_u8_row64_b8192,tensor,g2s,u8,8,2,8192,8192,0,aligned128,contiguous,none,none,zero,none,direct,low,1,226,0,0,ok,tmau_hot_reuse,model_default,0x90000000,0x0,0x45e395c05f7f42ba,0x0,1,patch_descriptor_write,0,hot
Ventus,rtlsim,tensor_2d_length,tensor_2d_length_u8_row64,tensor_2d_length_g2s_u8_row64_b8256,tensor,g2s,u8,8,2,8256,8256,0,aligned128,contiguous,none,none,zero,none,direct,low,0,290,0,0,ok,tmau_cold_first_use_fresh_allocation,model_default,0x90000000,0x0,0x5252e107c177cb0a,0x0,0,patch_descriptor_write,0,cold
Ventus,rtlsim,tensor_2d_length,tensor_2d_length_u8_row64,tensor_2d_length_g2s_u8_row64_b8256,tensor,g2s,u8,8,2,8256,8256,0,aligned128,contiguous,none,none,zero,none,direct,low,1,228,0,0,ok,tmau_hot_reuse,model_default,0x90000000,0x0,0x5252e107c177cb0a,0x0,1,patch_descriptor_write,0,hot
Ventus,rtlsim,tensor_2d_length,tensor_2d_length_u8_row64,tensor_2d_length_g2s_u8_row64_b8704,tensor,g2s,u8,8,2,8704,8704,0,aligned128,contiguous,none,none,zero,none,direct,low,0,296,0,0,ok,tmau_cold_first_use_fresh_allocation,model_default,0x90000000,0x0,0x70a1037c1bcee93a,0x0,0,patch_descriptor_write,0,cold
Ventus,rtlsim,tensor_2d_length,tensor_2d_length_u8_row64,tensor_2d_length_g2s_u8_row64_b8704,tensor,g2s,u8,8,2,8704,8704,0,aligned128,contiguous,none,none,zero,none,direct,low,1,234,0,0,ok,tmau_hot_reuse,model_default,0x90000000,0x0,0x70a1037c1bcee93a,0x0,1,patch_descriptor_write,0,hot
Ventus,rtlsim,tensor_2d_length,tensor_2d_length_u8_row64,tensor_2d_length_g2s_u8_row64_b9216,tensor,g2s,u8,8,2,9216,9216,0,aligned128,contiguous,none,none,zero,none,direct,low,0,304,0,0,ok,tmau_cold_first_use_fresh_allocation,model_default,0x90000000,0x0,0xf421594195b7ba,0x0,0,patch_descriptor_write,0,cold
Ventus,rtlsim,tensor_2d_length,tensor_2d_length_u8_row64,tensor_2d_length_g2s_u8_row64_b9216,tensor,g2s,u8,8,2,9216,9216,0,aligned128,contiguous,none,none,zero,none,direct,low,1,242,0,0,ok,tmau_hot_reuse,model_default,0x90000000,0x0,0xf421594195b7ba,0x0,1,patch_descriptor_write,0,hot
Ventus,rtlsim,tensor_2d_length,tensor_2d_length_u8_row64,tensor_2d_length_g2s_u8_row64_b9728,tensor,g2s,u8,8,2,9728,9728,0,aligned128,contiguous,none,none,zero,none,direct,low,0,312,0,0,ok,tmau_cold_first_use_fresh_allocation,model_default,0x90000000,0x0,0x2bb18f14fde55e3a,0x0,0,patch_descriptor_write,0,cold
Ventus,rtlsim,tensor_2d_length,tensor_2d_length_u8_row64,tensor_2d_length_g2s_u8_row64_b9728,tensor,g2s,u8,8,2,9728,9728,0,aligned128,contiguous,none,none,zero,none,direct,low,1,250,0,0,ok,tmau_hot_reuse,model_default,0x90000000,0x0,0x2bb18f14fde55e3a,0x0,1,patch_descriptor_write,0,hot
Ventus,rtlsim,tensor_2d_length,tensor_2d_length_u8_row64,tensor_2d_length_g2s_u8_row64_b10240,tensor,g2s,u8,8,2,10240,10240,0,aligned128,contiguous,none,none,zero,none,direct,low,0,320,0,0,ok,tmau_cold_first_use_fresh_allocation,model_default,0x90000000,0x0,0xe65bcd5c5c5dc5fa,0x0,0,patch_descriptor_write,0,cold
Ventus,rtlsim,tensor_2d_length,tensor_2d_length_u8_row64,tensor_2d_length_g2s_u8_row64_b10240,tensor,g2s,u8,8,2,10240,10240,0,aligned128,contiguous,none,none,zero,none,direct,low,1,259,0,0,ok,tmau_hot_reuse,model_default,0x90000000,0x0,0xe65bcd5c5c5dc5fa,0x0,1,patch_descriptor_write,0,hot
Ventus,rtlsim,tensor_2d_length,tensor_2d_length_u8_row64,tensor_2d_length_g2s_u8_row64_b10752,tensor,g2s,u8,8,2,10752,10752,0,aligned128,contiguous,none,none,zero,none,direct,low,0,329,0,0,ok,tmau_cold_first_use_fresh_allocation,model_default,0x90000000,0x0,0x8dd407bdf7aa7a,0x0,0,patch_descriptor_write,0,cold
Ventus,rtlsim,tensor_2d_length,tensor_2d_length_u8_row64,tensor_2d_length_g2s_u8_row64_b10752,tensor,g2s,u8,8,2,10752,10752,0,aligned128,contiguous,none,none,zero,none,direct,low,1,271,0,0,ok,tmau_hot_reuse,model_default,0x90000000,0x0,0x8dd407bdf7aa7a,0x0,1,patch_descriptor_write,0,hot
Ventus,rtlsim,tensor_2d_length,tensor_2d_length_u8_row64,tensor_2d_length_g2s_u8_row64_b11264,tensor,g2s,u8,8,2,11264,11264,0,aligned128,contiguous,none,none,zero,none,direct,low,0,337,0,0,ok,tmau_cold_first_use_fresh_allocation,model_default,0x90000000,0x0,0xa16c58f53e743afa,0x0,0,patch_descriptor_write,0,cold
Ventus,rtlsim,tensor_2d_length,tensor_2d_length_u8_row64,tensor_2d_length_g2s_u8_row64_b11264,tensor,g2s,u8,8,2,11264,11264,0,aligned128,contiguous,none,none,zero,none,direct,low,1,274,0,0,ok,tmau_hot_reuse,model_default,0x90000000,0x0,0xa16c58f53e743afa,0x0,1,patch_descriptor_write,0,hot
Ventus,rtlsim,tensor_2d_length,tensor_2d_length_u8_row64,tensor_2d_length_g2s_u8_row64_b11776,tensor,g2s,u8,8,2,11776,11776,0,aligned128,contiguous,none,none,zero,none,direct,low,0,345,0,0,ok,tmau_cold_first_use_fresh_allocation,model_default,0x90000000,0x0,0xbb9e5fa0a00e1f7a,0x0,0,patch_descriptor_write,0,cold
Ventus,rtlsim,tensor_2d_length,tensor_2d_length_u8_row64,tensor_2d_length_g2s_u8_row64_b11776,tensor,g2s,u8,8,2,11776,11776,0,aligned128,contiguous,none,none,zero,none,direct,low,1,282,0,0,ok,tmau_hot_reuse,model_default,0x90000000,0x0,0xbb9e5fa0a00e1f7a,0x0,1,patch_descriptor_write,0,hot
Ventus,rtlsim,tensor_2d_length,tensor_2d_length_u8_row64,tensor_2d_length_g2s_u8_row64_b12288,tensor,g2s,u8,8,2,12288,12288,0,aligned128,contiguous,none,none,zero,none,direct,low,0,353,0,0,ok,tmau_cold_first_use_fresh_allocation,model_default,0x90000000,0x0,0xb219f6627da1aeba,0x0,0,patch_descriptor_write,0,cold
Ventus,rtlsim,tensor_2d_length,tensor_2d_length_u8_row64,tensor_2d_length_g2s_u8_row64_b12288,tensor,g2s,u8,8,2,12288,12288,0,aligned128,contiguous,none,none,zero,none,direct,low,1,293,0,0,ok,tmau_hot_reuse,model_default,0x90000000,0x0,0xb219f6627da1aeba,0x0,1,patch_descriptor_write,0,hot
Ventus,rtlsim,tensor_2d_length,tensor_2d_length_u8_row64,tensor_2d_length_g2s_u8_row64_b12800,tensor,g2s,u8,8,2,12800,12800,0,aligned128,contiguous,none,none,zero,none,direct,low,0,362,0,0,ok,tmau_cold_first_use_fresh_allocation,model_default,0x90000000,0x0,0xdcd7641e39f1553a,0x0,0,patch_descriptor_write,0,cold
Ventus,rtlsim,tensor_2d_length,tensor_2d_length_u8_row64,tensor_2d_length_g2s_u8_row64_b12800,tensor,g2s,u8,8,2,12800,12800,0,aligned128,contiguous,none,none,zero,none,direct,low,1,298,0,0,ok,tmau_hot_reuse,model_default,0x90000000,0x0,0xdcd7641e39f1553a,0x0,1,patch_descriptor_write,0,hot
Ventus,rtlsim,tensor_2d_length,tensor_2d_length_u8_row64,tensor_2d_length_g2s_u8_row64_b13312,tensor,g2s,u8,8,2,13312,13312,0,aligned128,contiguous,none,none,zero,none,direct,low,0,370,0,0,ok,tmau_cold_first_use_fresh_allocation,model_default,0x90000000,0x0,0x6d2a81fb5fb823ba,0x0,0,patch_descriptor_write,0,cold
Ventus,rtlsim,tensor_2d_length,tensor_2d_length_u8_row64,tensor_2d_length_g2s_u8_row64_b13312,tensor,g2s,u8,8,2,13312,13312,0,aligned128,contiguous,none,none,zero,none,direct,low,1,306,0,0,ok,tmau_hot_reuse,model_default,0x90000000,0x0,0x6d2a81fb5fb823ba,0x0,1,patch_descriptor_write,0,hot
Ventus,rtlsim,tensor_2d_length,tensor_2d_length_u8_row64,tensor_2d_length_g2s_u8_row64_b13824,tensor,g2s,u8,8,2,13824,13824,0,aligned128,contiguous,none,none,zero,none,direct,low,0,378,0,0,ok,tmau_cold_first_use_fresh_allocation,model_default,0x90000000,0x0,0x97e7efb71c07ca3a,0x0,0,patch_descriptor_write,0,cold
Ventus,rtlsim,tensor_2d_length,tensor_2d_length_u8_row64,tensor_2d_length_g2s_u8_row64_b13824,tensor,g2s,u8,8,2,13824,13824,0,aligned128,contiguous,none,none,zero,none,direct,low,1,314,0,0,ok,tmau_hot_reuse,model_default,0x90000000,0x0,0x97e7efb71c07ca3a,0x0,1,patch_descriptor_write,0,hot
Ventus,rtlsim,tensor_2d_length,tensor_2d_length_u8_row64,tensor_2d_length_g2s_u8_row64_b14336,tensor,g2s,u8,8,2,14336,14336,0,aligned128,contiguous,none,none,zero,none,direct,low,0,386,0,0,ok,tmau_cold_first_use_fresh_allocation,model_default,0x90000000,0x0,0x8629a0b23677e07a,0x0,0,patch_descriptor_write,0,cold
Ventus,rtlsim,tensor_2d_length,tensor_2d_length_u8_row64,tensor_2d_length_g2s_u8_row64_b14336,tensor,g2s,u8,8,2,14336,14336,0,aligned128,contiguous,none,none,zero,none,direct,low,1,328,0,0,ok,tmau_hot_reuse,model_default,0x90000000,0x0,0x8629a0b23677e07a,0x0,1,patch_descriptor_write,0,hot
Ventus,rtlsim,tensor_2d_length,tensor_2d_length_u8_row64,tensor_2d_length_g2s_u8_row64_b14848,tensor,g2s,u8,8,2,14848,14848,0,aligned128,contiguous,none,none,zero,none,direct,low,0,395,0,0,ok,tmau_cold_first_use_fresh_allocation,model_default,0x90000000,0x0,0xb0e70e6df2c786fa,0x0,0,patch_descriptor_write,0,cold
Ventus,rtlsim,tensor_2d_length,tensor_2d_length_u8_row64,tensor_2d_length_g2s_u8_row64_b14848,tensor,g2s,u8,8,2,14848,14848,0,aligned128,contiguous,none,none,zero,none,direct,low,1,330,0,0,ok,tmau_hot_reuse,model_default,0x90000000,0x0,0xb0e70e6df2c786fa,0x0,1,patch_descriptor_write,0,hot
Ventus,rtlsim,tensor_2d_length,tensor_2d_length_u8_row64,tensor_2d_length_g2s_u8_row64_b15360,tensor,g2s,u8,8,2,15360,15360,0,aligned128,contiguous,none,none,zero,none,direct,low,0,403,0,0,ok,tmau_cold_first_use_fresh_allocation,model_default,0x90000000,0x0,0x413a2c4b188e557a,0x0,0,patch_descriptor_write,0,cold
Ventus,rtlsim,tensor_2d_length,tensor_2d_length_u8_row64,tensor_2d_length_g2s_u8_row64_b15360,tensor,g2s,u8,8,2,15360,15360,0,aligned128,contiguous,none,none,zero,none,direct,low,1,347,0,0,ok,tmau_hot_reuse,model_default,0x90000000,0x0,0x413a2c4b188e557a,0x0,1,patch_descriptor_write,0,hot
Ventus,rtlsim,tensor_2d_length,tensor_2d_length_u8_row64,tensor_2d_length_g2s_u8_row64_b15872,tensor,g2s,u8,8,2,15872,15872,0,aligned128,contiguous,none,none,zero,none,direct,low,0,411,0,0,ok,tmau_cold_first_use_fresh_allocation,model_default,0x90000000,0x0,0x6bf79a06d4ddfbfa,0x0,0,patch_descriptor_write,0,cold
Ventus,rtlsim,tensor_2d_length,tensor_2d_length_u8_row64,tensor_2d_length_g2s_u8_row64_b15872,tensor,g2s,u8,8,2,15872,15872,0,aligned128,contiguous,none,none,zero,none,direct,low,1,346,0,0,ok,tmau_hot_reuse,model_default,0x90000000,0x0,0x6bf79a06d4ddfbfa,0x0,1,patch_descriptor_write,0,hot
Ventus,rtlsim,tensor_2d_length,tensor_2d_length_u8_row64,tensor_2d_length_g2s_u8_row64_b16320,tensor,g2s,u8,8,2,16320,16320,0,aligned128,contiguous,none,none,zero,none,direct,low,0,419,0,0,ok,tmau_cold_first_use_fresh_allocation,model_default,0x90000000,0x0,0x1afab4e5375fecca,0x0,0,patch_descriptor_write,0,cold
Ventus,rtlsim,tensor_2d_length,tensor_2d_length_u8_row64,tensor_2d_length_g2s_u8_row64_b16320,tensor,g2s,u8,8,2,16320,16320,0,aligned128,contiguous,none,none,zero,none,direct,low,1,356,0,0,ok,tmau_hot_reuse,model_default,0x90000000,0x0,0x1afab4e5375fecca,0x0,1,patch_descriptor_write,0,hot
Ventus,rtlsim,tensor_2d_length,tensor_2d_length_u8_row64,tensor_2d_length_g2s_u8_row64_b16384,tensor,g2s,u8,8,2,16384,16384,0,aligned128,contiguous,none,none,zero,none,direct,low,0,419,0,0,ok,tmau_cold_first_use_fresh_allocation,model_default,0x90000000,0x0,0x58dfdd3ca29884ea,0x0,0,patch_descriptor_write,0,cold
Ventus,rtlsim,tensor_2d_length,tensor_2d_length_u8_row64,tensor_2d_length_g2s_u8_row64_b16384,tensor,g2s,u8,8,2,16384,16384,0,aligned128,contiguous,none,none,zero,none,direct,low,1,359,0,0,ok,tmau_hot_reuse,model_default,0x90000000,0x0,0x58dfdd3ca29884ea,0x0,1,patch_descriptor_write,0,hot
Ventus,rtlsim,tensor_2d_length,tensor_2d_length_u8_row128,tensor_2d_length_g2s_u8_row128_b128,tensor,g2s,u8,8,2,128,128,0,aligned128,contiguous,none,none,zero,none,direct,low,0,136,0,0,ok,tmau_cold_first_use_fresh_allocation,model_default,0x90000000,0x0,0xe5b8977f84ff7c6a,0x0,0,patch_descriptor_write,0,cold
Ventus,rtlsim,tensor_2d_length,tensor_2d_length_u8_row128,tensor_2d_length_g2s_u8_row128_b128,tensor,g2s,u8,8,2,128,128,0,aligned128,contiguous,none,none,zero,none,direct,low,1,100,0,0,ok,tmau_hot_reuse,model_default,0x90000000,0x0,0xe5b8977f84ff7c6a,0x0,1,patch_descriptor_write,0,hot
Ventus,rtlsim,tensor_2d_length,tensor_2d_length_u8_row128,tensor_2d_length_g2s_u8_row128_b256,tensor,g2s,u8,8,2,256,256,0,aligned128,contiguous,none,none,zero,none,direct,low,0,138,0,0,ok,tmau_cold_first_use_fresh_allocation,model_default,0x90000000,0x0,0x33f0ba708aed557a,0x0,0,patch_descriptor_write,0,cold
Ventus,rtlsim,tensor_2d_length,tensor_2d_length_u8_row128,tensor_2d_length_g2s_u8_row128_b256,tensor,g2s,u8,8,2,256,256,0,aligned128,contiguous,none,none,zero,none,direct,low,1,102,0,0,ok,tmau_hot_reuse,model_default,0x90000000,0x0,0x33f0ba708aed557a,0x0,1,patch_descriptor_write,0,hot
Ventus,rtlsim,tensor_2d_length,tensor_2d_length_u8_row128,tensor_2d_length_g2s_u8_row128_b512,tensor,g2s,u8,8,2,512,512,0,aligned128,contiguous,none,none,zero,none,direct,low,0,142,0,0,ok,tmau_cold_first_use_fresh_allocation,model_default,0x90000000,0x0,0xeb080cd52cae415a,0x0,0,patch_descriptor_write,0,cold
Ventus,rtlsim,tensor_2d_length,tensor_2d_length_u8_row128,tensor_2d_length_g2s_u8_row128_b512,tensor,g2s,u8,8,2,512,512,0,aligned128,contiguous,none,none,zero,none,direct,low,1,106,0,0,ok,tmau_hot_reuse,model_default,0x90000000,0x0,0xeb080cd52cae415a,0x0,1,patch_descriptor_write,0,hot
Ventus,rtlsim,tensor_2d_length,tensor_2d_length_u8_row128,tensor_2d_length_g2s_u8_row128_b1024,tensor,g2s,u8,8,2,1024,1024,0,aligned128,contiguous,none,none,zero,none,direct,low,0,150,0,0,ok,tmau_cold_first_use_fresh_allocation,model_default,0x90000000,0x0,0xdebba422831d699a,0x0,0,patch_descriptor_write,0,cold
Ventus,rtlsim,tensor_2d_length,tensor_2d_length_u8_row128,tensor_2d_length_g2s_u8_row128_b1024,tensor,g2s,u8,8,2,1024,1024,0,aligned128,contiguous,none,none,zero,none,direct,low,1,114,0,0,ok,tmau_hot_reuse,model_default,0x90000000,0x0,0xdebba422831d699a,0x0,1,patch_descriptor_write,0,hot
Ventus,rtlsim,tensor_2d_length,tensor_2d_length_u8_row128,tensor_2d_length_g2s_u8_row128_b2048,tensor,g2s,u8,8,2,2048,2048,0,aligned128,contiguous,none,none,zero,none,direct,low,0,173,0,0,ok,tmau_cold_first_use_fresh_allocation,model_default,0x90000000,0x0,0xf7547587d63f191a,0x0,0,patch_descriptor_write,0,cold
Ventus,rtlsim,tensor_2d_length,tensor_2d_length_u8_row128,tensor_2d_length_g2s_u8_row128_b2048,tensor,g2s,u8,8,2,2048,2048,0,aligned128,contiguous,none,none,zero,none,direct,low,1,130,0,0,ok,tmau_hot_reuse,model_default,0x90000000,0x0,0xf7547587d63f191a,0x0,1,patch_descriptor_write,0,hot
Ventus,rtlsim,tensor_2d_length,tensor_2d_length_u8_row128,tensor_2d_length_g2s_u8_row128_b4096,tensor,g2s,u8,8,2,4096,4096,0,aligned128,contiguous,none,none,zero,none,direct,low,0,210,0,0,ok,tmau_cold_first_use_fresh_allocation,model_default,0x90000000,0x0,0x241165db24a501da,0x0,0,patch_descriptor_write,0,cold
Ventus,rtlsim,tensor_2d_length,tensor_2d_length_u8_row128,tensor_2d_length_g2s_u8_row128_b4096,tensor,g2s,u8,8,2,4096,4096,0,aligned128,contiguous,none,none,zero,none,direct,low,1,162,0,0,ok,tmau_hot_reuse,model_default,0x90000000,0x0,0x241165db24a501da,0x0,1,patch_descriptor_write,0,hot
Ventus,rtlsim,tensor_2d_length,tensor_2d_length_u8_row128,tensor_2d_length_g2s_u8_row128_b8192,tensor,g2s,u8,8,2,8192,8192,0,aligned128,contiguous,none,none,zero,none,direct,low,0,287,0,0,ok,tmau_cold_first_use_fresh_allocation,model_default,0x90000000,0x0,0x32bed0512ca8de7a,0x0,0,patch_descriptor_write,0,cold
Ventus,rtlsim,tensor_2d_length,tensor_2d_length_u8_row128,tensor_2d_length_g2s_u8_row128_b8192,tensor,g2s,u8,8,2,8192,8192,0,aligned128,contiguous,none,none,zero,none,direct,low,1,226,0,0,ok,tmau_hot_reuse,model_default,0x90000000,0x0,0x32bed0512ca8de7a,0x0,1,patch_descriptor_write,0,hot
Ventus,rtlsim,tensor_2d_length,tensor_2d_length_u8_row128,tensor_2d_length_g2s_u8_row128_b16256,tensor,g2s,u8,8,2,16256,16256,0,aligned128,contiguous,none,none,zero,none,direct,low,0,417,0,0,ok,tmau_cold_first_use_fresh_allocation,model_default,0x90000000,0x0,0x42f49fbc313f4cca,0x0,0,patch_descriptor_write,0,cold
Ventus,rtlsim,tensor_2d_length,tensor_2d_length_u8_row128,tensor_2d_length_g2s_u8_row128_b16256,tensor,g2s,u8,8,2,16256,16256,0,aligned128,contiguous,none,none,zero,none,direct,low,1,352,0,0,ok,tmau_hot_reuse,model_default,0x90000000,0x0,0x42f49fbc313f4cca,0x0,1,patch_descriptor_write,0,hot
Ventus,rtlsim,tensor_2d_length,tensor_2d_length_u8_row128,tensor_2d_length_g2s_u8_row128_b16384,tensor,g2s,u8,8,2,16384,16384,0,aligned128,contiguous,none,none,zero,none,direct,low,0,419,0,0,ok,tmau_cold_first_use_fresh_allocation,model_default,0x90000000,0x0,0xc7a1a94b5236c9ba,0x0,0,patch_descriptor_write,0,cold
Ventus,rtlsim,tensor_2d_length,tensor_2d_length_u8_row128,tensor_2d_length_g2s_u8_row128_b16384,tensor,g2s,u8,8,2,16384,16384,0,aligned128,contiguous,none,none,zero,none,direct,low,1,356,0,0,ok,tmau_hot_reuse,model_default,0x90000000,0x0,0xc7a1a94b5236c9ba,0x0,1,patch_descriptor_write,0,hot
Ventus,rtlsim,tensor_2d_length,tensor_2d_length_u8_row128,tensor_2d_length_g2s_u8_row128_b16512,tensor,g2s,u8,8,2,16512,16512,0,aligned128,contiguous,none,none,zero,none,direct,low,0,422,0,0,ok,tmau_cold_first_use_fresh_allocation,model_default,0x90000000,0x0,0x4ce3a2aabe05210a,0x0,0,patch_descriptor_write,0,cold
Ventus,rtlsim,tensor_2d_length,tensor_2d_length_u8_row128,tensor_2d_length_g2s_u8_row128_b16512,tensor,g2s,u8,8,2,16512,16512,0,aligned128,contiguous,none,none,zero,none,direct,low,1,358,0,0,ok,tmau_hot_reuse,model_default,0x90000000,0x0,0x4ce3a2aabe05210a,0x0,1,patch_descriptor_write,0,hot
Ventus,rtlsim,tensor_2d_length,tensor_2d_length_u8_row128,tensor_2d_length_g2s_u8_row128_b17408,tensor,g2s,u8,8,2,17408,17408,0,aligned128,contiguous,none,none,zero,none,direct,low,0,436,0,0,ok,tmau_cold_first_use_fresh_allocation,model_default,0x90000000,0x0,0xf25f17070e86703a,0x0,0,patch_descriptor_write,0,cold
Ventus,rtlsim,tensor_2d_length,tensor_2d_length_u8_row128,tensor_2d_length_g2s_u8_row128_b17408,tensor,g2s,u8,8,2,17408,17408,0,aligned128,contiguous,none,none,zero,none,direct,low,1,370,0,0,ok,tmau_hot_reuse,model_default,0x90000000,0x0,0xf25f17070e86703a,0x0,1,patch_descriptor_write,0,hot
Ventus,rtlsim,tensor_2d_length,tensor_2d_length_u8_row128,tensor_2d_length_g2s_u8_row128_b18432,tensor,g2s,u8,8,2,18432,18432,0,aligned128,contiguous,none,none,zero,none,direct,low,0,452,0,0,ok,tmau_cold_first_use_fresh_allocation,model_default,0x90000000,0x0,0x82b234e4344d3eba,0x0,0,patch_descriptor_write,0,cold
Ventus,rtlsim,tensor_2d_length,tensor_2d_length_u8_row128,tensor_2d_length_g2s_u8_row128_b18432,tensor,g2s,u8,8,2,18432,18432,0,aligned128,contiguous,none,none,zero,none,direct,low,1,393,0,0,ok,tmau_hot_reuse,model_default,0x90000000,0x0,0x82b234e4344d3eba,0x0,1,patch_descriptor_write,0,hot
Ventus,rtlsim,tensor_2d_length,tensor_2d_length_u8_row128,tensor_2d_length_g2s_u8_row128_b20480,tensor,g2s,u8,8,2,20480,20480,0,aligned128,contiguous,none,none,zero,none,direct,low,0,485,0,0,ok,tmau_cold_first_use_fresh_allocation,model_default,0x90000000,0x0,0x6819e0e74f154cfa,0x0,0,patch_descriptor_write,0,cold
Ventus,rtlsim,tensor_2d_length,tensor_2d_length_u8_row128,tensor_2d_length_g2s_u8_row128_b20480,tensor,g2s,u8,8,2,20480,20480,0,aligned128,contiguous,none,none,zero,none,direct,low,1,432,0,0,ok,tmau_hot_reuse,model_default,0x90000000,0x0,0x6819e0e74f154cfa,0x0,1,patch_descriptor_write,0,hot
Ventus,rtlsim,tensor_2d_length,tensor_2d_length_u8_row128,tensor_2d_length_g2s_u8_row128_b22528,tensor,g2s,u8,8,2,22528,22528,0,aligned128,contiguous,none,none,zero,none,direct,low,0,518,0,0,ok,tmau_cold_first_use_fresh_allocation,model_default,0x90000000,0x0,0x232a6c80312bc1fa,0x0,0,patch_descriptor_write,0,cold
Ventus,rtlsim,tensor_2d_length,tensor_2d_length_u8_row128,tensor_2d_length_g2s_u8_row128_b22528,tensor,g2s,u8,8,2,22528,22528,0,aligned128,contiguous,none,none,zero,none,direct,low,1,455,0,0,ok,tmau_hot_reuse,model_default,0x90000000,0x0,0x232a6c80312bc1fa,0x0,1,patch_descriptor_write,0,hot
Ventus,rtlsim,tensor_2d_length,tensor_2d_length_u8_row128,tensor_2d_length_g2s_u8_row128_b24576,tensor,g2s,u8,8,2,24576,24576,0,aligned128,contiguous,none,none,zero,none,direct,low,0,551,0,0,ok,tmau_cold_first_use_fresh_allocation,model_default,0x90000000,0x0,0xdb5f7ae7c9dcf5ba,0x0,0,patch_descriptor_write,0,cold
Ventus,rtlsim,tensor_2d_length,tensor_2d_length_u8_row128,tensor_2d_length_g2s_u8_row128_b24576,tensor,g2s,u8,8,2,24576,24576,0,aligned128,contiguous,none,none,zero,none,direct,low,1,494,0,0,ok,tmau_hot_reuse,model_default,0x90000000,0x0,0xdb5f7ae7c9dcf5ba,0x0,1,patch_descriptor_write,0,hot
Ventus,rtlsim,tensor_2d_length,tensor_2d_length_u8_row128,tensor_2d_length_g2s_u8_row128_b28672,tensor,g2s,u8,8,2,28672,28672,0,aligned128,contiguous,none,none,zero,none,direct,low,0,617,0,0,ok,tmau_cold_first_use_fresh_allocation,model_default,0x90000000,0x0,0xaf6f253782b3277a,0x0,0,patch_descriptor_write,0,cold
Ventus,rtlsim,tensor_2d_length,tensor_2d_length_u8_row128,tensor_2d_length_g2s_u8_row128_b28672,tensor,g2s,u8,8,2,28672,28672,0,aligned128,contiguous,none,none,zero,none,direct,low,1,560,0,0,ok,tmau_hot_reuse,model_default,0x90000000,0x0,0xaf6f253782b3277a,0x0,1,patch_descriptor_write,0,hot
Ventus,rtlsim,tensor_2d_length,tensor_2d_length_u8_row128,tensor_2d_length_g2s_u8_row128_b32768,tensor,g2s,u8,8,2,32768,32768,0,aligned128,contiguous,none,none,zero,none,direct,low,0,683,0,0,ok,tmau_cold_first_use_fresh_allocation,model_default,0x90000000,0x0,0x63578e8bf5ec38aa,0x0,0,patch_descriptor_write,0,cold
Ventus,rtlsim,tensor_2d_length,tensor_2d_length_u8_row128,tensor_2d_length_g2s_u8_row128_b32768,tensor,g2s,u8,8,2,32768,32768,0,aligned128,contiguous,none,none,zero,none,direct,low,1,629,0,0,ok,tmau_hot_reuse,model_default,0x90000000,0x0,0x63578e8bf5ec38aa,0x0,1,patch_descriptor_write,0,hot
Ventus,rtlsim,tensor_2d_length,tensor_2d_length_u16_row32,tensor_2d_length_g2s_u16_row32_b128,tensor,g2s,u16,16,2,128,128,0,aligned128,contiguous,none,none,zero,none,direct,low,0,136,0,0,ok,tmau_cold_first_use_fresh_allocation,model_default,0x90000000,0x0,0xeddcc23bb70daf4b,0x0,0,patch_descriptor_write,0,cold
Ventus,rtlsim,tensor_2d_length,tensor_2d_length_u16_row32,tensor_2d_length_g2s_u16_row32_b128,tensor,g2s,u16,16,2,128,128,0,aligned128,contiguous,none,none,zero,none,direct,low,1,100,0,0,ok,tmau_hot_reuse,model_default,0x90000000,0x0,0xeddcc23bb70daf4b,0x0,1,patch_descriptor_write,0,hot
Ventus,rtlsim,tensor_2d_length,tensor_2d_length_u16_row32,tensor_2d_length_g2s_u16_row32_b256,tensor,g2s,u16,16,2,256,256,0,aligned128,contiguous,none,none,zero,none,direct,low,0,138,0,0,ok,tmau_cold_first_use_fresh_allocation,model_default,0x90000000,0x0,0xe19059890d7cd78b,0x0,0,patch_descriptor_write,0,cold
Ventus,rtlsim,tensor_2d_length,tensor_2d_length_u16_row32,tensor_2d_length_g2s_u16_row32_b256,tensor,g2s,u16,16,2,256,256,0,aligned128,contiguous,none,none,zero,none,direct,low,1,102,0,0,ok,tmau_hot_reuse,model_default,0x90000000,0x0,0xe19059890d7cd78b,0x0,1,patch_descriptor_write,0,hot
Ventus,rtlsim,tensor_2d_length,tensor_2d_length_u16_row32,tensor_2d_length_g2s_u16_row32_b1024,tensor,g2s,u16,16,2,1024,1024,0,aligned128,contiguous,none,none,zero,none,direct,low,0,150,0,0,ok,tmau_cold_first_use_fresh_allocation,model_default,0x90000000,0x0,0xd4a4b8dc4e46a44b,0x0,0,patch_descriptor_write,0,cold
Ventus,rtlsim,tensor_2d_length,tensor_2d_length_u16_row32,tensor_2d_length_g2s_u16_row32_b1024,tensor,g2s,u16,16,2,1024,1024,0,aligned128,contiguous,none,none,zero,none,direct,low,1,114,0,0,ok,tmau_hot_reuse,model_default,0x90000000,0x0,0xd4a4b8dc4e46a44b,0x0,1,patch_descriptor_write,0,hot
Ventus,rtlsim,tensor_2d_length,tensor_2d_length_u16_row32,tensor_2d_length_g2s_u16_row32_b4096,tensor,g2s,u16,16,2,4096,4096,0,aligned128,contiguous,none,none,zero,none,direct,low,0,210,0,0,ok,tmau_cold_first_use_fresh_allocation,model_default,0x90000000,0x0,0x6694428e6dd46a0b,0x0,0,patch_descriptor_write,0,cold
Ventus,rtlsim,tensor_2d_length,tensor_2d_length_u16_row32,tensor_2d_length_g2s_u16_row32_b4096,tensor,g2s,u16,16,2,4096,4096,0,aligned128,contiguous,none,none,zero,none,direct,low,1,162,0,0,ok,tmau_hot_reuse,model_default,0x90000000,0x0,0x6694428e6dd46a0b,0x0,1,patch_descriptor_write,0,hot
Ventus,rtlsim,tensor_2d_length,tensor_2d_length_u16_row32,tensor_2d_length_g2s_u16_row32_b8192,tensor,g2s,u16,16,2,8192,8192,0,aligned128,contiguous,none,none,zero,none,direct,low,0,287,0,0,ok,tmau_cold_first_use_fresh_allocation,model_default,0x90000000,0x0,0x40dd3330a9ef731b,0x0,0,patch_descriptor_write,0,cold
Ventus,rtlsim,tensor_2d_length,tensor_2d_length_u16_row32,tensor_2d_length_g2s_u16_row32_b8192,tensor,g2s,u16,16,2,8192,8192,0,aligned128,contiguous,none,none,zero,none,direct,low,1,226,0,0,ok,tmau_hot_reuse,model_default,0x90000000,0x0,0x40dd3330a9ef731b,0x0,1,patch_descriptor_write,0,hot
Ventus,rtlsim,tensor_2d_length,tensor_2d_length_u16_row128,tensor_2d_length_g2s_u16_row128_b16384,tensor,g2s,u16,16,2,16384,16384,0,aligned128,contiguous,none,none,zero,none,direct,low,0,419,0,0,ok,tmau_cold_first_use_fresh_allocation,model_default,0x90000000,0x0,0x26c61ee60f85126b,0x0,0,patch_descriptor_write,0,cold
Ventus,rtlsim,tensor_2d_length,tensor_2d_length_u16_row128,tensor_2d_length_g2s_u16_row128_b16384,tensor,g2s,u16,16,2,16384,16384,0,aligned128,contiguous,none,none,zero,none,direct,low,1,354,0,0,ok,tmau_hot_reuse,model_default,0x90000000,0x0,0x26c61ee60f85126b,0x0,1,patch_descriptor_write,0,hot
Ventus,rtlsim,tensor_2d_length,tensor_2d_length_u16_row128,tensor_2d_length_g2s_u16_row128_b32768,tensor,g2s,u16,16,2,32768,32768,0,aligned128,contiguous,none,none,zero,none,direct,low,0,683,0,0,ok,tmau_cold_first_use_fresh_allocation,model_default,0x90000000,0x0,0xbfbdb38b48dcd0fb,0x0,0,patch_descriptor_write,0,cold
Ventus,rtlsim,tensor_2d_length,tensor_2d_length_u16_row128,tensor_2d_length_g2s_u16_row128_b32768,tensor,g2s,u16,16,2,32768,32768,0,aligned128,contiguous,none,none,zero,none,direct,low,1,633,0,0,ok,tmau_hot_reuse,model_default,0x90000000,0x0,0xbfbdb38b48dcd0fb,0x0,1,patch_descriptor_write,0,hot
Ventus,rtlsim,tensor_2d_length,tensor_2d_length_u8_row32,tensor_2d_length_s2g_u8_row32_b32,tensor,s2g,u8,8,2,32,32,0,aligned128,contiguous,none,none,zero,none,direct,low,0,109,0,0,ok,tmau_cold_first_use_fresh_allocation,model_default,0x0,0x90003000,0x0,0x9871beb0b349a65a,0,patch_descriptor_write,0,cold
Ventus,rtlsim,tensor_2d_length,tensor_2d_length_u8_row32,tensor_2d_length_s2g_u8_row32_b32,tensor,s2g,u8,8,2,32,32,0,aligned128,contiguous,none,none,zero,none,direct,low,1,82,0,0,ok,tmau_hot_reuse,model_default,0x0,0x90003000,0x0,0x9871beb0b349a65a,1,patch_descriptor_write,0,hot
Ventus,rtlsim,tensor_2d_length,tensor_2d_length_u8_row32,tensor_2d_length_s2g_u8_row32_b64,tensor,s2g,u8,8,2,64,64,0,aligned128,contiguous,none,none,zero,none,direct,low,0,109,0,0,ok,tmau_cold_first_use_fresh_allocation,model_default,0x0,0x90003000,0x0,0x155ea48408e5706a,0,patch_descriptor_write,0,cold
Ventus,rtlsim,tensor_2d_length,tensor_2d_length_u8_row32,tensor_2d_length_s2g_u8_row32_b64,tensor,s2g,u8,8,2,64,64,0,aligned128,contiguous,none,none,zero,none,direct,low,1,82,0,0,ok,tmau_hot_reuse,model_default,0x0,0x90003000,0x0,0x155ea48408e5706a,1,patch_descriptor_write,0,hot
Ventus,rtlsim,tensor_2d_length,tensor_2d_length_u8_row32,tensor_2d_length_s2g_u8_row32_b96,tensor,s2g,u8,8,2,96,96,0,aligned128,contiguous,none,none,zero,none,direct,low,0,109,0,0,ok,tmau_cold_first_use_fresh_allocation,model_default,0x0,0x90003000,0x0,0x410fad3d9706d7ba,0,patch_descriptor_write,0,cold
Ventus,rtlsim,tensor_2d_length,tensor_2d_length_u8_row32,tensor_2d_length_s2g_u8_row32_b96,tensor,s2g,u8,8,2,96,96,0,aligned128,contiguous,none,none,zero,none,direct,low,1,82,0,0,ok,tmau_hot_reuse,model_default,0x0,0x90003000,0x0,0x410fad3d9706d7ba,1,patch_descriptor_write,0,hot
Ventus,rtlsim,tensor_2d_length,tensor_2d_length_u8_row32,tensor_2d_length_s2g_u8_row32_b128,tensor,s2g,u8,8,2,128,128,0,aligned128,contiguous,none,none,zero,none,direct,low,0,109,0,0,ok,tmau_cold_first_use_fresh_allocation,model_default,0x0,0x90003000,0x0,0x1b84d8dd5daddc4a,0,patch_descriptor_write,0,cold
Ventus,rtlsim,tensor_2d_length,tensor_2d_length_u8_row32,tensor_2d_length_s2g_u8_row32_b128,tensor,s2g,u8,8,2,128,128,0,aligned128,contiguous,none,none,zero,none,direct,low,1,82,0,0,ok,tmau_hot_reuse,model_default,0x0,0x90003000,0x0,0x1b84d8dd5daddc4a,1,patch_descriptor_write,0,hot
Ventus,rtlsim,tensor_2d_length,tensor_2d_length_u8_row32,tensor_2d_length_s2g_u8_row32_b160,tensor,s2g,u8,8,2,160,160,0,aligned128,contiguous,none,none,zero,none,direct,low,0,111,0,0,ok,tmau_cold_first_use_fresh_allocation,model_default,0x0,0x90003000,0x0,0x4735e196ebcf439a,0,patch_descriptor_write,0,cold
Ventus,rtlsim,tensor_2d_length,tensor_2d_length_u8_row32,tensor_2d_length_s2g_u8_row32_b160,tensor,s2g,u8,8,2,160,160,0,aligned128,contiguous,none,none,zero,none,direct,low,1,84,0,0,ok,tmau_hot_reuse,model_default,0x0,0x90003000,0x0,0x4735e196ebcf439a,1,patch_descriptor_write,0,hot
Ventus,rtlsim,tensor_2d_length,tensor_2d_length_u8_row32,tensor_2d_length_s2g_u8_row32_b192,tensor,s2g,u8,8,2,192,192,0,aligned128,contiguous,none,none,zero,none,direct,low,0,111,0,0,ok,tmau_cold_first_use_fresh_allocation,model_default,0x0,0x90003000,0x0,0xc422c76a416b0daa,0,patch_descriptor_write,0,cold
Ventus,rtlsim,tensor_2d_length,tensor_2d_length_u8_row32,tensor_2d_length_s2g_u8_row32_b192,tensor,s2g,u8,8,2,192,192,0,aligned128,contiguous,none,none,zero,none,direct,low,1,84,0,0,ok,tmau_hot_reuse,model_default,0x0,0x90003000,0x0,0xc422c76a416b0daa,1,patch_descriptor_write,0,hot
Ventus,rtlsim,tensor_2d_length,tensor_2d_length_u8_row32,tensor_2d_length_s2g_u8_row32_b224,tensor,s2g,u8,8,2,224,224,0,aligned128,contiguous,none,none,zero,none,direct,low,0,111,0,0,ok,tmau_cold_first_use_fresh_allocation,model_default,0x0,0x90003000,0x0,0xefd3d023cf8c74fa,0,patch_descriptor_write,0,cold
Ventus,rtlsim,tensor_2d_length,tensor_2d_length_u8_row32,tensor_2d_length_s2g_u8_row32_b224,tensor,s2g,u8,8,2,224,224,0,aligned128,contiguous,none,none,zero,none,direct,low,1,84,0,0,ok,tmau_hot_reuse,model_default,0x0,0x90003000,0x0,0xefd3d023cf8c74fa,1,patch_descriptor_write,0,hot
Ventus,rtlsim,tensor_2d_length,tensor_2d_length_u8_row32,tensor_2d_length_s2g_u8_row32_b256,tensor,s2g,u8,8,2,256,256,0,aligned128,contiguous,none,none,zero,none,direct,low,0,111,0,0,ok,tmau_cold_first_use_fresh_allocation,model_default,0x0,0x90003000,0x0,0xf38702ab41d048a,0,patch_descriptor_write,0,cold
Ventus,rtlsim,tensor_2d_length,tensor_2d_length_u8_row32,tensor_2d_length_s2g_u8_row32_b256,tensor,s2g,u8,8,2,256,256,0,aligned128,contiguous,none,none,zero,none,direct,low,1,84,0,0,ok,tmau_hot_reuse,model_default,0x0,0x90003000,0x0,0xf38702ab41d048a,1,patch_descriptor_write,0,hot
Ventus,rtlsim,tensor_2d_length,tensor_2d_length_u8_row32,tensor_2d_length_s2g_u8_row32_b288,tensor,s2g,u8,8,2,288,288,0,aligned128,contiguous,none,none,zero,none,direct,low,0,113,0,0,ok,tmau_cold_first_use_fresh_allocation,model_default,0x0,0x90003000,0x0,0x3ae978e4423e6bda,0,patch_descriptor_write,0,cold
Ventus,rtlsim,tensor_2d_length,tensor_2d_length_u8_row32,tensor_2d_length_s2g_u8_row32_b288,tensor,s2g,u8,8,2,288,288,0,aligned128,contiguous,none,none,zero,none,direct,low,1,86,0,0,ok,tmau_hot_reuse,model_default,0x0,0x90003000,0x0,0x3ae978e4423e6bda,1,patch_descriptor_write,0,hot
Ventus,rtlsim,tensor_2d_length,tensor_2d_length_u8_row32,tensor_2d_length_s2g_u8_row32_b320,tensor,s2g,u8,8,2,320,320,0,aligned128,contiguous,none,none,zero,none,direct,low,0,113,0,0,ok,tmau_cold_first_use_fresh_allocation,model_default,0x0,0x90003000,0x0,0xb7d65eb797da35ea,0,patch_descriptor_write,0,cold
Ventus,rtlsim,tensor_2d_length,tensor_2d_length_u8_row32,tensor_2d_length_s2g_u8_row32_b320,tensor,s2g,u8,8,2,320,320,0,aligned128,contiguous,none,none,zero,none,direct,low,1,86,0,0,ok,tmau_hot_reuse,model_default,0x0,0x90003000,0x0,0xb7d65eb797da35ea,1,patch_descriptor_write,0,hot
Ventus,rtlsim,tensor_2d_length,tensor_2d_length_u8_row32,tensor_2d_length_s2g_u8_row32_b352,tensor,s2g,u8,8,2,352,352,0,aligned128,contiguous,none,none,zero,none,direct,low,0,113,0,0,ok,tmau_cold_first_use_fresh_allocation,model_default,0x0,0x90003000,0x0,0xe387677125fb9d3a,0,patch_descriptor_write,0,cold
Ventus,rtlsim,tensor_2d_length,tensor_2d_length_u8_row32,tensor_2d_length_s2g_u8_row32_b352,tensor,s2g,u8,8,2,352,352,0,aligned128,contiguous,none,none,zero,none,direct,low,1,86,0,0,ok,tmau_hot_reuse,model_default,0x0,0x90003000,0x0,0xe387677125fb9d3a,1,patch_descriptor_write,0,hot
Ventus,rtlsim,tensor_2d_length,tensor_2d_length_u8_row32,tensor_2d_length_s2g_u8_row32_b384,tensor,s2g,u8,8,2,384,384,0,aligned128,contiguous,none,none,zero,none,direct,low,0,113,0,0,ok,tmau_cold_first_use_fresh_allocation,model_default,0x0,0x90003000,0x0,0xbdfc9310eca2a1ca,0,patch_descriptor_write,0,cold
Ventus,rtlsim,tensor_2d_length,tensor_2d_length_u8_row32,tensor_2d_length_s2g_u8_row32_b384,tensor,s2g,u8,8,2,384,384,0,aligned128,contiguous,none,none,zero,none,direct,low,1,86,0,0,ok,tmau_hot_reuse,model_default,0x0,0x90003000,0x0,0xbdfc9310eca2a1ca,1,patch_descriptor_write,0,hot
Ventus,rtlsim,tensor_2d_length,tensor_2d_length_u8_row32,tensor_2d_length_s2g_u8_row32_b416,tensor,s2g,u8,8,2,416,416,0,aligned128,contiguous,none,none,zero,none,direct,low,0,115,0,0,ok,tmau_cold_first_use_fresh_allocation,model_default,0x0,0x90003000,0x0,0xe9ad9bca7ac4091a,0,patch_descriptor_write,0,cold
Ventus,rtlsim,tensor_2d_length,tensor_2d_length_u8_row32,tensor_2d_length_s2g_u8_row32_b416,tensor,s2g,u8,8,2,416,416,0,aligned128,contiguous,none,none,zero,none,direct,low,1,88,0,0,ok,tmau_hot_reuse,model_default,0x0,0x90003000,0x0,0xe9ad9bca7ac4091a,1,patch_descriptor_write,0,hot
Ventus,rtlsim,tensor_2d_length,tensor_2d_length_u8_row32,tensor_2d_length_s2g_u8_row32_b448,tensor,s2g,u8,8,2,448,448,0,aligned128,contiguous,none,none,zero,none,direct,low,0,115,0,0,ok,tmau_cold_first_use_fresh_allocation,model_default,0x0,0x90003000,0x0,0x669a819dd05fd32a,0,patch_descriptor_write,0,cold
Ventus,rtlsim,tensor_2d_length,tensor_2d_length_u8_row32,tensor_2d_length_s2g_u8_row32_b448,tensor,s2g,u8,8,2,448,448,0,aligned128,contiguous,none,none,zero,none,direct,low,1,88,0,0,ok,tmau_hot_reuse,model_default,0x0,0x90003000,0x0,0x669a819dd05fd32a,1,patch_descriptor_write,0,hot
Ventus,rtlsim,tensor_2d_length,tensor_2d_length_u8_row32,tensor_2d_length_s2g_u8_row32_b480,tensor,s2g,u8,8,2,480,480,0,aligned128,contiguous,none,none,zero,none,direct,low,0,115,0,0,ok,tmau_cold_first_use_fresh_allocation,model_default,0x0,0x90003000,0x0,0x924b8a575e813a7a,0,patch_descriptor_write,0,cold
Ventus,rtlsim,tensor_2d_length,tensor_2d_length_u8_row32,tensor_2d_length_s2g_u8_row32_b480,tensor,s2g,u8,8,2,480,480,0,aligned128,contiguous,none,none,zero,none,direct,low,1,88,0,0,ok,tmau_hot_reuse,model_default,0x0,0x90003000,0x0,0x924b8a575e813a7a,1,patch_descriptor_write,0,hot
Ventus,rtlsim,tensor_2d_length,tensor_2d_length_u8_row32,tensor_2d_length_s2g_u8_row32_b512,tensor,s2g,u8,8,2,512,512,0,aligned128,contiguous,none,none,zero,none,direct,low,0,115,0,0,ok,tmau_cold_first_use_fresh_allocation,model_default,0x0,0x90003000,0x0,0xb1b02a5e4311ca0a,0,patch_descriptor_write,0,cold
Ventus,rtlsim,tensor_2d_length,tensor_2d_length_u8_row32,tensor_2d_length_s2g_u8_row32_b512,tensor,s2g,u8,8,2,512,512,0,aligned128,contiguous,none,none,zero,none,direct,low,1,88,0,0,ok,tmau_hot_reuse,model_default,0x0,0x90003000,0x0,0xb1b02a5e4311ca0a,1,patch_descriptor_write,0,hot
Ventus,rtlsim,tensor_2d_length,tensor_2d_length_u8_row32,tensor_2d_length_s2g_u8_row32_b640,tensor,s2g,u8,8,2,640,640,0,aligned128,contiguous,none,none,zero,none,direct,low,0,117,0,0,ok,tmau_cold_first_use_fresh_allocation,model_default,0x0,0x90003000,0x0,0x60744d447b97674a,0,patch_descriptor_write,0,cold
Ventus,rtlsim,tensor_2d_length,tensor_2d_length_u8_row32,tensor_2d_length_s2g_u8_row32_b640,tensor,s2g,u8,8,2,640,640,0,aligned128,contiguous,none,none,zero,none,direct,low,1,99,0,0,ok,tmau_hot_reuse,model_default,0x0,0x90003000,0x0,0x60744d447b97674a,1,patch_descriptor_write,0,hot
Ventus,rtlsim,tensor_2d_length,tensor_2d_length_u8_row32,tensor_2d_length_s2g_u8_row32_b768,tensor,s2g,u8,8,2,768,768,0,aligned128,contiguous,none,none,zero,none,direct,low,0,119,0,0,ok,tmau_cold_first_use_fresh_allocation,model_default,0x0,0x90003000,0x0,0x5427e491d2068f8a,0,patch_descriptor_write,0,cold
Ventus,rtlsim,tensor_2d_length,tensor_2d_length_u8_row32,tensor_2d_length_s2g_u8_row32_b768,tensor,s2g,u8,8,2,768,768,0,aligned128,contiguous,none,none,zero,none,direct,low,1,101,0,0,ok,tmau_hot_reuse,model_default,0x0,0x90003000,0x0,0x5427e491d2068f8a,1,patch_descriptor_write,0,hot
Ventus,rtlsim,tensor_2d_length,tensor_2d_length_u8_row32,tensor_2d_length_s2g_u8_row32_b896,tensor,s2g,u8,8,2,896,896,0,aligned128,contiguous,none,none,zero,none,direct,low,0,121,0,0,ok,tmau_cold_first_use_fresh_allocation,model_default,0x0,0x90003000,0x0,0x2ec07780a8c2cca,0,patch_descriptor_write,0,cold
Ventus,rtlsim,tensor_2d_length,tensor_2d_length_u8_row32,tensor_2d_length_s2g_u8_row32_b896,tensor,s2g,u8,8,2,896,896,0,aligned128,contiguous,none,none,zero,none,direct,low,1,112,0,0,ok,tmau_hot_reuse,model_default,0x0,0x90003000,0x0,0x2ec07780a8c2cca,1,patch_descriptor_write,0,hot
Ventus,rtlsim,tensor_2d_length,tensor_2d_length_u8_row32,tensor_2d_length_s2g_u8_row32_b992,tensor,s2g,u8,8,2,992,992,0,aligned128,contiguous,none,none,zero,none,direct,low,0,124,0,0,ok,tmau_cold_first_use_fresh_allocation,model_default,0x0,0x90003000,0x0,0x8632484d76bf695a,0,patch_descriptor_write,0,cold
Ventus,rtlsim,tensor_2d_length,tensor_2d_length_u8_row32,tensor_2d_length_s2g_u8_row32_b992,tensor,s2g,u8,8,2,992,992,0,aligned128,contiguous,none,none,zero,none,direct,low,1,125,0,0,ok,tmau_hot_reuse,model_default,0x0,0x90003000,0x0,0x8632484d76bf695a,1,patch_descriptor_write,0,hot
Ventus,rtlsim,tensor_2d_length,tensor_2d_length_u8_row32,tensor_2d_length_s2g_u8_row32_b1024,tensor,s2g,u8,8,2,1024,1024,0,aligned128,contiguous,none,none,zero,none,direct,low,0,124,0,0,ok,tmau_cold_first_use_fresh_allocation,model_default,0x0,0x90003000,0x0,0xd8b6f288216dc14a,0,patch_descriptor_write,0,cold
Ventus,rtlsim,tensor_2d_length,tensor_2d_length_u8_row32,tensor_2d_length_s2g_u8_row32_b1024,tensor,s2g,u8,8,2,1024,1024,0,aligned128,contiguous,none,none,zero,none,direct,low,1,125,0,0,ok,tmau_hot_reuse,model_default,0x0,0x90003000,0x0,0xd8b6f288216dc14a,1,patch_descriptor_write,0,hot
Ventus,rtlsim,tensor_2d_length,tensor_2d_length_u8_row32,tensor_2d_length_s2g_u8_row32_b1056,tensor,s2g,u8,8,2,1056,1056,0,aligned128,contiguous,none,none,zero,none,direct,low,0,127,0,0,ok,tmau_cold_first_use_fresh_allocation,model_default,0x0,0x90003000,0x0,0x62568e5fa438705a,0,patch_descriptor_write,0,cold
Ventus,rtlsim,tensor_2d_length,tensor_2d_length_u8_row32,tensor_2d_length_s2g_u8_row32_b1056,tensor,s2g,u8,8,2,1056,1056,0,aligned128,contiguous,none,none,zero,none,direct,low,1,127,0,0,ok,tmau_hot_reuse,model_default,0x0,0x90003000,0x0,0x62568e5fa438705a,1,patch_descriptor_write,0,hot
Ventus,rtlsim,tensor_2d_length,tensor_2d_length_u8_row32,tensor_2d_length_s2g_u8_row32_b1152,tensor,s2g,u8,8,2,1152,1152,0,aligned128,contiguous,none,none,zero,none,direct,low,0,127,0,0,ok,tmau_cold_first_use_fresh_allocation,model_default,0x0,0x90003000,0x0,0x877b156e59f35e8a,0,patch_descriptor_write,0,cold
Ventus,rtlsim,tensor_2d_length,tensor_2d_length_u8_row32,tensor_2d_length_s2g_u8_row32_b1152,tensor,s2g,u8,8,2,1152,1152,0,aligned128,contiguous,none,none,zero,none,direct,low,1,127,0,0,ok,tmau_hot_reuse,model_default,0x0,0x90003000,0x0,0x877b156e59f35e8a,1,patch_descriptor_write,0,hot
Ventus,rtlsim,tensor_2d_length,tensor_2d_length_u8_row32,tensor_2d_length_s2g_u8_row32_b1280,tensor,s2g,u8,8,2,1280,1280,0,aligned128,contiguous,none,none,zero,none,direct,low,0,138,0,0,ok,tmau_cold_first_use_fresh_allocation,model_default,0x0,0x90003000,0x0,0x7b2eacbbb06286ca,0,patch_descriptor_write,0,cold
Ventus,rtlsim,tensor_2d_length,tensor_2d_length_u8_row32,tensor_2d_length_s2g_u8_row32_b1280,tensor,s2g,u8,8,2,1280,1280,0,aligned128,contiguous,none,none,zero,none,direct,low,1,118,0,0,ok,tmau_hot_reuse,model_default,0x0,0x90003000,0x0,0x7b2eacbbb06286ca,1,patch_descriptor_write,0,hot
Ventus,rtlsim,tensor_2d_length,tensor_2d_length_u8_row32,tensor_2d_length_s2g_u8_row32_b1408,tensor,s2g,u8,8,2,1408,1408,0,aligned128,contiguous,none,none,zero,none,direct,low,0,141,0,0,ok,tmau_cold_first_use_fresh_allocation,model_default,0x0,0x90003000,0x0,0x29f2cfa1e8e8240a,0,patch_descriptor_write,0,cold
Ventus,rtlsim,tensor_2d_length,tensor_2d_length_u8_row32,tensor_2d_length_s2g_u8_row32_b1408,tensor,s2g,u8,8,2,1408,1408,0,aligned128,contiguous,none,none,zero,none,direct,low,1,129,0,0,ok,tmau_hot_reuse,model_default,0x0,0x90003000,0x0,0x29f2cfa1e8e8240a,1,patch_descriptor_write,0,hot
Ventus,rtlsim,tensor_2d_length,tensor_2d_length_u8_row32,tensor_2d_length_s2g_u8_row32_b1536,tensor,s2g,u8,8,2,1536,1536,0,aligned128,contiguous,none,none,zero,none,direct,low,0,144,0,0,ok,tmau_cold_first_use_fresh_allocation,model_default,0x0,0x90003000,0x0,0x1da666ef3f574c4a,0,patch_descriptor_write,0,cold
Ventus,rtlsim,tensor_2d_length,tensor_2d_length_u8_row32,tensor_2d_length_s2g_u8_row32_b1536,tensor,s2g,u8,8,2,1536,1536,0,aligned128,contiguous,none,none,zero,none,direct,low,1,142,0,0,ok,tmau_hot_reuse,model_default,0x0,0x90003000,0x0,0x1da666ef3f574c4a,1,patch_descriptor_write,0,hot
Ventus,rtlsim,tensor_2d_length,tensor_2d_length_u8_row32,tensor_2d_length_s2g_u8_row32_b1664,tensor,s2g,u8,8,2,1664,1664,0,aligned128,contiguous,none,none,zero,none,direct,low,0,147,0,0,ok,tmau_cold_first_use_fresh_allocation,model_default,0x0,0x90003000,0x0,0xcc6a89d577dce98a,0,patch_descriptor_write,0,cold
Ventus,rtlsim,tensor_2d_length,tensor_2d_length_u8_row32,tensor_2d_length_s2g_u8_row32_b1664,tensor,s2g,u8,8,2,1664,1664,0,aligned128,contiguous,none,none,zero,none,direct,low,1,131,0,0,ok,tmau_hot_reuse,model_default,0x0,0x90003000,0x0,0xcc6a89d577dce98a,1,patch_descriptor_write,0,hot
Ventus,rtlsim,tensor_2d_length,tensor_2d_length_u8_row32,tensor_2d_length_s2g_u8_row32_b1792,tensor,s2g,u8,8,2,1792,1792,0,aligned128,contiguous,none,none,zero,none,direct,low,0,150,0,0,ok,tmau_cold_first_use_fresh_allocation,model_default,0x0,0x90003000,0x0,0xc01e2122ce4c11ca,0,patch_descriptor_write,0,cold
Ventus,rtlsim,tensor_2d_length,tensor_2d_length_u8_row32,tensor_2d_length_s2g_u8_row32_b1792,tensor,s2g,u8,8,2,1792,1792,0,aligned128,contiguous,none,none,zero,none,direct,low,1,144,0,0,ok,tmau_hot_reuse,model_default,0x0,0x90003000,0x0,0xc01e2122ce4c11ca,1,patch_descriptor_write,0,hot
Ventus,rtlsim,tensor_2d_length,tensor_2d_length_u8_row32,tensor_2d_length_s2g_u8_row32_b1920,tensor,s2g,u8,8,2,1920,1920,0,aligned128,contiguous,none,none,zero,none,direct,low,0,153,0,0,ok,tmau_cold_first_use_fresh_allocation,model_default,0x0,0x90003000,0x0,0x6ee2440906d1af0a,0,patch_descriptor_write,0,cold
Ventus,rtlsim,tensor_2d_length,tensor_2d_length_u8_row32,tensor_2d_length_s2g_u8_row32_b1920,tensor,s2g,u8,8,2,1920,1920,0,aligned128,contiguous,none,none,zero,none,direct,low,1,134,0,0,ok,tmau_hot_reuse,model_default,0x0,0x90003000,0x0,0x6ee2440906d1af0a,1,patch_descriptor_write,0,hot
Ventus,rtlsim,tensor_2d_length,tensor_2d_length_u8_row32,tensor_2d_length_s2g_u8_row32_b2016,tensor,s2g,u8,8,2,2016,2016,0,aligned128,contiguous,none,none,zero,none,direct,low,0,156,0,0,ok,tmau_cold_first_use_fresh_allocation,model_default,0x0,0x90003000,0x0,0x501717fc67ae335a,0,patch_descriptor_write,0,cold
Ventus,rtlsim,tensor_2d_length,tensor_2d_length_u8_row32,tensor_2d_length_s2g_u8_row32_b2016,tensor,s2g,u8,8,2,2016,2016,0,aligned128,contiguous,none,none,zero,none,direct,low,1,147,0,0,ok,tmau_hot_reuse,model_default,0x0,0x90003000,0x0,0x501717fc67ae335a,1,patch_descriptor_write,0,hot
Ventus,rtlsim,tensor_2d_length,tensor_2d_length_u8_row32,tensor_2d_length_s2g_u8_row32_b2048,tensor,s2g,u8,8,2,2048,2048,0,aligned128,contiguous,none,none,zero,none,direct,low,0,156,0,0,ok,tmau_cold_first_use_fresh_allocation,model_default,0x0,0x90003000,0x0,0x5902e45aad82130a,0,patch_descriptor_write,0,cold
Ventus,rtlsim,tensor_2d_length,tensor_2d_length_u8_row32,tensor_2d_length_s2g_u8_row32_b2048,tensor,s2g,u8,8,2,2048,2048,0,aligned128,contiguous,none,none,zero,none,direct,low,1,147,0,0,ok,tmau_hot_reuse,model_default,0x0,0x90003000,0x0,0x5902e45aad82130a,1,patch_descriptor_write,0,hot
Ventus,rtlsim,tensor_2d_length,tensor_2d_length_u8_row32,tensor_2d_length_s2g_u8_row32_b2080,tensor,s2g,u8,8,2,2080,2080,0,aligned128,contiguous,none,none,zero,none,direct,low,0,157,0,0,ok,tmau_cold_first_use_fresh_allocation,model_default,0x0,0x90003000,0x0,0x84b3ed143ba37a5a,0,patch_descriptor_write,0,cold
Ventus,rtlsim,tensor_2d_length,tensor_2d_length_u8_row32,tensor_2d_length_s2g_u8_row32_b2080,tensor,s2g,u8,8,2,2080,2080,0,aligned128,contiguous,none,none,zero,none,direct,low,1,139,0,0,ok,tmau_hot_reuse,model_default,0x0,0x90003000,0x0,0x84b3ed143ba37a5a,1,patch_descriptor_write,0,hot
Ventus,rtlsim,tensor_2d_length,tensor_2d_length_u8_row32,tensor_2d_length_s2g_u8_row32_b2560,tensor,s2g,u8,8,2,2560,2560,0,aligned128,contiguous,none,none,zero,none,direct,low,0,164,0,0,ok,tmau_cold_first_use_fresh_allocation,model_default,0x0,0x90003000,0x0,0x9df258c1cb6b9e0a,0,patch_descriptor_write,0,cold
Ventus,rtlsim,tensor_2d_length,tensor_2d_length_u8_row32,tensor_2d_length_s2g_u8_row32_b2560,tensor,s2g,u8,8,2,2560,2560,0,aligned128,contiguous,none,none,zero,none,direct,low,1,156,0,0,ok,tmau_hot_reuse,model_default,0x0,0x90003000,0x0,0x9df258c1cb6b9e0a,1,patch_descriptor_write,0,hot
Ventus,rtlsim,tensor_2d_length,tensor_2d_length_u8_row32,tensor_2d_length_s2g_u8_row32_b3072,tensor,s2g,u8,8,2,3072,3072,0,aligned128,contiguous,none,none,zero,none,direct,low,0,178,0,0,ok,tmau_cold_first_use_fresh_allocation,model_default,0x0,0x90003000,0x0,0x91bfaafc07505ca,0,patch_descriptor_write,0,cold
Ventus,rtlsim,tensor_2d_length,tensor_2d_length_u8_row32,tensor_2d_length_s2g_u8_row32_b3072,tensor,s2g,u8,8,2,3072,3072,0,aligned128,contiguous,none,none,zero,none,direct,low,1,176,0,0,ok,tmau_hot_reuse,model_default,0x0,0x90003000,0x0,0x91bfaafc07505ca,1,patch_descriptor_write,0,hot
Ventus,rtlsim,tensor_2d_length,tensor_2d_length_u8_row32,tensor_2d_length_s2g_u8_row32_b3584,tensor,s2g,u8,8,2,3584,3584,0,aligned128,contiguous,none,none,zero,none,direct,low,0,192,0,0,ok,tmau_cold_first_use_fresh_allocation,model_default,0x0,0x90003000,0x0,0x4e0b6f16de5e90ca,0,patch_descriptor_write,0,cold
Ventus,rtlsim,tensor_2d_length,tensor_2d_length_u8_row32,tensor_2d_length_s2g_u8_row32_b3584,tensor,s2g,u8,8,2,3584,3584,0,aligned128,contiguous,none,none,zero,none,direct,low,1,188,0,0,ok,tmau_hot_reuse,model_default,0x0,0x90003000,0x0,0x4e0b6f16de5e90ca,1,patch_descriptor_write,0,hot
Ventus,rtlsim,tensor_2d_length,tensor_2d_length_u8_row32,tensor_2d_length_s2g_u8_row32_b4064,tensor,s2g,u8,8,2,4064,4064,0,aligned128,contiguous,none,none,zero,none,direct,low,0,204,0,0,ok,tmau_cold_first_use_fresh_allocation,model_default,0x0,0x90004000,0x0,0x4b08e9876e90994a,0,patch_descriptor_write,0,cold
Ventus,rtlsim,tensor_2d_length,tensor_2d_length_u8_row32,tensor_2d_length_s2g_u8_row32_b4064,tensor,s2g,u8,8,2,4064,4064,0,aligned128,contiguous,none,none,zero,none,direct,low,1,186,0,0,ok,tmau_hot_reuse,model_default,0x0,0x90004000,0x0,0x4b08e9876e90994a,1,patch_descriptor_write,0,hot
Ventus,rtlsim,tensor_2d_length,tensor_2d_length_u8_row32,tensor_2d_length_s2g_u8_row32_b4096,tensor,s2g,u8,8,2,4096,4096,0,aligned128,contiguous,none,none,zero,none,direct,low,0,204,0,0,ok,tmau_cold_first_use_fresh_allocation,model_default,0x0,0x90004000,0x0,0xa485319da1755dfa,0,patch_descriptor_write,0,cold
Ventus,rtlsim,tensor_2d_length,tensor_2d_length_u8_row32,tensor_2d_length_s2g_u8_row32_b4096,tensor,s2g,u8,8,2,4096,4096,0,aligned128,contiguous,none,none,zero,none,direct,low,1,186,0,0,ok,tmau_hot_reuse,model_default,0x0,0x90004000,0x0,0xa485319da1755dfa,1,patch_descriptor_write,0,hot
Ventus,rtlsim,tensor_2d_length,tensor_2d_length_u8_row32,tensor_2d_length_s2g_u8_row32_b4128,tensor,s2g,u8,8,2,4128,4128,0,aligned128,contiguous,none,none,zero,none,direct,low,0,207,0,0,ok,tmau_cold_first_use_fresh_allocation,model_default,0x0,0x90004000,0x0,0xd0363a572f96c54a,0,patch_descriptor_write,0,cold
Ventus,rtlsim,tensor_2d_length,tensor_2d_length_u8_row32,tensor_2d_length_s2g_u8_row32_b4128,tensor,s2g,u8,8,2,4128,4128,0,aligned128,contiguous,none,none,zero,none,direct,low,1,199,0,0,ok,tmau_hot_reuse,model_default,0x0,0x90004000,0x0,0xd0363a572f96c54a,1,patch_descriptor_write,0,hot
Ventus,rtlsim,tensor_2d_length,tensor_2d_length_u8_row32,tensor_2d_length_s2g_u8_row32_b4608,tensor,s2g,u8,8,2,4608,4608,0,aligned128,contiguous,none,none,zero,none,direct,low,0,214,0,0,ok,tmau_cold_first_use_fresh_allocation,model_default,0x0,0x90004000,0x0,0x5f95bd36838bd2fa,0,patch_descriptor_write,0,cold
Ventus,rtlsim,tensor_2d_length,tensor_2d_length_u8_row32,tensor_2d_length_s2g_u8_row32_b4608,tensor,s2g,u8,8,2,4608,4608,0,aligned128,contiguous,none,none,zero,none,direct,low,1,209,0,0,ok,tmau_hot_reuse,model_default,0x0,0x90004000,0x0,0x5f95bd36838bd2fa,1,patch_descriptor_write,0,hot
Ventus,rtlsim,tensor_2d_length,tensor_2d_length_u8_row32,tensor_2d_length_s2g_u8_row32_b5120,tensor,s2g,u8,8,2,5120,5120,0,aligned128,contiguous,none,none,zero,none,direct,low,0,224,0,0,ok,tmau_cold_first_use_fresh_allocation,model_default,0x0,0x90004000,0x0,0x107b6e2e9dbae03a,0,patch_descriptor_write,0,cold
Ventus,rtlsim,tensor_2d_length,tensor_2d_length_u8_row32,tensor_2d_length_s2g_u8_row32_b5120,tensor,s2g,u8,8,2,5120,5120,0,aligned128,contiguous,none,none,zero,none,direct,low,1,226,0,0,ok,tmau_hot_reuse,model_default,0x0,0x90004000,0x0,0x107b6e2e9dbae03a,1,patch_descriptor_write,0,hot
Ventus,rtlsim,tensor_2d_length,tensor_2d_length_u8_row32,tensor_2d_length_s2g_u8_row32_b5632,tensor,s2g,u8,8,2,5632,5632,0,aligned128,contiguous,none,none,zero,none,direct,low,0,237,0,0,ok,tmau_cold_first_use_fresh_allocation,model_default,0x0,0x90004000,0x0,0xcb8bf9c77fd1553a,0,patch_descriptor_write,0,cold
Ventus,rtlsim,tensor_2d_length,tensor_2d_length_u8_row32,tensor_2d_length_s2g_u8_row32_b5632,tensor,s2g,u8,8,2,5632,5632,0,aligned128,contiguous,none,none,zero,none,direct,low,1,226,0,0,ok,tmau_hot_reuse,model_default,0x0,0x90004000,0x0,0xcb8bf9c77fd1553a,1,patch_descriptor_write,0,hot
Ventus,rtlsim,tensor_2d_length,tensor_2d_length_u8_row32,tensor_2d_length_s2g_u8_row32_b6144,tensor,s2g,u8,8,2,6144,6144,0,aligned128,contiguous,none,none,zero,none,direct,low,0,248,0,0,ok,tmau_cold_first_use_fresh_allocation,model_default,0x0,0x90004000,0x0,0x90c7600129cf31fa,0,patch_descriptor_write,0,cold
Ventus,rtlsim,tensor_2d_length,tensor_2d_length_u8_row32,tensor_2d_length_s2g_u8_row32_b6144,tensor,s2g,u8,8,2,6144,6144,0,aligned128,contiguous,none,none,zero,none,direct,low,1,236,0,0,ok,tmau_hot_reuse,model_default,0x0,0x90004000,0x0,0x90c7600129cf31fa,1,patch_descriptor_write,0,hot
Ventus,rtlsim,tensor_2d_length,tensor_2d_length_u8_row32,tensor_2d_length_s2g_u8_row32_b6656,tensor,s2g,u8,8,2,6656,6656,0,aligned128,contiguous,none,none,zero,none,direct,low,0,262,0,0,ok,tmau_cold_first_use_fresh_allocation,model_default,0x0,0x90004000,0x0,0x4bd7eb9a0be5a6fa,0,patch_descriptor_write,0,cold
Ventus,rtlsim,tensor_2d_length,tensor_2d_length_u8_row32,tensor_2d_length_s2g_u8_row32_b6656,tensor,s2g,u8,8,2,6656,6656,0,aligned128,contiguous,none,none,zero,none,direct,low,1,260,0,0,ok,tmau_hot_reuse,model_default,0x0,0x90004000,0x0,0x4bd7eb9a0be5a6fa,1,patch_descriptor_write,0,hot
Ventus,rtlsim,tensor_2d_length,tensor_2d_length_u8_row32,tensor_2d_length_s2g_u8_row32_b7168,tensor,s2g,u8,8,2,7168,7168,0,aligned128,contiguous,none,none,zero,none,direct,low,0,272,0,0,ok,tmau_cold_first_use_fresh_allocation,model_default,0x0,0x90004000,0x0,0xb89ac2ce0f6743ba,0,patch_descriptor_write,0,cold
Ventus,rtlsim,tensor_2d_length,tensor_2d_length_u8_row32,tensor_2d_length_s2g_u8_row32_b7168,tensor,s2g,u8,8,2,7168,7168,0,aligned128,contiguous,none,none,zero,none,direct,low,1,270,0,0,ok,tmau_hot_reuse,model_default,0x0,0x90004000,0x0,0xb89ac2ce0f6743ba,1,patch_descriptor_write,0,hot
Ventus,rtlsim,tensor_2d_length,tensor_2d_length_u8_row32,tensor_2d_length_s2g_u8_row32_b7680,tensor,s2g,u8,8,2,7680,7680,0,aligned128,contiguous,none,none,zero,none,direct,low,0,287,0,0,ok,tmau_cold_first_use_fresh_allocation,model_default,0x0,0x90004000,0x0,0x73ab4e66f17db8ba,0,patch_descriptor_write,0,cold
Ventus,rtlsim,tensor_2d_length,tensor_2d_length_u8_row32,tensor_2d_length_s2g_u8_row32_b7680,tensor,s2g,u8,8,2,7680,7680,0,aligned128,contiguous,none,none,zero,none,direct,low,1,274,0,0,ok,tmau_hot_reuse,model_default,0x0,0x90004000,0x0,0x73ab4e66f17db8ba,1,patch_descriptor_write,0,hot
Ventus,rtlsim,tensor_2d_length,tensor_2d_length_u8_row32,tensor_2d_length_s2g_u8_row32_b8160,tensor,s2g,u8,8,2,8160,8160,0,aligned128,contiguous,none,none,zero,none,direct,low,0,298,0,0,ok,tmau_cold_first_use_fresh_allocation,model_default,0x0,0x90002000,0x0,0xdf0ccad4866c4e6a,0,patch_descriptor_write,0,cold
Ventus,rtlsim,tensor_2d_length,tensor_2d_length_u8_row32,tensor_2d_length_s2g_u8_row32_b8160,tensor,s2g,u8,8,2,8160,8160,0,aligned128,contiguous,none,none,zero,none,direct,low,1,296,0,0,ok,tmau_hot_reuse,model_default,0x0,0x90002000,0x0,0xdf0ccad4866c4e6a,1,patch_descriptor_write,0,hot
Ventus,rtlsim,tensor_2d_length,tensor_2d_length_u8_row32,tensor_2d_length_s2g_u8_row32_b8192,tensor,s2g,u8,8,2,8192,8192,0,aligned128,contiguous,none,none,zero,none,direct,low,0,298,0,0,ok,tmau_cold_first_use_fresh_allocation,model_default,0x0,0x90002000,0x0,0x770489b0c959ec8a,0,patch_descriptor_write,0,cold
Ventus,rtlsim,tensor_2d_length,tensor_2d_length_u8_row32,tensor_2d_length_s2g_u8_row32_b8192,tensor,s2g,u8,8,2,8192,8192,0,aligned128,contiguous,none,none,zero,none,direct,low,1,296,0,0,ok,tmau_hot_reuse,model_default,0x0,0x90002000,0x0,0x770489b0c959ec8a,1,patch_descriptor_write,0,hot
Ventus,rtlsim,tensor_2d_length,tensor_2d_length_u8_row64,tensor_2d_length_s2g_u8_row64_b8128,tensor,s2g,u8,8,2,8128,8128,0,aligned128,contiguous,none,none,zero,none,direct,low,0,298,0,0,ok,tmau_cold_first_use_fresh_allocation,model_default,0x0,0x90002000,0x0,0x4276581e26ac44ca,0,patch_descriptor_write,0,cold
Ventus,rtlsim,tensor_2d_length,tensor_2d_length_u8_row64,tensor_2d_length_s2g_u8_row64_b8128,tensor,s2g,u8,8,2,8128,8128,0,aligned128,contiguous,none,none,zero,none,direct,low,1,296,0,0,ok,tmau_hot_reuse,model_default,0x0,0x90002000,0x0,0x4276581e26ac44ca,1,patch_descriptor_write,0,hot
Ventus,rtlsim,tensor_2d_length,tensor_2d_length_u8_row64,tensor_2d_length_s2g_u8_row64_b8192,tensor,s2g,u8,8,2,8192,8192,0,aligned128,contiguous,none,none,zero,none,direct,low,0,298,0,0,ok,tmau_cold_first_use_fresh_allocation,model_default,0x0,0x90002000,0x0,0xa0bf123fa7ba397a,0,patch_descriptor_write,0,cold
Ventus,rtlsim,tensor_2d_length,tensor_2d_length_u8_row64,tensor_2d_length_s2g_u8_row64_b8192,tensor,s2g,u8,8,2,8192,8192,0,aligned128,contiguous,none,none,zero,none,direct,low,1,296,0,0,ok,tmau_hot_reuse,model_default,0x0,0x90002000,0x0,0xa0bf123fa7ba397a,1,patch_descriptor_write,0,hot
Ventus,rtlsim,tensor_2d_length,tensor_2d_length_u8_row64,tensor_2d_length_s2g_u8_row64_b8256,tensor,s2g,u8,8,2,8256,8256,0,aligned128,contiguous,none,none,zero,none,direct,low,0,301,0,0,ok,tmau_cold_first_use_fresh_allocation,model_default,0x0,0x90002000,0x0,0x73f78bf38f5f60ca,0,patch_descriptor_write,0,cold
Ventus,rtlsim,tensor_2d_length,tensor_2d_length_u8_row64,tensor_2d_length_s2g_u8_row64_b8256,tensor,s2g,u8,8,2,8256,8256,0,aligned128,contiguous,none,none,zero,none,direct,low,1,287,0,0,ok,tmau_hot_reuse,model_default,0x0,0x90002000,0x0,0x73f78bf38f5f60ca,1,patch_descriptor_write,0,hot
Ventus,rtlsim,tensor_2d_length,tensor_2d_length_u8_row64,tensor_2d_length_s2g_u8_row64_b8704,tensor,s2g,u8,8,2,8704,8704,0,aligned128,contiguous,none,none,zero,none,direct,low,0,309,0,0,ok,tmau_cold_first_use_fresh_allocation,model_default,0x0,0x90002000,0x0,0xcb7c7ffb6409dffa,0,patch_descriptor_write,0,cold
Ventus,rtlsim,tensor_2d_length,tensor_2d_length_u8_row64,tensor_2d_length_s2g_u8_row64_b8704,tensor,s2g,u8,8,2,8704,8704,0,aligned128,contiguous,none,none,zero,none,direct,low,1,304,0,0,ok,tmau_hot_reuse,model_default,0x0,0x90002000,0x0,0xcb7c7ffb6409dffa,1,patch_descriptor_write,0,hot
Ventus,rtlsim,tensor_2d_length,tensor_2d_length_u8_row64,tensor_2d_length_s2g_u8_row64_b9216,tensor,s2g,u8,8,2,9216,9216,0,aligned128,contiguous,none,none,zero,none,direct,low,0,322,0,0,ok,tmau_cold_first_use_fresh_allocation,model_default,0x0,0x90002000,0x0,0x5bcf9dd889d0ae7a,0,patch_descriptor_write,0,cold
Ventus,rtlsim,tensor_2d_length,tensor_2d_length_u8_row64,tensor_2d_length_s2g_u8_row64_b9216,tensor,s2g,u8,8,2,9216,9216,0,aligned128,contiguous,none,none,zero,none,direct,low,1,312,0,0,ok,tmau_hot_reuse,model_default,0x0,0x90002000,0x0,0x5bcf9dd889d0ae7a,1,patch_descriptor_write,0,hot
Ventus,rtlsim,tensor_2d_length,tensor_2d_length_u8_row64,tensor_2d_length_s2g_u8_row64_b9728,tensor,s2g,u8,8,2,9728,9728,0,aligned128,contiguous,none,none,zero,none,direct,low,0,336,0,0,ok,tmau_cold_first_use_fresh_allocation,model_default,0x0,0x90002000,0x0,0x868d0b94462054fa,0,patch_descriptor_write,0,cold
Ventus,rtlsim,tensor_2d_length,tensor_2d_length_u8_row64,tensor_2d_length_s2g_u8_row64_b9728,tensor,s2g,u8,8,2,9728,9728,0,aligned128,contiguous,none,none,zero,none,direct,low,1,334,0,0,ok,tmau_hot_reuse,model_default,0x0,0x90002000,0x0,0x868d0b94462054fa,1,patch_descriptor_write,0,hot
Ventus,rtlsim,tensor_2d_length,tensor_2d_length_u8_row64,tensor_2d_length_s2g_u8_row64_b10240,tensor,s2g,u8,8,2,10240,10240,0,aligned128,contiguous,none,none,zero,none,direct,low,0,346,0,0,ok,tmau_cold_first_use_fresh_allocation,model_default,0x0,0x90002000,0x0,0xb8f19653773ddbba,0,patch_descriptor_write,0,cold
Ventus,rtlsim,tensor_2d_length,tensor_2d_length_u8_row64,tensor_2d_length_s2g_u8_row64_b10240,tensor,s2g,u8,8,2,10240,10240,0,aligned128,contiguous,none,none,zero,none,direct,low,1,334,0,0,ok,tmau_hot_reuse,model_default,0x0,0x90002000,0x0,0xb8f19653773ddbba,1,patch_descriptor_write,0,hot
Ventus,rtlsim,tensor_2d_length,tensor_2d_length_u8_row64,tensor_2d_length_s2g_u8_row64_b10752,tensor,s2g,u8,8,2,10752,10752,0,aligned128,contiguous,none,none,zero,none,direct,low,0,360,0,0,ok,tmau_cold_first_use_fresh_allocation,model_default,0x0,0x90002000,0x0,0xe3af040f338d823a,0,patch_descriptor_write,0,cold
Ventus,rtlsim,tensor_2d_length,tensor_2d_length_u8_row64,tensor_2d_length_s2g_u8_row64_b10752,tensor,s2g,u8,8,2,10752,10752,0,aligned128,contiguous,none,none,zero,none,direct,low,1,342,0,0,ok,tmau_hot_reuse,model_default,0x0,0x90002000,0x0,0xe3af040f338d823a,1,patch_descriptor_write,0,hot
Ventus,rtlsim,tensor_2d_length,tensor_2d_length_u8_row64,tensor_2d_length_s2g_u8_row64_b11264,tensor,s2g,u8,8,2,11264,11264,0,aligned128,contiguous,none,none,zero,none,direct,low,0,372,0,0,ok,tmau_cold_first_use_fresh_allocation,model_default,0x0,0x90002000,0x0,0x740221ec595450ba,0,patch_descriptor_write,0,cold
Ventus,rtlsim,tensor_2d_length,tensor_2d_length_u8_row64,tensor_2d_length_s2g_u8_row64_b11264,tensor,s2g,u8,8,2,11264,11264,0,aligned128,contiguous,none,none,zero,none,direct,low,1,354,0,0,ok,tmau_hot_reuse,model_default,0x0,0x90002000,0x0,0x740221ec595450ba,1,patch_descriptor_write,0,hot
Ventus,rtlsim,tensor_2d_length,tensor_2d_length_u8_row64,tensor_2d_length_s2g_u8_row64_b11776,tensor,s2g,u8,8,2,11776,11776,0,aligned128,contiguous,none,none,zero,none,direct,low,0,384,0,0,ok,tmau_cold_first_use_fresh_allocation,model_default,0x0,0x90002000,0x0,0x9ebf8fa815a3f73a,0,patch_descriptor_write,0,cold
Ventus,rtlsim,tensor_2d_length,tensor_2d_length_u8_row64,tensor_2d_length_s2g_u8_row64_b11776,tensor,s2g,u8,8,2,11776,11776,0,aligned128,contiguous,none,none,zero,none,direct,low,1,372,0,0,ok,tmau_hot_reuse,model_default,0x0,0x90002000,0x0,0x9ebf8fa815a3f73a,1,patch_descriptor_write,0,hot
Ventus,rtlsim,tensor_2d_length,tensor_2d_length_u8_row64,tensor_2d_length_s2g_u8_row64_b12288,tensor,s2g,u8,8,2,12288,12288,0,aligned128,contiguous,none,none,zero,none,direct,low,0,396,0,0,ok,tmau_cold_first_use_fresh_allocation,model_default,0x0,0x90002000,0x0,0x3488b19d8997cd7a,0,patch_descriptor_write,0,cold
Ventus,rtlsim,tensor_2d_length,tensor_2d_length_u8_row64,tensor_2d_length_s2g_u8_row64_b12288,tensor,s2g,u8,8,2,12288,12288,0,aligned128,contiguous,none,none,zero,none,direct,low,1,383,0,0,ok,tmau_hot_reuse,model_default,0x0,0x90002000,0x0,0x3488b19d8997cd7a,1,patch_descriptor_write,0,hot
Ventus,rtlsim,tensor_2d_length,tensor_2d_length_u8_row64,tensor_2d_length_s2g_u8_row64_b12800,tensor,s2g,u8,8,2,12800,12800,0,aligned128,contiguous,none,none,zero,none,direct,low,0,408,0,0,ok,tmau_cold_first_use_fresh_allocation,model_default,0x0,0x90002000,0x0,0x5f461f5945e773fa,0,patch_descriptor_write,0,cold
Ventus,rtlsim,tensor_2d_length,tensor_2d_length_u8_row64,tensor_2d_length_s2g_u8_row64_b12800,tensor,s2g,u8,8,2,12800,12800,0,aligned128,contiguous,none,none,zero,none,direct,low,1,392,0,0,ok,tmau_hot_reuse,model_default,0x0,0x90002000,0x0,0x5f461f5945e773fa,1,patch_descriptor_write,0,hot
Ventus,rtlsim,tensor_2d_length,tensor_2d_length_u8_row64,tensor_2d_length_s2g_u8_row64_b13312,tensor,s2g,u8,8,2,13312,13312,0,aligned128,contiguous,none,none,zero,none,direct,low,0,418,0,0,ok,tmau_cold_first_use_fresh_allocation,model_default,0x0,0x90002000,0x0,0xef993d366bae427a,0,patch_descriptor_write,0,cold
Ventus,rtlsim,tensor_2d_length,tensor_2d_length_u8_row64,tensor_2d_length_s2g_u8_row64_b13312,tensor,s2g,u8,8,2,13312,13312,0,aligned128,contiguous,none,none,zero,none,direct,low,1,418,0,0,ok,tmau_hot_reuse,model_default,0x0,0x90002000,0x0,0xef993d366bae427a,1,patch_descriptor_write,0,hot
Ventus,rtlsim,tensor_2d_length,tensor_2d_length_u8_row64,tensor_2d_length_s2g_u8_row64_b13824,tensor,s2g,u8,8,2,13824,13824,0,aligned128,contiguous,none,none,zero,none,direct,low,0,427,0,0,ok,tmau_cold_first_use_fresh_allocation,model_default,0x0,0x90002000,0x0,0x1a56aaf227fde8fa,0,patch_descriptor_write,0,cold
Ventus,rtlsim,tensor_2d_length,tensor_2d_length_u8_row64,tensor_2d_length_s2g_u8_row64_b13824,tensor,s2g,u8,8,2,13824,13824,0,aligned128,contiguous,none,none,zero,none,direct,low,1,413,0,0,ok,tmau_hot_reuse,model_default,0x0,0x90002000,0x0,0x1a56aaf227fde8fa,1,patch_descriptor_write,0,hot
Ventus,rtlsim,tensor_2d_length,tensor_2d_length_u8_row64,tensor_2d_length_s2g_u8_row64_b14336,tensor,s2g,u8,8,2,14336,14336,0,aligned128,contiguous,none,none,zero,none,direct,low,0,442,0,0,ok,tmau_cold_first_use_fresh_allocation,model_default,0x0,0x90002000,0x0,0x1923c2fd9d23c13a,0,patch_descriptor_write,0,cold
Ventus,rtlsim,tensor_2d_length,tensor_2d_length_u8_row64,tensor_2d_length_s2g_u8_row64_b14336,tensor,s2g,u8,8,2,14336,14336,0,aligned128,contiguous,none,none,zero,none,direct,low,1,438,0,0,ok,tmau_hot_reuse,model_default,0x0,0x90002000,0x0,0x1923c2fd9d23c13a,1,patch_descriptor_write,0,hot
Ventus,rtlsim,tensor_2d_length,tensor_2d_length_u8_row64,tensor_2d_length_s2g_u8_row64_b14848,tensor,s2g,u8,8,2,14848,14848,0,aligned128,contiguous,none,none,zero,none,direct,low,0,452,0,0,ok,tmau_cold_first_use_fresh_allocation,model_default,0x0,0x90002000,0x0,0x3355c9a8febda5ba,0,patch_descriptor_write,0,cold
Ventus,rtlsim,tensor_2d_length,tensor_2d_length_u8_row64,tensor_2d_length_s2g_u8_row64_b14848,tensor,s2g,u8,8,2,14848,14848,0,aligned128,contiguous,none,none,zero,none,direct,low,1,452,0,0,ok,tmau_hot_reuse,model_default,0x0,0x90002000,0x0,0x3355c9a8febda5ba,1,patch_descriptor_write,0,hot
Ventus,rtlsim,tensor_2d_length,tensor_2d_length_u8_row64,tensor_2d_length_s2g_u8_row64_b15360,tensor,s2g,u8,8,2,15360,15360,0,aligned128,contiguous,none,none,zero,none,direct,low,0,468,0,0,ok,tmau_cold_first_use_fresh_allocation,model_default,0x0,0x90002000,0x0,0xd4344e967f3a363a,0,patch_descriptor_write,0,cold
Ventus,rtlsim,tensor_2d_length,tensor_2d_length_u8_row64,tensor_2d_length_s2g_u8_row64_b15360,tensor,s2g,u8,8,2,15360,15360,0,aligned128,contiguous,none,none,zero,none,direct,low,1,453,0,0,ok,tmau_hot_reuse,model_default,0x0,0x90002000,0x0,0xd4344e967f3a363a,1,patch_descriptor_write,0,hot
Ventus,rtlsim,tensor_2d_length,tensor_2d_length_u8_row64,tensor_2d_length_s2g_u8_row64_b15872,tensor,s2g,u8,8,2,15872,15872,0,aligned128,contiguous,none,none,zero,none,direct,low,0,480,0,0,ok,tmau_cold_first_use_fresh_allocation,model_default,0x0,0x90002000,0x0,0xee665541e0d41aba,0,patch_descriptor_write,0,cold
Ventus,rtlsim,tensor_2d_length,tensor_2d_length_u8_row64,tensor_2d_length_s2g_u8_row64_b15872,tensor,s2g,u8,8,2,15872,15872,0,aligned128,contiguous,none,none,zero,none,direct,low,1,474,0,0,ok,tmau_hot_reuse,model_default,0x0,0x90002000,0x0,0xee665541e0d41aba,1,patch_descriptor_write,0,hot
Ventus,rtlsim,tensor_2d_length,tensor_2d_length_u8_row64,tensor_2d_length_s2g_u8_row64_b16320,tensor,s2g,u8,8,2,16320,16320,0,aligned128,contiguous,none,none,zero,none,direct,low,0,490,0,0,ok,tmau_cold_first_use_fresh_allocation,model_default,0x0,0x90002000,0x0,0xe5c879ac4fb324a,0,patch_descriptor_write,0,cold
Ventus,rtlsim,tensor_2d_length,tensor_2d_length_u8_row64,tensor_2d_length_s2g_u8_row64_b16320,tensor,s2g,u8,8,2,16320,16320,0,aligned128,contiguous,none,none,zero,none,direct,low,1,478,0,0,ok,tmau_hot_reuse,model_default,0x0,0x90002000,0x0,0xe5c879ac4fb324a,1,patch_descriptor_write,0,hot
Ventus,rtlsim,tensor_2d_length,tensor_2d_length_u8_row64,tensor_2d_length_s2g_u8_row64_b16384,tensor,s2g,u8,8,2,16384,16384,0,aligned128,contiguous,none,none,zero,none,direct,low,0,490,0,0,ok,tmau_cold_first_use_fresh_allocation,model_default,0x0,0x90002000,0x0,0xfd4a6980519b1a6a,0,patch_descriptor_write,0,cold
Ventus,rtlsim,tensor_2d_length,tensor_2d_length_u8_row64,tensor_2d_length_s2g_u8_row64_b16384,tensor,s2g,u8,8,2,16384,16384,0,aligned128,contiguous,none,none,zero,none,direct,low,1,478,0,0,ok,tmau_hot_reuse,model_default,0x0,0x90002000,0x0,0xfd4a6980519b1a6a,1,patch_descriptor_write,0,hot
Ventus,rtlsim,tensor_2d_length,tensor_2d_length_u8_row128,tensor_2d_length_s2g_u8_row128_b128,tensor,s2g,u8,8,2,128,128,0,aligned128,contiguous,none,none,zero,none,direct,low,0,109,0,0,ok,tmau_cold_first_use_fresh_allocation,model_default,0x0,0x90003000,0x0,0xb977a03c865cccba,0,patch_descriptor_write,0,cold
Ventus,rtlsim,tensor_2d_length,tensor_2d_length_u8_row128,tensor_2d_length_s2g_u8_row128_b128,tensor,s2g,u8,8,2,128,128,0,aligned128,contiguous,none,none,zero,none,direct,low,1,82,0,0,ok,tmau_hot_reuse,model_default,0x0,0x90003000,0x0,0xb977a03c865cccba,1,patch_descriptor_write,0,hot
Ventus,rtlsim,tensor_2d_length,tensor_2d_length_u8_row128,tensor_2d_length_s2g_u8_row128_b256,tensor,s2g,u8,8,2,256,256,0,aligned128,contiguous,none,none,zero,none,direct,low,0,111,0,0,ok,tmau_cold_first_use_fresh_allocation,model_default,0x0,0x90003000,0x0,0xb4282ae6deae07ca,0,patch_descriptor_write,0,cold
Ventus,rtlsim,tensor_2d_length,tensor_2d_length_u8_row128,tensor_2d_length_s2g_u8_row128_b256,tensor,s2g,u8,8,2,256,256,0,aligned128,contiguous,none,none,zero,none,direct,low,1,84,0,0,ok,tmau_hot_reuse,model_default,0x0,0x90003000,0x0,0xb4282ae6deae07ca,1,patch_descriptor_write,0,hot
Ventus,rtlsim,tensor_2d_length,tensor_2d_length_u8_row128,tensor_2d_length_s2g_u8_row128_b512,tensor,s2g,u8,8,2,512,512,0,aligned128,contiguous,none,none,zero,none,direct,low,0,115,0,0,ok,tmau_cold_first_use_fresh_allocation,model_default,0x0,0x90003000,0x0,0x6b3f7d4b806ef3aa,0,patch_descriptor_write,0,cold
Ventus,rtlsim,tensor_2d_length,tensor_2d_length_u8_row128,tensor_2d_length_s2g_u8_row128_b512,tensor,s2g,u8,8,2,512,512,0,aligned128,contiguous,none,none,zero,none,direct,low,1,88,0,0,ok,tmau_hot_reuse,model_default,0x0,0x90003000,0x0,0x6b3f7d4b806ef3aa,1,patch_descriptor_write,0,hot
Ventus,rtlsim,tensor_2d_length,tensor_2d_length_u8_row128,tensor_2d_length_s2g_u8_row128_b1024,tensor,s2g,u8,8,2,1024,1024,0,aligned128,contiguous,none,none,zero,none,direct,low,0,124,0,0,ok,tmau_cold_first_use_fresh_allocation,model_default,0x0,0x90003000,0x0,0x5ef31498d6de1bea,0,patch_descriptor_write,0,cold
Ventus,rtlsim,tensor_2d_length,tensor_2d_length_u8_row128,tensor_2d_length_s2g_u8_row128_b1024,tensor,s2g,u8,8,2,1024,1024,0,aligned128,contiguous,none,none,zero,none,direct,low,1,125,0,0,ok,tmau_hot_reuse,model_default,0x0,0x90003000,0x0,0x5ef31498d6de1bea,1,patch_descriptor_write,0,hot
Ventus,rtlsim,tensor_2d_length,tensor_2d_length_u8_row128,tensor_2d_length_s2g_u8_row128_b2048,tensor,s2g,u8,8,2,2048,2048,0,aligned128,contiguous,none,none,zero,none,direct,low,0,156,0,0,ok,tmau_cold_first_use_fresh_allocation,model_default,0x0,0x90003000,0x0,0x16acecc65d2e16a,0,patch_descriptor_write,0,cold
Ventus,rtlsim,tensor_2d_length,tensor_2d_length_u8_row128,tensor_2d_length_s2g_u8_row128_b2048,tensor,s2g,u8,8,2,2048,2048,0,aligned128,contiguous,none,none,zero,none,direct,low,1,147,0,0,ok,tmau_hot_reuse,model_default,0x0,0x90003000,0x0,0x16acecc65d2e16a,1,patch_descriptor_write,0,hot
Ventus,rtlsim,tensor_2d_length,tensor_2d_length_u8_row128,tensor_2d_length_s2g_u8_row128_b4096,tensor,s2g,u8,8,2,4096,4096,0,aligned128,contiguous,none,none,zero,none,direct,low,0,204,0,0,ok,tmau_cold_first_use_fresh_allocation,model_default,0x0,0x90004000,0x0,0xb491aebf05667b1a,0,patch_descriptor_write,0,cold
Ventus,rtlsim,tensor_2d_length,tensor_2d_length_u8_row128,tensor_2d_length_s2g_u8_row128_b4096,tensor,s2g,u8,8,2,4096,4096,0,aligned128,contiguous,none,none,zero,none,direct,low,1,186,0,0,ok,tmau_hot_reuse,model_default,0x0,0x90004000,0x0,0xb491aebf05667b1a,1,patch_descriptor_write,0,hot
Ventus,rtlsim,tensor_2d_length,tensor_2d_length_u8_row128,tensor_2d_length_s2g_u8_row128_b8192,tensor,s2g,u8,8,2,8192,8192,0,aligned128,contiguous,none,none,zero,none,direct,low,0,298,0,0,ok,tmau_cold_first_use_fresh_allocation,model_default,0x0,0x90002000,0x0,0x51ea00156c30cdba,0,patch_descriptor_write,0,cold
Ventus,rtlsim,tensor_2d_length,tensor_2d_length_u8_row128,tensor_2d_length_s2g_u8_row128_b8192,tensor,s2g,u8,8,2,8192,8192,0,aligned128,contiguous,none,none,zero,none,direct,low,1,296,0,0,ok,tmau_hot_reuse,model_default,0x0,0x90002000,0x0,0x51ea00156c30cdba,1,patch_descriptor_write,0,hot
Ventus,rtlsim,tensor_2d_length,tensor_2d_length_u8_row128,tensor_2d_length_s2g_u8_row128_b16256,tensor,s2g,u8,8,2,16256,16256,0,aligned128,contiguous,none,none,zero,none,direct,low,0,489,0,0,ok,tmau_cold_first_use_fresh_allocation,model_default,0x0,0x90002000,0x0,0x865283b195cfbd0a,0,patch_descriptor_write,0,cold
Ventus,rtlsim,tensor_2d_length,tensor_2d_length_u8_row128,tensor_2d_length_s2g_u8_row128_b16256,tensor,s2g,u8,8,2,16256,16256,0,aligned128,contiguous,none,none,zero,none,direct,low,1,470,0,0,ok,tmau_hot_reuse,model_default,0x0,0x90002000,0x0,0x865283b195cfbd0a,1,patch_descriptor_write,0,hot
Ventus,rtlsim,tensor_2d_length,tensor_2d_length_u8_row128,tensor_2d_length_s2g_u8_row128_b16384,tensor,s2g,u8,8,2,16384,16384,0,aligned128,contiguous,none,none,zero,none,direct,low,0,490,0,0,ok,tmau_cold_first_use_fresh_allocation,model_default,0x0,0x90002000,0x0,0x1f791fd235dfce3a,0,patch_descriptor_write,0,cold
Ventus,rtlsim,tensor_2d_length,tensor_2d_length_u8_row128,tensor_2d_length_s2g_u8_row128_b16384,tensor,s2g,u8,8,2,16384,16384,0,aligned128,contiguous,none,none,zero,none,direct,low,1,478,0,0,ok,tmau_hot_reuse,model_default,0x0,0x90002000,0x0,0x1f791fd235dfce3a,1,patch_descriptor_write,0,hot
Ventus,rtlsim,tensor_2d_length,tensor_2d_length_u8_row128,tensor_2d_length_s2g_u8_row128_b16512,tensor,s2g,u8,8,2,16512,16512,0,aligned128,contiguous,none,none,zero,none,direct,low,0,495,0,0,ok,tmau_cold_first_use_fresh_allocation,model_default,0x0,0x90002000,0x0,0xf19937e5e654458a,0,patch_descriptor_write,0,cold
Ventus,rtlsim,tensor_2d_length,tensor_2d_length_u8_row128,tensor_2d_length_s2g_u8_row128_b16512,tensor,s2g,u8,8,2,16512,16512,0,aligned128,contiguous,none,none,zero,none,direct,low,1,491,0,0,ok,tmau_hot_reuse,model_default,0x0,0x90002000,0x0,0xf19937e5e654458a,1,patch_descriptor_write,0,hot
Ventus,rtlsim,tensor_2d_length,tensor_2d_length_u8_row128,tensor_2d_length_s2g_u8_row128_b17408,tensor,s2g,u8,8,2,17408,17408,0,aligned128,contiguous,none,none,zero,none,direct,low,0,516,0,0,ok,tmau_cold_first_use_fresh_allocation,model_default,0x0,0x90002000,0x0,0x39ab267d9779b2ba,0,patch_descriptor_write,0,cold
Ventus,rtlsim,tensor_2d_length,tensor_2d_length_u8_row128,tensor_2d_length_s2g_u8_row128_b17408,tensor,s2g,u8,8,2,17408,17408,0,aligned128,contiguous,none,none,zero,none,direct,low,1,512,0,0,ok,tmau_hot_reuse,model_default,0x0,0x90002000,0x0,0x39ab267d9779b2ba,1,patch_descriptor_write,0,hot
Ventus,rtlsim,tensor_2d_length,tensor_2d_length_u8_row128,tensor_2d_length_s2g_u8_row128_b18432,tensor,s2g,u8,8,2,18432,18432,0,aligned128,contiguous,none,none,zero,none,direct,low,0,536,0,0,ok,tmau_cold_first_use_fresh_allocation,model_default,0x0,0x90002000,0x0,0xda89ab6b17f6433a,0,patch_descriptor_write,0,cold
Ventus,rtlsim,tensor_2d_length,tensor_2d_length_u8_row128,tensor_2d_length_s2g_u8_row128_b18432,tensor,s2g,u8,8,2,18432,18432,0,aligned128,contiguous,none,none,zero,none,direct,low,1,538,0,0,ok,tmau_hot_reuse,model_default,0x0,0x90002000,0x0,0xda89ab6b17f6433a,1,patch_descriptor_write,0,hot
Ventus,rtlsim,tensor_2d_length,tensor_2d_length_u8_row128,tensor_2d_length_s2g_u8_row128_b20480,tensor,s2g,u8,8,2,20480,20480,0,aligned128,contiguous,none,none,zero,none,direct,low,0,584,0,0,ok,tmau_cold_first_use_fresh_allocation,model_default,0x0,0x90002000,0x0,0xaf65f05dd8088f7a,0,patch_descriptor_write,0,cold
Ventus,rtlsim,tensor_2d_length,tensor_2d_length_u8_row128,tensor_2d_length_s2g_u8_row128_b20480,tensor,s2g,u8,8,2,20480,20480,0,aligned128,contiguous,none,none,zero,none,direct,low,1,575,0,0,ok,tmau_hot_reuse,model_default,0x0,0x90002000,0x0,0xaf65f05dd8088f7a,1,patch_descriptor_write,0,hot
Ventus,rtlsim,tensor_2d_length,tensor_2d_length_u8_row128,tensor_2d_length_s2g_u8_row128_b22528,tensor,s2g,u8,8,2,22528,22528,0,aligned128,contiguous,none,none,zero,none,direct,low,0,634,0,0,ok,tmau_cold_first_use_fresh_allocation,model_default,0x0,0x90002000,0x0,0x6a767bf6ba1f047a,0,patch_descriptor_write,0,cold
Ventus,rtlsim,tensor_2d_length,tensor_2d_length_u8_row128,tensor_2d_length_s2g_u8_row128_b22528,tensor,s2g,u8,8,2,22528,22528,0,aligned128,contiguous,none,none,zero,none,direct,low,1,624,0,0,ok,tmau_hot_reuse,model_default,0x0,0x90002000,0x0,0x6a767bf6ba1f047a,1,patch_descriptor_write,0,hot
Ventus,rtlsim,tensor_2d_length,tensor_2d_length_u8_row128,tensor_2d_length_s2g_u8_row128_b24576,tensor,s2g,u8,8,2,24576,24576,0,aligned128,contiguous,none,none,zero,none,direct,low,0,680,0,0,ok,tmau_cold_first_use_fresh_allocation,model_default,0x0,0x90002000,0x0,0x3336f16ead85fa3a,0,patch_descriptor_write,0,cold
Ventus,rtlsim,tensor_2d_length,tensor_2d_length_u8_row128,tensor_2d_length_s2g_u8_row128_b24576,tensor,s2g,u8,8,2,24576,24576,0,aligned128,contiguous,none,none,zero,none,direct,low,1,668,0,0,ok,tmau_hot_reuse,model_default,0x0,0x90002000,0x0,0x3336f16ead85fa3a,1,patch_descriptor_write,0,hot
Ventus,rtlsim,tensor_2d_length,tensor_2d_length_u8_row128,tensor_2d_length_s2g_u8_row128_b28672,tensor,s2g,u8,8,2,28672,28672,0,aligned128,contiguous,none,none,zero,none,direct,low,0,776,0,0,ok,tmau_cold_first_use_fresh_allocation,model_default,0x0,0x90002000,0x0,0x7469bbe665c2bfa,0,patch_descriptor_write,0,cold
Ventus,rtlsim,tensor_2d_length,tensor_2d_length_u8_row128,tensor_2d_length_s2g_u8_row128_b28672,tensor,s2g,u8,8,2,28672,28672,0,aligned128,contiguous,none,none,zero,none,direct,low,1,768,0,0,ok,tmau_hot_reuse,model_default,0x0,0x90002000,0x0,0x7469bbe665c2bfa,1,patch_descriptor_write,0,hot
Ventus,rtlsim,tensor_2d_length,tensor_2d_length_u8_row128,tensor_2d_length_s2g_u8_row128_b32768,tensor,s2g,u8,8,2,32768,32768,0,aligned128,contiguous,none,none,zero,none,direct,low,0,875,0,0,ok,tmau_cold_first_use_fresh_allocation,model_default,0x0,0x90002000,0x0,0xa2b421d6ee8c79a3,0,patch_descriptor_write,0,cold
Ventus,rtlsim,tensor_2d_length,tensor_2d_length_u8_row128,tensor_2d_length_s2g_u8_row128_b32768,tensor,s2g,u8,8,2,32768,32768,0,aligned128,contiguous,none,none,zero,none,direct,low,1,863,0,0,ok,tmau_hot_reuse,model_default,0x0,0x90002000,0x0,0xa2b421d6ee8c79a3,1,patch_descriptor_write,0,hot
Ventus,rtlsim,tensor_2d_length,tensor_2d_length_u16_row32,tensor_2d_length_s2g_u16_row32_b128,tensor,s2g,u16,16,2,128,128,0,aligned128,contiguous,none,none,zero,none,direct,low,0,109,0,0,ok,tmau_cold_first_use_fresh_allocation,model_default,0x0,0x90003000,0x0,0x2f0d243bdb1080bb,0,patch_descriptor_write,0,cold
Ventus,rtlsim,tensor_2d_length,tensor_2d_length_u16_row32,tensor_2d_length_s2g_u16_row32_b128,tensor,s2g,u16,16,2,128,128,0,aligned128,contiguous,none,none,zero,none,direct,low,1,82,0,0,ok,tmau_hot_reuse,model_default,0x0,0x90003000,0x0,0x2f0d243bdb1080bb,1,patch_descriptor_write,0,hot
Ventus,rtlsim,tensor_2d_length,tensor_2d_length_u16_row32,tensor_2d_length_s2g_u16_row32_b256,tensor,s2g,u16,16,2,256,256,0,aligned128,contiguous,none,none,zero,none,direct,low,0,111,0,0,ok,tmau_cold_first_use_fresh_allocation,model_default,0x0,0x90003000,0x0,0x22c0bb89317fa8fb,0,patch_descriptor_write,0,cold
Ventus,rtlsim,tensor_2d_length,tensor_2d_length_u16_row32,tensor_2d_length_s2g_u16_row32_b256,tensor,s2g,u16,16,2,256,256,0,aligned128,contiguous,none,none,zero,none,direct,low,1,84,0,0,ok,tmau_hot_reuse,model_default,0x0,0x90003000,0x0,0x22c0bb89317fa8fb,1,patch_descriptor_write,0,hot
Ventus,rtlsim,tensor_2d_length,tensor_2d_length_u16_row32,tensor_2d_length_s2g_u16_row32_b1024,tensor,s2g,u16,16,2,1024,1024,0,aligned128,contiguous,none,none,zero,none,direct,low,0,124,0,0,ok,tmau_cold_first_use_fresh_allocation,model_default,0x0,0x90003000,0x0,0x8cce54b0de23097b,0,patch_descriptor_write,0,cold
Ventus,rtlsim,tensor_2d_length,tensor_2d_length_u16_row32,tensor_2d_length_s2g_u16_row32_b1024,tensor,s2g,u16,16,2,1024,1024,0,aligned128,contiguous,none,none,zero,none,direct,low,1,125,0,0,ok,tmau_hot_reuse,model_default,0x0,0x90003000,0x0,0x8cce54b0de23097b,1,patch_descriptor_write,0,hot
Ventus,rtlsim,tensor_2d_length,tensor_2d_length_u16_row32,tensor_2d_length_s2g_u16_row32_b4096,tensor,s2g,u16,16,2,4096,4096,0,aligned128,contiguous,none,none,zero,none,direct,low,0,204,0,0,ok,tmau_cold_first_use_fresh_allocation,model_default,0x0,0x90004000,0x0,0x6eced7ea213b024b,0,patch_descriptor_write,0,cold
Ventus,rtlsim,tensor_2d_length,tensor_2d_length_u16_row32,tensor_2d_length_s2g_u16_row32_b4096,tensor,s2g,u16,16,2,4096,4096,0,aligned128,contiguous,none,none,zero,none,direct,low,1,186,0,0,ok,tmau_hot_reuse,model_default,0x0,0x90004000,0x0,0x6eced7ea213b024b,1,patch_descriptor_write,0,hot
Ventus,rtlsim,tensor_2d_length,tensor_2d_length_u16_row32,tensor_2d_length_s2g_u16_row32_b8192,tensor,s2g,u16,16,2,8192,8192,0,aligned128,contiguous,none,none,zero,none,direct,low,0,298,0,0,ok,tmau_cold_first_use_fresh_allocation,model_default,0x0,0x90002000,0x0,0x4df381989d31495b,0,patch_descriptor_write,0,cold
Ventus,rtlsim,tensor_2d_length,tensor_2d_length_u16_row32,tensor_2d_length_s2g_u16_row32_b8192,tensor,s2g,u16,16,2,8192,8192,0,aligned128,contiguous,none,none,zero,none,direct,low,1,296,0,0,ok,tmau_hot_reuse,model_default,0x0,0x90002000,0x0,0x4df381989d31495b,1,patch_descriptor_write,0,hot
Ventus,rtlsim,tensor_2d_length,tensor_2d_length_u16_row128,tensor_2d_length_s2g_u16_row128_b16384,tensor,s2g,u16,16,2,16384,16384,0,aligned128,contiguous,none,none,zero,none,direct,low,0,490,0,0,ok,tmau_cold_first_use_fresh_allocation,model_default,0x0,0x90002000,0x0,0x79786b1b074cc5eb,0,patch_descriptor_write,0,cold
Ventus,rtlsim,tensor_2d_length,tensor_2d_length_u16_row128,tensor_2d_length_s2g_u16_row128_b16384,tensor,s2g,u16,16,2,16384,16384,0,aligned128,contiguous,none,none,zero,none,direct,low,1,478,0,0,ok,tmau_hot_reuse,model_default,0x0,0x90002000,0x0,0x79786b1b074cc5eb,1,patch_descriptor_write,0,hot
Ventus,rtlsim,tensor_2d_length,tensor_2d_length_u16_row128,tensor_2d_length_s2g_u16_row128_b32768,tensor,s2g,u16,16,2,32768,32768,0,aligned128,contiguous,none,none,zero,none,direct,low,0,875,0,0,ok,tmau_cold_first_use_fresh_allocation,model_default,0x0,0x90002000,0x0,0x45ae5b5002f8aa62,0,patch_descriptor_write,0,cold
Ventus,rtlsim,tensor_2d_length,tensor_2d_length_u16_row128,tensor_2d_length_s2g_u16_row128_b32768,tensor,s2g,u16,16,2,32768,32768,0,aligned128,contiguous,none,none,zero,none,direct,low,1,863,0,0,ok,tmau_hot_reuse,model_default,0x0,0x90002000,0x0,0x45ae5b5002f8aa62,1,patch_descriptor_write,0,hot
