gpu,cc,l2_bytes,project,level,path,direction,order,mode,map_mode,bytes,contexts,commands,repeat,pair_role,issue_cycles,total_cycles,issue_span_ns,completion_span_ns,errors,smid,source_descriptor_bank_va,destination_descriptor_bank_va,source_descriptor_bank_fingerprint64,destination_descriptor_bank_fingerprint64,descriptor_pages_per_repeat,repeat_descriptor_bank_unique,prior_tma_use,descriptor_l2_warm_method,tma_prefetch_before_issue,descriptor_state
NVIDIA B200,10.0,132644864,mixed_direction,intra_cta,tensor,mixed,alternating,serial,same_map,128,1,2,0,cold,1651,1671,0,0,0,142,0x00002b9db5082000,0x00002b9db5084000,0x5e32841e305e7c77,0x65b69cbf67f3f4a3,1,0,0,ld.global.cg,0,tmau_cold_bank_first_use
NVIDIA B200,10.0,132644864,mixed_direction,intra_cta,tensor,mixed,alternating,serial,same_map,128,1,2,1,hot,827,847,0,0,0,142,0x00002b9db5082000,0x00002b9db5084000,0x5e32841e305e7c77,0x65b69cbf67f3f4a3,1,0,1,ld.global.cg,0,tmau_hot_bank_reuse
NVIDIA B200,10.0,132644864,mixed_direction,intra_cta,tensor,mixed,alternating,batched,same_map,128,1,2,0,cold,606,1092,0,0,0,142,0x00002b9db5086000,0x00002b9db5088000,0x5e32841e305e7c77,0x65b69cbf67f3f4a3,1,0,0,ld.global.cg,0,tmau_cold_bank_first_use
NVIDIA B200,10.0,132644864,mixed_direction,intra_cta,tensor,mixed,alternating,batched,same_map,128,1,2,1,hot,337,630,0,0,0,142,0x00002b9db5086000,0x00002b9db5088000,0x5e32841e305e7c77,0x65b69cbf67f3f4a3,1,0,1,ld.global.cg,0,tmau_hot_bank_reuse
NVIDIA B200,10.0,132644864,mixed_direction,intra_cta,tensor,mixed,g2s_then_s2g,serial,same_map,128,1,2,0,cold,1406,1426,0,0,0,142,0x00002b9db508a000,0x00002b9db508c000,0x5e32841e305e7c77,0x65b69cbf67f3f4a3,1,0,0,ld.global.cg,0,tmau_cold_bank_first_use
NVIDIA B200,10.0,132644864,mixed_direction,intra_cta,tensor,mixed,g2s_then_s2g,serial,same_map,128,1,2,1,hot,827,847,0,0,0,142,0x00002b9db508a000,0x00002b9db508c000,0x5e32841e305e7c77,0x65b69cbf67f3f4a3,1,0,1,ld.global.cg,0,tmau_hot_bank_reuse
NVIDIA B200,10.0,132644864,mixed_direction,intra_cta,tensor,mixed,g2s_then_s2g,batched,same_map,128,1,2,0,cold,689,1109,0,0,0,142,0x00002b9db508e000,0x00002b9db5090000,0x5e32841e305e7c77,0x65b69cbf67f3f4a3,1,0,0,ld.global.cg,0,tmau_cold_bank_first_use
NVIDIA B200,10.0,132644864,mixed_direction,intra_cta,tensor,mixed,g2s_then_s2g,batched,same_map,128,1,2,1,hot,391,633,0,0,0,142,0x00002b9db508e000,0x00002b9db5090000,0x5e32841e305e7c77,0x65b69cbf67f3f4a3,1,0,1,ld.global.cg,0,tmau_hot_bank_reuse
NVIDIA B200,10.0,132644864,mixed_direction,intra_cta,tensor,mixed,s2g_then_g2s,serial,same_map,128,1,2,0,cold,1298,1328,0,0,0,142,0x00002b9db5092000,0x00002b9db5094000,0x5e32841e305e7c77,0x65b69cbf67f3f4a3,1,0,0,ld.global.cg,0,tmau_cold_bank_first_use
NVIDIA B200,10.0,132644864,mixed_direction,intra_cta,tensor,mixed,s2g_then_g2s,serial,same_map,128,1,2,1,hot,731,751,0,0,0,142,0x00002b9db5092000,0x00002b9db5094000,0x5e32841e305e7c77,0x65b69cbf67f3f4a3,1,0,1,ld.global.cg,0,tmau_hot_bank_reuse
NVIDIA B200,10.0,132644864,mixed_direction,intra_cta,tensor,mixed,s2g_then_g2s,batched,same_map,128,1,2,0,cold,784,1417,0,0,0,142,0x00002b9db5096000,0x00002b9db5098000,0x5e32841e305e7c77,0x65b69cbf67f3f4a3,1,0,0,ld.global.cg,0,tmau_cold_bank_first_use
NVIDIA B200,10.0,132644864,mixed_direction,intra_cta,tensor,mixed,s2g_then_g2s,batched,same_map,128,1,2,1,hot,490,810,0,0,0,142,0x00002b9db5096000,0x00002b9db5098000,0x5e32841e305e7c77,0x65b69cbf67f3f4a3,1,0,1,ld.global.cg,0,tmau_hot_bank_reuse
NVIDIA B200,10.0,132644864,mixed_direction,intra_cta,tensor,mixed,alternating,serial,distinct_map,128,1,2,0,cold,1402,1422,0,0,0,142,0x00002b9db509a000,0x00002b9db509c000,0x5e32841e305e7c77,0x65b69cbf67f3f4a3,1,0,0,ld.global.cg,0,tmau_cold_bank_first_use
NVIDIA B200,10.0,132644864,mixed_direction,intra_cta,tensor,mixed,alternating,serial,distinct_map,128,1,2,1,hot,827,847,0,0,0,142,0x00002b9db509a000,0x00002b9db509c000,0x5e32841e305e7c77,0x65b69cbf67f3f4a3,1,0,1,ld.global.cg,0,tmau_hot_bank_reuse
NVIDIA B200,10.0,132644864,mixed_direction,intra_cta,tensor,mixed,alternating,batched,distinct_map,128,1,2,0,cold,464,1004,0,0,0,142,0x00002b9db509e000,0x00002b9db50a0000,0x5e32841e305e7c77,0x65b69cbf67f3f4a3,1,0,0,ld.global.cg,0,tmau_cold_bank_first_use
NVIDIA B200,10.0,132644864,mixed_direction,intra_cta,tensor,mixed,alternating,batched,distinct_map,128,1,2,1,hot,337,630,0,0,0,142,0x00002b9db509e000,0x00002b9db50a0000,0x5e32841e305e7c77,0x65b69cbf67f3f4a3,1,0,1,ld.global.cg,0,tmau_hot_bank_reuse
NVIDIA B200,10.0,132644864,mixed_direction,intra_cta,tensor,mixed,g2s_then_s2g,serial,distinct_map,128,1,2,0,cold,1405,1425,0,0,0,142,0x00002b9db50a2000,0x00002b9db50a4000,0x5e32841e305e7c77,0x65b69cbf67f3f4a3,1,0,0,ld.global.cg,0,tmau_cold_bank_first_use
NVIDIA B200,10.0,132644864,mixed_direction,intra_cta,tensor,mixed,g2s_then_s2g,serial,distinct_map,128,1,2,1,hot,853,887,0,0,0,142,0x00002b9db50a2000,0x00002b9db50a4000,0x5e32841e305e7c77,0x65b69cbf67f3f4a3,1,0,1,ld.global.cg,0,tmau_hot_bank_reuse
NVIDIA B200,10.0,132644864,mixed_direction,intra_cta,tensor,mixed,g2s_then_s2g,batched,distinct_map,128,1,2,0,cold,463,900,0,0,0,142,0x00002b9db50a6000,0x00002b9db50a8000,0x5e32841e305e7c77,0x65b69cbf67f3f4a3,1,0,0,ld.global.cg,0,tmau_cold_bank_first_use
NVIDIA B200,10.0,132644864,mixed_direction,intra_cta,tensor,mixed,g2s_then_s2g,batched,distinct_map,128,1,2,1,hot,422,668,0,0,0,142,0x00002b9db50a6000,0x00002b9db50a8000,0x5e32841e305e7c77,0x65b69cbf67f3f4a3,1,0,1,ld.global.cg,0,tmau_hot_bank_reuse
NVIDIA B200,10.0,132644864,mixed_direction,intra_cta,tensor,mixed,s2g_then_g2s,serial,distinct_map,128,1,2,0,cold,1322,1355,0,0,0,142,0x00002b9db50aa000,0x00002b9db50ac000,0x5e32841e305e7c77,0x65b69cbf67f3f4a3,1,0,0,ld.global.cg,0,tmau_cold_bank_first_use
NVIDIA B200,10.0,132644864,mixed_direction,intra_cta,tensor,mixed,s2g_then_g2s,serial,distinct_map,128,1,2,1,hot,731,751,0,0,0,142,0x00002b9db50aa000,0x00002b9db50ac000,0x5e32841e305e7c77,0x65b69cbf67f3f4a3,1,0,1,ld.global.cg,0,tmau_hot_bank_reuse
NVIDIA B200,10.0,132644864,mixed_direction,intra_cta,tensor,mixed,s2g_then_g2s,batched,distinct_map,128,1,2,0,cold,526,1084,0,0,0,142,0x00002b9db50ae000,0x00002b9db50b0000,0x5e32841e305e7c77,0x65b69cbf67f3f4a3,1,0,0,ld.global.cg,0,tmau_cold_bank_first_use
NVIDIA B200,10.0,132644864,mixed_direction,intra_cta,tensor,mixed,s2g_then_g2s,batched,distinct_map,128,1,2,1,hot,490,810,0,0,0,142,0x00002b9db50ae000,0x00002b9db50b0000,0x5e32841e305e7c77,0x65b69cbf67f3f4a3,1,0,1,ld.global.cg,0,tmau_hot_bank_reuse
NVIDIA B200,10.0,132644864,mixed_direction,intra_cta,tensor,mixed,alternating,serial,same_map,128,2,4,0,cold,2217,2251,0,0,0,142,0x00002b9db50b2000,0x00002b9db50b4000,0x75c53539a2c9a1f4,0x554c63e4a1d75660,1,0,0,ld.global.cg,0,tmau_cold_bank_first_use
NVIDIA B200,10.0,132644864,mixed_direction,intra_cta,tensor,mixed,alternating,serial,same_map,128,2,4,1,hot,1573,1593,0,0,0,142,0x00002b9db50b2000,0x00002b9db50b4000,0x75c53539a2c9a1f4,0x554c63e4a1d75660,1,0,1,ld.global.cg,0,tmau_hot_bank_reuse
NVIDIA B200,10.0,132644864,mixed_direction,intra_cta,tensor,mixed,alternating,batched,same_map,128,2,4,0,cold,628,1106,0,0,0,142,0x00002b9db50b6000,0x00002b9db50b8000,0x75c53539a2c9a1f4,0x554c63e4a1d75660,1,0,0,ld.global.cg,0,tmau_cold_bank_first_use
NVIDIA B200,10.0,132644864,mixed_direction,intra_cta,tensor,mixed,alternating,batched,same_map,128,2,4,1,hot,565,773,0,0,0,142,0x00002b9db50b6000,0x00002b9db50b8000,0x75c53539a2c9a1f4,0x554c63e4a1d75660,1,0,1,ld.global.cg,0,tmau_hot_bank_reuse
NVIDIA B200,10.0,132644864,mixed_direction,intra_cta,tensor,mixed,g2s_then_s2g,serial,same_map,128,2,4,0,cold,2189,2209,0,0,0,142,0x00002b9db50ba000,0x00002b9db50bc000,0x75c53539a2c9a1f4,0x554c63e4a1d75660,1,0,0,ld.global.cg,0,tmau_cold_bank_first_use
NVIDIA B200,10.0,132644864,mixed_direction,intra_cta,tensor,mixed,g2s_then_s2g,serial,same_map,128,2,4,1,hot,1573,1593,0,0,0,142,0x00002b9db50ba000,0x00002b9db50bc000,0x75c53539a2c9a1f4,0x554c63e4a1d75660,1,0,1,ld.global.cg,0,tmau_hot_bank_reuse
NVIDIA B200,10.0,132644864,mixed_direction,intra_cta,tensor,mixed,g2s_then_s2g,batched,same_map,128,2,4,0,cold,705,1133,0,0,0,142,0x00002b9db50be000,0x00002b9db50c0000,0x75c53539a2c9a1f4,0x554c63e4a1d75660,1,0,0,ld.global.cg,0,tmau_cold_bank_first_use
NVIDIA B200,10.0,132644864,mixed_direction,intra_cta,tensor,mixed,g2s_then_s2g,batched,same_map,128,2,4,1,hot,646,854,0,0,0,142,0x00002b9db50be000,0x00002b9db50c0000,0x75c53539a2c9a1f4,0x554c63e4a1d75660,1,0,1,ld.global.cg,0,tmau_hot_bank_reuse
NVIDIA B200,10.0,132644864,mixed_direction,intra_cta,tensor,mixed,s2g_then_g2s,serial,same_map,128,2,4,0,cold,1990,2023,0,0,0,142,0x00002b9db50c2000,0x00002b9db50c4000,0x75c53539a2c9a1f4,0x554c63e4a1d75660,1,0,0,ld.global.cg,0,tmau_cold_bank_first_use
NVIDIA B200,10.0,132644864,mixed_direction,intra_cta,tensor,mixed,s2g_then_g2s,serial,same_map,128,2,4,1,hot,1381,1401,0,0,0,142,0x00002b9db50c2000,0x00002b9db50c4000,0x75c53539a2c9a1f4,0x554c63e4a1d75660,1,0,1,ld.global.cg,0,tmau_hot_bank_reuse
NVIDIA B200,10.0,132644864,mixed_direction,intra_cta,tensor,mixed,s2g_then_g2s,batched,same_map,128,2,4,0,cold,701,1275,0,0,0,142,0x00002b9db50c6000,0x00002b9db50c8000,0x75c53539a2c9a1f4,0x554c63e4a1d75660,1,0,0,ld.global.cg,0,tmau_cold_bank_first_use
NVIDIA B200,10.0,132644864,mixed_direction,intra_cta,tensor,mixed,s2g_then_g2s,batched,same_map,128,2,4,1,hot,672,1083,0,0,0,142,0x00002b9db50c6000,0x00002b9db50c8000,0x75c53539a2c9a1f4,0x554c63e4a1d75660,1,0,1,ld.global.cg,0,tmau_hot_bank_reuse
NVIDIA B200,10.0,132644864,mixed_direction,intra_cta,tensor,mixed,alternating,serial,distinct_map,128,2,4,0,cold,2691,2711,0,0,0,142,0x00002b9db50ca000,0x00002b9db50cd000,0x4dc485a3df209f3b,0x94b64384740b4c83,2,0,0,ld.global.cg,0,tmau_cold_bank_first_use
NVIDIA B200,10.0,132644864,mixed_direction,intra_cta,tensor,mixed,alternating,serial,distinct_map,128,2,4,1,hot,1573,1593,0,0,0,142,0x00002b9db50ca000,0x00002b9db50cd000,0x4dc485a3df209f3b,0x94b64384740b4c83,2,0,1,ld.global.cg,0,tmau_hot_bank_reuse
NVIDIA B200,10.0,132644864,mixed_direction,intra_cta,tensor,mixed,alternating,batched,distinct_map,128,2,4,0,cold,628,1260,0,0,0,142,0x00002b9db50d0000,0x00002b9db50d3000,0x4dc485a3df209f3b,0x94b64384740b4c83,2,0,0,ld.global.cg,0,tmau_cold_bank_first_use
NVIDIA B200,10.0,132644864,mixed_direction,intra_cta,tensor,mixed,alternating,batched,distinct_map,128,2,4,1,hot,565,773,0,0,0,142,0x00002b9db50d0000,0x00002b9db50d3000,0x4dc485a3df209f3b,0x94b64384740b4c83,2,0,1,ld.global.cg,0,tmau_hot_bank_reuse
NVIDIA B200,10.0,132644864,mixed_direction,intra_cta,tensor,mixed,g2s_then_s2g,serial,distinct_map,128,2,4,0,cold,2748,2768,0,0,0,142,0x00002b9db50d6000,0x00002b9db50d9000,0x4dc485a3df209f3b,0x94b64384740b4c83,2,0,0,ld.global.cg,0,tmau_cold_bank_first_use
NVIDIA B200,10.0,132644864,mixed_direction,intra_cta,tensor,mixed,g2s_then_s2g,serial,distinct_map,128,2,4,1,hot,1573,1593,0,0,0,142,0x00002b9db50d6000,0x00002b9db50d9000,0x4dc485a3df209f3b,0x94b64384740b4c83,2,0,1,ld.global.cg,0,tmau_hot_bank_reuse
NVIDIA B200,10.0,132644864,mixed_direction,intra_cta,tensor,mixed,g2s_then_s2g,batched,distinct_map,128,2,4,0,cold,705,1227,0,0,0,142,0x00002b9db50dc000,0x00002b9db50df000,0x4dc485a3df209f3b,0x94b64384740b4c83,2,0,0,ld.global.cg,0,tmau_cold_bank_first_use
NVIDIA B200,10.0,132644864,mixed_direction,intra_cta,tensor,mixed,g2s_then_s2g,batched,distinct_map,128,2,4,1,hot,646,854,0,0,0,142,0x00002b9db50dc000,0x00002b9db50df000,0x4dc485a3df209f3b,0x94b64384740b4c83,2,0,1,ld.global.cg,0,tmau_hot_bank_reuse
NVIDIA B200,10.0,132644864,mixed_direction,intra_cta,tensor,mixed,s2g_then_g2s,serial,distinct_map,128,2,4,0,cold,2667,2700,0,0,0,142,0x00002b9db50e2000,0x00002b9db50e5000,0x4dc485a3df209f3b,0x94b64384740b4c83,2,0,0,ld.global.cg,0,tmau_cold_bank_first_use
NVIDIA B200,10.0,132644864,mixed_direction,intra_cta,tensor,mixed,s2g_then_g2s,serial,distinct_map,128,2,4,1,hot,1381,1401,0,0,0,142,0x00002b9db50e2000,0x00002b9db50e5000,0x4dc485a3df209f3b,0x94b64384740b4c83,2,0,1,ld.global.cg,0,tmau_hot_bank_reuse
NVIDIA B200,10.0,132644864,mixed_direction,intra_cta,tensor,mixed,s2g_then_g2s,batched,distinct_map,128,2,4,0,cold,701,1275,0,0,0,142,0x00002b9db50e8000,0x00002b9db50eb000,0x4dc485a3df209f3b,0x94b64384740b4c83,2,0,0,ld.global.cg,0,tmau_cold_bank_first_use
NVIDIA B200,10.0,132644864,mixed_direction,intra_cta,tensor,mixed,s2g_then_g2s,batched,distinct_map,128,2,4,1,hot,672,1083,0,0,0,142,0x00002b9db50e8000,0x00002b9db50eb000,0x4dc485a3df209f3b,0x94b64384740b4c83,2,0,1,ld.global.cg,0,tmau_hot_bank_reuse
NVIDIA B200,10.0,132644864,mixed_direction,intra_cta,tensor,mixed,alternating,serial,same_map,128,4,8,0,cold,3670,3690,0,0,0,142,0x00002b9db50ee000,0x00002b9db50f0000,0x358034d8d2cf9566,0xc5c2de699040d432,1,0,0,ld.global.cg,0,tmau_cold_bank_first_use
NVIDIA B200,10.0,132644864,mixed_direction,intra_cta,tensor,mixed,alternating,serial,same_map,128,4,8,1,hot,3065,3085,0,0,0,142,0x00002b9db50ee000,0x00002b9db50f0000,0x358034d8d2cf9566,0xc5c2de699040d432,1,0,1,ld.global.cg,0,tmau_hot_bank_reuse
NVIDIA B200,10.0,132644864,mixed_direction,intra_cta,tensor,mixed,alternating,batched,same_map,128,4,8,0,cold,970,1425,0,0,0,142,0x00002b9db50f2000,0x00002b9db50f4000,0x358034d8d2cf9566,0xc5c2de699040d432,1,0,0,ld.global.cg,0,tmau_cold_bank_first_use
NVIDIA B200,10.0,132644864,mixed_direction,intra_cta,tensor,mixed,alternating,batched,same_map,128,4,8,1,hot,772,1162,0,0,0,142,0x00002b9db50f2000,0x00002b9db50f4000,0x358034d8d2cf9566,0xc5c2de699040d432,1,0,1,ld.global.cg,0,tmau_hot_bank_reuse
NVIDIA B200,10.0,132644864,mixed_direction,intra_cta,tensor,mixed,g2s_then_s2g,serial,same_map,128,4,8,0,cold,3695,3715,0,0,0,142,0x00002b9db50f6000,0x00002b9db50f8000,0x358034d8d2cf9566,0xc5c2de699040d432,1,0,0,ld.global.cg,0,tmau_cold_bank_first_use
NVIDIA B200,10.0,132644864,mixed_direction,intra_cta,tensor,mixed,g2s_then_s2g,serial,same_map,128,4,8,1,hot,3065,3085,0,0,0,142,0x00002b9db50f6000,0x00002b9db50f8000,0x358034d8d2cf9566,0xc5c2de699040d432,1,0,1,ld.global.cg,0,tmau_hot_bank_reuse
NVIDIA B200,10.0,132644864,mixed_direction,intra_cta,tensor,mixed,g2s_then_s2g,batched,same_map,128,4,8,0,cold,1011,1511,0,0,0,142,0x00002b9db50fa000,0x00002b9db50fc000,0x358034d8d2cf9566,0xc5c2de699040d432,1,0,0,ld.global.cg,0,tmau_cold_bank_first_use
NVIDIA B200,10.0,132644864,mixed_direction,intra_cta,tensor,mixed,g2s_then_s2g,batched,same_map,128,4,8,1,hot,918,1308,0,0,0,142,0x00002b9db50fa000,0x00002b9db50fc000,0x358034d8d2cf9566,0xc5c2de699040d432,1,0,1,ld.global.cg,0,tmau_hot_bank_reuse
NVIDIA B200,10.0,132644864,mixed_direction,intra_cta,tensor,mixed,s2g_then_g2s,serial,same_map,128,4,8,0,cold,3297,3330,0,0,0,142,0x00002b9db50fe000,0x00002b9db5100000,0x358034d8d2cf9566,0xc5c2de699040d432,1,0,0,ld.global.cg,0,tmau_cold_bank_first_use
NVIDIA B200,10.0,132644864,mixed_direction,intra_cta,tensor,mixed,s2g_then_g2s,serial,same_map,128,4,8,1,hot,2681,2701,0,0,0,142,0x00002b9db50fe000,0x00002b9db5100000,0x358034d8d2cf9566,0xc5c2de699040d432,1,0,1,ld.global.cg,0,tmau_hot_bank_reuse
NVIDIA B200,10.0,132644864,mixed_direction,intra_cta,tensor,mixed,s2g_then_g2s,batched,same_map,128,4,8,0,cold,1053,1508,0,0,0,142,0x00002b9db5102000,0x00002b9db5104000,0x358034d8d2cf9566,0xc5c2de699040d432,1,0,0,ld.global.cg,0,tmau_cold_bank_first_use
NVIDIA B200,10.0,132644864,mixed_direction,intra_cta,tensor,mixed,s2g_then_g2s,batched,same_map,128,4,8,1,hot,924,1314,0,0,0,142,0x00002b9db5102000,0x00002b9db5104000,0x358034d8d2cf9566,0xc5c2de699040d432,1,0,1,ld.global.cg,0,tmau_hot_bank_reuse
NVIDIA B200,10.0,132644864,mixed_direction,intra_cta,tensor,mixed,alternating,serial,distinct_map,128,4,8,0,cold,5344,5364,0,0,0,142,0x00002b9db5106000,0x00002b9db510b000,0xc6fbd9e888475cfd,0x7aea0961d91fc985,4,0,0,ld.global.cg,0,tmau_cold_bank_first_use
NVIDIA B200,10.0,132644864,mixed_direction,intra_cta,tensor,mixed,alternating,serial,distinct_map,128,4,8,1,hot,3065,3085,0,0,0,142,0x00002b9db5106000,0x00002b9db510b000,0xc6fbd9e888475cfd,0x7aea0961d91fc985,4,0,1,ld.global.cg,0,tmau_hot_bank_reuse
NVIDIA B200,10.0,132644864,mixed_direction,intra_cta,tensor,mixed,alternating,batched,distinct_map,128,4,8,0,cold,835,1901,0,0,0,142,0x00002b9db5110000,0x00002b9db5115000,0xc6fbd9e888475cfd,0x7aea0961d91fc985,4,0,0,ld.global.cg,0,tmau_cold_bank_first_use
NVIDIA B200,10.0,132644864,mixed_direction,intra_cta,tensor,mixed,alternating,batched,distinct_map,128,4,8,1,hot,772,1162,0,0,0,142,0x00002b9db5110000,0x00002b9db5115000,0xc6fbd9e888475cfd,0x7aea0961d91fc985,4,0,1,ld.global.cg,0,tmau_hot_bank_reuse
NVIDIA B200,10.0,132644864,mixed_direction,intra_cta,tensor,mixed,g2s_then_s2g,serial,distinct_map,128,4,8,0,cold,5318,5338,0,0,0,142,0x00002b9db511a000,0x00002b9db511f000,0xc6fbd9e888475cfd,0x7aea0961d91fc985,4,0,0,ld.global.cg,0,tmau_cold_bank_first_use
NVIDIA B200,10.0,132644864,mixed_direction,intra_cta,tensor,mixed,g2s_then_s2g,serial,distinct_map,128,4,8,1,hot,3065,3085,0,0,0,142,0x00002b9db511a000,0x00002b9db511f000,0xc6fbd9e888475cfd,0x7aea0961d91fc985,4,0,1,ld.global.cg,0,tmau_hot_bank_reuse
NVIDIA B200,10.0,132644864,mixed_direction,intra_cta,tensor,mixed,g2s_then_s2g,batched,distinct_map,128,4,8,0,cold,928,1765,0,0,0,142,0x00002b9db5124000,0x00002b9db5129000,0xc6fbd9e888475cfd,0x7aea0961d91fc985,4,0,0,ld.global.cg,0,tmau_cold_bank_first_use
NVIDIA B200,10.0,132644864,mixed_direction,intra_cta,tensor,mixed,g2s_then_s2g,batched,distinct_map,128,4,8,1,hot,918,1308,0,0,0,142,0x00002b9db5124000,0x00002b9db5129000,0xc6fbd9e888475cfd,0x7aea0961d91fc985,4,0,1,ld.global.cg,0,tmau_hot_bank_reuse
NVIDIA B200,10.0,132644864,mixed_direction,intra_cta,tensor,mixed,s2g_then_g2s,serial,distinct_map,128,4,8,0,cold,4940,4970,0,0,0,142,0x00002b9db512e000,0x00002b9db5133000,0xc6fbd9e888475cfd,0x7aea0961d91fc985,4,0,0,ld.global.cg,0,tmau_cold_bank_first_use
NVIDIA B200,10.0,132644864,mixed_direction,intra_cta,tensor,mixed,s2g_then_g2s,serial,distinct_map,128,4,8,1,hot,2681,2715,0,0,0,142,0x00002b9db512e000,0x00002b9db5133000,0xc6fbd9e888475cfd,0x7aea0961d91fc985,4,0,1,ld.global.cg,0,tmau_hot_bank_reuse
NVIDIA B200,10.0,132644864,mixed_direction,intra_cta,tensor,mixed,s2g_then_g2s,batched,distinct_map,128,4,8,0,cold,960,1718,0,0,0,142,0x00002b9db5138000,0x00002b9db513d000,0xc6fbd9e888475cfd,0x7aea0961d91fc985,4,0,0,ld.global.cg,0,tmau_cold_bank_first_use
NVIDIA B200,10.0,132644864,mixed_direction,intra_cta,tensor,mixed,s2g_then_g2s,batched,distinct_map,128,4,8,1,hot,924,1314,0,0,0,142,0x00002b9db5138000,0x00002b9db513d000,0xc6fbd9e888475cfd,0x7aea0961d91fc985,4,0,1,ld.global.cg,0,tmau_hot_bank_reuse
NVIDIA B200,10.0,132644864,mixed_direction,intra_cta,tensor,mixed,alternating,serial,same_map,128,8,16,0,cold,6661,6695,0,0,0,142,0x00002b9db5142000,0x00002b9db5144000,0x9af2eb81e4246872,0xcf53eba3ffbacf26,1,0,0,ld.global.cg,0,tmau_cold_bank_first_use
NVIDIA B200,10.0,132644864,mixed_direction,intra_cta,tensor,mixed,alternating,serial,same_map,128,8,16,1,hot,6049,6069,0,0,0,142,0x00002b9db5142000,0x00002b9db5144000,0x9af2eb81e4246872,0xcf53eba3ffbacf26,1,0,1,ld.global.cg,0,tmau_hot_bank_reuse
NVIDIA B200,10.0,132644864,mixed_direction,intra_cta,tensor,mixed,alternating,batched,same_map,128,8,16,0,cold,1317,2136,0,0,0,142,0x00002b9db5146000,0x00002b9db5148000,0x9af2eb81e4246872,0xcf53eba3ffbacf26,1,0,0,ld.global.cg,0,tmau_cold_bank_first_use
NVIDIA B200,10.0,132644864,mixed_direction,intra_cta,tensor,mixed,alternating,batched,same_map,128,8,16,1,hot,1254,2008,0,0,0,142,0x00002b9db5146000,0x00002b9db5148000,0x9af2eb81e4246872,0xcf53eba3ffbacf26,1,0,1,ld.global.cg,0,tmau_hot_bank_reuse
NVIDIA B200,10.0,132644864,mixed_direction,intra_cta,tensor,mixed,g2s_then_s2g,serial,same_map,128,8,16,0,cold,6671,6705,0,0,0,142,0x00002b9db514a000,0x00002b9db514c000,0x9af2eb81e4246872,0xcf53eba3ffbacf26,1,0,0,ld.global.cg,0,tmau_cold_bank_first_use
NVIDIA B200,10.0,132644864,mixed_direction,intra_cta,tensor,mixed,g2s_then_s2g,serial,same_map,128,8,16,1,hot,6049,6069,0,0,0,142,0x00002b9db514a000,0x00002b9db514c000,0x9af2eb81e4246872,0xcf53eba3ffbacf26,1,0,1,ld.global.cg,0,tmau_hot_bank_reuse
NVIDIA B200,10.0,132644864,mixed_direction,intra_cta,tensor,mixed,g2s_then_s2g,batched,same_map,128,8,16,0,cold,1453,2272,0,0,0,142,0x00002b9db514e000,0x00002b9db5150000,0x9af2eb81e4246872,0xcf53eba3ffbacf26,1,0,0,ld.global.cg,0,tmau_cold_bank_first_use
NVIDIA B200,10.0,132644864,mixed_direction,intra_cta,tensor,mixed,g2s_then_s2g,batched,same_map,128,8,16,1,hot,1443,2197,0,0,0,142,0x00002b9db514e000,0x00002b9db5150000,0x9af2eb81e4246872,0xcf53eba3ffbacf26,1,0,1,ld.global.cg,0,tmau_hot_bank_reuse
NVIDIA B200,10.0,132644864,mixed_direction,intra_cta,tensor,mixed,s2g_then_g2s,serial,same_map,128,8,16,0,cold,6022,6055,0,0,0,142,0x00002b9db5152000,0x00002b9db5154000,0x9af2eb81e4246872,0xcf53eba3ffbacf26,1,0,0,ld.global.cg,0,tmau_cold_bank_first_use
NVIDIA B200,10.0,132644864,mixed_direction,intra_cta,tensor,mixed,s2g_then_g2s,serial,same_map,128,8,16,1,hot,5281,5301,0,0,0,142,0x00002b9db5152000,0x00002b9db5154000,0x9af2eb81e4246872,0xcf53eba3ffbacf26,1,0,1,ld.global.cg,0,tmau_hot_bank_reuse
NVIDIA B200,10.0,132644864,mixed_direction,intra_cta,tensor,mixed,s2g_then_g2s,batched,same_map,128,8,16,0,cold,1493,2312,0,0,0,142,0x00002b9db5156000,0x00002b9db5158000,0x9af2eb81e4246872,0xcf53eba3ffbacf26,1,0,0,ld.global.cg,0,tmau_cold_bank_first_use
NVIDIA B200,10.0,132644864,mixed_direction,intra_cta,tensor,mixed,s2g_then_g2s,batched,same_map,128,8,16,1,hot,1441,2195,0,0,0,142,0x00002b9db5156000,0x00002b9db5158000,0x9af2eb81e4246872,0xcf53eba3ffbacf26,1,0,1,ld.global.cg,0,tmau_hot_bank_reuse
NVIDIA B200,10.0,132644864,mixed_direction,intra_cta,tensor,mixed,alternating,serial,distinct_map,128,8,16,0,cold,10550,10570,0,0,0,142,0x00002b9db515a000,0x00002b9db5163000,0x269520ddda3fae23,0xf3c8f66b654516d3,8,0,0,ld.global.cg,0,tmau_cold_bank_first_use
NVIDIA B200,10.0,132644864,mixed_direction,intra_cta,tensor,mixed,alternating,serial,distinct_map,128,8,16,1,hot,6473,6493,0,0,0,142,0x00002b9db515a000,0x00002b9db5163000,0x269520ddda3fae23,0xf3c8f66b654516d3,8,0,1,ld.global.cg,0,tmau_hot_bank_reuse
NVIDIA B200,10.0,132644864,mixed_direction,intra_cta,tensor,mixed,alternating,batched,distinct_map,128,8,16,0,cold,1777,3370,0,0,0,142,0x00002b9db516c000,0x00002b9db5175000,0x269520ddda3fae23,0xf3c8f66b654516d3,8,0,0,ld.global.cg,0,tmau_cold_bank_first_use
NVIDIA B200,10.0,132644864,mixed_direction,intra_cta,tensor,mixed,alternating,batched,distinct_map,128,8,16,1,hot,1254,2029,0,0,0,142,0x00002b9db516c000,0x00002b9db5175000,0x269520ddda3fae23,0xf3c8f66b654516d3,8,0,1,ld.global.cg,0,tmau_hot_bank_reuse
NVIDIA B200,10.0,132644864,mixed_direction,intra_cta,tensor,mixed,g2s_then_s2g,serial,distinct_map,128,8,16,0,cold,10541,10561,0,0,0,142,0x00002b9db517e000,0x00002b9db5187000,0x269520ddda3fae23,0xf3c8f66b654516d3,8,0,0,ld.global.cg,0,tmau_cold_bank_first_use
NVIDIA B200,10.0,132644864,mixed_direction,intra_cta,tensor,mixed,g2s_then_s2g,serial,distinct_map,128,8,16,1,hot,6473,6493,0,0,0,142,0x00002b9db517e000,0x00002b9db5187000,0x269520ddda3fae23,0xf3c8f66b654516d3,8,0,1,ld.global.cg,0,tmau_hot_bank_reuse
NVIDIA B200,10.0,132644864,mixed_direction,intra_cta,tensor,mixed,g2s_then_s2g,batched,distinct_map,128,8,16,0,cold,1550,3039,0,0,0,142,0x00002b9db5190000,0x00002b9db5199000,0x269520ddda3fae23,0xf3c8f66b654516d3,8,0,0,ld.global.cg,0,tmau_cold_bank_first_use
NVIDIA B200,10.0,132644864,mixed_direction,intra_cta,tensor,mixed,g2s_then_s2g,batched,distinct_map,128,8,16,1,hot,1443,2218,0,0,0,142,0x00002b9db5190000,0x00002b9db5199000,0x269520ddda3fae23,0xf3c8f66b654516d3,8,0,1,ld.global.cg,0,tmau_hot_bank_reuse
NVIDIA B200,10.0,132644864,mixed_direction,intra_cta,tensor,mixed,s2g_then_g2s,serial,distinct_map,128,8,16,0,cold,9742,9772,0,0,0,142,0x00002b9db51a2000,0x00002b9db51ab000,0x269520ddda3fae23,0xf3c8f66b654516d3,8,0,0,ld.global.cg,0,tmau_cold_bank_first_use
NVIDIA B200,10.0,132644864,mixed_direction,intra_cta,tensor,mixed,s2g_then_g2s,serial,distinct_map,128,8,16,1,hot,6917,6937,0,0,0,142,0x00002b9db51a2000,0x00002b9db51ab000,0x269520ddda3fae23,0xf3c8f66b654516d3,8,0,1,ld.global.cg,0,tmau_hot_bank_reuse
NVIDIA B200,10.0,132644864,mixed_direction,intra_cta,tensor,mixed,s2g_then_g2s,batched,distinct_map,128,8,16,0,cold,1614,2571,0,0,0,142,0x00002b9db51b4000,0x00002b9db51bd000,0x269520ddda3fae23,0xf3c8f66b654516d3,8,0,0,ld.global.cg,0,tmau_cold_bank_first_use
NVIDIA B200,10.0,132644864,mixed_direction,intra_cta,tensor,mixed,s2g_then_g2s,batched,distinct_map,128,8,16,1,hot,1441,2195,0,0,0,142,0x00002b9db51b4000,0x00002b9db51bd000,0x269520ddda3fae23,0xf3c8f66b654516d3,8,0,1,ld.global.cg,0,tmau_hot_bank_reuse
NVIDIA B200,10.0,132644864,mixed_direction,intra_cta,tensor,mixed,alternating,serial,same_map,128,16,32,0,cold,12661,12695,0,0,0,142,0x00002b9db51c6000,0x00002b9db51c8000,0x9b467deb2056c38a,0xe0cc5d45a195a73e,1,0,0,ld.global.cg,0,tmau_cold_bank_first_use
NVIDIA B200,10.0,132644864,mixed_direction,intra_cta,tensor,mixed,alternating,serial,same_map,128,16,32,1,hot,12017,12037,0,0,0,142,0x00002b9db51c6000,0x00002b9db51c8000,0x9b467deb2056c38a,0xe0cc5d45a195a73e,1,0,1,ld.global.cg,0,tmau_hot_bank_reuse
NVIDIA B200,10.0,132644864,mixed_direction,intra_cta,tensor,mixed,alternating,batched,same_map,128,16,32,0,cold,2281,3828,0,0,0,142,0x00002b9db51ca000,0x00002b9db51cc000,0x9b467deb2056c38a,0xe0cc5d45a195a73e,1,0,0,ld.global.cg,0,tmau_cold_bank_first_use
NVIDIA B200,10.0,132644864,mixed_direction,intra_cta,tensor,mixed,alternating,batched,same_map,128,16,32,1,hot,2218,3700,0,0,0,142,0x00002b9db51ca000,0x00002b9db51cc000,0x9b467deb2056c38a,0xe0cc5d45a195a73e,1,0,1,ld.global.cg,0,tmau_hot_bank_reuse
NVIDIA B200,10.0,132644864,mixed_direction,intra_cta,tensor,mixed,g2s_then_s2g,serial,same_map,128,16,32,0,cold,12634,12654,0,0,0,142,0x00002b9db51ce000,0x00002b9db51d0000,0x9b467deb2056c38a,0xe0cc5d45a195a73e,1,0,0,ld.global.cg,0,tmau_cold_bank_first_use
NVIDIA B200,10.0,132644864,mixed_direction,intra_cta,tensor,mixed,g2s_then_s2g,serial,same_map,128,16,32,1,hot,12017,12051,0,0,0,142,0x00002b9db51ce000,0x00002b9db51d0000,0x9b467deb2056c38a,0xe0cc5d45a195a73e,1,0,1,ld.global.cg,0,tmau_hot_bank_reuse
NVIDIA B200,10.0,132644864,mixed_direction,intra_cta,tensor,mixed,g2s_then_s2g,batched,same_map,128,16,32,0,cold,2503,4050,0,0,0,142,0x00002b9db51d2000,0x00002b9db51d4000,0x9b467deb2056c38a,0xe0cc5d45a195a73e,1,0,0,ld.global.cg,0,tmau_cold_bank_first_use
NVIDIA B200,10.0,132644864,mixed_direction,intra_cta,tensor,mixed,g2s_then_s2g,batched,same_map,128,16,32,1,hot,2493,3975,0,0,0,142,0x00002b9db51d2000,0x00002b9db51d4000,0x9b467deb2056c38a,0xe0cc5d45a195a73e,1,0,1,ld.global.cg,0,tmau_hot_bank_reuse
NVIDIA B200,10.0,132644864,mixed_direction,intra_cta,tensor,mixed,s2g_then_g2s,serial,same_map,128,16,32,0,cold,11054,11087,0,0,0,142,0x00002b9db51d6000,0x00002b9db51d8000,0x9b467deb2056c38a,0xe0cc5d45a195a73e,1,0,0,ld.global.cg,0,tmau_cold_bank_first_use
NVIDIA B200,10.0,132644864,mixed_direction,intra_cta,tensor,mixed,s2g_then_g2s,serial,same_map,128,16,32,1,hot,10481,10501,0,0,0,142,0x00002b9db51d6000,0x00002b9db51d8000,0x9b467deb2056c38a,0xe0cc5d45a195a73e,1,0,1,ld.global.cg,0,tmau_hot_bank_reuse
NVIDIA B200,10.0,132644864,mixed_direction,intra_cta,tensor,mixed,s2g_then_g2s,batched,same_map,128,16,32,0,cold,2511,4058,0,0,0,142,0x00002b9db51da000,0x00002b9db51dc000,0x9b467deb2056c38a,0xe0cc5d45a195a73e,1,0,0,ld.global.cg,0,tmau_cold_bank_first_use
NVIDIA B200,10.0,132644864,mixed_direction,intra_cta,tensor,mixed,s2g_then_g2s,batched,same_map,128,16,32,1,hot,2475,3957,0,0,0,142,0x00002b9db51da000,0x00002b9db51dc000,0x9b467deb2056c38a,0xe0cc5d45a195a73e,1,0,1,ld.global.cg,0,tmau_hot_bank_reuse
NVIDIA B200,10.0,132644864,mixed_direction,intra_cta,tensor,mixed,alternating,serial,distinct_map,128,16,32,0,cold,19789,19823,0,0,0,142,0x00002b9db51de000,0x00002b9db51ef000,0xf91955af6e771b23,0x2cdde43fc7f9b2c3,16,0,0,ld.global.cg,0,tmau_cold_bank_first_use
NVIDIA B200,10.0,132644864,mixed_direction,intra_cta,tensor,mixed,alternating,serial,distinct_map,128,16,32,1,hot,14579,14599,0,0,0,142,0x00002b9db51de000,0x00002b9db51ef000,0xf91955af6e771b23,0x2cdde43fc7f9b2c3,16,0,1,ld.global.cg,0,tmau_hot_bank_reuse
NVIDIA B200,10.0,132644864,mixed_direction,intra_cta,tensor,mixed,alternating,batched,distinct_map,128,16,32,0,cold,3960,6277,0,0,0,142,0x00002b9db5400000,0x00002b9db5411000,0xf91955af6e771b23,0x2cdde43fc7f9b2c3,16,0,0,ld.global.cg,0,tmau_cold_bank_first_use
NVIDIA B200,10.0,132644864,mixed_direction,intra_cta,tensor,mixed,alternating,batched,distinct_map,128,16,32,1,hot,3124,4627,0,0,0,142,0x00002b9db5400000,0x00002b9db5411000,0xf91955af6e771b23,0x2cdde43fc7f9b2c3,16,0,1,ld.global.cg,0,tmau_hot_bank_reuse
NVIDIA B200,10.0,132644864,mixed_direction,intra_cta,tensor,mixed,g2s_then_s2g,serial,distinct_map,128,16,32,0,cold,19788,19808,0,0,0,142,0x00002b9db5422000,0x00002b9db5433000,0xf91955af6e771b23,0x2cdde43fc7f9b2c3,16,0,0,ld.global.cg,0,tmau_cold_bank_first_use
NVIDIA B200,10.0,132644864,mixed_direction,intra_cta,tensor,mixed,g2s_then_s2g,serial,distinct_map,128,16,32,1,hot,14712,14732,0,0,0,142,0x00002b9db5422000,0x00002b9db5433000,0xf91955af6e771b23,0x2cdde43fc7f9b2c3,16,0,1,ld.global.cg,0,tmau_hot_bank_reuse
NVIDIA B200,10.0,132644864,mixed_direction,intra_cta,tensor,mixed,g2s_then_s2g,batched,distinct_map,128,16,32,0,cold,3358,5654,0,0,0,142,0x00002b9db5444000,0x00002b9db5455000,0xf91955af6e771b23,0x2cdde43fc7f9b2c3,16,0,0,ld.global.cg,0,tmau_cold_bank_first_use
NVIDIA B200,10.0,132644864,mixed_direction,intra_cta,tensor,mixed,g2s_then_s2g,batched,distinct_map,128,16,32,1,hot,2644,4147,0,0,0,142,0x00002b9db5444000,0x00002b9db5455000,0xf91955af6e771b23,0x2cdde43fc7f9b2c3,16,0,1,ld.global.cg,0,tmau_hot_bank_reuse
NVIDIA B200,10.0,132644864,mixed_direction,intra_cta,tensor,mixed,s2g_then_g2s,serial,distinct_map,128,16,32,0,cold,19565,19595,0,0,0,142,0x00002b9db5466000,0x00002b9db5477000,0xf91955af6e771b23,0x2cdde43fc7f9b2c3,16,0,0,ld.global.cg,0,tmau_cold_bank_first_use
NVIDIA B200,10.0,132644864,mixed_direction,intra_cta,tensor,mixed,s2g_then_g2s,serial,distinct_map,128,16,32,1,hot,14102,14122,0,0,0,142,0x00002b9db5466000,0x00002b9db5477000,0xf91955af6e771b23,0x2cdde43fc7f9b2c3,16,0,1,ld.global.cg,0,tmau_hot_bank_reuse
NVIDIA B200,10.0,132644864,mixed_direction,intra_cta,tensor,mixed,s2g_then_g2s,batched,distinct_map,128,16,32,0,cold,3367,4913,0,0,0,142,0x00002b9db5488000,0x00002b9db5499000,0xf91955af6e771b23,0x2cdde43fc7f9b2c3,16,0,0,ld.global.cg,0,tmau_cold_bank_first_use
NVIDIA B200,10.0,132644864,mixed_direction,intra_cta,tensor,mixed,s2g_then_g2s,batched,distinct_map,128,16,32,1,hot,2671,4153,0,0,0,142,0x00002b9db5488000,0x00002b9db5499000,0xf91955af6e771b23,0x2cdde43fc7f9b2c3,16,0,1,ld.global.cg,0,tmau_hot_bank_reuse
NVIDIA B200,10.0,132644864,mixed_direction,intra_cta,tensor,mixed,alternating,serial,same_map,4096,1,2,0,cold,1564,1584,0,0,0,142,0x00002b9db54aa000,0x00002b9db54ac000,0x791eb89886893483,0xbf9f7a1304b703ef,1,0,0,ld.global.cg,0,tmau_cold_bank_first_use
NVIDIA B200,10.0,132644864,mixed_direction,intra_cta,tensor,mixed,alternating,serial,same_map,4096,1,2,1,hot,951,971,0,0,0,142,0x00002b9db54aa000,0x00002b9db54ac000,0x791eb89886893483,0xbf9f7a1304b703ef,1,0,1,ld.global.cg,0,tmau_hot_bank_reuse
NVIDIA B200,10.0,132644864,mixed_direction,intra_cta,tensor,mixed,alternating,batched,same_map,4096,1,2,0,cold,453,1000,0,0,0,142,0x00002b9db54ae000,0x00002b9db54b0000,0x791eb89886893483,0xbf9f7a1304b703ef,1,0,0,ld.global.cg,0,tmau_cold_bank_first_use
NVIDIA B200,10.0,132644864,mixed_direction,intra_cta,tensor,mixed,alternating,batched,same_map,4096,1,2,1,hot,348,583,0,0,0,142,0x00002b9db54ae000,0x00002b9db54b0000,0x791eb89886893483,0xbf9f7a1304b703ef,1,0,1,ld.global.cg,0,tmau_hot_bank_reuse
NVIDIA B200,10.0,132644864,mixed_direction,intra_cta,tensor,mixed,g2s_then_s2g,serial,same_map,4096,1,2,0,cold,1545,1565,0,0,0,142,0x00002b9db54b2000,0x00002b9db54b4000,0x791eb89886893483,0xbf9f7a1304b703ef,1,0,0,ld.global.cg,0,tmau_cold_bank_first_use
NVIDIA B200,10.0,132644864,mixed_direction,intra_cta,tensor,mixed,g2s_then_s2g,serial,same_map,4096,1,2,1,hot,951,971,0,0,0,142,0x00002b9db54b2000,0x00002b9db54b4000,0x791eb89886893483,0xbf9f7a1304b703ef,1,0,1,ld.global.cg,0,tmau_hot_bank_reuse
NVIDIA B200,10.0,132644864,mixed_direction,intra_cta,tensor,mixed,g2s_then_s2g,batched,same_map,4096,1,2,0,cold,514,994,0,0,0,142,0x00002b9db54b6000,0x00002b9db54b8000,0x791eb89886893483,0xbf9f7a1304b703ef,1,0,0,ld.global.cg,0,tmau_cold_bank_first_use
NVIDIA B200,10.0,132644864,mixed_direction,intra_cta,tensor,mixed,g2s_then_s2g,batched,same_map,4096,1,2,1,hot,402,637,0,0,0,142,0x00002b9db54b6000,0x00002b9db54b8000,0x791eb89886893483,0xbf9f7a1304b703ef,1,0,1,ld.global.cg,0,tmau_hot_bank_reuse
NVIDIA B200,10.0,132644864,mixed_direction,intra_cta,tensor,mixed,s2g_then_g2s,serial,same_map,4096,1,2,0,cold,1434,1467,0,0,0,142,0x00002b9db54ba000,0x00002b9db54bc000,0x791eb89886893483,0xbf9f7a1304b703ef,1,0,0,ld.global.cg,0,tmau_cold_bank_first_use
NVIDIA B200,10.0,132644864,mixed_direction,intra_cta,tensor,mixed,s2g_then_g2s,serial,same_map,4096,1,2,1,hot,855,875,0,0,0,142,0x00002b9db54ba000,0x00002b9db54bc000,0x791eb89886893483,0xbf9f7a1304b703ef,1,0,1,ld.global.cg,0,tmau_hot_bank_reuse
NVIDIA B200,10.0,132644864,mixed_direction,intra_cta,tensor,mixed,s2g_then_g2s,batched,same_map,4096,1,2,0,cold,544,1227,0,0,0,142,0x00002b9db54be000,0x00002b9db54c0000,0x791eb89886893483,0xbf9f7a1304b703ef,1,0,0,ld.global.cg,0,tmau_cold_bank_first_use
NVIDIA B200,10.0,132644864,mixed_direction,intra_cta,tensor,mixed,s2g_then_g2s,batched,same_map,4096,1,2,1,hot,490,811,0,0,0,142,0x00002b9db54be000,0x00002b9db54c0000,0x791eb89886893483,0xbf9f7a1304b703ef,1,0,1,ld.global.cg,0,tmau_hot_bank_reuse
NVIDIA B200,10.0,132644864,mixed_direction,intra_cta,tensor,mixed,alternating,serial,distinct_map,4096,1,2,0,cold,1542,1562,0,0,0,142,0x00002b9db54c2000,0x00002b9db54c4000,0x791eb89886893483,0xbf9f7a1304b703ef,1,0,0,ld.global.cg,0,tmau_cold_bank_first_use
NVIDIA B200,10.0,132644864,mixed_direction,intra_cta,tensor,mixed,alternating,serial,distinct_map,4096,1,2,1,hot,951,971,0,0,0,142,0x00002b9db54c2000,0x00002b9db54c4000,0x791eb89886893483,0xbf9f7a1304b703ef,1,0,1,ld.global.cg,0,tmau_hot_bank_reuse
NVIDIA B200,10.0,132644864,mixed_direction,intra_cta,tensor,mixed,alternating,batched,distinct_map,4096,1,2,0,cold,453,982,0,0,0,142,0x00002b9db54c6000,0x00002b9db54c8000,0x791eb89886893483,0xbf9f7a1304b703ef,1,0,0,ld.global.cg,0,tmau_cold_bank_first_use
NVIDIA B200,10.0,132644864,mixed_direction,intra_cta,tensor,mixed,alternating,batched,distinct_map,4096,1,2,1,hot,348,583,0,0,0,142,0x00002b9db54c6000,0x00002b9db54c8000,0x791eb89886893483,0xbf9f7a1304b703ef,1,0,1,ld.global.cg,0,tmau_hot_bank_reuse
NVIDIA B200,10.0,132644864,mixed_direction,intra_cta,tensor,mixed,g2s_then_s2g,serial,distinct_map,4096,1,2,0,cold,1527,1547,0,0,0,142,0x00002b9db54ca000,0x00002b9db54cc000,0x791eb89886893483,0xbf9f7a1304b703ef,1,0,0,ld.global.cg,0,tmau_cold_bank_first_use
NVIDIA B200,10.0,132644864,mixed_direction,intra_cta,tensor,mixed,g2s_then_s2g,serial,distinct_map,4096,1,2,1,hot,951,971,0,0,0,142,0x00002b9db54ca000,0x00002b9db54cc000,0x791eb89886893483,0xbf9f7a1304b703ef,1,0,1,ld.global.cg,0,tmau_hot_bank_reuse
NVIDIA B200,10.0,132644864,mixed_direction,intra_cta,tensor,mixed,g2s_then_s2g,batched,distinct_map,4096,1,2,0,cold,452,1009,0,0,0,142,0x00002b9db54ce000,0x00002b9db54d0000,0x791eb89886893483,0xbf9f7a1304b703ef,1,0,0,ld.global.cg,0,tmau_cold_bank_first_use
NVIDIA B200,10.0,132644864,mixed_direction,intra_cta,tensor,mixed,g2s_then_s2g,batched,distinct_map,4096,1,2,1,hot,402,637,0,0,0,142,0x00002b9db54ce000,0x00002b9db54d0000,0x791eb89886893483,0xbf9f7a1304b703ef,1,0,1,ld.global.cg,0,tmau_hot_bank_reuse
NVIDIA B200,10.0,132644864,mixed_direction,intra_cta,tensor,mixed,s2g_then_g2s,serial,distinct_map,4096,1,2,0,cold,1444,1477,0,0,0,142,0x00002b9db54d2000,0x00002b9db54d4000,0x791eb89886893483,0xbf9f7a1304b703ef,1,0,0,ld.global.cg,0,tmau_cold_bank_first_use
NVIDIA B200,10.0,132644864,mixed_direction,intra_cta,tensor,mixed,s2g_then_g2s,serial,distinct_map,4096,1,2,1,hot,855,875,0,0,0,142,0x00002b9db54d2000,0x00002b9db54d4000,0x791eb89886893483,0xbf9f7a1304b703ef,1,0,1,ld.global.cg,0,tmau_hot_bank_reuse
NVIDIA B200,10.0,132644864,mixed_direction,intra_cta,tensor,mixed,s2g_then_g2s,batched,distinct_map,4096,1,2,0,cold,515,1183,0,0,0,142,0x00002b9db54d6000,0x00002b9db54d8000,0x791eb89886893483,0xbf9f7a1304b703ef,1,0,0,ld.global.cg,0,tmau_cold_bank_first_use
NVIDIA B200,10.0,132644864,mixed_direction,intra_cta,tensor,mixed,s2g_then_g2s,batched,distinct_map,4096,1,2,1,hot,490,810,0,0,0,142,0x00002b9db54d6000,0x00002b9db54d8000,0x791eb89886893483,0xbf9f7a1304b703ef,1,0,1,ld.global.cg,0,tmau_hot_bank_reuse
NVIDIA B200,10.0,132644864,mixed_direction,intra_cta,tensor,mixed,alternating,serial,same_map,4096,2,4,0,cold,2868,2888,0,0,0,142,0x00002b9db54da000,0x00002b9db54dc000,0x309a40e721a0ce23,0x12b4763b0bf54c8f,1,0,0,ld.global.cg,0,tmau_cold_bank_first_use
NVIDIA B200,10.0,132644864,mixed_direction,intra_cta,tensor,mixed,alternating,serial,same_map,4096,2,4,1,hot,1821,1841,0,0,0,142,0x00002b9db54da000,0x00002b9db54dc000,0x309a40e721a0ce23,0x12b4763b0bf54c8f,1,0,1,ld.global.cg,0,tmau_hot_bank_reuse
NVIDIA B200,10.0,132644864,mixed_direction,intra_cta,tensor,mixed,alternating,batched,same_map,4096,2,4,0,cold,617,1270,0,0,0,142,0x00002b9db54de000,0x00002b9db54e0000,0x309a40e721a0ce23,0x12b4763b0bf54c8f,1,0,0,ld.global.cg,0,tmau_cold_bank_first_use
NVIDIA B200,10.0,132644864,mixed_direction,intra_cta,tensor,mixed,alternating,batched,same_map,4096,2,4,1,hot,565,877,0,0,0,142,0x00002b9db54de000,0x00002b9db54e0000,0x309a40e721a0ce23,0x12b4763b0bf54c8f,1,0,1,ld.global.cg,0,tmau_hot_bank_reuse
NVIDIA B200,10.0,132644864,mixed_direction,intra_cta,tensor,mixed,g2s_then_s2g,serial,same_map,4096,2,4,0,cold,2398,2418,0,0,0,142,0x00002b9db54e2000,0x00002b9db54e4000,0x309a40e721a0ce23,0x12b4763b0bf54c8f,1,0,0,ld.global.cg,0,tmau_cold_bank_first_use
NVIDIA B200,10.0,132644864,mixed_direction,intra_cta,tensor,mixed,g2s_then_s2g,serial,same_map,4096,2,4,1,hot,1821,1841,0,0,0,142,0x00002b9db54e2000,0x00002b9db54e4000,0x309a40e721a0ce23,0x12b4763b0bf54c8f,1,0,1,ld.global.cg,0,tmau_hot_bank_reuse
NVIDIA B200,10.0,132644864,mixed_direction,intra_cta,tensor,mixed,g2s_then_s2g,batched,same_map,4096,2,4,0,cold,694,1362,0,0,0,142,0x00002b9db54e6000,0x00002b9db54e8000,0x309a40e721a0ce23,0x12b4763b0bf54c8f,1,0,0,ld.global.cg,0,tmau_cold_bank_first_use
NVIDIA B200,10.0,132644864,mixed_direction,intra_cta,tensor,mixed,g2s_then_s2g,batched,same_map,4096,2,4,1,hot,646,1012,0,0,0,142,0x00002b9db54e6000,0x00002b9db54e8000,0x309a40e721a0ce23,0x12b4763b0bf54c8f,1,0,1,ld.global.cg,0,tmau_hot_bank_reuse
NVIDIA B200,10.0,132644864,mixed_direction,intra_cta,tensor,mixed,s2g_then_g2s,serial,same_map,4096,2,4,0,cold,2489,2522,0,0,0,142,0x00002b9db54ea000,0x00002b9db54ec000,0x309a40e721a0ce23,0x12b4763b0bf54c8f,1,0,0,ld.global.cg,0,tmau_cold_bank_first_use
NVIDIA B200,10.0,132644864,mixed_direction,intra_cta,tensor,mixed,s2g_then_g2s,serial,same_map,4096,2,4,1,hot,1779,1799,0,0,0,142,0x00002b9db54ea000,0x00002b9db54ec000,0x309a40e721a0ce23,0x12b4763b0bf54c8f,1,0,1,ld.global.cg,0,tmau_hot_bank_reuse
NVIDIA B200,10.0,132644864,mixed_direction,intra_cta,tensor,mixed,s2g_then_g2s,batched,same_map,4096,2,4,0,cold,690,1364,0,0,0,142,0x00002b9db54ee000,0x00002b9db54f0000,0x309a40e721a0ce23,0x12b4763b0bf54c8f,1,0,0,ld.global.cg,0,tmau_cold_bank_first_use
NVIDIA B200,10.0,132644864,mixed_direction,intra_cta,tensor,mixed,s2g_then_g2s,batched,same_map,4096,2,4,1,hot,674,1085,0,0,0,142,0x00002b9db54ee000,0x00002b9db54f0000,0x309a40e721a0ce23,0x12b4763b0bf54c8f,1,0,1,ld.global.cg,0,tmau_hot_bank_reuse
NVIDIA B200,10.0,132644864,mixed_direction,intra_cta,tensor,mixed,alternating,serial,distinct_map,4096,2,4,0,cold,3000,3020,0,0,0,142,0x00002b9db54f2000,0x00002b9db54f5000,0xbdb1294b63843813,0xcae2bd342f9053ab,2,0,0,ld.global.cg,0,tmau_cold_bank_first_use
NVIDIA B200,10.0,132644864,mixed_direction,intra_cta,tensor,mixed,alternating,serial,distinct_map,4096,2,4,1,hot,1821,1841,0,0,0,142,0x00002b9db54f2000,0x00002b9db54f5000,0xbdb1294b63843813,0xcae2bd342f9053ab,2,0,1,ld.global.cg,0,tmau_hot_bank_reuse
NVIDIA B200,10.0,132644864,mixed_direction,intra_cta,tensor,mixed,alternating,batched,distinct_map,4096,2,4,0,cold,584,1298,0,0,0,142,0x00002b9db54f8000,0x00002b9db54fb000,0xbdb1294b63843813,0xcae2bd342f9053ab,2,0,0,ld.global.cg,0,tmau_cold_bank_first_use
NVIDIA B200,10.0,132644864,mixed_direction,intra_cta,tensor,mixed,alternating,batched,distinct_map,4096,2,4,1,hot,565,877,0,0,0,142,0x00002b9db54f8000,0x00002b9db54fb000,0xbdb1294b63843813,0xcae2bd342f9053ab,2,0,1,ld.global.cg,0,tmau_hot_bank_reuse
NVIDIA B200,10.0,132644864,mixed_direction,intra_cta,tensor,mixed,g2s_then_s2g,serial,distinct_map,4096,2,4,0,cold,2982,3002,0,0,0,142,0x00002b9db54fe000,0x00002b9db5501000,0xbdb1294b63843813,0xcae2bd342f9053ab,2,0,0,ld.global.cg,0,tmau_cold_bank_first_use
NVIDIA B200,10.0,132644864,mixed_direction,intra_cta,tensor,mixed,g2s_then_s2g,serial,distinct_map,4096,2,4,1,hot,1821,1841,0,0,0,142,0x00002b9db54fe000,0x00002b9db5501000,0xbdb1294b63843813,0xcae2bd342f9053ab,2,0,1,ld.global.cg,0,tmau_hot_bank_reuse
NVIDIA B200,10.0,132644864,mixed_direction,intra_cta,tensor,mixed,g2s_then_s2g,batched,distinct_map,4096,2,4,0,cold,696,1388,0,0,0,142,0x00002b9db5504000,0x00002b9db5507000,0xbdb1294b63843813,0xcae2bd342f9053ab,2,0,0,ld.global.cg,0,tmau_cold_bank_first_use
NVIDIA B200,10.0,132644864,mixed_direction,intra_cta,tensor,mixed,g2s_then_s2g,batched,distinct_map,4096,2,4,1,hot,646,1012,0,0,0,142,0x00002b9db5504000,0x00002b9db5507000,0xbdb1294b63843813,0xcae2bd342f9053ab,2,0,1,ld.global.cg,0,tmau_hot_bank_reuse
NVIDIA B200,10.0,132644864,mixed_direction,intra_cta,tensor,mixed,s2g_then_g2s,serial,distinct_map,4096,2,4,0,cold,2789,2822,0,0,0,142,0x00002b9db550a000,0x00002b9db550d000,0xbdb1294b63843813,0xcae2bd342f9053ab,2,0,0,ld.global.cg,0,tmau_cold_bank_first_use
NVIDIA B200,10.0,132644864,mixed_direction,intra_cta,tensor,mixed,s2g_then_g2s,serial,distinct_map,4096,2,4,1,hot,1779,1799,0,0,0,142,0x00002b9db550a000,0x00002b9db550d000,0xbdb1294b63843813,0xcae2bd342f9053ab,2,0,1,ld.global.cg,0,tmau_hot_bank_reuse
NVIDIA B200,10.0,132644864,mixed_direction,intra_cta,tensor,mixed,s2g_then_g2s,batched,distinct_map,4096,2,4,0,cold,690,1367,0,0,0,142,0x00002b9db5510000,0x00002b9db5513000,0xbdb1294b63843813,0xcae2bd342f9053ab,2,0,0,ld.global.cg,0,tmau_cold_bank_first_use
NVIDIA B200,10.0,132644864,mixed_direction,intra_cta,tensor,mixed,s2g_then_g2s,batched,distinct_map,4096,2,4,1,hot,674,1085,0,0,0,142,0x00002b9db5510000,0x00002b9db5513000,0xbdb1294b63843813,0xcae2bd342f9053ab,2,0,1,ld.global.cg,0,tmau_hot_bank_reuse
NVIDIA B200,10.0,132644864,mixed_direction,intra_cta,tensor,mixed,alternating,serial,same_map,4096,4,8,0,cold,4605,4625,0,0,0,142,0x00002b9db5516000,0x00002b9db5518000,0x358b4caa86015f63,0x60b9f1c3192d6a4f,1,0,0,ld.global.cg,0,tmau_cold_bank_first_use
NVIDIA B200,10.0,132644864,mixed_direction,intra_cta,tensor,mixed,alternating,serial,same_map,4096,4,8,1,hot,3561,3581,0,0,0,142,0x00002b9db5516000,0x00002b9db5518000,0x358b4caa86015f63,0x60b9f1c3192d6a4f,1,0,1,ld.global.cg,0,tmau_hot_bank_reuse
NVIDIA B200,10.0,132644864,mixed_direction,intra_cta,tensor,mixed,alternating,batched,same_map,4096,4,8,0,cold,791,1685,0,0,0,142,0x00002b9db551a000,0x00002b9db551c000,0x358b4caa86015f63,0x60b9f1c3192d6a4f,1,0,0,ld.global.cg,0,tmau_cold_bank_first_use
NVIDIA B200,10.0,132644864,mixed_direction,intra_cta,tensor,mixed,alternating,batched,same_map,4096,4,8,1,hot,772,1345,0,0,0,142,0x00002b9db551a000,0x00002b9db551c000,0x358b4caa86015f63,0x60b9f1c3192d6a4f,1,0,1,ld.global.cg,0,tmau_hot_bank_reuse
NVIDIA B200,10.0,132644864,mixed_direction,intra_cta,tensor,mixed,g2s_then_s2g,serial,same_map,4096,4,8,0,cold,4138,4158,0,0,0,142,0x00002b9db551e000,0x00002b9db5520000,0x358b4caa86015f63,0x60b9f1c3192d6a4f,1,0,0,ld.global.cg,0,tmau_cold_bank_first_use
NVIDIA B200,10.0,132644864,mixed_direction,intra_cta,tensor,mixed,g2s_then_s2g,serial,same_map,4096,4,8,1,hot,3561,3581,0,0,0,142,0x00002b9db551e000,0x00002b9db5520000,0x358b4caa86015f63,0x60b9f1c3192d6a4f,1,0,1,ld.global.cg,0,tmau_hot_bank_reuse
NVIDIA B200,10.0,132644864,mixed_direction,intra_cta,tensor,mixed,g2s_then_s2g,batched,same_map,4096,4,8,0,cold,924,1947,0,0,0,142,0x00002b9db5522000,0x00002b9db5524000,0x358b4caa86015f63,0x60b9f1c3192d6a4f,1,0,0,ld.global.cg,0,tmau_cold_bank_first_use
NVIDIA B200,10.0,132644864,mixed_direction,intra_cta,tensor,mixed,g2s_then_s2g,batched,same_map,4096,4,8,1,hot,918,1614,0,0,0,142,0x00002b9db5522000,0x00002b9db5524000,0x358b4caa86015f63,0x60b9f1c3192d6a4f,1,0,1,ld.global.cg,0,tmau_hot_bank_reuse
NVIDIA B200,10.0,132644864,mixed_direction,intra_cta,tensor,mixed,s2g_then_g2s,serial,same_map,4096,4,8,0,cold,4203,4236,0,0,0,142,0x00002b9db5526000,0x00002b9db5528000,0x358b4caa86015f63,0x60b9f1c3192d6a4f,1,0,0,ld.global.cg,0,tmau_cold_bank_first_use
NVIDIA B200,10.0,132644864,mixed_direction,intra_cta,tensor,mixed,s2g_then_g2s,serial,same_map,4096,4,8,1,hot,3627,3647,0,0,0,142,0x00002b9db5526000,0x00002b9db5528000,0x358b4caa86015f63,0x60b9f1c3192d6a4f,1,0,1,ld.global.cg,0,tmau_hot_bank_reuse
NVIDIA B200,10.0,132644864,mixed_direction,intra_cta,tensor,mixed,s2g_then_g2s,batched,same_map,4096,4,8,0,cold,976,1828,0,0,0,142,0x00002b9db552a000,0x00002b9db552c000,0x358b4caa86015f63,0x60b9f1c3192d6a4f,1,0,0,ld.global.cg,0,tmau_cold_bank_first_use
NVIDIA B200,10.0,132644864,mixed_direction,intra_cta,tensor,mixed,s2g_then_g2s,batched,same_map,4096,4,8,1,hot,926,1519,0,0,0,142,0x00002b9db552a000,0x00002b9db552c000,0x358b4caa86015f63,0x60b9f1c3192d6a4f,1,0,1,ld.global.cg,0,tmau_hot_bank_reuse
NVIDIA B200,10.0,132644864,mixed_direction,intra_cta,tensor,mixed,alternating,serial,distinct_map,4096,4,8,0,cold,5795,5815,0,0,0,142,0x00002b9db552e000,0x00002b9db5533000,0x4da2c53d3b6e3703,0x9c9de65dfc4d77d3,4,0,0,ld.global.cg,0,tmau_cold_bank_first_use
NVIDIA B200,10.0,132644864,mixed_direction,intra_cta,tensor,mixed,alternating,serial,distinct_map,4096,4,8,1,hot,3561,3581,0,0,0,142,0x00002b9db552e000,0x00002b9db5533000,0x4da2c53d3b6e3703,0x9c9de65dfc4d77d3,4,0,1,ld.global.cg,0,tmau_hot_bank_reuse
NVIDIA B200,10.0,132644864,mixed_direction,intra_cta,tensor,mixed,alternating,batched,distinct_map,4096,4,8,0,cold,824,2043,0,0,0,142,0x00002b9db5538000,0x00002b9db553d000,0x4da2c53d3b6e3703,0x9c9de65dfc4d77d3,4,0,0,ld.global.cg,0,tmau_cold_bank_first_use
NVIDIA B200,10.0,132644864,mixed_direction,intra_cta,tensor,mixed,alternating,batched,distinct_map,4096,4,8,1,hot,774,1347,0,0,0,142,0x00002b9db5538000,0x00002b9db553d000,0x4da2c53d3b6e3703,0x9c9de65dfc4d77d3,4,0,1,ld.global.cg,0,tmau_hot_bank_reuse
NVIDIA B200,10.0,132644864,mixed_direction,intra_cta,tensor,mixed,g2s_then_s2g,serial,distinct_map,4096,4,8,0,cold,5840,5860,0,0,0,142,0x00002b9db5542000,0x00002b9db5547000,0x4da2c53d3b6e3703,0x9c9de65dfc4d77d3,4,0,0,ld.global.cg,0,tmau_cold_bank_first_use
NVIDIA B200,10.0,132644864,mixed_direction,intra_cta,tensor,mixed,g2s_then_s2g,serial,distinct_map,4096,4,8,1,hot,3561,3581,0,0,0,142,0x00002b9db5542000,0x00002b9db5547000,0x4da2c53d3b6e3703,0x9c9de65dfc4d77d3,4,0,1,ld.global.cg,0,tmau_hot_bank_reuse
NVIDIA B200,10.0,132644864,mixed_direction,intra_cta,tensor,mixed,g2s_then_s2g,batched,distinct_map,4096,4,8,0,cold,973,2089,0,0,0,142,0x00002b9db554c000,0x00002b9db5551000,0x4da2c53d3b6e3703,0x9c9de65dfc4d77d3,4,0,0,ld.global.cg,0,tmau_cold_bank_first_use
NVIDIA B200,10.0,132644864,mixed_direction,intra_cta,tensor,mixed,g2s_then_s2g,batched,distinct_map,4096,4,8,1,hot,918,1614,0,0,0,142,0x00002b9db554c000,0x00002b9db5551000,0x4da2c53d3b6e3703,0x9c9de65dfc4d77d3,4,0,1,ld.global.cg,0,tmau_hot_bank_reuse
NVIDIA B200,10.0,132644864,mixed_direction,intra_cta,tensor,mixed,s2g_then_g2s,serial,distinct_map,4096,4,8,0,cold,5616,5649,0,0,0,142,0x00002b9db5556000,0x00002b9db555b000,0x4da2c53d3b6e3703,0x9c9de65dfc4d77d3,4,0,0,ld.global.cg,0,tmau_cold_bank_first_use
NVIDIA B200,10.0,132644864,mixed_direction,intra_cta,tensor,mixed,s2g_then_g2s,serial,distinct_map,4096,4,8,1,hot,3477,3497,0,0,0,142,0x00002b9db5556000,0x00002b9db555b000,0x4da2c53d3b6e3703,0x9c9de65dfc4d77d3,4,0,1,ld.global.cg,0,tmau_hot_bank_reuse
NVIDIA B200,10.0,132644864,mixed_direction,intra_cta,tensor,mixed,s2g_then_g2s,batched,distinct_map,4096,4,8,0,cold,976,1982,0,0,0,142,0x00002b9db5560000,0x00002b9db5565000,0x4da2c53d3b6e3703,0x9c9de65dfc4d77d3,4,0,0,ld.global.cg,0,tmau_cold_bank_first_use
NVIDIA B200,10.0,132644864,mixed_direction,intra_cta,tensor,mixed,s2g_then_g2s,batched,distinct_map,4096,4,8,1,hot,926,1519,0,0,0,142,0x00002b9db5560000,0x00002b9db5565000,0x4da2c53d3b6e3703,0x9c9de65dfc4d77d3,4,0,1,ld.global.cg,0,tmau_hot_bank_reuse
NVIDIA B200,10.0,132644864,mixed_direction,intra_cta,tensor,mixed,alternating,serial,same_map,4096,8,16,0,cold,8109,8129,0,0,0,142,0x00002b9db556a000,0x00002b9db556c000,0xd5d17e979011ede3,0x00749b3f6f1cdbcf,1,0,0,ld.global.cg,0,tmau_cold_bank_first_use
NVIDIA B200,10.0,132644864,mixed_direction,intra_cta,tensor,mixed,alternating,serial,same_map,4096,8,16,1,hot,7045,7065,0,0,0,142,0x00002b9db556a000,0x00002b9db556c000,0xd5d17e979011ede3,0x00749b3f6f1cdbcf,1,0,1,ld.global.cg,0,tmau_hot_bank_reuse
NVIDIA B200,10.0,132644864,mixed_direction,intra_cta,tensor,mixed,alternating,batched,same_map,4096,8,16,0,cold,1312,2730,0,0,0,142,0x00002b9db556e000,0x00002b9db5570000,0xd5d17e979011ede3,0x00749b3f6f1cdbcf,1,0,0,ld.global.cg,0,tmau_cold_bank_first_use
NVIDIA B200,10.0,132644864,mixed_direction,intra_cta,tensor,mixed,alternating,batched,same_map,4096,8,16,1,hot,1254,2365,0,0,0,142,0x00002b9db556e000,0x00002b9db5570000,0xd5d17e979011ede3,0x00749b3f6f1cdbcf,1,0,1,ld.global.cg,0,tmau_hot_bank_reuse
NVIDIA B200,10.0,132644864,mixed_direction,intra_cta,tensor,mixed,g2s_then_s2g,serial,same_map,4096,8,16,0,cold,7622,7642,0,0,0,142,0x00002b9db5572000,0x00002b9db5574000,0xd5d17e979011ede3,0x00749b3f6f1cdbcf,1,0,0,ld.global.cg,0,tmau_cold_bank_first_use
NVIDIA B200,10.0,132644864,mixed_direction,intra_cta,tensor,mixed,g2s_then_s2g,serial,same_map,4096,8,16,1,hot,7041,7061,0,0,0,142,0x00002b9db5572000,0x00002b9db5574000,0xd5d17e979011ede3,0x00749b3f6f1cdbcf,1,0,1,ld.global.cg,0,tmau_hot_bank_reuse
NVIDIA B200,10.0,132644864,mixed_direction,intra_cta,tensor,mixed,g2s_then_s2g,batched,same_map,4096,8,16,0,cold,1514,3121,0,0,0,142,0x00002b9db5576000,0x00002b9db5578000,0xd5d17e979011ede3,0x00749b3f6f1cdbcf,1,0,0,ld.global.cg,0,tmau_cold_bank_first_use
NVIDIA B200,10.0,132644864,mixed_direction,intra_cta,tensor,mixed,g2s_then_s2g,batched,same_map,4096,8,16,1,hot,1443,2815,0,0,0,142,0x00002b9db5576000,0x00002b9db5578000,0xd5d17e979011ede3,0x00749b3f6f1cdbcf,1,0,1,ld.global.cg,0,tmau_hot_bank_reuse
NVIDIA B200,10.0,132644864,mixed_direction,intra_cta,tensor,mixed,s2g_then_g2s,serial,same_map,4096,8,16,0,cold,7894,7927,0,0,0,142,0x00002b9db557a000,0x00002b9db557c000,0xd5d17e979011ede3,0x00749b3f6f1cdbcf,1,0,0,ld.global.cg,0,tmau_cold_bank_first_use
NVIDIA B200,10.0,132644864,mixed_direction,intra_cta,tensor,mixed,s2g_then_g2s,serial,same_map,4096,8,16,1,hot,7173,7193,0,0,0,142,0x00002b9db557a000,0x00002b9db557c000,0xd5d17e979011ede3,0x00749b3f6f1cdbcf,1,0,1,ld.global.cg,0,tmau_hot_bank_reuse
NVIDIA B200,10.0,132644864,mixed_direction,intra_cta,tensor,mixed,s2g_then_g2s,batched,same_map,4096,8,16,0,cold,1597,2724,0,0,0,142,0x00002b9db557e000,0x00002b9db5580000,0xd5d17e979011ede3,0x00749b3f6f1cdbcf,1,0,0,ld.global.cg,0,tmau_cold_bank_first_use
NVIDIA B200,10.0,132644864,mixed_direction,intra_cta,tensor,mixed,s2g_then_g2s,batched,same_map,4096,8,16,1,hot,1441,2398,0,0,0,142,0x00002b9db557e000,0x00002b9db5580000,0xd5d17e979011ede3,0x00749b3f6f1cdbcf,1,0,1,ld.global.cg,0,tmau_hot_bank_reuse
NVIDIA B200,10.0,132644864,mixed_direction,intra_cta,tensor,mixed,alternating,serial,distinct_map,4096,8,16,0,cold,11520,11540,0,0,0,142,0x00002b9db5582000,0x00002b9db558b000,0xe603fa7054bff603,0x02143be1129ba0e3,8,0,0,ld.global.cg,0,tmau_cold_bank_first_use
NVIDIA B200,10.0,132644864,mixed_direction,intra_cta,tensor,mixed,alternating,serial,distinct_map,4096,8,16,1,hot,7615,7635,0,0,0,142,0x00002b9db5582000,0x00002b9db558b000,0xe603fa7054bff603,0x02143be1129ba0e3,8,0,1,ld.global.cg,0,tmau_hot_bank_reuse
NVIDIA B200,10.0,132644864,mixed_direction,intra_cta,tensor,mixed,alternating,batched,distinct_map,4096,8,16,0,cold,1739,3468,0,0,0,142,0x00002b9db5594000,0x00002b9db559d000,0xe603fa7054bff603,0x02143be1129ba0e3,8,0,0,ld.global.cg,0,tmau_cold_bank_first_use
NVIDIA B200,10.0,132644864,mixed_direction,intra_cta,tensor,mixed,alternating,batched,distinct_map,4096,8,16,1,hot,1254,2418,0,0,0,142,0x00002b9db5594000,0x00002b9db559d000,0xe603fa7054bff603,0x02143be1129ba0e3,8,0,1,ld.global.cg,0,tmau_hot_bank_reuse
NVIDIA B200,10.0,132644864,mixed_direction,intra_cta,tensor,mixed,g2s_then_s2g,serial,distinct_map,4096,8,16,0,cold,11563,11583,0,0,0,142,0x00002b9db55a6000,0x00002b9db55af000,0xe603fa7054bff603,0x02143be1129ba0e3,8,0,0,ld.global.cg,0,tmau_cold_bank_first_use
NVIDIA B200,10.0,132644864,mixed_direction,intra_cta,tensor,mixed,g2s_then_s2g,serial,distinct_map,4096,8,16,1,hot,7766,7786,0,0,0,142,0x00002b9db55a6000,0x00002b9db55af000,0xe603fa7054bff603,0x02143be1129ba0e3,8,0,1,ld.global.cg,0,tmau_hot_bank_reuse
NVIDIA B200,10.0,132644864,mixed_direction,intra_cta,tensor,mixed,g2s_then_s2g,batched,distinct_map,4096,8,16,0,cold,1682,3462,0,0,0,142,0x00002b9db55b8000,0x00002b9db55c1000,0xe603fa7054bff603,0x02143be1129ba0e3,8,0,0,ld.global.cg,0,tmau_cold_bank_first_use
NVIDIA B200,10.0,132644864,mixed_direction,intra_cta,tensor,mixed,g2s_then_s2g,batched,distinct_map,4096,8,16,1,hot,1443,2868,0,0,0,142,0x00002b9db55b8000,0x00002b9db55c1000,0xe603fa7054bff603,0x02143be1129ba0e3,8,0,1,ld.global.cg,0,tmau_hot_bank_reuse
NVIDIA B200,10.0,132644864,mixed_direction,intra_cta,tensor,mixed,s2g_then_g2s,serial,distinct_map,4096,8,16,0,cold,10881,10914,0,0,0,142,0x00002b9db55ca000,0x00002b9db55d3000,0xe603fa7054bff603,0x02143be1129ba0e3,8,0,0,ld.global.cg,0,tmau_cold_bank_first_use
NVIDIA B200,10.0,132644864,mixed_direction,intra_cta,tensor,mixed,s2g_then_g2s,serial,distinct_map,4096,8,16,1,hot,7897,7917,0,0,0,142,0x00002b9db55ca000,0x00002b9db55d3000,0xe603fa7054bff603,0x02143be1129ba0e3,8,0,1,ld.global.cg,0,tmau_hot_bank_reuse
NVIDIA B200,10.0,132644864,mixed_direction,intra_cta,tensor,mixed,s2g_then_g2s,batched,distinct_map,4096,8,16,0,cold,1907,3038,0,0,0,142,0x00002b9db55dc000,0x00002b9db55e5000,0xe603fa7054bff603,0x02143be1129ba0e3,8,0,0,ld.global.cg,0,tmau_cold_bank_first_use
NVIDIA B200,10.0,132644864,mixed_direction,intra_cta,tensor,mixed,s2g_then_g2s,batched,distinct_map,4096,8,16,1,hot,1443,2400,0,0,0,142,0x00002b9db55dc000,0x00002b9db55e5000,0xe603fa7054bff603,0x02143be1129ba0e3,8,0,1,ld.global.cg,0,tmau_hot_bank_reuse
NVIDIA B200,10.0,132644864,mixed_direction,intra_cta,tensor,mixed,alternating,serial,same_map,4096,16,32,0,cold,15492,15512,0,0,0,142,0x00002b9db55ee000,0x00002b9db55f0000,0xf1e4b84d567a681a,0xf3c8a33a045b16a6,1,0,0,ld.global.cg,0,tmau_cold_bank_first_use
NVIDIA B200,10.0,132644864,mixed_direction,intra_cta,tensor,mixed,alternating,serial,same_map,4096,16,32,1,hot,14003,14023,0,0,0,142,0x00002b9db55ee000,0x00002b9db55f0000,0xf1e4b84d567a681a,0xf3c8a33a045b16a6,1,0,1,ld.global.cg,0,tmau_hot_bank_reuse
NVIDIA B200,10.0,132644864,mixed_direction,intra_cta,tensor,mixed,alternating,batched,same_map,4096,16,32,0,cold,2639,4785,0,0,0,142,0x00002b9db55f2000,0x00002b9db55f4000,0xf1e4b84d567a681a,0xf3c8a33a045b16a6,1,0,0,ld.global.cg,0,tmau_cold_bank_first_use
NVIDIA B200,10.0,132644864,mixed_direction,intra_cta,tensor,mixed,alternating,batched,same_map,4096,16,32,1,hot,2324,4405,0,0,0,142,0x00002b9db55f2000,0x00002b9db55f4000,0xf1e4b84d567a681a,0xf3c8a33a045b16a6,1,0,1,ld.global.cg,0,tmau_hot_bank_reuse
NVIDIA B200,10.0,132644864,mixed_direction,intra_cta,tensor,mixed,g2s_then_s2g,serial,same_map,4096,16,32,0,cold,14635,14655,0,0,0,142,0x00002b9db55f6000,0x00002b9db55f8000,0xf1e4b84d567a681a,0xf3c8a33a045b16a6,1,0,0,ld.global.cg,0,tmau_cold_bank_first_use
NVIDIA B200,10.0,132644864,mixed_direction,intra_cta,tensor,mixed,g2s_then_s2g,serial,same_map,4096,16,32,1,hot,14009,14029,0,0,0,142,0x00002b9db55f6000,0x00002b9db55f8000,0xf1e4b84d567a681a,0xf3c8a33a045b16a6,1,0,1,ld.global.cg,0,tmau_hot_bank_reuse
NVIDIA B200,10.0,132644864,mixed_direction,intra_cta,tensor,mixed,g2s_then_s2g,batched,same_map,4096,16,32,0,cold,3169,5504,0,0,0,142,0x00002b9db55fa000,0x00002b9db55fc000,0xf1e4b84d567a681a,0xf3c8a33a045b16a6,1,0,0,ld.global.cg,0,tmau_cold_bank_first_use
NVIDIA B200,10.0,132644864,mixed_direction,intra_cta,tensor,mixed,g2s_then_s2g,batched,same_map,4096,16,32,1,hot,2947,5217,0,0,0,142,0x00002b9db55fa000,0x00002b9db55fc000,0xf1e4b84d567a681a,0xf3c8a33a045b16a6,1,0,1,ld.global.cg,0,tmau_hot_bank_reuse
NVIDIA B200,10.0,132644864,mixed_direction,intra_cta,tensor,mixed,s2g_then_g2s,serial,same_map,4096,16,32,0,cold,15144,15177,0,0,0,142,0x00002b9db55fe000,0x00002b9db5600000,0xf1e4b84d567a681a,0xf3c8a33a045b16a6,1,0,0,ld.global.cg,0,tmau_cold_bank_first_use
NVIDIA B200,10.0,132644864,mixed_direction,intra_cta,tensor,mixed,s2g_then_g2s,serial,same_map,4096,16,32,1,hot,14565,14585,0,0,0,142,0x00002b9db55fe000,0x00002b9db5600000,0xf1e4b84d567a681a,0xf3c8a33a045b16a6,1,0,1,ld.global.cg,0,tmau_hot_bank_reuse
NVIDIA B200,10.0,132644864,mixed_direction,intra_cta,tensor,mixed,s2g_then_g2s,batched,same_map,4096,16,32,0,cold,3306,4853,0,0,0,142,0x00002b9db5602000,0x00002b9db5604000,0xf1e4b84d567a681a,0xf3c8a33a045b16a6,1,0,0,ld.global.cg,0,tmau_cold_bank_first_use
NVIDIA B200,10.0,132644864,mixed_direction,intra_cta,tensor,mixed,s2g_then_g2s,batched,same_map,4096,16,32,1,hot,2991,4473,0,0,0,142,0x00002b9db5602000,0x00002b9db5604000,0xf1e4b84d567a681a,0xf3c8a33a045b16a6,1,0,1,ld.global.cg,0,tmau_hot_bank_reuse
NVIDIA B200,10.0,132644864,mixed_direction,intra_cta,tensor,mixed,alternating,serial,distinct_map,4096,16,32,0,cold,22980,23000,0,0,0,142,0x00002b9db5606000,0x00002b9db5617000,0xcc2afff526135f83,0x9d87526b4f9a0bc3,16,0,0,ld.global.cg,0,tmau_cold_bank_first_use
NVIDIA B200,10.0,132644864,mixed_direction,intra_cta,tensor,mixed,alternating,serial,distinct_map,4096,16,32,1,hot,16843,16863,0,0,0,142,0x00002b9db5606000,0x00002b9db5617000,0xcc2afff526135f83,0x9d87526b4f9a0bc3,16,0,1,ld.global.cg,0,tmau_hot_bank_reuse
NVIDIA B200,10.0,132644864,mixed_direction,intra_cta,tensor,mixed,alternating,batched,distinct_map,4096,16,32,0,cold,3887,6346,0,0,0,142,0x00002b9db5628000,0x00002b9db5639000,0xcc2afff526135f83,0x9d87526b4f9a0bc3,16,0,0,ld.global.cg,0,tmau_cold_bank_first_use
NVIDIA B200,10.0,132644864,mixed_direction,intra_cta,tensor,mixed,alternating,batched,distinct_map,4096,16,32,1,hot,3228,5309,0,0,0,142,0x00002b9db5628000,0x00002b9db5639000,0xcc2afff526135f83,0x9d87526b4f9a0bc3,16,0,1,ld.global.cg,0,tmau_hot_bank_reuse
NVIDIA B200,10.0,132644864,mixed_direction,intra_cta,tensor,mixed,g2s_then_s2g,serial,distinct_map,4096,16,32,0,cold,22914,22934,0,0,0,142,0x00002b9db564a000,0x00002b9db565b000,0xcc2afff526135f83,0x9d87526b4f9a0bc3,16,0,0,ld.global.cg,0,tmau_cold_bank_first_use
NVIDIA B200,10.0,132644864,mixed_direction,intra_cta,tensor,mixed,g2s_then_s2g,serial,distinct_map,4096,16,32,1,hot,16865,16885,0,0,0,142,0x00002b9db564a000,0x00002b9db565b000,0xcc2afff526135f83,0x9d87526b4f9a0bc3,16,0,1,ld.global.cg,0,tmau_hot_bank_reuse
NVIDIA B200,10.0,132644864,mixed_direction,intra_cta,tensor,mixed,g2s_then_s2g,batched,distinct_map,4096,16,32,0,cold,3757,6329,0,0,0,142,0x00002b9db566c000,0x00002b9db567d000,0xcc2afff526135f83,0x9d87526b4f9a0bc3,16,0,0,ld.global.cg,0,tmau_cold_bank_first_use
NVIDIA B200,10.0,132644864,mixed_direction,intra_cta,tensor,mixed,g2s_then_s2g,batched,distinct_map,4096,16,32,1,hot,3292,5562,0,0,0,142,0x00002b9db566c000,0x00002b9db567d000,0xcc2afff526135f83,0x9d87526b4f9a0bc3,16,0,1,ld.global.cg,0,tmau_hot_bank_reuse
NVIDIA B200,10.0,132644864,mixed_direction,intra_cta,tensor,mixed,s2g_then_g2s,serial,distinct_map,4096,16,32,0,cold,21688,21721,0,0,0,142,0x00002b9db568e000,0x00002b9db569f000,0xcc2afff526135f83,0x9d87526b4f9a0bc3,16,0,0,ld.global.cg,0,tmau_cold_bank_first_use
NVIDIA B200,10.0,132644864,mixed_direction,intra_cta,tensor,mixed,s2g_then_g2s,serial,distinct_map,4096,16,32,1,hot,17231,17251,0,0,0,142,0x00002b9db568e000,0x00002b9db569f000,0xcc2afff526135f83,0x9d87526b4f9a0bc3,16,0,1,ld.global.cg,0,tmau_hot_bank_reuse
NVIDIA B200,10.0,132644864,mixed_direction,intra_cta,tensor,mixed,s2g_then_g2s,batched,distinct_map,4096,16,32,0,cold,4133,5680,0,0,0,142,0x00002b9db56b0000,0x00002b9db56c1000,0xcc2afff526135f83,0x9d87526b4f9a0bc3,16,0,0,ld.global.cg,0,tmau_cold_bank_first_use
NVIDIA B200,10.0,132644864,mixed_direction,intra_cta,tensor,mixed,s2g_then_g2s,batched,distinct_map,4096,16,32,1,hot,3407,4889,0,0,0,142,0x00002b9db56b0000,0x00002b9db56c1000,0xcc2afff526135f83,0x9d87526b4f9a0bc3,16,0,1,ld.global.cg,0,tmau_hot_bank_reuse
NVIDIA B200,10.0,132644864,mixed_direction,intra_cta,bulk,mixed,alternating,serial,na,128,1,2,0,cold,857,877,0,0,0,142,0x0000000000000000,0x0000000000000000,0x0000000000000000,0x0000000000000000,0,0,0,not_applicable,0,not_applicable
NVIDIA B200,10.0,132644864,mixed_direction,intra_cta,bulk,mixed,alternating,serial,na,128,1,2,1,hot,806,840,0,0,0,142,0x0000000000000000,0x0000000000000000,0x0000000000000000,0x0000000000000000,0,0,0,not_applicable,0,not_applicable
NVIDIA B200,10.0,132644864,mixed_direction,intra_cta,bulk,mixed,alternating,batched,na,128,1,2,0,cold,454,761,0,0,0,142,0x0000000000000000,0x0000000000000000,0x0000000000000000,0x0000000000000000,0,0,0,not_applicable,0,not_applicable
NVIDIA B200,10.0,132644864,mixed_direction,intra_cta,bulk,mixed,alternating,batched,na,128,1,2,1,hot,339,633,0,0,0,142,0x0000000000000000,0x0000000000000000,0x0000000000000000,0x0000000000000000,0,0,0,not_applicable,0,not_applicable
NVIDIA B200,10.0,132644864,mixed_direction,intra_cta,bulk,mixed,g2s_then_s2g,serial,na,128,1,2,0,cold,857,877,0,0,0,142,0x0000000000000000,0x0000000000000000,0x0000000000000000,0x0000000000000000,0,0,0,not_applicable,0,not_applicable
NVIDIA B200,10.0,132644864,mixed_direction,intra_cta,bulk,mixed,g2s_then_s2g,serial,na,128,1,2,1,hot,806,826,0,0,0,142,0x0000000000000000,0x0000000000000000,0x0000000000000000,0x0000000000000000,0,0,0,not_applicable,0,not_applicable
NVIDIA B200,10.0,132644864,mixed_direction,intra_cta,bulk,mixed,g2s_then_s2g,batched,na,128,1,2,0,cold,456,638,0,0,0,142,0x0000000000000000,0x0000000000000000,0x0000000000000000,0x0000000000000000,0,0,0,not_applicable,0,not_applicable
NVIDIA B200,10.0,132644864,mixed_direction,intra_cta,bulk,mixed,g2s_then_s2g,batched,na,128,1,2,1,hot,391,633,0,0,0,142,0x0000000000000000,0x0000000000000000,0x0000000000000000,0x0000000000000000,0,0,0,not_applicable,0,not_applicable
NVIDIA B200,10.0,132644864,mixed_direction,intra_cta,bulk,mixed,s2g_then_g2s,serial,na,128,1,2,0,cold,805,835,0,0,0,142,0x0000000000000000,0x0000000000000000,0x0000000000000000,0x0000000000000000,0,0,0,not_applicable,0,not_applicable
NVIDIA B200,10.0,132644864,mixed_direction,intra_cta,bulk,mixed,s2g_then_g2s,serial,na,128,1,2,1,hot,692,726,0,0,0,142,0x0000000000000000,0x0000000000000000,0x0000000000000000,0x0000000000000000,0,0,0,not_applicable,0,not_applicable
NVIDIA B200,10.0,132644864,mixed_direction,intra_cta,bulk,mixed,s2g_then_g2s,batched,na,128,1,2,0,cold,484,791,0,0,0,142,0x0000000000000000,0x0000000000000000,0x0000000000000000,0x0000000000000000,0,0,0,not_applicable,0,not_applicable
NVIDIA B200,10.0,132644864,mixed_direction,intra_cta,bulk,mixed,s2g_then_g2s,batched,na,128,1,2,1,hot,482,775,0,0,0,142,0x0000000000000000,0x0000000000000000,0x0000000000000000,0x0000000000000000,0,0,0,not_applicable,0,not_applicable
NVIDIA B200,10.0,132644864,mixed_direction,intra_cta,bulk,mixed,alternating,serial,na,128,2,4,0,cold,1582,1602,0,0,0,142,0x0000000000000000,0x0000000000000000,0x0000000000000000,0x0000000000000000,0,0,0,not_applicable,0,not_applicable
NVIDIA B200,10.0,132644864,mixed_direction,intra_cta,bulk,mixed,alternating,serial,na,128,2,4,1,hot,1531,1551,0,0,0,142,0x0000000000000000,0x0000000000000000,0x0000000000000000,0x0000000000000000,0,0,0,not_applicable,0,not_applicable
NVIDIA B200,10.0,132644864,mixed_direction,intra_cta,bulk,mixed,alternating,batched,na,128,2,4,0,cold,566,839,0,0,0,142,0x0000000000000000,0x0000000000000000,0x0000000000000000,0x0000000000000000,0,0,0,not_applicable,0,not_applicable
NVIDIA B200,10.0,132644864,mixed_direction,intra_cta,bulk,mixed,alternating,batched,na,128,2,4,1,hot,498,706,0,0,0,142,0x0000000000000000,0x0000000000000000,0x0000000000000000,0x0000000000000000,0,0,0,not_applicable,0,not_applicable
NVIDIA B200,10.0,132644864,mixed_direction,intra_cta,bulk,mixed,g2s_then_s2g,serial,na,128,2,4,0,cold,1607,1637,0,0,0,142,0x0000000000000000,0x0000000000000000,0x0000000000000000,0x0000000000000000,0,0,0,not_applicable,0,not_applicable
NVIDIA B200,10.0,132644864,mixed_direction,intra_cta,bulk,mixed,g2s_then_s2g,serial,na,128,2,4,1,hot,1531,1565,0,0,0,142,0x0000000000000000,0x0000000000000000,0x0000000000000000,0x0000000000000000,0,0,0,not_applicable,0,not_applicable
NVIDIA B200,10.0,132644864,mixed_direction,intra_cta,bulk,mixed,g2s_then_s2g,batched,na,128,2,4,0,cold,692,965,0,0,0,142,0x0000000000000000,0x0000000000000000,0x0000000000000000,0x0000000000000000,0,0,0,not_applicable,0,not_applicable
NVIDIA B200,10.0,132644864,mixed_direction,intra_cta,bulk,mixed,g2s_then_s2g,batched,na,128,2,4,1,hot,629,837,0,0,0,142,0x0000000000000000,0x0000000000000000,0x0000000000000000,0x0000000000000000,0,0,0,not_applicable,0,not_applicable
NVIDIA B200,10.0,132644864,mixed_direction,intra_cta,bulk,mixed,s2g_then_g2s,serial,na,128,2,4,0,cold,1416,1446,0,0,0,142,0x0000000000000000,0x0000000000000000,0x0000000000000000,0x0000000000000000,0,0,0,not_applicable,0,not_applicable
NVIDIA B200,10.0,132644864,mixed_direction,intra_cta,bulk,mixed,s2g_then_g2s,serial,na,128,2,4,1,hot,1303,1323,0,0,0,142,0x0000000000000000,0x0000000000000000,0x0000000000000000,0x0000000000000000,0,0,0,not_applicable,0,not_applicable
NVIDIA B200,10.0,132644864,mixed_direction,intra_cta,bulk,mixed,s2g_then_g2s,batched,na,128,2,4,0,cold,660,933,0,0,0,142,0x0000000000000000,0x0000000000000000,0x0000000000000000,0x0000000000000000,0,0,0,not_applicable,0,not_applicable
NVIDIA B200,10.0,132644864,mixed_direction,intra_cta,bulk,mixed,s2g_then_g2s,batched,na,128,2,4,1,hot,660,993,0,0,0,142,0x0000000000000000,0x0000000000000000,0x0000000000000000,0x0000000000000000,0,0,0,not_applicable,0,not_applicable
NVIDIA B200,10.0,132644864,mixed_direction,intra_cta,bulk,mixed,alternating,serial,na,128,4,8,0,cold,3032,3062,0,0,0,142,0x0000000000000000,0x0000000000000000,0x0000000000000000,0x0000000000000000,0,0,0,not_applicable,0,not_applicable
NVIDIA B200,10.0,132644864,mixed_direction,intra_cta,bulk,mixed,alternating,serial,na,128,4,8,1,hot,2981,3015,0,0,0,142,0x0000000000000000,0x0000000000000000,0x0000000000000000,0x0000000000000000,0,0,0,not_applicable,0,not_applicable
NVIDIA B200,10.0,132644864,mixed_direction,intra_cta,bulk,mixed,alternating,batched,na,128,4,8,0,cold,801,1256,0,0,0,142,0x0000000000000000,0x0000000000000000,0x0000000000000000,0x0000000000000000,0,0,0,not_applicable,0,not_applicable
NVIDIA B200,10.0,132644864,mixed_direction,intra_cta,bulk,mixed,alternating,batched,na,128,4,8,1,hot,801,1191,0,0,0,142,0x0000000000000000,0x0000000000000000,0x0000000000000000,0x0000000000000000,0,0,0,not_applicable,0,not_applicable
NVIDIA B200,10.0,132644864,mixed_direction,intra_cta,bulk,mixed,g2s_then_s2g,serial,na,128,4,8,0,cold,3032,3062,0,0,0,142,0x0000000000000000,0x0000000000000000,0x0000000000000000,0x0000000000000000,0,0,0,not_applicable,0,not_applicable
NVIDIA B200,10.0,132644864,mixed_direction,intra_cta,bulk,mixed,g2s_then_s2g,serial,na,128,4,8,1,hot,2981,3001,0,0,0,142,0x0000000000000000,0x0000000000000000,0x0000000000000000,0x0000000000000000,0,0,0,not_applicable,0,not_applicable
NVIDIA B200,10.0,132644864,mixed_direction,intra_cta,bulk,mixed,g2s_then_s2g,batched,na,128,4,8,0,cold,948,1403,0,0,0,142,0x0000000000000000,0x0000000000000000,0x0000000000000000,0x0000000000000000,0,0,0,not_applicable,0,not_applicable
NVIDIA B200,10.0,132644864,mixed_direction,intra_cta,bulk,mixed,g2s_then_s2g,batched,na,128,4,8,1,hot,948,1338,0,0,0,142,0x0000000000000000,0x0000000000000000,0x0000000000000000,0x0000000000000000,0,0,0,not_applicable,0,not_applicable
NVIDIA B200,10.0,132644864,mixed_direction,intra_cta,bulk,mixed,s2g_then_g2s,serial,na,128,4,8,0,cold,2638,2668,0,0,0,142,0x0000000000000000,0x0000000000000000,0x0000000000000000,0x0000000000000000,0,0,0,not_applicable,0,not_applicable
NVIDIA B200,10.0,132644864,mixed_direction,intra_cta,bulk,mixed,s2g_then_g2s,serial,na,128,4,8,1,hot,2525,2559,0,0,0,142,0x0000000000000000,0x0000000000000000,0x0000000000000000,0x0000000000000000,0,0,0,not_applicable,0,not_applicable
NVIDIA B200,10.0,132644864,mixed_direction,intra_cta,bulk,mixed,s2g_then_g2s,batched,na,128,4,8,0,cold,948,1403,0,0,0,142,0x0000000000000000,0x0000000000000000,0x0000000000000000,0x0000000000000000,0,0,0,not_applicable,0,not_applicable
NVIDIA B200,10.0,132644864,mixed_direction,intra_cta,bulk,mixed,s2g_then_g2s,batched,na,128,4,8,1,hot,948,1338,0,0,0,142,0x0000000000000000,0x0000000000000000,0x0000000000000000,0x0000000000000000,0,0,0,not_applicable,0,not_applicable
NVIDIA B200,10.0,132644864,mixed_direction,intra_cta,bulk,mixed,alternating,serial,na,128,8,16,0,cold,5932,5962,0,0,0,142,0x0000000000000000,0x0000000000000000,0x0000000000000000,0x0000000000000000,0,0,0,not_applicable,0,not_applicable
NVIDIA B200,10.0,132644864,mixed_direction,intra_cta,bulk,mixed,alternating,serial,na,128,8,16,1,hot,5881,5901,0,0,0,142,0x0000000000000000,0x0000000000000000,0x0000000000000000,0x0000000000000000,0,0,0,not_applicable,0,not_applicable
NVIDIA B200,10.0,132644864,mixed_direction,intra_cta,bulk,mixed,alternating,batched,na,128,8,16,0,cold,1341,2160,0,0,0,142,0x0000000000000000,0x0000000000000000,0x0000000000000000,0x0000000000000000,0,0,0,not_applicable,0,not_applicable
NVIDIA B200,10.0,132644864,mixed_direction,intra_cta,bulk,mixed,alternating,batched,na,128,8,16,1,hot,1341,2095,0,0,0,142,0x0000000000000000,0x0000000000000000,0x0000000000000000,0x0000000000000000,0,0,0,not_applicable,0,not_applicable
NVIDIA B200,10.0,132644864,mixed_direction,intra_cta,bulk,mixed,g2s_then_s2g,serial,na,128,8,16,0,cold,5932,5962,0,0,0,142,0x0000000000000000,0x0000000000000000,0x0000000000000000,0x0000000000000000,0,0,0,not_applicable,0,not_applicable
NVIDIA B200,10.0,132644864,mixed_direction,intra_cta,bulk,mixed,g2s_then_s2g,serial,na,128,8,16,1,hot,5881,5915,0,0,0,142,0x0000000000000000,0x0000000000000000,0x0000000000000000,0x0000000000000000,0,0,0,not_applicable,0,not_applicable
NVIDIA B200,10.0,132644864,mixed_direction,intra_cta,bulk,mixed,g2s_then_s2g,batched,na,128,8,16,0,cold,1561,2380,0,0,0,142,0x0000000000000000,0x0000000000000000,0x0000000000000000,0x0000000000000000,0,0,0,not_applicable,0,not_applicable
NVIDIA B200,10.0,132644864,mixed_direction,intra_cta,bulk,mixed,g2s_then_s2g,batched,na,128,8,16,1,hot,1561,2315,0,0,0,142,0x0000000000000000,0x0000000000000000,0x0000000000000000,0x0000000000000000,0,0,0,not_applicable,0,not_applicable
NVIDIA B200,10.0,132644864,mixed_direction,intra_cta,bulk,mixed,s2g_then_g2s,serial,na,128,8,16,0,cold,5082,5112,0,0,0,142,0x0000000000000000,0x0000000000000000,0x0000000000000000,0x0000000000000000,0,0,0,not_applicable,0,not_applicable
NVIDIA B200,10.0,132644864,mixed_direction,intra_cta,bulk,mixed,s2g_then_g2s,serial,na,128,8,16,1,hot,4980,5000,0,0,0,142,0x0000000000000000,0x0000000000000000,0x0000000000000000,0x0000000000000000,0,0,0,not_applicable,0,not_applicable
NVIDIA B200,10.0,132644864,mixed_direction,intra_cta,bulk,mixed,s2g_then_g2s,batched,na,128,8,16,0,cold,1547,2366,0,0,0,142,0x0000000000000000,0x0000000000000000,0x0000000000000000,0x0000000000000000,0,0,0,not_applicable,0,not_applicable
NVIDIA B200,10.0,132644864,mixed_direction,intra_cta,bulk,mixed,s2g_then_g2s,batched,na,128,8,16,1,hot,1547,2301,0,0,0,142,0x0000000000000000,0x0000000000000000,0x0000000000000000,0x0000000000000000,0,0,0,not_applicable,0,not_applicable
NVIDIA B200,10.0,132644864,mixed_direction,intra_cta,bulk,mixed,alternating,serial,na,128,16,32,0,cold,11732,11762,0,0,0,142,0x0000000000000000,0x0000000000000000,0x0000000000000000,0x0000000000000000,0,0,0,not_applicable,0,not_applicable
NVIDIA B200,10.0,132644864,mixed_direction,intra_cta,bulk,mixed,alternating,serial,na,128,16,32,1,hot,11681,11715,0,0,0,142,0x0000000000000000,0x0000000000000000,0x0000000000000000,0x0000000000000000,0,0,0,not_applicable,0,not_applicable
NVIDIA B200,10.0,132644864,mixed_direction,intra_cta,bulk,mixed,alternating,batched,na,128,16,32,0,cold,2421,3968,0,0,0,142,0x0000000000000000,0x0000000000000000,0x0000000000000000,0x0000000000000000,0,0,0,not_applicable,0,not_applicable
NVIDIA B200,10.0,132644864,mixed_direction,intra_cta,bulk,mixed,alternating,batched,na,128,16,32,1,hot,2421,3903,0,0,0,142,0x0000000000000000,0x0000000000000000,0x0000000000000000,0x0000000000000000,0,0,0,not_applicable,0,not_applicable
NVIDIA B200,10.0,132644864,mixed_direction,intra_cta,bulk,mixed,g2s_then_s2g,serial,na,128,16,32,0,cold,11732,11762,0,0,0,142,0x0000000000000000,0x0000000000000000,0x0000000000000000,0x0000000000000000,0,0,0,not_applicable,0,not_applicable
NVIDIA B200,10.0,132644864,mixed_direction,intra_cta,bulk,mixed,g2s_then_s2g,serial,na,128,16,32,1,hot,11681,11701,0,0,0,142,0x0000000000000000,0x0000000000000000,0x0000000000000000,0x0000000000000000,0,0,0,not_applicable,0,not_applicable
NVIDIA B200,10.0,132644864,mixed_direction,intra_cta,bulk,mixed,g2s_then_s2g,batched,na,128,16,32,0,cold,2783,4330,0,0,0,142,0x0000000000000000,0x0000000000000000,0x0000000000000000,0x0000000000000000,0,0,0,not_applicable,0,not_applicable
NVIDIA B200,10.0,132644864,mixed_direction,intra_cta,bulk,mixed,g2s_then_s2g,batched,na,128,16,32,1,hot,2783,4265,0,0,0,142,0x0000000000000000,0x0000000000000000,0x0000000000000000,0x0000000000000000,0,0,0,not_applicable,0,not_applicable
NVIDIA B200,10.0,132644864,mixed_direction,intra_cta,bulk,mixed,s2g_then_g2s,serial,na,128,16,32,0,cold,9978,10008,0,0,0,142,0x0000000000000000,0x0000000000000000,0x0000000000000000,0x0000000000000000,0,0,0,not_applicable,0,not_applicable
NVIDIA B200,10.0,132644864,mixed_direction,intra_cta,bulk,mixed,s2g_then_g2s,serial,na,128,16,32,1,hot,9857,9891,0,0,0,142,0x0000000000000000,0x0000000000000000,0x0000000000000000,0x0000000000000000,0,0,0,not_applicable,0,not_applicable
NVIDIA B200,10.0,132644864,mixed_direction,intra_cta,bulk,mixed,s2g_then_g2s,batched,na,128,16,32,0,cold,2741,4288,0,0,0,142,0x0000000000000000,0x0000000000000000,0x0000000000000000,0x0000000000000000,0,0,0,not_applicable,0,not_applicable
NVIDIA B200,10.0,132644864,mixed_direction,intra_cta,bulk,mixed,s2g_then_g2s,batched,na,128,16,32,1,hot,2741,4223,0,0,0,142,0x0000000000000000,0x0000000000000000,0x0000000000000000,0x0000000000000000,0,0,0,not_applicable,0,not_applicable
NVIDIA B200,10.0,132644864,mixed_direction,intra_cta,bulk,mixed,alternating,serial,na,4096,1,2,0,cold,981,1001,0,0,0,142,0x0000000000000000,0x0000000000000000,0x0000000000000000,0x0000000000000000,0,0,0,not_applicable,0,not_applicable
NVIDIA B200,10.0,132644864,mixed_direction,intra_cta,bulk,mixed,alternating,serial,na,4096,1,2,1,hot,930,950,0,0,0,142,0x0000000000000000,0x0000000000000000,0x0000000000000000,0x0000000000000000,0,0,0,not_applicable,0,not_applicable
NVIDIA B200,10.0,132644864,mixed_direction,intra_cta,bulk,mixed,alternating,batched,na,4096,1,2,0,cold,454,730,0,0,0,142,0x0000000000000000,0x0000000000000000,0x0000000000000000,0x0000000000000000,0,0,0,not_applicable,0,not_applicable
NVIDIA B200,10.0,132644864,mixed_direction,intra_cta,bulk,mixed,alternating,batched,na,4096,1,2,1,hot,339,689,0,0,0,142,0x0000000000000000,0x0000000000000000,0x0000000000000000,0x0000000000000000,0,0,0,not_applicable,0,not_applicable
NVIDIA B200,10.0,132644864,mixed_direction,intra_cta,bulk,mixed,g2s_then_s2g,serial,na,4096,1,2,0,cold,981,1001,0,0,0,142,0x0000000000000000,0x0000000000000000,0x0000000000000000,0x0000000000000000,0,0,0,not_applicable,0,not_applicable
NVIDIA B200,10.0,132644864,mixed_direction,intra_cta,bulk,mixed,g2s_then_s2g,serial,na,4096,1,2,1,hot,930,950,0,0,0,142,0x0000000000000000,0x0000000000000000,0x0000000000000000,0x0000000000000000,0,0,0,not_applicable,0,not_applicable
NVIDIA B200,10.0,132644864,mixed_direction,intra_cta,bulk,mixed,g2s_then_s2g,batched,na,4096,1,2,0,cold,456,732,0,0,0,142,0x0000000000000000,0x0000000000000000,0x0000000000000000,0x0000000000000000,0,0,0,not_applicable,0,not_applicable
NVIDIA B200,10.0,132644864,mixed_direction,intra_cta,bulk,mixed,g2s_then_s2g,batched,na,4096,1,2,1,hot,391,616,0,0,0,142,0x0000000000000000,0x0000000000000000,0x0000000000000000,0x0000000000000000,0,0,0,not_applicable,0,not_applicable
NVIDIA B200,10.0,132644864,mixed_direction,intra_cta,bulk,mixed,s2g_then_g2s,serial,na,4096,1,2,0,cold,929,959,0,0,0,142,0x0000000000000000,0x0000000000000000,0x0000000000000000,0x0000000000000000,0,0,0,not_applicable,0,not_applicable
NVIDIA B200,10.0,132644864,mixed_direction,intra_cta,bulk,mixed,s2g_then_g2s,serial,na,4096,1,2,1,hot,966,986,0,0,0,142,0x0000000000000000,0x0000000000000000,0x0000000000000000,0x0000000000000000,0,0,0,not_applicable,0,not_applicable
NVIDIA B200,10.0,132644864,mixed_direction,intra_cta,bulk,mixed,s2g_then_g2s,batched,na,4096,1,2,0,cold,518,839,0,0,0,142,0x0000000000000000,0x0000000000000000,0x0000000000000000,0x0000000000000000,0,0,0,not_applicable,0,not_applicable
NVIDIA B200,10.0,132644864,mixed_direction,intra_cta,bulk,mixed,s2g_then_g2s,batched,na,4096,1,2,1,hot,483,790,0,0,0,142,0x0000000000000000,0x0000000000000000,0x0000000000000000,0x0000000000000000,0,0,0,not_applicable,0,not_applicable
NVIDIA B200,10.0,132644864,mixed_direction,intra_cta,bulk,mixed,alternating,serial,na,4096,2,4,0,cold,1830,1850,0,0,0,142,0x0000000000000000,0x0000000000000000,0x0000000000000000,0x0000000000000000,0,0,0,not_applicable,0,not_applicable
NVIDIA B200,10.0,132644864,mixed_direction,intra_cta,bulk,mixed,alternating,serial,na,4096,2,4,1,hot,1783,1803,0,0,0,142,0x0000000000000000,0x0000000000000000,0x0000000000000000,0x0000000000000000,0,0,0,not_applicable,0,not_applicable
NVIDIA B200,10.0,132644864,mixed_direction,intra_cta,bulk,mixed,alternating,batched,na,4096,2,4,0,cold,627,985,0,0,0,142,0x0000000000000000,0x0000000000000000,0x0000000000000000,0x0000000000000000,0,0,0,not_applicable,0,not_applicable
NVIDIA B200,10.0,132644864,mixed_direction,intra_cta,bulk,mixed,alternating,batched,na,4096,2,4,1,hot,498,819,0,0,0,142,0x0000000000000000,0x0000000000000000,0x0000000000000000,0x0000000000000000,0,0,0,not_applicable,0,not_applicable
NVIDIA B200,10.0,132644864,mixed_direction,intra_cta,bulk,mixed,g2s_then_s2g,serial,na,4096,2,4,0,cold,1830,1850,0,0,0,142,0x0000000000000000,0x0000000000000000,0x0000000000000000,0x0000000000000000,0,0,0,not_applicable,0,not_applicable
NVIDIA B200,10.0,132644864,mixed_direction,intra_cta,bulk,mixed,g2s_then_s2g,serial,na,4096,2,4,1,hot,1783,1803,0,0,0,142,0x0000000000000000,0x0000000000000000,0x0000000000000000,0x0000000000000000,0,0,0,not_applicable,0,not_applicable
NVIDIA B200,10.0,132644864,mixed_direction,intra_cta,bulk,mixed,g2s_then_s2g,batched,na,4096,2,4,0,cold,629,1055,0,0,0,142,0x0000000000000000,0x0000000000000000,0x0000000000000000,0x0000000000000000,0,0,0,not_applicable,0,not_applicable
NVIDIA B200,10.0,132644864,mixed_direction,intra_cta,bulk,mixed,g2s_then_s2g,batched,na,4096,2,4,1,hot,629,990,0,0,0,142,0x0000000000000000,0x0000000000000000,0x0000000000000000,0x0000000000000000,0,0,0,not_applicable,0,not_applicable
NVIDIA B200,10.0,132644864,mixed_direction,intra_cta,bulk,mixed,s2g_then_g2s,serial,na,4096,2,4,0,cold,1814,1844,0,0,0,142,0x0000000000000000,0x0000000000000000,0x0000000000000000,0x0000000000000000,0,0,0,not_applicable,0,not_applicable
NVIDIA B200,10.0,132644864,mixed_direction,intra_cta,bulk,mixed,s2g_then_g2s,serial,na,4096,2,4,1,hot,1851,1871,0,0,0,142,0x0000000000000000,0x0000000000000000,0x0000000000000000,0x0000000000000000,0,0,0,not_applicable,0,not_applicable
NVIDIA B200,10.0,132644864,mixed_direction,intra_cta,bulk,mixed,s2g_then_g2s,batched,na,4096,2,4,0,cold,662,1074,0,0,0,142,0x0000000000000000,0x0000000000000000,0x0000000000000000,0x0000000000000000,0,0,0,not_applicable,0,not_applicable
NVIDIA B200,10.0,132644864,mixed_direction,intra_cta,bulk,mixed,s2g_then_g2s,batched,na,4096,2,4,1,hot,660,1058,0,0,0,142,0x0000000000000000,0x0000000000000000,0x0000000000000000,0x0000000000000000,0,0,0,not_applicable,0,not_applicable
NVIDIA B200,10.0,132644864,mixed_direction,intra_cta,bulk,mixed,alternating,serial,na,4096,4,8,0,cold,3528,3548,0,0,0,142,0x0000000000000000,0x0000000000000000,0x0000000000000000,0x0000000000000000,0,0,0,not_applicable,0,not_applicable
NVIDIA B200,10.0,132644864,mixed_direction,intra_cta,bulk,mixed,alternating,serial,na,4096,4,8,1,hot,3477,3497,0,0,0,142,0x0000000000000000,0x0000000000000000,0x0000000000000000,0x0000000000000000,0,0,0,not_applicable,0,not_applicable
NVIDIA B200,10.0,132644864,mixed_direction,intra_cta,bulk,mixed,alternating,batched,na,4096,4,8,0,cold,831,1458,0,0,0,142,0x0000000000000000,0x0000000000000000,0x0000000000000000,0x0000000000000000,0,0,0,not_applicable,0,not_applicable
NVIDIA B200,10.0,132644864,mixed_direction,intra_cta,bulk,mixed,alternating,batched,na,4096,4,8,1,hot,801,1363,0,0,0,142,0x0000000000000000,0x0000000000000000,0x0000000000000000,0x0000000000000000,0,0,0,not_applicable,0,not_applicable
NVIDIA B200,10.0,132644864,mixed_direction,intra_cta,bulk,mixed,g2s_then_s2g,serial,na,4096,4,8,0,cold,3528,3548,0,0,0,142,0x0000000000000000,0x0000000000000000,0x0000000000000000,0x0000000000000000,0,0,0,not_applicable,0,not_applicable
NVIDIA B200,10.0,132644864,mixed_direction,intra_cta,bulk,mixed,g2s_then_s2g,serial,na,4096,4,8,1,hot,3477,3497,0,0,0,142,0x0000000000000000,0x0000000000000000,0x0000000000000000,0x0000000000000000,0,0,0,not_applicable,0,not_applicable
NVIDIA B200,10.0,132644864,mixed_direction,intra_cta,bulk,mixed,g2s_then_s2g,batched,na,4096,4,8,0,cold,948,1694,0,0,0,142,0x0000000000000000,0x0000000000000000,0x0000000000000000,0x0000000000000000,0,0,0,not_applicable,0,not_applicable
NVIDIA B200,10.0,132644864,mixed_direction,intra_cta,bulk,mixed,g2s_then_s2g,batched,na,4096,4,8,1,hot,948,1629,0,0,0,142,0x0000000000000000,0x0000000000000000,0x0000000000000000,0x0000000000000000,0,0,0,not_applicable,0,not_applicable
NVIDIA B200,10.0,132644864,mixed_direction,intra_cta,bulk,mixed,s2g_then_g2s,serial,na,4096,4,8,0,cold,3584,3614,0,0,0,142,0x0000000000000000,0x0000000000000000,0x0000000000000000,0x0000000000000000,0,0,0,not_applicable,0,not_applicable
NVIDIA B200,10.0,132644864,mixed_direction,intra_cta,bulk,mixed,s2g_then_g2s,serial,na,4096,4,8,1,hot,3621,3641,0,0,0,142,0x0000000000000000,0x0000000000000000,0x0000000000000000,0x0000000000000000,0,0,0,not_applicable,0,not_applicable
NVIDIA B200,10.0,132644864,mixed_direction,intra_cta,bulk,mixed,s2g_then_g2s,batched,na,4096,4,8,0,cold,984,1578,0,0,0,142,0x0000000000000000,0x0000000000000000,0x0000000000000000,0x0000000000000000,0,0,0,not_applicable,0,not_applicable
NVIDIA B200,10.0,132644864,mixed_direction,intra_cta,bulk,mixed,s2g_then_g2s,batched,na,4096,4,8,1,hot,948,1541,0,0,0,142,0x0000000000000000,0x0000000000000000,0x0000000000000000,0x0000000000000000,0,0,0,not_applicable,0,not_applicable
NVIDIA B200,10.0,132644864,mixed_direction,intra_cta,bulk,mixed,alternating,serial,na,4096,8,16,0,cold,6924,6944,0,0,0,142,0x0000000000000000,0x0000000000000000,0x0000000000000000,0x0000000000000000,0,0,0,not_applicable,0,not_applicable
NVIDIA B200,10.0,132644864,mixed_direction,intra_cta,bulk,mixed,alternating,serial,na,4096,8,16,1,hot,6877,6897,0,0,0,142,0x0000000000000000,0x0000000000000000,0x0000000000000000,0x0000000000000000,0,0,0,not_applicable,0,not_applicable
NVIDIA B200,10.0,132644864,mixed_direction,intra_cta,bulk,mixed,alternating,batched,na,4096,8,16,0,cold,1404,2511,0,0,0,142,0x0000000000000000,0x0000000000000000,0x0000000000000000,0x0000000000000000,0,0,0,not_applicable,0,not_applicable
NVIDIA B200,10.0,132644864,mixed_direction,intra_cta,bulk,mixed,alternating,batched,na,4096,8,16,1,hot,1341,2383,0,0,0,142,0x0000000000000000,0x0000000000000000,0x0000000000000000,0x0000000000000000,0,0,0,not_applicable,0,not_applicable
NVIDIA B200,10.0,132644864,mixed_direction,intra_cta,bulk,mixed,g2s_then_s2g,serial,na,4096,8,16,0,cold,6924,6944,0,0,0,142,0x0000000000000000,0x0000000000000000,0x0000000000000000,0x0000000000000000,0,0,0,not_applicable,0,not_applicable
NVIDIA B200,10.0,132644864,mixed_direction,intra_cta,bulk,mixed,g2s_then_s2g,serial,na,4096,8,16,1,hot,6880,6900,0,0,0,142,0x0000000000000000,0x0000000000000000,0x0000000000000000,0x0000000000000000,0,0,0,not_applicable,0,not_applicable
NVIDIA B200,10.0,132644864,mixed_direction,intra_cta,bulk,mixed,g2s_then_s2g,batched,na,4096,8,16,0,cold,1561,2941,0,0,0,142,0x0000000000000000,0x0000000000000000,0x0000000000000000,0x0000000000000000,0,0,0,not_applicable,0,not_applicable
NVIDIA B200,10.0,132644864,mixed_direction,intra_cta,bulk,mixed,g2s_then_s2g,batched,na,4096,8,16,1,hot,1561,2876,0,0,0,142,0x0000000000000000,0x0000000000000000,0x0000000000000000,0x0000000000000000,0,0,0,not_applicable,0,not_applicable
NVIDIA B200,10.0,132644864,mixed_direction,intra_cta,bulk,mixed,s2g_then_g2s,serial,na,4096,8,16,0,cold,7124,7154,0,0,0,142,0x0000000000000000,0x0000000000000000,0x0000000000000000,0x0000000000000000,0,0,0,not_applicable,0,not_applicable
NVIDIA B200,10.0,132644864,mixed_direction,intra_cta,bulk,mixed,s2g_then_g2s,serial,na,4096,8,16,1,hot,7161,7181,0,0,0,142,0x0000000000000000,0x0000000000000000,0x0000000000000000,0x0000000000000000,0,0,0,not_applicable,0,not_applicable
NVIDIA B200,10.0,132644864,mixed_direction,intra_cta,bulk,mixed,s2g_then_g2s,batched,na,4096,8,16,0,cold,1583,2402,0,0,0,142,0x0000000000000000,0x0000000000000000,0x0000000000000000,0x0000000000000000,0,0,0,not_applicable,0,not_applicable
NVIDIA B200,10.0,132644864,mixed_direction,intra_cta,bulk,mixed,s2g_then_g2s,batched,na,4096,8,16,1,hot,1547,2440,0,0,0,142,0x0000000000000000,0x0000000000000000,0x0000000000000000,0x0000000000000000,0,0,0,not_applicable,0,not_applicable
NVIDIA B200,10.0,132644864,mixed_direction,intra_cta,bulk,mixed,alternating,serial,na,4096,16,32,0,cold,13723,13743,0,0,0,142,0x0000000000000000,0x0000000000000000,0x0000000000000000,0x0000000000000000,0,0,0,not_applicable,0,not_applicable
NVIDIA B200,10.0,132644864,mixed_direction,intra_cta,bulk,mixed,alternating,serial,na,4096,16,32,1,hot,15919,15939,0,0,0,142,0x0000000000000000,0x0000000000000000,0x0000000000000000,0x0000000000000000,0,0,0,not_applicable,0,not_applicable
NVIDIA B200,10.0,132644864,mixed_direction,intra_cta,bulk,mixed,alternating,batched,na,4096,16,32,0,cold,2484,4551,0,0,0,142,0x0000000000000000,0x0000000000000000,0x0000000000000000,0x0000000000000000,0,0,0,not_applicable,0,not_applicable
NVIDIA B200,10.0,132644864,mixed_direction,intra_cta,bulk,mixed,alternating,batched,na,4096,16,32,1,hot,2421,4423,0,0,0,142,0x0000000000000000,0x0000000000000000,0x0000000000000000,0x0000000000000000,0,0,0,not_applicable,0,not_applicable
NVIDIA B200,10.0,132644864,mixed_direction,intra_cta,bulk,mixed,g2s_then_s2g,serial,na,4096,16,32,0,cold,13725,13745,0,0,0,142,0x0000000000000000,0x0000000000000000,0x0000000000000000,0x0000000000000000,0,0,0,not_applicable,0,not_applicable
NVIDIA B200,10.0,132644864,mixed_direction,intra_cta,bulk,mixed,g2s_then_s2g,serial,na,4096,16,32,1,hot,13670,13690,0,0,0,142,0x0000000000000000,0x0000000000000000,0x0000000000000000,0x0000000000000000,0,0,0,not_applicable,0,not_applicable
NVIDIA B200,10.0,132644864,mixed_direction,intra_cta,bulk,mixed,g2s_then_s2g,batched,na,4096,16,32,0,cold,3097,5431,0,0,0,142,0x0000000000000000,0x0000000000000000,0x0000000000000000,0x0000000000000000,0,0,0,not_applicable,0,not_applicable
NVIDIA B200,10.0,132644864,mixed_direction,intra_cta,bulk,mixed,g2s_then_s2g,batched,na,4096,16,32,1,hot,3097,5366,0,0,0,142,0x0000000000000000,0x0000000000000000,0x0000000000000000,0x0000000000000000,0,0,0,not_applicable,0,not_applicable
NVIDIA B200,10.0,132644864,mixed_direction,intra_cta,bulk,mixed,s2g_then_g2s,serial,na,4096,16,32,0,cold,14204,14234,0,0,0,142,0x0000000000000000,0x0000000000000000,0x0000000000000000,0x0000000000000000,0,0,0,not_applicable,0,not_applicable
NVIDIA B200,10.0,132644864,mixed_direction,intra_cta,bulk,mixed,s2g_then_g2s,serial,na,4096,16,32,1,hot,14092,14112,0,0,0,142,0x0000000000000000,0x0000000000000000,0x0000000000000000,0x0000000000000000,0,0,0,not_applicable,0,not_applicable
NVIDIA B200,10.0,132644864,mixed_direction,intra_cta,bulk,mixed,s2g_then_g2s,batched,na,4096,16,32,0,cold,3158,4705,0,0,0,142,0x0000000000000000,0x0000000000000000,0x0000000000000000,0x0000000000000000,0,0,0,not_applicable,0,not_applicable
NVIDIA B200,10.0,132644864,mixed_direction,intra_cta,bulk,mixed,s2g_then_g2s,batched,na,4096,16,32,1,hot,3122,4604,0,0,0,142,0x0000000000000000,0x0000000000000000,0x0000000000000000,0x0000000000000000,0,0,0,not_applicable,0,not_applicable
NVIDIA B200,10.0,132644864,mixed_direction,multi_cta,tensor,mixed,alternating,batched,same_map,128,1,2,0,cold,324,867,160,416,0,0,0x00002b9db56d2000,0x00002b9db56d4000,0x5e32841e305e7c77,0x65b69cbf67f3f4a3,1,0,0,ld.global.cg,0,tmau_cold_bank_first_use
NVIDIA B200,10.0,132644864,mixed_direction,multi_cta,tensor,mixed,alternating,batched,same_map,128,1,2,1,hot,297,470,160,192,0,0,0x00002b9db56d2000,0x00002b9db56d4000,0x5e32841e305e7c77,0x65b69cbf67f3f4a3,1,0,1,ld.global.cg,0,tmau_hot_bank_reuse
NVIDIA B200,10.0,132644864,mixed_direction,multi_cta,tensor,mixed,alternating,batched,same_map,128,2,4,0,cold,267,879,128,416,0,0,0x00002b9db56d6000,0x00002b9db56d8000,0x75c53539a2c9a1f4,0x554c63e4a1d75660,1,0,0,ld.global.cg,0,tmau_cold_bank_first_use
NVIDIA B200,10.0,132644864,mixed_direction,multi_cta,tensor,mixed,alternating,batched,same_map,128,2,4,1,hot,239,593,160,288,0,0,0x00002b9db56d6000,0x00002b9db56d8000,0x75c53539a2c9a1f4,0x554c63e4a1d75660,1,0,1,ld.global.cg,0,tmau_hot_bank_reuse
NVIDIA B200,10.0,132644864,mixed_direction,multi_cta,tensor,mixed,alternating,batched,same_map,128,4,8,0,cold,314,1169,672,1056,0,0,0x00002b9db56da000,0x00002b9db56dc000,0x358034d8d2cf9566,0xc5c2de699040d432,1,0,0,ld.global.cg,0,tmau_cold_bank_first_use
NVIDIA B200,10.0,132644864,mixed_direction,multi_cta,tensor,mixed,alternating,batched,same_map,128,4,8,1,hot,286,593,736,768,0,0,0x00002b9db56da000,0x00002b9db56dc000,0x358034d8d2cf9566,0xc5c2de699040d432,1,0,1,ld.global.cg,0,tmau_hot_bank_reuse
NVIDIA B200,10.0,132644864,mixed_direction,multi_cta,tensor,mixed,alternating,batched,same_map,128,8,16,0,cold,314,1539,352,928,0,0,0x00002b9db56de000,0x00002b9db56e0000,0x9af2eb81e4246872,0xcf53eba3ffbacf26,1,0,0,ld.global.cg,0,tmau_cold_bank_first_use
NVIDIA B200,10.0,132644864,mixed_direction,multi_cta,tensor,mixed,alternating,batched,same_map,128,8,16,1,hot,287,592,480,512,0,0,0x00002b9db56de000,0x00002b9db56e0000,0x9af2eb81e4246872,0xcf53eba3ffbacf26,1,0,1,ld.global.cg,0,tmau_hot_bank_reuse
NVIDIA B200,10.0,132644864,mixed_direction,multi_cta,tensor,mixed,alternating,batched,same_map,128,16,32,0,cold,318,1184,384,800,0,0,0x00002b9db56e2000,0x00002b9db56e4000,0x9b467deb2056c38a,0xe0cc5d45a195a73e,1,0,0,ld.global.cg,0,tmau_cold_bank_first_use
NVIDIA B200,10.0,132644864,mixed_direction,multi_cta,tensor,mixed,alternating,batched,same_map,128,16,32,1,hot,291,593,576,640,0,0,0x00002b9db56e2000,0x00002b9db56e4000,0x9b467deb2056c38a,0xe0cc5d45a195a73e,1,0,1,ld.global.cg,0,tmau_hot_bank_reuse
NVIDIA B200,10.0,132644864,mixed_direction,multi_cta,tensor,mixed,g2s_then_s2g,batched,same_map,128,1,2,0,cold,265,756,128,352,0,0,0x00002b9db56e6000,0x00002b9db56e8000,0x5e32841e305e7c77,0x65b69cbf67f3f4a3,1,0,0,ld.global.cg,0,tmau_cold_bank_first_use
NVIDIA B200,10.0,132644864,mixed_direction,multi_cta,tensor,mixed,g2s_then_s2g,batched,same_map,128,1,2,1,hot,239,582,128,256,0,0,0x00002b9db56e6000,0x00002b9db56e8000,0x5e32841e305e7c77,0x65b69cbf67f3f4a3,1,0,1,ld.global.cg,0,tmau_hot_bank_reuse
NVIDIA B200,10.0,132644864,mixed_direction,multi_cta,tensor,mixed,g2s_then_s2g,batched,same_map,128,2,4,0,cold,265,855,160,416,0,0,0x00002b9db56ea000,0x00002b9db56ec000,0x75c53539a2c9a1f4,0x554c63e4a1d75660,1,0,0,ld.global.cg,0,tmau_cold_bank_first_use
NVIDIA B200,10.0,132644864,mixed_direction,multi_cta,tensor,mixed,g2s_then_s2g,batched,same_map,128,2,4,1,hot,239,593,160,288,0,0,0x00002b9db56ea000,0x00002b9db56ec000,0x75c53539a2c9a1f4,0x554c63e4a1d75660,1,0,1,ld.global.cg,0,tmau_hot_bank_reuse
NVIDIA B200,10.0,132644864,mixed_direction,multi_cta,tensor,mixed,g2s_then_s2g,batched,same_map,128,4,8,0,cold,265,911,544,832,0,0,0x00002b9db56ee000,0x00002b9db56f0000,0x358034d8d2cf9566,0xc5c2de699040d432,1,0,0,ld.global.cg,0,tmau_cold_bank_first_use
NVIDIA B200,10.0,132644864,mixed_direction,multi_cta,tensor,mixed,g2s_then_s2g,batched,same_map,128,4,8,1,hot,239,593,544,704,0,0,0x00002b9db56ee000,0x00002b9db56f0000,0x358034d8d2cf9566,0xc5c2de699040d432,1,0,1,ld.global.cg,0,tmau_hot_bank_reuse
NVIDIA B200,10.0,132644864,mixed_direction,multi_cta,tensor,mixed,g2s_then_s2g,batched,same_map,128,8,16,0,cold,265,735,576,768,0,0,0x00002b9db56f2000,0x00002b9db56f4000,0x9af2eb81e4246872,0xcf53eba3ffbacf26,1,0,0,ld.global.cg,0,tmau_cold_bank_first_use
NVIDIA B200,10.0,132644864,mixed_direction,multi_cta,tensor,mixed,g2s_then_s2g,batched,same_map,128,8,16,1,hot,239,593,544,704,0,0,0x00002b9db56f2000,0x00002b9db56f4000,0x9af2eb81e4246872,0xcf53eba3ffbacf26,1,0,1,ld.global.cg,0,tmau_hot_bank_reuse
NVIDIA B200,10.0,132644864,mixed_direction,multi_cta,tensor,mixed,g2s_then_s2g,batched,same_map,128,16,32,0,cold,265,1196,384,800,0,0,0x00002b9db56f6000,0x00002b9db56f8000,0x9b467deb2056c38a,0xe0cc5d45a195a73e,1,0,0,ld.global.cg,0,tmau_cold_bank_first_use
NVIDIA B200,10.0,132644864,mixed_direction,multi_cta,tensor,mixed,g2s_then_s2g,batched,same_map,128,16,32,1,hot,239,593,608,736,0,0,0x00002b9db56f6000,0x00002b9db56f8000,0x9b467deb2056c38a,0xe0cc5d45a195a73e,1,0,1,ld.global.cg,0,tmau_hot_bank_reuse
NVIDIA B200,10.0,132644864,mixed_direction,multi_cta,tensor,mixed,s2g_then_g2s,batched,same_map,128,1,2,0,cold,247,793,128,352,0,0,0x00002b9db56fa000,0x00002b9db56fc000,0x5e32841e305e7c77,0x65b69cbf67f3f4a3,1,0,0,ld.global.cg,0,tmau_cold_bank_first_use
NVIDIA B200,10.0,132644864,mixed_direction,multi_cta,tensor,mixed,s2g_then_g2s,batched,same_map,128,1,2,1,hot,231,574,128,288,0,0,0x00002b9db56fa000,0x00002b9db56fc000,0x5e32841e305e7c77,0x65b69cbf67f3f4a3,1,0,1,ld.global.cg,0,tmau_hot_bank_reuse
NVIDIA B200,10.0,132644864,mixed_direction,multi_cta,tensor,mixed,s2g_then_g2s,batched,same_map,128,2,4,0,cold,247,774,128,384,0,0,0x00002b9db56fe000,0x00002b9db5700000,0x75c53539a2c9a1f4,0x554c63e4a1d75660,1,0,0,ld.global.cg,0,tmau_cold_bank_first_use
NVIDIA B200,10.0,132644864,mixed_direction,multi_cta,tensor,mixed,s2g_then_g2s,batched,same_map,128,2,4,1,hot,231,585,128,288,0,0,0x00002b9db56fe000,0x00002b9db5700000,0x75c53539a2c9a1f4,0x554c63e4a1d75660,1,0,1,ld.global.cg,0,tmau_hot_bank_reuse
NVIDIA B200,10.0,132644864,mixed_direction,multi_cta,tensor,mixed,s2g_then_g2s,batched,same_map,128,4,8,0,cold,247,801,320,576,0,0,0x00002b9db5702000,0x00002b9db5704000,0x358034d8d2cf9566,0xc5c2de699040d432,1,0,0,ld.global.cg,0,tmau_cold_bank_first_use
NVIDIA B200,10.0,132644864,mixed_direction,multi_cta,tensor,mixed,s2g_then_g2s,batched,same_map,128,4,8,1,hot,231,584,480,640,0,0,0x00002b9db5702000,0x00002b9db5704000,0x358034d8d2cf9566,0xc5c2de699040d432,1,0,1,ld.global.cg,0,tmau_hot_bank_reuse
NVIDIA B200,10.0,132644864,mixed_direction,multi_cta,tensor,mixed,s2g_then_g2s,batched,same_map,128,8,16,0,cold,247,1136,544,960,0,0,0x00002b9db5706000,0x00002b9db5708000,0x9af2eb81e4246872,0xcf53eba3ffbacf26,1,0,0,ld.global.cg,0,tmau_cold_bank_first_use
NVIDIA B200,10.0,132644864,mixed_direction,multi_cta,tensor,mixed,s2g_then_g2s,batched,same_map,128,8,16,1,hot,235,658,640,832,0,0,0x00002b9db5706000,0x00002b9db5708000,0x9af2eb81e4246872,0xcf53eba3ffbacf26,1,0,1,ld.global.cg,0,tmau_hot_bank_reuse
NVIDIA B200,10.0,132644864,mixed_direction,multi_cta,tensor,mixed,s2g_then_g2s,batched,same_map,128,16,32,0,cold,247,1131,384,800,0,0,0x00002b9db570a000,0x00002b9db570c000,0x9b467deb2056c38a,0xe0cc5d45a195a73e,1,0,0,ld.global.cg,0,tmau_cold_bank_first_use
NVIDIA B200,10.0,132644864,mixed_direction,multi_cta,tensor,mixed,s2g_then_g2s,batched,same_map,128,16,32,1,hot,232,586,544,672,0,0,0x00002b9db570a000,0x00002b9db570c000,0x9b467deb2056c38a,0xe0cc5d45a195a73e,1,0,1,ld.global.cg,0,tmau_hot_bank_reuse
NVIDIA B200,10.0,132644864,mixed_direction,multi_cta,tensor,mixed,alternating,batched,distinct_map,128,1,2,0,cold,265,739,160,384,0,0,0x00002b9db570e000,0x00002b9db5710000,0x5e32841e305e7c77,0x65b69cbf67f3f4a3,1,0,0,ld.global.cg,0,tmau_cold_bank_first_use
NVIDIA B200,10.0,132644864,mixed_direction,multi_cta,tensor,mixed,alternating,batched,distinct_map,128,1,2,1,hot,239,593,128,288,0,0,0x00002b9db570e000,0x00002b9db5710000,0x5e32841e305e7c77,0x65b69cbf67f3f4a3,1,0,1,ld.global.cg,0,tmau_hot_bank_reuse
NVIDIA B200,10.0,132644864,mixed_direction,multi_cta,tensor,mixed,alternating,batched,distinct_map,128,2,4,0,cold,265,866,160,416,0,0,0x00002b9db5712000,0x00002b9db5715000,0x4dc485a3df209f3b,0x94b64384740b4c83,2,0,0,ld.global.cg,0,tmau_cold_bank_first_use
NVIDIA B200,10.0,132644864,mixed_direction,multi_cta,tensor,mixed,alternating,batched,distinct_map,128,2,4,1,hot,240,594,128,288,0,0,0x00002b9db5712000,0x00002b9db5715000,0x4dc485a3df209f3b,0x94b64384740b4c83,2,0,1,ld.global.cg,0,tmau_hot_bank_reuse
NVIDIA B200,10.0,132644864,mixed_direction,multi_cta,tensor,mixed,alternating,batched,distinct_map,128,4,8,0,cold,266,1207,352,800,0,0,0x00002b9db5718000,0x00002b9db571d000,0xc6fbd9e888475cfd,0x7aea0961d91fc985,4,0,0,ld.global.cg,0,tmau_cold_bank_first_use
NVIDIA B200,10.0,132644864,mixed_direction,multi_cta,tensor,mixed,alternating,batched,distinct_map,128,4,8,1,hot,241,595,480,608,0,0,0x00002b9db5718000,0x00002b9db571d000,0xc6fbd9e888475cfd,0x7aea0961d91fc985,4,0,1,ld.global.cg,0,tmau_hot_bank_reuse
NVIDIA B200,10.0,132644864,mixed_direction,multi_cta,tensor,mixed,alternating,batched,distinct_map,128,8,16,0,cold,265,1226,544,1024,0,0,0x00002b9db5722000,0x00002b9db572b000,0x269520ddda3fae23,0xf3c8f66b654516d3,8,0,0,ld.global.cg,0,tmau_cold_bank_first_use
NVIDIA B200,10.0,132644864,mixed_direction,multi_cta,tensor,mixed,alternating,batched,distinct_map,128,8,16,1,hot,241,595,416,576,0,0,0x00002b9db5722000,0x00002b9db572b000,0x269520ddda3fae23,0xf3c8f66b654516d3,8,0,1,ld.global.cg,0,tmau_hot_bank_reuse
NVIDIA B200,10.0,132644864,mixed_direction,multi_cta,tensor,mixed,alternating,batched,distinct_map,128,16,32,0,cold,266,1221,384,832,0,0,0x00002b9db5734000,0x00002b9db5745000,0xf91955af6e771b23,0x2cdde43fc7f9b2c3,16,0,0,ld.global.cg,0,tmau_cold_bank_first_use
NVIDIA B200,10.0,132644864,mixed_direction,multi_cta,tensor,mixed,alternating,batched,distinct_map,128,16,32,1,hot,240,594,480,608,0,0,0x00002b9db5734000,0x00002b9db5745000,0xf91955af6e771b23,0x2cdde43fc7f9b2c3,16,0,1,ld.global.cg,0,tmau_hot_bank_reuse
NVIDIA B200,10.0,132644864,mixed_direction,multi_cta,tensor,mixed,g2s_then_s2g,batched,distinct_map,128,1,2,0,cold,265,862,160,416,0,0,0x00002b9db5756000,0x00002b9db5758000,0x5e32841e305e7c77,0x65b69cbf67f3f4a3,1,0,0,ld.global.cg,0,tmau_cold_bank_first_use
NVIDIA B200,10.0,132644864,mixed_direction,multi_cta,tensor,mixed,g2s_then_s2g,batched,distinct_map,128,1,2,1,hot,239,593,128,256,0,0,0x00002b9db5756000,0x00002b9db5758000,0x5e32841e305e7c77,0x65b69cbf67f3f4a3,1,0,1,ld.global.cg,0,tmau_hot_bank_reuse
NVIDIA B200,10.0,132644864,mixed_direction,multi_cta,tensor,mixed,g2s_then_s2g,batched,distinct_map,128,2,4,0,cold,265,850,160,416,0,0,0x00002b9db575a000,0x00002b9db575d000,0x4dc485a3df209f3b,0x94b64384740b4c83,2,0,0,ld.global.cg,0,tmau_cold_bank_first_use
NVIDIA B200,10.0,132644864,mixed_direction,multi_cta,tensor,mixed,g2s_then_s2g,batched,distinct_map,128,2,4,1,hot,239,593,128,256,0,0,0x00002b9db575a000,0x00002b9db575d000,0x4dc485a3df209f3b,0x94b64384740b4c83,2,0,1,ld.global.cg,0,tmau_hot_bank_reuse
NVIDIA B200,10.0,132644864,mixed_direction,multi_cta,tensor,mixed,g2s_then_s2g,batched,distinct_map,128,4,8,0,cold,265,1108,352,768,0,0,0x00002b9db5760000,0x00002b9db5765000,0xc6fbd9e888475cfd,0x7aea0961d91fc985,4,0,0,ld.global.cg,0,tmau_cold_bank_first_use
NVIDIA B200,10.0,132644864,mixed_direction,multi_cta,tensor,mixed,g2s_then_s2g,batched,distinct_map,128,4,8,1,hot,239,593,480,608,0,0,0x00002b9db5760000,0x00002b9db5765000,0xc6fbd9e888475cfd,0x7aea0961d91fc985,4,0,1,ld.global.cg,0,tmau_hot_bank_reuse
NVIDIA B200,10.0,132644864,mixed_direction,multi_cta,tensor,mixed,g2s_then_s2g,batched,distinct_map,128,8,16,0,cold,266,1214,576,1024,0,0,0x00002b9db576a000,0x00002b9db5773000,0x269520ddda3fae23,0xf3c8f66b654516d3,8,0,0,ld.global.cg,0,tmau_cold_bank_first_use
NVIDIA B200,10.0,132644864,mixed_direction,multi_cta,tensor,mixed,g2s_then_s2g,batched,distinct_map,128,8,16,1,hot,241,595,416,544,0,0,0x00002b9db576a000,0x00002b9db5773000,0x269520ddda3fae23,0xf3c8f66b654516d3,8,0,1,ld.global.cg,0,tmau_hot_bank_reuse
NVIDIA B200,10.0,132644864,mixed_direction,multi_cta,tensor,mixed,g2s_then_s2g,batched,distinct_map,128,16,32,0,cold,267,1193,608,1024,0,0,0x00002b9db577c000,0x00002b9db578d000,0xf91955af6e771b23,0x2cdde43fc7f9b2c3,16,0,0,ld.global.cg,0,tmau_cold_bank_first_use
NVIDIA B200,10.0,132644864,mixed_direction,multi_cta,tensor,mixed,g2s_then_s2g,batched,distinct_map,128,16,32,1,hot,239,593,416,576,0,0,0x00002b9db577c000,0x00002b9db578d000,0xf91955af6e771b23,0x2cdde43fc7f9b2c3,16,0,1,ld.global.cg,0,tmau_hot_bank_reuse
NVIDIA B200,10.0,132644864,mixed_direction,multi_cta,tensor,mixed,s2g_then_g2s,batched,distinct_map,128,1,2,0,cold,247,783,160,384,0,0,0x00002b9db579e000,0x00002b9db57a0000,0x5e32841e305e7c77,0x65b69cbf67f3f4a3,1,0,0,ld.global.cg,0,tmau_cold_bank_first_use
NVIDIA B200,10.0,132644864,mixed_direction,multi_cta,tensor,mixed,s2g_then_g2s,batched,distinct_map,128,1,2,1,hot,231,585,128,256,0,0,0x00002b9db579e000,0x00002b9db57a0000,0x5e32841e305e7c77,0x65b69cbf67f3f4a3,1,0,1,ld.global.cg,0,tmau_hot_bank_reuse
NVIDIA B200,10.0,132644864,mixed_direction,multi_cta,tensor,mixed,s2g_then_g2s,batched,distinct_map,128,2,4,0,cold,247,792,128,384,0,0,0x00002b9db57a2000,0x00002b9db57a5000,0x4dc485a3df209f3b,0x94b64384740b4c83,2,0,0,ld.global.cg,0,tmau_cold_bank_first_use
NVIDIA B200,10.0,132644864,mixed_direction,multi_cta,tensor,mixed,s2g_then_g2s,batched,distinct_map,128,2,4,1,hot,231,585,160,320,0,0,0x00002b9db57a2000,0x00002b9db57a5000,0x4dc485a3df209f3b,0x94b64384740b4c83,2,0,1,ld.global.cg,0,tmau_hot_bank_reuse
NVIDIA B200,10.0,132644864,mixed_direction,multi_cta,tensor,mixed,s2g_then_g2s,batched,distinct_map,128,4,8,0,cold,247,1250,320,800,0,0,0x00002b9db57a8000,0x00002b9db57ad000,0xc6fbd9e888475cfd,0x7aea0961d91fc985,4,0,0,ld.global.cg,0,tmau_cold_bank_first_use
NVIDIA B200,10.0,132644864,mixed_direction,multi_cta,tensor,mixed,s2g_then_g2s,batched,distinct_map,128,4,8,1,hot,231,657,576,736,0,0,0x00002b9db57a8000,0x00002b9db57ad000,0xc6fbd9e888475cfd,0x7aea0961d91fc985,4,0,1,ld.global.cg,0,tmau_hot_bank_reuse
NVIDIA B200,10.0,132644864,mixed_direction,multi_cta,tensor,mixed,s2g_then_g2s,batched,distinct_map,128,8,16,0,cold,247,1168,352,800,0,0,0x00002b9db57b2000,0x00002b9db57bb000,0x269520ddda3fae23,0xf3c8f66b654516d3,8,0,0,ld.global.cg,0,tmau_cold_bank_first_use
NVIDIA B200,10.0,132644864,mixed_direction,multi_cta,tensor,mixed,s2g_then_g2s,batched,distinct_map,128,8,16,1,hot,233,657,576,736,0,0,0x00002b9db57b2000,0x00002b9db57bb000,0x269520ddda3fae23,0xf3c8f66b654516d3,8,0,1,ld.global.cg,0,tmau_hot_bank_reuse
NVIDIA B200,10.0,132644864,mixed_direction,multi_cta,tensor,mixed,s2g_then_g2s,batched,distinct_map,128,16,32,0,cold,249,1279,576,1056,0,0,0x00002b9db57c4000,0x00002b9db57d5000,0xf91955af6e771b23,0x2cdde43fc7f9b2c3,16,0,0,ld.global.cg,0,tmau_cold_bank_first_use
NVIDIA B200,10.0,132644864,mixed_direction,multi_cta,tensor,mixed,s2g_then_g2s,batched,distinct_map,128,16,32,1,hot,231,663,544,736,0,0,0x00002b9db57c4000,0x00002b9db57d5000,0xf91955af6e771b23,0x2cdde43fc7f9b2c3,16,0,1,ld.global.cg,0,tmau_hot_bank_reuse
NVIDIA B200,10.0,132644864,mixed_direction,multi_cta,tensor,mixed,alternating,batched,same_map,4096,1,2,0,cold,265,879,160,448,0,0,0x00002b9db57e6000,0x00002b9db57e8000,0x791eb89886893483,0xbf9f7a1304b703ef,1,0,0,ld.global.cg,0,tmau_cold_bank_first_use
NVIDIA B200,10.0,132644864,mixed_direction,multi_cta,tensor,mixed,alternating,batched,same_map,4096,1,2,1,hot,239,604,128,288,0,0,0x00002b9db57e6000,0x00002b9db57e8000,0x791eb89886893483,0xbf9f7a1304b703ef,1,0,1,ld.global.cg,0,tmau_hot_bank_reuse
NVIDIA B200,10.0,132644864,mixed_direction,multi_cta,tensor,mixed,alternating,batched,same_map,4096,2,4,0,cold,265,883,128,416,0,0,0x00002b9db57ea000,0x00002b9db57ec000,0x309a40e721a0ce23,0x12b4763b0bf54c8f,1,0,0,ld.global.cg,0,tmau_cold_bank_first_use
NVIDIA B200,10.0,132644864,mixed_direction,multi_cta,tensor,mixed,alternating,batched,same_map,4096,2,4,1,hot,239,604,160,320,0,0,0x00002b9db57ea000,0x00002b9db57ec000,0x309a40e721a0ce23,0x12b4763b0bf54c8f,1,0,1,ld.global.cg,0,tmau_hot_bank_reuse
NVIDIA B200,10.0,132644864,mixed_direction,multi_cta,tensor,mixed,alternating,batched,same_map,4096,4,8,0,cold,265,1532,352,960,0,0,0x00002b9db57ee000,0x00002b9db57f0000,0x358b4caa86015f63,0x60b9f1c3192d6a4f,1,0,0,ld.global.cg,0,tmau_cold_bank_first_use
NVIDIA B200,10.0,132644864,mixed_direction,multi_cta,tensor,mixed,alternating,batched,same_map,4096,4,8,1,hot,239,693,384,576,0,0,0x00002b9db57ee000,0x00002b9db57f0000,0x358b4caa86015f63,0x60b9f1c3192d6a4f,1,0,1,ld.global.cg,0,tmau_hot_bank_reuse
NVIDIA B200,10.0,132644864,mixed_direction,multi_cta,tensor,mixed,alternating,batched,same_map,4096,8,16,0,cold,265,1548,544,1152,0,0,0x00002b9db57f2000,0x00002b9db57f4000,0xd5d17e979011ede3,0x00749b3f6f1cdbcf,1,0,0,ld.global.cg,0,tmau_cold_bank_first_use
NVIDIA B200,10.0,132644864,mixed_direction,multi_cta,tensor,mixed,alternating,batched,same_map,4096,8,16,1,hot,240,695,352,544,0,0,0x00002b9db57f2000,0x00002b9db57f4000,0xd5d17e979011ede3,0x00749b3f6f1cdbcf,1,0,1,ld.global.cg,0,tmau_hot_bank_reuse
NVIDIA B200,10.0,132644864,mixed_direction,multi_cta,tensor,mixed,alternating,batched,same_map,4096,16,32,0,cold,265,1182,352,800,0,0,0x00002b9db57f6000,0x00002b9db57f8000,0xf1e4b84d567a681a,0xf3c8a33a045b16a6,1,0,0,ld.global.cg,0,tmau_cold_bank_first_use
NVIDIA B200,10.0,132644864,mixed_direction,multi_cta,tensor,mixed,alternating,batched,same_map,4096,16,32,1,hot,239,604,512,640,0,0,0x00002b9db57f6000,0x00002b9db57f8000,0xf1e4b84d567a681a,0xf3c8a33a045b16a6,1,0,1,ld.global.cg,0,tmau_hot_bank_reuse
NVIDIA B200,10.0,132644864,mixed_direction,multi_cta,tensor,mixed,g2s_then_s2g,batched,same_map,4096,1,2,0,cold,265,850,160,416,0,0,0x00002b9db57fa000,0x00002b9db57fc000,0x791eb89886893483,0xbf9f7a1304b703ef,1,0,0,ld.global.cg,0,tmau_cold_bank_first_use
NVIDIA B200,10.0,132644864,mixed_direction,multi_cta,tensor,mixed,g2s_then_s2g,batched,same_map,4096,1,2,1,hot,239,604,160,288,0,0,0x00002b9db57fa000,0x00002b9db57fc000,0x791eb89886893483,0xbf9f7a1304b703ef,1,0,1,ld.global.cg,0,tmau_hot_bank_reuse
NVIDIA B200,10.0,132644864,mixed_direction,multi_cta,tensor,mixed,g2s_then_s2g,batched,same_map,4096,2,4,0,cold,265,1001,128,480,0,0,0x00002b9db57fe000,0x00002b9db5800000,0x309a40e721a0ce23,0x12b4763b0bf54c8f,1,0,0,ld.global.cg,0,tmau_cold_bank_first_use
NVIDIA B200,10.0,132644864,mixed_direction,multi_cta,tensor,mixed,g2s_then_s2g,batched,same_map,4096,2,4,1,hot,239,604,128,288,0,0,0x00002b9db57fe000,0x00002b9db5800000,0x309a40e721a0ce23,0x12b4763b0bf54c8f,1,0,1,ld.global.cg,0,tmau_hot_bank_reuse
NVIDIA B200,10.0,132644864,mixed_direction,multi_cta,tensor,mixed,g2s_then_s2g,batched,same_map,4096,4,8,0,cold,265,917,576,864,0,0,0x00002b9db5802000,0x00002b9db5804000,0x358b4caa86015f63,0x60b9f1c3192d6a4f,1,0,0,ld.global.cg,0,tmau_cold_bank_first_use
NVIDIA B200,10.0,132644864,mixed_direction,multi_cta,tensor,mixed,g2s_then_s2g,batched,same_map,4096,4,8,1,hot,241,604,544,704,0,0,0x00002b9db5802000,0x00002b9db5804000,0x358b4caa86015f63,0x60b9f1c3192d6a4f,1,0,1,ld.global.cg,0,tmau_hot_bank_reuse
NVIDIA B200,10.0,132644864,mixed_direction,multi_cta,tensor,mixed,g2s_then_s2g,batched,same_map,4096,8,16,0,cold,267,1230,352,800,0,0,0x00002b9db5806000,0x00002b9db5808000,0xd5d17e979011ede3,0x00749b3f6f1cdbcf,1,0,0,ld.global.cg,0,tmau_cold_bank_first_use
NVIDIA B200,10.0,132644864,mixed_direction,multi_cta,tensor,mixed,g2s_then_s2g,batched,same_map,4096,8,16,1,hot,241,608,512,672,0,0,0x00002b9db5806000,0x00002b9db5808000,0xd5d17e979011ede3,0x00749b3f6f1cdbcf,1,0,1,ld.global.cg,0,tmau_hot_bank_reuse
NVIDIA B200,10.0,132644864,mixed_direction,multi_cta,tensor,mixed,g2s_then_s2g,batched,same_map,4096,16,32,0,cold,266,1265,576,1024,0,0,0x00002b9db580a000,0x00002b9db580c000,0xf1e4b84d567a681a,0xf3c8a33a045b16a6,1,0,0,ld.global.cg,0,tmau_cold_bank_first_use
NVIDIA B200,10.0,132644864,mixed_direction,multi_cta,tensor,mixed,g2s_then_s2g,batched,same_map,4096,16,32,1,hot,241,604,480,640,0,0,0x00002b9db580a000,0x00002b9db580c000,0xf1e4b84d567a681a,0xf3c8a33a045b16a6,1,0,1,ld.global.cg,0,tmau_hot_bank_reuse
NVIDIA B200,10.0,132644864,mixed_direction,multi_cta,tensor,mixed,s2g_then_g2s,batched,same_map,4096,1,2,0,cold,259,939,160,480,0,0,0x00002b9db580e000,0x00002b9db5810000,0x791eb89886893483,0xbf9f7a1304b703ef,1,0,0,ld.global.cg,0,tmau_cold_bank_first_use
NVIDIA B200,10.0,132644864,mixed_direction,multi_cta,tensor,mixed,s2g_then_g2s,batched,same_map,4096,1,2,1,hot,231,733,128,352,0,0,0x00002b9db580e000,0x00002b9db5810000,0x791eb89886893483,0xbf9f7a1304b703ef,1,0,1,ld.global.cg,0,tmau_hot_bank_reuse
NVIDIA B200,10.0,132644864,mixed_direction,multi_cta,tensor,mixed,s2g_then_g2s,batched,same_map,4096,2,4,0,cold,259,932,128,448,0,0,0x00002b9db5812000,0x00002b9db5814000,0x309a40e721a0ce23,0x12b4763b0bf54c8f,1,0,0,ld.global.cg,0,tmau_cold_bank_first_use
NVIDIA B200,10.0,132644864,mixed_direction,multi_cta,tensor,mixed,s2g_then_g2s,batched,same_map,4096,2,4,1,hot,231,734,128,352,0,0,0x00002b9db5812000,0x00002b9db5814000,0x309a40e721a0ce23,0x12b4763b0bf54c8f,1,0,1,ld.global.cg,0,tmau_hot_bank_reuse
NVIDIA B200,10.0,132644864,mixed_direction,multi_cta,tensor,mixed,s2g_then_g2s,batched,same_map,4096,4,8,0,cold,259,1242,320,800,0,0,0x00002b9db5816000,0x00002b9db5818000,0x358b4caa86015f63,0x60b9f1c3192d6a4f,1,0,0,ld.global.cg,0,tmau_cold_bank_first_use
NVIDIA B200,10.0,132644864,mixed_direction,multi_cta,tensor,mixed,s2g_then_g2s,batched,same_map,4096,4,8,1,hot,231,734,576,768,0,0,0x00002b9db5816000,0x00002b9db5818000,0x358b4caa86015f63,0x60b9f1c3192d6a4f,1,0,1,ld.global.cg,0,tmau_hot_bank_reuse
NVIDIA B200,10.0,132644864,mixed_direction,multi_cta,tensor,mixed,s2g_then_g2s,batched,same_map,4096,8,16,0,cold,259,1264,544,1024,0,0,0x00002b9db581a000,0x00002b9db581c000,0xd5d17e979011ede3,0x00749b3f6f1cdbcf,1,0,0,ld.global.cg,0,tmau_cold_bank_first_use
NVIDIA B200,10.0,132644864,mixed_direction,multi_cta,tensor,mixed,s2g_then_g2s,batched,same_map,4096,8,16,1,hot,231,733,512,736,0,0,0x00002b9db581a000,0x00002b9db581c000,0xd5d17e979011ede3,0x00749b3f6f1cdbcf,1,0,1,ld.global.cg,0,tmau_hot_bank_reuse
NVIDIA B200,10.0,132644864,mixed_direction,multi_cta,tensor,mixed,s2g_then_g2s,batched,same_map,4096,16,32,0,cold,259,922,352,672,0,0,0x00002b9db581e000,0x00002b9db5820000,0xf1e4b84d567a681a,0xf3c8a33a045b16a6,1,0,0,ld.global.cg,0,tmau_cold_bank_first_use
NVIDIA B200,10.0,132644864,mixed_direction,multi_cta,tensor,mixed,s2g_then_g2s,batched,same_map,4096,16,32,1,hot,232,734,480,704,0,0,0x00002b9db581e000,0x00002b9db5820000,0xf1e4b84d567a681a,0xf3c8a33a045b16a6,1,0,1,ld.global.cg,0,tmau_hot_bank_reuse
NVIDIA B200,10.0,132644864,mixed_direction,multi_cta,tensor,mixed,alternating,batched,distinct_map,4096,1,2,0,cold,265,854,128,384,0,0,0x00002b9db5822000,0x00002b9db5824000,0x791eb89886893483,0xbf9f7a1304b703ef,1,0,0,ld.global.cg,0,tmau_cold_bank_first_use
NVIDIA B200,10.0,132644864,mixed_direction,multi_cta,tensor,mixed,alternating,batched,distinct_map,4096,1,2,1,hot,239,604,128,288,0,0,0x00002b9db5822000,0x00002b9db5824000,0x791eb89886893483,0xbf9f7a1304b703ef,1,0,1,ld.global.cg,0,tmau_hot_bank_reuse
NVIDIA B200,10.0,132644864,mixed_direction,multi_cta,tensor,mixed,alternating,batched,distinct_map,4096,2,4,0,cold,266,878,160,448,0,0,0x00002b9db5826000,0x00002b9db5829000,0xbdb1294b63843813,0xcae2bd342f9053ab,2,0,0,ld.global.cg,0,tmau_cold_bank_first_use
NVIDIA B200,10.0,132644864,mixed_direction,multi_cta,tensor,mixed,alternating,batched,distinct_map,4096,2,4,1,hot,239,605,160,288,0,0,0x00002b9db5826000,0x00002b9db5829000,0xbdb1294b63843813,0xcae2bd342f9053ab,2,0,1,ld.global.cg,0,tmau_hot_bank_reuse
NVIDIA B200,10.0,132644864,mixed_direction,multi_cta,tensor,mixed,alternating,batched,distinct_map,4096,4,8,0,cold,265,1221,576,1024,0,0,0x00002b9db582c000,0x00002b9db5831000,0x4da2c53d3b6e3703,0x9c9de65dfc4d77d3,4,0,0,ld.global.cg,0,tmau_cold_bank_first_use
NVIDIA B200,10.0,132644864,mixed_direction,multi_cta,tensor,mixed,alternating,batched,distinct_map,4096,4,8,1,hot,241,604,448,608,0,0,0x00002b9db582c000,0x00002b9db5831000,0x4da2c53d3b6e3703,0x9c9de65dfc4d77d3,4,0,1,ld.global.cg,0,tmau_hot_bank_reuse
NVIDIA B200,10.0,132644864,mixed_direction,multi_cta,tensor,mixed,alternating,batched,distinct_map,4096,8,16,0,cold,265,1233,352,800,0,0,0x00002b9db5836000,0x00002b9db583f000,0xe603fa7054bff603,0x02143be1129ba0e3,8,0,0,ld.global.cg,0,tmau_cold_bank_first_use
NVIDIA B200,10.0,132644864,mixed_direction,multi_cta,tensor,mixed,alternating,batched,distinct_map,4096,8,16,1,hot,239,604,448,608,0,0,0x00002b9db5836000,0x00002b9db583f000,0xe603fa7054bff603,0x02143be1129ba0e3,8,0,1,ld.global.cg,0,tmau_hot_bank_reuse
NVIDIA B200,10.0,132644864,mixed_direction,multi_cta,tensor,mixed,alternating,batched,distinct_map,4096,16,32,0,cold,265,1218,576,1024,0,0,0x00002b9db5848000,0x00002b9db5859000,0xcc2afff526135f83,0x9d87526b4f9a0bc3,16,0,0,ld.global.cg,0,tmau_cold_bank_first_use
NVIDIA B200,10.0,132644864,mixed_direction,multi_cta,tensor,mixed,alternating,batched,distinct_map,4096,16,32,1,hot,239,604,416,576,0,0,0x00002b9db5848000,0x00002b9db5859000,0xcc2afff526135f83,0x9d87526b4f9a0bc3,16,0,1,ld.global.cg,0,tmau_hot_bank_reuse
NVIDIA B200,10.0,132644864,mixed_direction,multi_cta,tensor,mixed,g2s_then_s2g,batched,distinct_map,4096,1,2,0,cold,265,875,128,416,0,0,0x00002b9db586a000,0x00002b9db586c000,0x791eb89886893483,0xbf9f7a1304b703ef,1,0,0,ld.global.cg,0,tmau_cold_bank_first_use
NVIDIA B200,10.0,132644864,mixed_direction,multi_cta,tensor,mixed,g2s_then_s2g,batched,distinct_map,4096,1,2,1,hot,239,604,128,288,0,0,0x00002b9db586a000,0x00002b9db586c000,0x791eb89886893483,0xbf9f7a1304b703ef,1,0,1,ld.global.cg,0,tmau_hot_bank_reuse
NVIDIA B200,10.0,132644864,mixed_direction,multi_cta,tensor,mixed,g2s_then_s2g,batched,distinct_map,4096,2,4,0,cold,265,873,160,416,0,0,0x00002b9db586e000,0x00002b9db5871000,0xbdb1294b63843813,0xcae2bd342f9053ab,2,0,0,ld.global.cg,0,tmau_cold_bank_first_use
NVIDIA B200,10.0,132644864,mixed_direction,multi_cta,tensor,mixed,g2s_then_s2g,batched,distinct_map,4096,2,4,1,hot,239,604,128,288,0,0,0x00002b9db586e000,0x00002b9db5871000,0xbdb1294b63843813,0xcae2bd342f9053ab,2,0,1,ld.global.cg,0,tmau_hot_bank_reuse
NVIDIA B200,10.0,132644864,mixed_direction,multi_cta,tensor,mixed,g2s_then_s2g,batched,distinct_map,4096,4,8,0,cold,265,1200,352,800,0,0,0x00002b9db5874000,0x00002b9db5879000,0x4da2c53d3b6e3703,0x9c9de65dfc4d77d3,4,0,0,ld.global.cg,0,tmau_cold_bank_first_use
NVIDIA B200,10.0,132644864,mixed_direction,multi_cta,tensor,mixed,g2s_then_s2g,batched,distinct_map,4096,4,8,1,hot,239,604,480,640,0,0,0x00002b9db5874000,0x00002b9db5879000,0x4da2c53d3b6e3703,0x9c9de65dfc4d77d3,4,0,1,ld.global.cg,0,tmau_hot_bank_reuse
NVIDIA B200,10.0,132644864,mixed_direction,multi_cta,tensor,mixed,g2s_then_s2g,batched,distinct_map,4096,8,16,0,cold,266,1239,544,1024,0,0,0x00002b9db587e000,0x00002b9db5887000,0xe603fa7054bff603,0x02143be1129ba0e3,8,0,0,ld.global.cg,0,tmau_cold_bank_first_use
NVIDIA B200,10.0,132644864,mixed_direction,multi_cta,tensor,mixed,g2s_then_s2g,batched,distinct_map,4096,8,16,1,hot,239,604,352,480,0,0,0x00002b9db587e000,0x00002b9db5887000,0xe603fa7054bff603,0x02143be1129ba0e3,8,0,1,ld.global.cg,0,tmau_hot_bank_reuse
NVIDIA B200,10.0,132644864,mixed_direction,multi_cta,tensor,mixed,g2s_then_s2g,batched,distinct_map,4096,16,32,0,cold,266,1236,352,800,0,0,0x00002b9db5890000,0x00002b9db58a1000,0xcc2afff526135f83,0x9d87526b4f9a0bc3,16,0,0,ld.global.cg,0,tmau_cold_bank_first_use
NVIDIA B200,10.0,132644864,mixed_direction,multi_cta,tensor,mixed,g2s_then_s2g,batched,distinct_map,4096,16,32,1,hot,241,608,480,640,0,0,0x00002b9db5890000,0x00002b9db58a1000,0xcc2afff526135f83,0x9d87526b4f9a0bc3,16,0,1,ld.global.cg,0,tmau_hot_bank_reuse
NVIDIA B200,10.0,132644864,mixed_direction,multi_cta,tensor,mixed,s2g_then_g2s,batched,distinct_map,4096,1,2,0,cold,259,928,128,448,0,0,0x00002b9db58b2000,0x00002b9db58b4000,0x791eb89886893483,0xbf9f7a1304b703ef,1,0,0,ld.global.cg,0,tmau_cold_bank_first_use
NVIDIA B200,10.0,132644864,mixed_direction,multi_cta,tensor,mixed,s2g_then_g2s,batched,distinct_map,4096,1,2,1,hot,231,733,128,352,0,0,0x00002b9db58b2000,0x00002b9db58b4000,0x791eb89886893483,0xbf9f7a1304b703ef,1,0,1,ld.global.cg,0,tmau_hot_bank_reuse
NVIDIA B200,10.0,132644864,mixed_direction,multi_cta,tensor,mixed,s2g_then_g2s,batched,distinct_map,4096,2,4,0,cold,259,911,128,416,0,0,0x00002b9db58b6000,0x00002b9db58b9000,0xbdb1294b63843813,0xcae2bd342f9053ab,2,0,0,ld.global.cg,0,tmau_cold_bank_first_use
NVIDIA B200,10.0,132644864,mixed_direction,multi_cta,tensor,mixed,s2g_then_g2s,batched,distinct_map,4096,2,4,1,hot,231,733,128,352,0,0,0x00002b9db58b6000,0x00002b9db58b9000,0xbdb1294b63843813,0xcae2bd342f9053ab,2,0,1,ld.global.cg,0,tmau_hot_bank_reuse
NVIDIA B200,10.0,132644864,mixed_direction,multi_cta,tensor,mixed,s2g_then_g2s,batched,distinct_map,4096,4,8,0,cold,259,1262,544,1024,0,0,0x00002b9db58bc000,0x00002b9db58c1000,0x4da2c53d3b6e3703,0x9c9de65dfc4d77d3,4,0,0,ld.global.cg,0,tmau_cold_bank_first_use
NVIDIA B200,10.0,132644864,mixed_direction,multi_cta,tensor,mixed,s2g_then_g2s,batched,distinct_map,4096,4,8,1,hot,231,735,448,640,0,0,0x00002b9db58bc000,0x00002b9db58c1000,0x4da2c53d3b6e3703,0x9c9de65dfc4d77d3,4,0,1,ld.global.cg,0,tmau_hot_bank_reuse
NVIDIA B200,10.0,132644864,mixed_direction,multi_cta,tensor,mixed,s2g_then_g2s,batched,distinct_map,4096,8,16,0,cold,259,1290,352,864,0,0,0x00002b9db58c6000,0x00002b9db58cf000,0xe603fa7054bff603,0x02143be1129ba0e3,8,0,0,ld.global.cg,0,tmau_cold_bank_first_use
NVIDIA B200,10.0,132644864,mixed_direction,multi_cta,tensor,mixed,s2g_then_g2s,batched,distinct_map,4096,8,16,1,hot,230,732,544,704,0,0,0x00002b9db58c6000,0x00002b9db58cf000,0xe603fa7054bff603,0x02143be1129ba0e3,8,0,1,ld.global.cg,0,tmau_hot_bank_reuse
NVIDIA B200,10.0,132644864,mixed_direction,multi_cta,tensor,mixed,s2g_then_g2s,batched,distinct_map,4096,16,32,0,cold,259,1308,576,1056,0,0,0x00002b9db58d8000,0x00002b9db58e9000,0xcc2afff526135f83,0x9d87526b4f9a0bc3,16,0,0,ld.global.cg,0,tmau_cold_bank_first_use
NVIDIA B200,10.0,132644864,mixed_direction,multi_cta,tensor,mixed,s2g_then_g2s,batched,distinct_map,4096,16,32,1,hot,233,735,480,640,0,0,0x00002b9db58d8000,0x00002b9db58e9000,0xcc2afff526135f83,0x9d87526b4f9a0bc3,16,0,1,ld.global.cg,0,tmau_hot_bank_reuse
NVIDIA B200,10.0,132644864,mixed_direction,multi_cta,bulk,mixed,alternating,batched,na,128,1,2,0,cold,320,509,192,224,0,0,0x0000000000000000,0x0000000000000000,0x0000000000000000,0x0000000000000000,0,0,0,not_applicable,0,not_applicable
NVIDIA B200,10.0,132644864,mixed_direction,multi_cta,bulk,mixed,alternating,batched,na,128,1,2,1,hot,267,610,160,288,0,0,0x0000000000000000,0x0000000000000000,0x0000000000000000,0x0000000000000000,0,0,0,not_applicable,0,not_applicable
NVIDIA B200,10.0,132644864,mixed_direction,multi_cta,bulk,mixed,alternating,batched,na,128,2,4,0,cold,320,509,160,224,0,0,0x0000000000000000,0x0000000000000000,0x0000000000000000,0x0000000000000000,0,0,0,not_applicable,0,not_applicable
NVIDIA B200,10.0,132644864,mixed_direction,multi_cta,bulk,mixed,alternating,batched,na,128,2,4,1,hot,267,610,160,288,0,0,0x0000000000000000,0x0000000000000000,0x0000000000000000,0x0000000000000000,0,0,0,not_applicable,0,not_applicable
NVIDIA B200,10.0,132644864,mixed_direction,multi_cta,bulk,mixed,alternating,batched,na,128,4,8,0,cold,322,511,384,448,0,0,0x0000000000000000,0x0000000000000000,0x0000000000000000,0x0000000000000000,0,0,0,not_applicable,0,not_applicable
NVIDIA B200,10.0,132644864,mixed_direction,multi_cta,bulk,mixed,alternating,batched,na,128,4,8,1,hot,269,623,512,640,0,0,0x0000000000000000,0x0000000000000000,0x0000000000000000,0x0000000000000000,0,0,0,not_applicable,0,not_applicable
NVIDIA B200,10.0,132644864,mixed_direction,multi_cta,bulk,mixed,alternating,batched,na,128,8,16,0,cold,319,508,384,448,0,0,0x0000000000000000,0x0000000000000000,0x0000000000000000,0x0000000000000000,0,0,0,not_applicable,0,not_applicable
NVIDIA B200,10.0,132644864,mixed_direction,multi_cta,bulk,mixed,alternating,batched,na,128,8,16,1,hot,267,439,480,544,0,0,0x0000000000000000,0x0000000000000000,0x0000000000000000,0x0000000000000000,0,0,0,not_applicable,0,not_applicable
NVIDIA B200,10.0,132644864,mixed_direction,multi_cta,bulk,mixed,alternating,batched,na,128,16,32,0,cold,321,510,448,512,0,0,0x0000000000000000,0x0000000000000000,0x0000000000000000,0x0000000000000000,0,0,0,not_applicable,0,not_applicable
NVIDIA B200,10.0,132644864,mixed_direction,multi_cta,bulk,mixed,alternating,batched,na,128,16,32,1,hot,266,620,480,640,0,0,0x0000000000000000,0x0000000000000000,0x0000000000000000,0x0000000000000000,0,0,0,not_applicable,0,not_applicable
NVIDIA B200,10.0,132644864,mixed_direction,multi_cta,bulk,mixed,g2s_then_s2g,batched,na,128,1,2,0,cold,320,509,160,224,0,0,0x0000000000000000,0x0000000000000000,0x0000000000000000,0x0000000000000000,0,0,0,not_applicable,0,not_applicable
NVIDIA B200,10.0,132644864,mixed_direction,multi_cta,bulk,mixed,g2s_then_s2g,batched,na,128,1,2,1,hot,267,621,128,288,0,0,0x0000000000000000,0x0000000000000000,0x0000000000000000,0x0000000000000000,0,0,0,not_applicable,0,not_applicable
NVIDIA B200,10.0,132644864,mixed_direction,multi_cta,bulk,mixed,g2s_then_s2g,batched,na,128,2,4,0,cold,320,509,160,224,0,0,0x0000000000000000,0x0000000000000000,0x0000000000000000,0x0000000000000000,0,0,0,not_applicable,0,not_applicable
NVIDIA B200,10.0,132644864,mixed_direction,multi_cta,bulk,mixed,g2s_then_s2g,batched,na,128,2,4,1,hot,267,621,128,288,0,0,0x0000000000000000,0x0000000000000000,0x0000000000000000,0x0000000000000000,0,0,0,not_applicable,0,not_applicable
NVIDIA B200,10.0,132644864,mixed_direction,multi_cta,bulk,mixed,g2s_then_s2g,batched,na,128,4,8,0,cold,320,510,576,640,0,0,0x0000000000000000,0x0000000000000000,0x0000000000000000,0x0000000000000000,0,0,0,not_applicable,0,not_applicable
NVIDIA B200,10.0,132644864,mixed_direction,multi_cta,bulk,mixed,g2s_then_s2g,batched,na,128,4,8,1,hot,267,621,512,672,0,0,0x0000000000000000,0x0000000000000000,0x0000000000000000,0x0000000000000000,0,0,0,not_applicable,0,not_applicable
NVIDIA B200,10.0,132644864,mixed_direction,multi_cta,bulk,mixed,g2s_then_s2g,batched,na,128,8,16,0,cold,320,509,608,672,0,0,0x0000000000000000,0x0000000000000000,0x0000000000000000,0x0000000000000000,0,0,0,not_applicable,0,not_applicable
NVIDIA B200,10.0,132644864,mixed_direction,multi_cta,bulk,mixed,g2s_then_s2g,batched,na,128,8,16,1,hot,267,439,576,608,0,0,0x0000000000000000,0x0000000000000000,0x0000000000000000,0x0000000000000000,0,0,0,not_applicable,0,not_applicable
NVIDIA B200,10.0,132644864,mixed_direction,multi_cta,bulk,mixed,g2s_then_s2g,batched,na,128,16,32,0,cold,320,510,384,448,0,0,0x0000000000000000,0x0000000000000000,0x0000000000000000,0x0000000000000000,0,0,0,not_applicable,0,not_applicable
NVIDIA B200,10.0,132644864,mixed_direction,multi_cta,bulk,mixed,g2s_then_s2g,batched,na,128,16,32,1,hot,268,621,512,640,0,0,0x0000000000000000,0x0000000000000000,0x0000000000000000,0x0000000000000000,0,0,0,not_applicable,0,not_applicable
NVIDIA B200,10.0,132644864,mixed_direction,multi_cta,bulk,mixed,s2g_then_g2s,batched,na,128,1,2,0,cold,320,671,192,320,0,0,0x0000000000000000,0x0000000000000000,0x0000000000000000,0x0000000000000000,0,0,0,not_applicable,0,not_applicable
NVIDIA B200,10.0,132644864,mixed_direction,multi_cta,bulk,mixed,s2g_then_g2s,batched,na,128,1,2,1,hot,271,625,160,288,0,0,0x0000000000000000,0x0000000000000000,0x0000000000000000,0x0000000000000000,0,0,0,not_applicable,0,not_applicable
NVIDIA B200,10.0,132644864,mixed_direction,multi_cta,bulk,mixed,s2g_then_g2s,batched,na,128,2,4,0,cold,320,671,192,320,0,0,0x0000000000000000,0x0000000000000000,0x0000000000000000,0x0000000000000000,0,0,0,not_applicable,0,not_applicable
NVIDIA B200,10.0,132644864,mixed_direction,multi_cta,bulk,mixed,s2g_then_g2s,batched,na,128,2,4,1,hot,271,625,128,288,0,0,0x0000000000000000,0x0000000000000000,0x0000000000000000,0x0000000000000000,0,0,0,not_applicable,0,not_applicable
NVIDIA B200,10.0,132644864,mixed_direction,multi_cta,bulk,mixed,s2g_then_g2s,batched,na,128,4,8,0,cold,320,669,384,512,0,0,0x0000000000000000,0x0000000000000000,0x0000000000000000,0x0000000000000000,0,0,0,not_applicable,0,not_applicable
NVIDIA B200,10.0,132644864,mixed_direction,multi_cta,bulk,mixed,s2g_then_g2s,batched,na,128,4,8,1,hot,271,625,512,640,0,0,0x0000000000000000,0x0000000000000000,0x0000000000000000,0x0000000000000000,0,0,0,not_applicable,0,not_applicable
NVIDIA B200,10.0,132644864,mixed_direction,multi_cta,bulk,mixed,s2g_then_g2s,batched,na,128,8,16,0,cold,319,668,576,736,0,0,0x0000000000000000,0x0000000000000000,0x0000000000000000,0x0000000000000000,0,0,0,not_applicable,0,not_applicable
NVIDIA B200,10.0,132644864,mixed_direction,multi_cta,bulk,mixed,s2g_then_g2s,batched,na,128,8,16,1,hot,272,627,544,704,0,0,0x0000000000000000,0x0000000000000000,0x0000000000000000,0x0000000000000000,0,0,0,not_applicable,0,not_applicable
NVIDIA B200,10.0,132644864,mixed_direction,multi_cta,bulk,mixed,s2g_then_g2s,batched,na,128,16,32,0,cold,319,669,608,736,0,0,0x0000000000000000,0x0000000000000000,0x0000000000000000,0x0000000000000000,0,0,0,not_applicable,0,not_applicable
NVIDIA B200,10.0,132644864,mixed_direction,multi_cta,bulk,mixed,s2g_then_g2s,batched,na,128,16,32,1,hot,272,626,544,672,0,0,0x0000000000000000,0x0000000000000000,0x0000000000000000,0x0000000000000000,0,0,0,not_applicable,0,not_applicable
NVIDIA B200,10.0,132644864,mixed_direction,multi_cta,bulk,mixed,alternating,batched,na,4096,1,2,0,cold,320,509,160,224,0,0,0x0000000000000000,0x0000000000000000,0x0000000000000000,0x0000000000000000,0,0,0,not_applicable,0,not_applicable
NVIDIA B200,10.0,132644864,mixed_direction,multi_cta,bulk,mixed,alternating,batched,na,4096,1,2,1,hot,267,630,128,288,0,0,0x0000000000000000,0x0000000000000000,0x0000000000000000,0x0000000000000000,0,0,0,not_applicable,0,not_applicable
NVIDIA B200,10.0,132644864,mixed_direction,multi_cta,bulk,mixed,alternating,batched,na,4096,2,4,0,cold,320,669,160,288,0,0,0x0000000000000000,0x0000000000000000,0x0000000000000000,0x0000000000000000,0,0,0,not_applicable,0,not_applicable
NVIDIA B200,10.0,132644864,mixed_direction,multi_cta,bulk,mixed,alternating,batched,na,4096,2,4,1,hot,267,630,192,352,0,0,0x0000000000000000,0x0000000000000000,0x0000000000000000,0x0000000000000000,0,0,0,not_applicable,0,not_applicable
NVIDIA B200,10.0,132644864,mixed_direction,multi_cta,bulk,mixed,alternating,batched,na,4096,4,8,0,cold,320,680,384,512,0,0,0x0000000000000000,0x0000000000000000,0x0000000000000000,0x0000000000000000,0,0,0,not_applicable,0,not_applicable
NVIDIA B200,10.0,132644864,mixed_direction,multi_cta,bulk,mixed,alternating,batched,na,4096,4,8,1,hot,267,630,480,640,0,0,0x0000000000000000,0x0000000000000000,0x0000000000000000,0x0000000000000000,0,0,0,not_applicable,0,not_applicable
NVIDIA B200,10.0,132644864,mixed_direction,multi_cta,bulk,mixed,alternating,batched,na,4096,8,16,0,cold,322,674,576,736,0,0,0x0000000000000000,0x0000000000000000,0x0000000000000000,0x0000000000000000,0,0,0,not_applicable,0,not_applicable
NVIDIA B200,10.0,132644864,mixed_direction,multi_cta,bulk,mixed,alternating,batched,na,4096,8,16,1,hot,266,630,576,704,0,0,0x0000000000000000,0x0000000000000000,0x0000000000000000,0x0000000000000000,0,0,0,not_applicable,0,not_applicable
NVIDIA B200,10.0,132644864,mixed_direction,multi_cta,bulk,mixed,alternating,batched,na,4096,16,32,0,cold,322,670,608,736,0,0,0x0000000000000000,0x0000000000000000,0x0000000000000000,0x0000000000000000,0,0,0,not_applicable,0,not_applicable
NVIDIA B200,10.0,132644864,mixed_direction,multi_cta,bulk,mixed,alternating,batched,na,4096,16,32,1,hot,267,964,512,832,0,0,0x0000000000000000,0x0000000000000000,0x0000000000000000,0x0000000000000000,0,0,0,not_applicable,0,not_applicable
NVIDIA B200,10.0,132644864,mixed_direction,multi_cta,bulk,mixed,g2s_then_s2g,batched,na,4096,1,2,0,cold,320,509,192,256,0,0,0x0000000000000000,0x0000000000000000,0x0000000000000000,0x0000000000000000,0,0,0,not_applicable,0,not_applicable
NVIDIA B200,10.0,132644864,mixed_direction,multi_cta,bulk,mixed,g2s_then_s2g,batched,na,4096,1,2,1,hot,267,619,128,288,0,0,0x0000000000000000,0x0000000000000000,0x0000000000000000,0x0000000000000000,0,0,0,not_applicable,0,not_applicable
NVIDIA B200,10.0,132644864,mixed_direction,multi_cta,bulk,mixed,g2s_then_s2g,batched,na,4096,2,4,0,cold,320,669,160,320,0,0,0x0000000000000000,0x0000000000000000,0x0000000000000000,0x0000000000000000,0,0,0,not_applicable,0,not_applicable
NVIDIA B200,10.0,132644864,mixed_direction,multi_cta,bulk,mixed,g2s_then_s2g,batched,na,4096,2,4,1,hot,267,630,192,320,0,0,0x0000000000000000,0x0000000000000000,0x0000000000000000,0x0000000000000000,0,0,0,not_applicable,0,not_applicable
NVIDIA B200,10.0,132644864,mixed_direction,multi_cta,bulk,mixed,g2s_then_s2g,batched,na,4096,4,8,0,cold,320,669,576,736,0,0,0x0000000000000000,0x0000000000000000,0x0000000000000000,0x0000000000000000,0,0,0,not_applicable,0,not_applicable
NVIDIA B200,10.0,132644864,mixed_direction,multi_cta,bulk,mixed,g2s_then_s2g,batched,na,4096,4,8,1,hot,269,630,544,704,0,0,0x0000000000000000,0x0000000000000000,0x0000000000000000,0x0000000000000000,0,0,0,not_applicable,0,not_applicable
NVIDIA B200,10.0,132644864,mixed_direction,multi_cta,bulk,mixed,g2s_then_s2g,batched,na,4096,8,16,0,cold,319,668,608,768,0,0,0x0000000000000000,0x0000000000000000,0x0000000000000000,0x0000000000000000,0,0,0,not_applicable,0,not_applicable
NVIDIA B200,10.0,132644864,mixed_direction,multi_cta,bulk,mixed,g2s_then_s2g,batched,na,4096,8,16,1,hot,267,630,544,672,0,0,0x0000000000000000,0x0000000000000000,0x0000000000000000,0x0000000000000000,0,0,0,not_applicable,0,not_applicable
NVIDIA B200,10.0,132644864,mixed_direction,multi_cta,bulk,mixed,g2s_then_s2g,batched,na,4096,16,32,0,cold,320,674,416,544,0,0,0x0000000000000000,0x0000000000000000,0x0000000000000000,0x0000000000000000,0,0,0,not_applicable,0,not_applicable
NVIDIA B200,10.0,132644864,mixed_direction,multi_cta,bulk,mixed,g2s_then_s2g,batched,na,4096,16,32,1,hot,267,631,512,640,0,0,0x0000000000000000,0x0000000000000000,0x0000000000000000,0x0000000000000000,0,0,0,not_applicable,0,not_applicable
NVIDIA B200,10.0,132644864,mixed_direction,multi_cta,bulk,mixed,s2g_then_g2s,batched,na,4096,1,2,0,cold,320,669,192,320,0,0,0x0000000000000000,0x0000000000000000,0x0000000000000000,0x0000000000000000,0,0,0,not_applicable,0,not_applicable
NVIDIA B200,10.0,132644864,mixed_direction,multi_cta,bulk,mixed,s2g_then_g2s,batched,na,4096,1,2,1,hot,271,762,128,352,0,0,0x0000000000000000,0x0000000000000000,0x0000000000000000,0x0000000000000000,0,0,0,not_applicable,0,not_applicable
NVIDIA B200,10.0,132644864,mixed_direction,multi_cta,bulk,mixed,s2g_then_g2s,batched,na,4096,2,4,0,cold,320,669,192,320,0,0,0x0000000000000000,0x0000000000000000,0x0000000000000000,0x0000000000000000,0,0,0,not_applicable,0,not_applicable
NVIDIA B200,10.0,132644864,mixed_direction,multi_cta,bulk,mixed,s2g_then_g2s,batched,na,4096,2,4,1,hot,271,773,160,384,0,0,0x0000000000000000,0x0000000000000000,0x0000000000000000,0x0000000000000000,0,0,0,not_applicable,0,not_applicable
NVIDIA B200,10.0,132644864,mixed_direction,multi_cta,bulk,mixed,s2g_then_g2s,batched,na,4096,4,8,0,cold,320,669,576,736,0,0,0x0000000000000000,0x0000000000000000,0x0000000000000000,0x0000000000000000,0,0,0,not_applicable,0,not_applicable
NVIDIA B200,10.0,132644864,mixed_direction,multi_cta,bulk,mixed,s2g_then_g2s,batched,na,4096,4,8,1,hot,271,762,544,736,0,0,0x0000000000000000,0x0000000000000000,0x0000000000000000,0x0000000000000000,0,0,0,not_applicable,0,not_applicable
NVIDIA B200,10.0,132644864,mixed_direction,multi_cta,bulk,mixed,s2g_then_g2s,batched,na,4096,8,16,0,cold,319,668,384,544,0,0,0x0000000000000000,0x0000000000000000,0x0000000000000000,0x0000000000000000,0,0,0,not_applicable,0,not_applicable
NVIDIA B200,10.0,132644864,mixed_direction,multi_cta,bulk,mixed,s2g_then_g2s,batched,na,4096,8,16,1,hot,271,768,480,704,0,0,0x0000000000000000,0x0000000000000000,0x0000000000000000,0x0000000000000000,0,0,0,not_applicable,0,not_applicable
NVIDIA B200,10.0,132644864,mixed_direction,multi_cta,bulk,mixed,s2g_then_g2s,batched,na,4096,16,32,0,cold,319,668,416,544,0,0,0x0000000000000000,0x0000000000000000,0x0000000000000000,0x0000000000000000,0,0,0,not_applicable,0,not_applicable
NVIDIA B200,10.0,132644864,mixed_direction,multi_cta,bulk,mixed,s2g_then_g2s,batched,na,4096,16,32,1,hot,272,767,512,704,0,0,0x0000000000000000,0x0000000000000000,0x0000000000000000,0x0000000000000000,0,0,0,not_applicable,0,not_applicable
