gpu,cc,shard,family,case_id,path,direction,dtype,dtype_bits,rank,logical_bytes,global_span,global_offset,alignment_class,stride_class,interleave,swizzle,oob_fill,reduce_op,descriptor_mode,risk,repeat,cycles,event_ns,errors,status,descriptor_state,payload_state,source_descriptor_va,destination_descriptor_va,source_descriptor_fingerprint64,destination_descriptor_fingerprint64,prior_tma_use,descriptor_l2_warm_method,tma_prefetch_before_issue,pair_role
Ventus,rtlsim,bulk,bulk_capacity,bulk_capacity_g2s_b16,bulk,g2s,u8,8,2,16,16,0,aligned128,contiguous,none,none,zero,none,direct,low,0,85,0,0,ok,not_applicable,model_default,0x0,0x0,0x0,0x0,0,patch_descriptor_write,0,not_applicable
Ventus,rtlsim,bulk,bulk_capacity,bulk_capacity_g2s_b16,bulk,g2s,u8,8,2,16,16,0,aligned128,contiguous,none,none,zero,none,direct,low,1,76,0,0,ok,not_applicable,model_default,0x0,0x0,0x0,0x0,0,patch_descriptor_write,0,not_applicable
Ventus,rtlsim,bulk,bulk_capacity,bulk_capacity_g2s_b32,bulk,g2s,u8,8,2,32,32,0,aligned128,contiguous,none,none,zero,none,direct,low,0,85,0,0,ok,not_applicable,model_default,0x0,0x0,0x0,0x0,0,patch_descriptor_write,0,not_applicable
Ventus,rtlsim,bulk,bulk_capacity,bulk_capacity_g2s_b32,bulk,g2s,u8,8,2,32,32,0,aligned128,contiguous,none,none,zero,none,direct,low,1,76,0,0,ok,not_applicable,model_default,0x0,0x0,0x0,0x0,0,patch_descriptor_write,0,not_applicable
Ventus,rtlsim,bulk,bulk_capacity,bulk_capacity_g2s_b64,bulk,g2s,u8,8,2,64,64,0,aligned128,contiguous,none,none,zero,none,direct,low,0,85,0,0,ok,not_applicable,model_default,0x0,0x0,0x0,0x0,0,patch_descriptor_write,0,not_applicable
Ventus,rtlsim,bulk,bulk_capacity,bulk_capacity_g2s_b64,bulk,g2s,u8,8,2,64,64,0,aligned128,contiguous,none,none,zero,none,direct,low,1,76,0,0,ok,not_applicable,model_default,0x0,0x0,0x0,0x0,0,patch_descriptor_write,0,not_applicable
Ventus,rtlsim,bulk,bulk_capacity,bulk_capacity_g2s_b128,bulk,g2s,u8,8,2,128,128,0,aligned128,contiguous,none,none,zero,none,direct,low,0,85,0,0,ok,not_applicable,model_default,0x0,0x0,0x0,0x0,0,patch_descriptor_write,0,not_applicable
Ventus,rtlsim,bulk,bulk_capacity,bulk_capacity_g2s_b128,bulk,g2s,u8,8,2,128,128,0,aligned128,contiguous,none,none,zero,none,direct,low,1,76,0,0,ok,not_applicable,model_default,0x0,0x0,0x0,0x0,0,patch_descriptor_write,0,not_applicable
Ventus,rtlsim,bulk,bulk_capacity,bulk_capacity_g2s_b256,bulk,g2s,u8,8,2,256,256,0,aligned128,contiguous,none,none,zero,none,direct,low,0,87,0,0,ok,not_applicable,model_default,0x0,0x0,0x0,0x0,0,patch_descriptor_write,0,not_applicable
Ventus,rtlsim,bulk,bulk_capacity,bulk_capacity_g2s_b256,bulk,g2s,u8,8,2,256,256,0,aligned128,contiguous,none,none,zero,none,direct,low,1,78,0,0,ok,not_applicable,model_default,0x0,0x0,0x0,0x0,0,patch_descriptor_write,0,not_applicable
Ventus,rtlsim,bulk,bulk_capacity,bulk_capacity_g2s_b512,bulk,g2s,u8,8,2,512,512,0,aligned128,contiguous,none,none,zero,none,direct,low,0,91,0,0,ok,not_applicable,model_default,0x0,0x0,0x0,0x0,0,patch_descriptor_write,0,not_applicable
Ventus,rtlsim,bulk,bulk_capacity,bulk_capacity_g2s_b512,bulk,g2s,u8,8,2,512,512,0,aligned128,contiguous,none,none,zero,none,direct,low,1,82,0,0,ok,not_applicable,model_default,0x0,0x0,0x0,0x0,0,patch_descriptor_write,0,not_applicable
Ventus,rtlsim,bulk,bulk_capacity,bulk_capacity_g2s_b1024,bulk,g2s,u8,8,2,1024,1024,0,aligned128,contiguous,none,none,zero,none,direct,low,0,99,0,0,ok,not_applicable,model_default,0x0,0x0,0x0,0x0,0,patch_descriptor_write,0,not_applicable
Ventus,rtlsim,bulk,bulk_capacity,bulk_capacity_g2s_b1024,bulk,g2s,u8,8,2,1024,1024,0,aligned128,contiguous,none,none,zero,none,direct,low,1,90,0,0,ok,not_applicable,model_default,0x0,0x0,0x0,0x0,0,patch_descriptor_write,0,not_applicable
Ventus,rtlsim,bulk,bulk_capacity,bulk_capacity_g2s_b2048,bulk,g2s,u8,8,2,2048,2048,0,aligned128,contiguous,none,none,zero,none,direct,low,0,122,0,0,ok,not_applicable,model_default,0x0,0x0,0x0,0x0,0,patch_descriptor_write,0,not_applicable
Ventus,rtlsim,bulk,bulk_capacity,bulk_capacity_g2s_b2048,bulk,g2s,u8,8,2,2048,2048,0,aligned128,contiguous,none,none,zero,none,direct,low,1,106,0,0,ok,not_applicable,model_default,0x0,0x0,0x0,0x0,0,patch_descriptor_write,0,not_applicable
Ventus,rtlsim,bulk,bulk_capacity,bulk_capacity_g2s_b4096,bulk,g2s,u8,8,2,4096,4096,0,aligned128,contiguous,none,none,zero,none,direct,low,0,159,0,0,ok,not_applicable,model_default,0x0,0x0,0x0,0x0,0,patch_descriptor_write,0,not_applicable
Ventus,rtlsim,bulk,bulk_capacity,bulk_capacity_g2s_b4096,bulk,g2s,u8,8,2,4096,4096,0,aligned128,contiguous,none,none,zero,none,direct,low,1,138,0,0,ok,not_applicable,model_default,0x0,0x0,0x0,0x0,0,patch_descriptor_write,0,not_applicable
Ventus,rtlsim,bulk,bulk_capacity,bulk_capacity_g2s_b8192,bulk,g2s,u8,8,2,8192,8192,0,aligned128,contiguous,none,none,zero,none,direct,low,0,236,0,0,ok,not_applicable,model_default,0x0,0x0,0x0,0x0,0,patch_descriptor_write,0,not_applicable
Ventus,rtlsim,bulk,bulk_capacity,bulk_capacity_g2s_b8192,bulk,g2s,u8,8,2,8192,8192,0,aligned128,contiguous,none,none,zero,none,direct,low,1,202,0,0,ok,not_applicable,model_default,0x0,0x0,0x0,0x0,0,patch_descriptor_write,0,not_applicable
Ventus,rtlsim,bulk,bulk_capacity,bulk_capacity_g2s_b16384,bulk,g2s,u8,8,2,16384,16384,0,aligned128,contiguous,none,none,zero,none,direct,low,0,368,0,0,ok,not_applicable,model_default,0x0,0x0,0x0,0x0,0,patch_descriptor_write,0,not_applicable
Ventus,rtlsim,bulk,bulk_capacity,bulk_capacity_g2s_b16384,bulk,g2s,u8,8,2,16384,16384,0,aligned128,contiguous,none,none,zero,none,direct,low,1,332,0,0,ok,not_applicable,model_default,0x0,0x0,0x0,0x0,0,patch_descriptor_write,0,not_applicable
Ventus,rtlsim,bulk,bulk_capacity,bulk_capacity_g2s_b32768,bulk,g2s,u8,8,2,32768,32768,0,aligned128,contiguous,none,none,zero,none,direct,low,0,632,0,0,ok,not_applicable,model_default,0x0,0x0,0x0,0x0,0,patch_descriptor_write,0,not_applicable
Ventus,rtlsim,bulk,bulk_capacity,bulk_capacity_g2s_b32768,bulk,g2s,u8,8,2,32768,32768,0,aligned128,contiguous,none,none,zero,none,direct,low,1,614,0,0,ok,not_applicable,model_default,0x0,0x0,0x0,0x0,0,patch_descriptor_write,0,not_applicable
Ventus,rtlsim,bulk,bulk_capacity,bulk_capacity_s2g_b16,bulk,s2g,u8,8,2,16,16,0,aligned128,contiguous,none,none,zero,none,direct,low,0,57,0,0,ok,not_applicable,model_default,0x0,0x0,0x0,0x0,0,patch_descriptor_write,0,not_applicable
Ventus,rtlsim,bulk,bulk_capacity,bulk_capacity_s2g_b16,bulk,s2g,u8,8,2,16,16,0,aligned128,contiguous,none,none,zero,none,direct,low,1,57,0,0,ok,not_applicable,model_default,0x0,0x0,0x0,0x0,0,patch_descriptor_write,0,not_applicable
Ventus,rtlsim,bulk,bulk_capacity,bulk_capacity_s2g_b32,bulk,s2g,u8,8,2,32,32,0,aligned128,contiguous,none,none,zero,none,direct,low,0,57,0,0,ok,not_applicable,model_default,0x0,0x0,0x0,0x0,0,patch_descriptor_write,0,not_applicable
Ventus,rtlsim,bulk,bulk_capacity,bulk_capacity_s2g_b32,bulk,s2g,u8,8,2,32,32,0,aligned128,contiguous,none,none,zero,none,direct,low,1,57,0,0,ok,not_applicable,model_default,0x0,0x0,0x0,0x0,0,patch_descriptor_write,0,not_applicable
Ventus,rtlsim,bulk,bulk_capacity,bulk_capacity_s2g_b64,bulk,s2g,u8,8,2,64,64,0,aligned128,contiguous,none,none,zero,none,direct,low,0,57,0,0,ok,not_applicable,model_default,0x0,0x0,0x0,0x0,0,patch_descriptor_write,0,not_applicable
Ventus,rtlsim,bulk,bulk_capacity,bulk_capacity_s2g_b64,bulk,s2g,u8,8,2,64,64,0,aligned128,contiguous,none,none,zero,none,direct,low,1,57,0,0,ok,not_applicable,model_default,0x0,0x0,0x0,0x0,0,patch_descriptor_write,0,not_applicable
Ventus,rtlsim,bulk,bulk_capacity,bulk_capacity_s2g_b128,bulk,s2g,u8,8,2,128,128,0,aligned128,contiguous,none,none,zero,none,direct,low,0,57,0,0,ok,not_applicable,model_default,0x0,0x0,0x0,0x0,0,patch_descriptor_write,0,not_applicable
Ventus,rtlsim,bulk,bulk_capacity,bulk_capacity_s2g_b128,bulk,s2g,u8,8,2,128,128,0,aligned128,contiguous,none,none,zero,none,direct,low,1,57,0,0,ok,not_applicable,model_default,0x0,0x0,0x0,0x0,0,patch_descriptor_write,0,not_applicable
Ventus,rtlsim,bulk,bulk_capacity,bulk_capacity_s2g_b256,bulk,s2g,u8,8,2,256,256,0,aligned128,contiguous,none,none,zero,none,direct,low,0,59,0,0,ok,not_applicable,model_default,0x0,0x0,0x0,0x0,0,patch_descriptor_write,0,not_applicable
Ventus,rtlsim,bulk,bulk_capacity,bulk_capacity_s2g_b256,bulk,s2g,u8,8,2,256,256,0,aligned128,contiguous,none,none,zero,none,direct,low,1,59,0,0,ok,not_applicable,model_default,0x0,0x0,0x0,0x0,0,patch_descriptor_write,0,not_applicable
Ventus,rtlsim,bulk,bulk_capacity,bulk_capacity_s2g_b512,bulk,s2g,u8,8,2,512,512,0,aligned128,contiguous,none,none,zero,none,direct,low,0,63,0,0,ok,not_applicable,model_default,0x0,0x0,0x0,0x0,0,patch_descriptor_write,0,not_applicable
Ventus,rtlsim,bulk,bulk_capacity,bulk_capacity_s2g_b512,bulk,s2g,u8,8,2,512,512,0,aligned128,contiguous,none,none,zero,none,direct,low,1,63,0,0,ok,not_applicable,model_default,0x0,0x0,0x0,0x0,0,patch_descriptor_write,0,not_applicable
Ventus,rtlsim,bulk,bulk_capacity,bulk_capacity_s2g_b1024,bulk,s2g,u8,8,2,1024,1024,0,aligned128,contiguous,none,none,zero,none,direct,low,0,72,0,0,ok,not_applicable,model_default,0x0,0x0,0x0,0x0,0,patch_descriptor_write,0,not_applicable
Ventus,rtlsim,bulk,bulk_capacity,bulk_capacity_s2g_b1024,bulk,s2g,u8,8,2,1024,1024,0,aligned128,contiguous,none,none,zero,none,direct,low,1,80,0,0,ok,not_applicable,model_default,0x0,0x0,0x0,0x0,0,patch_descriptor_write,0,not_applicable
Ventus,rtlsim,bulk,bulk_capacity,bulk_capacity_s2g_b2048,bulk,s2g,u8,8,2,2048,2048,0,aligned128,contiguous,none,none,zero,none,direct,low,0,104,0,0,ok,not_applicable,model_default,0x0,0x0,0x0,0x0,0,patch_descriptor_write,0,not_applicable
Ventus,rtlsim,bulk,bulk_capacity,bulk_capacity_s2g_b2048,bulk,s2g,u8,8,2,2048,2048,0,aligned128,contiguous,none,none,zero,none,direct,low,1,111,0,0,ok,not_applicable,model_default,0x0,0x0,0x0,0x0,0,patch_descriptor_write,0,not_applicable
Ventus,rtlsim,bulk,bulk_capacity,bulk_capacity_s2g_b4096,bulk,s2g,u8,8,2,4096,4096,0,aligned128,contiguous,none,none,zero,none,direct,low,0,152,0,0,ok,not_applicable,model_default,0x0,0x0,0x0,0x0,0,patch_descriptor_write,0,not_applicable
Ventus,rtlsim,bulk,bulk_capacity,bulk_capacity_s2g_b4096,bulk,s2g,u8,8,2,4096,4096,0,aligned128,contiguous,none,none,zero,none,direct,low,1,172,0,0,ok,not_applicable,model_default,0x0,0x0,0x0,0x0,0,patch_descriptor_write,0,not_applicable
Ventus,rtlsim,bulk,bulk_capacity,bulk_capacity_s2g_b8192,bulk,s2g,u8,8,2,8192,8192,0,aligned128,contiguous,none,none,zero,none,direct,low,0,248,0,0,ok,not_applicable,model_default,0x0,0x0,0x0,0x0,0,patch_descriptor_write,0,not_applicable
Ventus,rtlsim,bulk,bulk_capacity,bulk_capacity_s2g_b8192,bulk,s2g,u8,8,2,8192,8192,0,aligned128,contiguous,none,none,zero,none,direct,low,1,261,0,0,ok,not_applicable,model_default,0x0,0x0,0x0,0x0,0,patch_descriptor_write,0,not_applicable
Ventus,rtlsim,bulk,bulk_capacity,bulk_capacity_s2g_b16384,bulk,s2g,u8,8,2,16384,16384,0,aligned128,contiguous,none,none,zero,none,direct,low,0,436,0,0,ok,not_applicable,model_default,0x0,0x0,0x0,0x0,0,patch_descriptor_write,0,not_applicable
Ventus,rtlsim,bulk,bulk_capacity,bulk_capacity_s2g_b16384,bulk,s2g,u8,8,2,16384,16384,0,aligned128,contiguous,none,none,zero,none,direct,low,1,458,0,0,ok,not_applicable,model_default,0x0,0x0,0x0,0x0,0,patch_descriptor_write,0,not_applicable
Ventus,rtlsim,bulk,bulk_capacity,bulk_capacity_s2g_b32768,bulk,s2g,u8,8,2,32768,32768,0,aligned128,contiguous,none,none,zero,none,direct,low,0,824,0,0,ok,not_applicable,model_default,0x0,0x0,0x0,0x0,0,patch_descriptor_write,0,not_applicable
Ventus,rtlsim,bulk,bulk_capacity,bulk_capacity_s2g_b32768,bulk,s2g,u8,8,2,32768,32768,0,aligned128,contiguous,none,none,zero,none,direct,low,1,838,0,0,ok,not_applicable,model_default,0x0,0x0,0x0,0x0,0,patch_descriptor_write,0,not_applicable
Ventus,rtlsim,bulk,base_alignment,bulk_base_g2s_mod128_0,bulk,g2s,u8,8,2,4096,4096,0,aligned128,contiguous,none,none,zero,none,direct,low,0,159,0,0,ok,not_applicable,model_default,0x0,0x0,0x0,0x0,0,patch_descriptor_write,0,not_applicable
Ventus,rtlsim,bulk,base_alignment,bulk_base_g2s_mod128_0,bulk,g2s,u8,8,2,4096,4096,0,aligned128,contiguous,none,none,zero,none,direct,low,1,138,0,0,ok,not_applicable,model_default,0x0,0x0,0x0,0x0,0,patch_descriptor_write,0,not_applicable
Ventus,rtlsim,bulk,base_alignment,bulk_base_g2s_mod128_16,bulk,g2s,u8,8,2,4096,4096,16,phase_mod128,contiguous,none,none,zero,none,direct,medium,0,204,0,0,ok,not_applicable,model_default,0x0,0x0,0x0,0x0,0,patch_descriptor_write,0,not_applicable
Ventus,rtlsim,bulk,base_alignment,bulk_base_g2s_mod128_16,bulk,g2s,u8,8,2,4096,4096,16,phase_mod128,contiguous,none,none,zero,none,direct,medium,1,166,0,0,ok,not_applicable,model_default,0x0,0x0,0x0,0x0,0,patch_descriptor_write,0,not_applicable
Ventus,rtlsim,bulk,base_alignment,bulk_base_g2s_mod128_32,bulk,g2s,u8,8,2,4096,4096,32,phase_mod128,contiguous,none,none,zero,none,direct,medium,0,204,0,0,ok,not_applicable,model_default,0x0,0x0,0x0,0x0,0,patch_descriptor_write,0,not_applicable
Ventus,rtlsim,bulk,base_alignment,bulk_base_g2s_mod128_32,bulk,g2s,u8,8,2,4096,4096,32,phase_mod128,contiguous,none,none,zero,none,direct,medium,1,166,0,0,ok,not_applicable,model_default,0x0,0x0,0x0,0x0,0,patch_descriptor_write,0,not_applicable
Ventus,rtlsim,bulk,base_alignment,bulk_base_g2s_mod128_64,bulk,g2s,u8,8,2,4096,4096,64,phase_mod128,contiguous,none,none,zero,none,direct,medium,0,204,0,0,ok,not_applicable,model_default,0x0,0x0,0x0,0x0,0,patch_descriptor_write,0,not_applicable
Ventus,rtlsim,bulk,base_alignment,bulk_base_g2s_mod128_64,bulk,g2s,u8,8,2,4096,4096,64,phase_mod128,contiguous,none,none,zero,none,direct,medium,1,166,0,0,ok,not_applicable,model_default,0x0,0x0,0x0,0x0,0,patch_descriptor_write,0,not_applicable
Ventus,rtlsim,bulk,base_alignment,bulk_base_g2s_mod128_112,bulk,g2s,u8,8,2,4096,4096,112,phase_mod128,contiguous,none,none,zero,none,direct,medium,0,204,0,0,ok,not_applicable,model_default,0x0,0x0,0x0,0x0,0,patch_descriptor_write,0,not_applicable
Ventus,rtlsim,bulk,base_alignment,bulk_base_g2s_mod128_112,bulk,g2s,u8,8,2,4096,4096,112,phase_mod128,contiguous,none,none,zero,none,direct,medium,1,166,0,0,ok,not_applicable,model_default,0x0,0x0,0x0,0x0,0,patch_descriptor_write,0,not_applicable
Ventus,rtlsim,bulk,base_alignment,bulk_base_s2g_mod128_0,bulk,s2g,u8,8,2,4096,4096,0,aligned128,contiguous,none,none,zero,none,direct,low,0,152,0,0,ok,not_applicable,model_default,0x0,0x0,0x0,0x0,0,patch_descriptor_write,0,not_applicable
Ventus,rtlsim,bulk,base_alignment,bulk_base_s2g_mod128_0,bulk,s2g,u8,8,2,4096,4096,0,aligned128,contiguous,none,none,zero,none,direct,low,1,172,0,0,ok,not_applicable,model_default,0x0,0x0,0x0,0x0,0,patch_descriptor_write,0,not_applicable
Ventus,rtlsim,bulk,base_alignment,bulk_base_s2g_mod128_16,bulk,s2g,u8,8,2,4096,4096,16,phase_mod128,contiguous,none,none,zero,none,direct,medium,0,220,0,0,ok,not_applicable,model_default,0x0,0x0,0x0,0x0,0,patch_descriptor_write,0,not_applicable
Ventus,rtlsim,bulk,base_alignment,bulk_base_s2g_mod128_16,bulk,s2g,u8,8,2,4096,4096,16,phase_mod128,contiguous,none,none,zero,none,direct,medium,1,245,0,0,ok,not_applicable,model_default,0x0,0x0,0x0,0x0,0,patch_descriptor_write,0,not_applicable
Ventus,rtlsim,bulk,base_alignment,bulk_base_s2g_mod128_32,bulk,s2g,u8,8,2,4096,4096,32,phase_mod128,contiguous,none,none,zero,none,direct,medium,0,220,0,0,ok,not_applicable,model_default,0x0,0x0,0x0,0x0,0,patch_descriptor_write,0,not_applicable
Ventus,rtlsim,bulk,base_alignment,bulk_base_s2g_mod128_32,bulk,s2g,u8,8,2,4096,4096,32,phase_mod128,contiguous,none,none,zero,none,direct,medium,1,245,0,0,ok,not_applicable,model_default,0x0,0x0,0x0,0x0,0,patch_descriptor_write,0,not_applicable
Ventus,rtlsim,bulk,base_alignment,bulk_base_s2g_mod128_64,bulk,s2g,u8,8,2,4096,4096,64,phase_mod128,contiguous,none,none,zero,none,direct,medium,0,220,0,0,ok,not_applicable,model_default,0x0,0x0,0x0,0x0,0,patch_descriptor_write,0,not_applicable
Ventus,rtlsim,bulk,base_alignment,bulk_base_s2g_mod128_64,bulk,s2g,u8,8,2,4096,4096,64,phase_mod128,contiguous,none,none,zero,none,direct,medium,1,245,0,0,ok,not_applicable,model_default,0x0,0x0,0x0,0x0,0,patch_descriptor_write,0,not_applicable
Ventus,rtlsim,bulk,base_alignment,bulk_base_s2g_mod128_112,bulk,s2g,u8,8,2,4096,4096,112,phase_mod128,contiguous,none,none,zero,none,direct,medium,0,220,0,0,ok,not_applicable,model_default,0x0,0x0,0x0,0x0,0,patch_descriptor_write,0,not_applicable
Ventus,rtlsim,bulk,base_alignment,bulk_base_s2g_mod128_112,bulk,s2g,u8,8,2,4096,4096,112,phase_mod128,contiguous,none,none,zero,none,direct,medium,1,245,0,0,ok,not_applicable,model_default,0x0,0x0,0x0,0x0,0,patch_descriptor_write,0,not_applicable
Ventus,rtlsim,tensor_capacity,tensor_capacity,tensor_capacity_g2s_b128,tensor,g2s,u8,8,2,128,128,0,aligned128,contiguous,none,none,zero,none,direct,low,0,136,0,0,ok,tmau_cold_first_use_fresh_allocation,model_default,0x90000000,0x0,0xe5b8977f84ff7c6a,0x0,0,patch_descriptor_write,0,cold
Ventus,rtlsim,tensor_capacity,tensor_capacity,tensor_capacity_g2s_b128,tensor,g2s,u8,8,2,128,128,0,aligned128,contiguous,none,none,zero,none,direct,low,1,100,0,0,ok,tmau_hot_reuse,model_default,0x90000000,0x0,0xe5b8977f84ff7c6a,0x0,1,patch_descriptor_write,0,hot
Ventus,rtlsim,tensor_capacity,tensor_capacity,tensor_capacity_g2s_b256,tensor,g2s,u8,8,2,256,256,0,aligned128,contiguous,none,none,zero,none,direct,low,0,138,0,0,ok,tmau_cold_first_use_fresh_allocation,model_default,0x90000000,0x0,0x33f0ba708aed557a,0x0,0,patch_descriptor_write,0,cold
Ventus,rtlsim,tensor_capacity,tensor_capacity,tensor_capacity_g2s_b256,tensor,g2s,u8,8,2,256,256,0,aligned128,contiguous,none,none,zero,none,direct,low,1,102,0,0,ok,tmau_hot_reuse,model_default,0x90000000,0x0,0x33f0ba708aed557a,0x0,1,patch_descriptor_write,0,hot
Ventus,rtlsim,tensor_capacity,tensor_capacity,tensor_capacity_g2s_b512,tensor,g2s,u8,8,2,512,512,0,aligned128,contiguous,none,none,zero,none,direct,low,0,142,0,0,ok,tmau_cold_first_use_fresh_allocation,model_default,0x90000000,0x0,0xeb080cd52cae415a,0x0,0,patch_descriptor_write,0,cold
Ventus,rtlsim,tensor_capacity,tensor_capacity,tensor_capacity_g2s_b512,tensor,g2s,u8,8,2,512,512,0,aligned128,contiguous,none,none,zero,none,direct,low,1,106,0,0,ok,tmau_hot_reuse,model_default,0x90000000,0x0,0xeb080cd52cae415a,0x0,1,patch_descriptor_write,0,hot
Ventus,rtlsim,tensor_capacity,tensor_capacity,tensor_capacity_g2s_b1024,tensor,g2s,u8,8,2,1024,1024,0,aligned128,contiguous,none,none,zero,none,direct,low,0,150,0,0,ok,tmau_cold_first_use_fresh_allocation,model_default,0x90000000,0x0,0xdebba422831d699a,0x0,0,patch_descriptor_write,0,cold
Ventus,rtlsim,tensor_capacity,tensor_capacity,tensor_capacity_g2s_b1024,tensor,g2s,u8,8,2,1024,1024,0,aligned128,contiguous,none,none,zero,none,direct,low,1,114,0,0,ok,tmau_hot_reuse,model_default,0x90000000,0x0,0xdebba422831d699a,0x0,1,patch_descriptor_write,0,hot
Ventus,rtlsim,tensor_capacity,tensor_capacity,tensor_capacity_g2s_b2048,tensor,g2s,u8,8,2,2048,2048,0,aligned128,contiguous,none,none,zero,none,direct,low,0,173,0,0,ok,tmau_cold_first_use_fresh_allocation,model_default,0x90000000,0x0,0xf7547587d63f191a,0x0,0,patch_descriptor_write,0,cold
Ventus,rtlsim,tensor_capacity,tensor_capacity,tensor_capacity_g2s_b2048,tensor,g2s,u8,8,2,2048,2048,0,aligned128,contiguous,none,none,zero,none,direct,low,1,130,0,0,ok,tmau_hot_reuse,model_default,0x90000000,0x0,0xf7547587d63f191a,0x0,1,patch_descriptor_write,0,hot
Ventus,rtlsim,tensor_capacity,tensor_capacity,tensor_capacity_g2s_b4096,tensor,g2s,u8,8,2,4096,4096,0,aligned128,contiguous,none,none,zero,none,direct,low,0,210,0,0,ok,tmau_cold_first_use_fresh_allocation,model_default,0x90000000,0x0,0x241165db24a501da,0x0,0,patch_descriptor_write,0,cold
Ventus,rtlsim,tensor_capacity,tensor_capacity,tensor_capacity_g2s_b4096,tensor,g2s,u8,8,2,4096,4096,0,aligned128,contiguous,none,none,zero,none,direct,low,1,162,0,0,ok,tmau_hot_reuse,model_default,0x90000000,0x0,0x241165db24a501da,0x0,1,patch_descriptor_write,0,hot
Ventus,rtlsim,tensor_capacity,tensor_capacity,tensor_capacity_g2s_b8192,tensor,g2s,u8,8,2,8192,8192,0,aligned128,contiguous,none,none,zero,none,direct,low,0,287,0,0,ok,tmau_cold_first_use_fresh_allocation,model_default,0x90000000,0x0,0x32bed0512ca8de7a,0x0,0,patch_descriptor_write,0,cold
Ventus,rtlsim,tensor_capacity,tensor_capacity,tensor_capacity_g2s_b8192,tensor,g2s,u8,8,2,8192,8192,0,aligned128,contiguous,none,none,zero,none,direct,low,1,226,0,0,ok,tmau_hot_reuse,model_default,0x90000000,0x0,0x32bed0512ca8de7a,0x0,1,patch_descriptor_write,0,hot
Ventus,rtlsim,tensor_capacity,tensor_capacity,tensor_capacity_g2s_b16384,tensor,g2s,u8,8,2,16384,16384,0,aligned128,contiguous,none,none,zero,none,direct,low,0,419,0,0,ok,tmau_cold_first_use_fresh_allocation,model_default,0x90000000,0x0,0xc7a1a94b5236c9ba,0x0,0,patch_descriptor_write,0,cold
Ventus,rtlsim,tensor_capacity,tensor_capacity,tensor_capacity_g2s_b16384,tensor,g2s,u8,8,2,16384,16384,0,aligned128,contiguous,none,none,zero,none,direct,low,1,356,0,0,ok,tmau_hot_reuse,model_default,0x90000000,0x0,0xc7a1a94b5236c9ba,0x0,1,patch_descriptor_write,0,hot
Ventus,rtlsim,tensor_capacity,tensor_capacity,tensor_capacity_g2s_b32768,tensor,g2s,u8,8,2,32768,32768,0,aligned128,contiguous,none,none,zero,none,direct,low,0,683,0,0,ok,tmau_cold_first_use_fresh_allocation,model_default,0x90000000,0x0,0x63578e8bf5ec38aa,0x0,0,patch_descriptor_write,0,cold
Ventus,rtlsim,tensor_capacity,tensor_capacity,tensor_capacity_g2s_b32768,tensor,g2s,u8,8,2,32768,32768,0,aligned128,contiguous,none,none,zero,none,direct,low,1,636,0,0,ok,tmau_hot_reuse,model_default,0x90000000,0x0,0x63578e8bf5ec38aa,0x0,1,patch_descriptor_write,0,hot
Ventus,rtlsim,tensor_capacity,tensor_capacity,tensor_capacity_s2g_b128,tensor,s2g,u8,8,2,128,128,0,aligned128,contiguous,none,none,zero,none,direct,low,0,109,0,0,ok,tmau_cold_first_use_fresh_allocation,model_default,0x0,0x90003000,0x0,0xb977a03c865cccba,0,patch_descriptor_write,0,cold
Ventus,rtlsim,tensor_capacity,tensor_capacity,tensor_capacity_s2g_b128,tensor,s2g,u8,8,2,128,128,0,aligned128,contiguous,none,none,zero,none,direct,low,1,82,0,0,ok,tmau_hot_reuse,model_default,0x0,0x90003000,0x0,0xb977a03c865cccba,1,patch_descriptor_write,0,hot
Ventus,rtlsim,tensor_capacity,tensor_capacity,tensor_capacity_s2g_b256,tensor,s2g,u8,8,2,256,256,0,aligned128,contiguous,none,none,zero,none,direct,low,0,111,0,0,ok,tmau_cold_first_use_fresh_allocation,model_default,0x0,0x90003000,0x0,0xb4282ae6deae07ca,0,patch_descriptor_write,0,cold
Ventus,rtlsim,tensor_capacity,tensor_capacity,tensor_capacity_s2g_b256,tensor,s2g,u8,8,2,256,256,0,aligned128,contiguous,none,none,zero,none,direct,low,1,84,0,0,ok,tmau_hot_reuse,model_default,0x0,0x90003000,0x0,0xb4282ae6deae07ca,1,patch_descriptor_write,0,hot
Ventus,rtlsim,tensor_capacity,tensor_capacity,tensor_capacity_s2g_b512,tensor,s2g,u8,8,2,512,512,0,aligned128,contiguous,none,none,zero,none,direct,low,0,115,0,0,ok,tmau_cold_first_use_fresh_allocation,model_default,0x0,0x90003000,0x0,0x6b3f7d4b806ef3aa,0,patch_descriptor_write,0,cold
Ventus,rtlsim,tensor_capacity,tensor_capacity,tensor_capacity_s2g_b512,tensor,s2g,u8,8,2,512,512,0,aligned128,contiguous,none,none,zero,none,direct,low,1,88,0,0,ok,tmau_hot_reuse,model_default,0x0,0x90003000,0x0,0x6b3f7d4b806ef3aa,1,patch_descriptor_write,0,hot
Ventus,rtlsim,tensor_capacity,tensor_capacity,tensor_capacity_s2g_b1024,tensor,s2g,u8,8,2,1024,1024,0,aligned128,contiguous,none,none,zero,none,direct,low,0,124,0,0,ok,tmau_cold_first_use_fresh_allocation,model_default,0x0,0x90003000,0x0,0x5ef31498d6de1bea,0,patch_descriptor_write,0,cold
Ventus,rtlsim,tensor_capacity,tensor_capacity,tensor_capacity_s2g_b1024,tensor,s2g,u8,8,2,1024,1024,0,aligned128,contiguous,none,none,zero,none,direct,low,1,125,0,0,ok,tmau_hot_reuse,model_default,0x0,0x90003000,0x0,0x5ef31498d6de1bea,1,patch_descriptor_write,0,hot
Ventus,rtlsim,tensor_capacity,tensor_capacity,tensor_capacity_s2g_b2048,tensor,s2g,u8,8,2,2048,2048,0,aligned128,contiguous,none,none,zero,none,direct,low,0,156,0,0,ok,tmau_cold_first_use_fresh_allocation,model_default,0x0,0x90003000,0x0,0x16acecc65d2e16a,0,patch_descriptor_write,0,cold
Ventus,rtlsim,tensor_capacity,tensor_capacity,tensor_capacity_s2g_b2048,tensor,s2g,u8,8,2,2048,2048,0,aligned128,contiguous,none,none,zero,none,direct,low,1,147,0,0,ok,tmau_hot_reuse,model_default,0x0,0x90003000,0x0,0x16acecc65d2e16a,1,patch_descriptor_write,0,hot
Ventus,rtlsim,tensor_capacity,tensor_capacity,tensor_capacity_s2g_b4096,tensor,s2g,u8,8,2,4096,4096,0,aligned128,contiguous,none,none,zero,none,direct,low,0,204,0,0,ok,tmau_cold_first_use_fresh_allocation,model_default,0x0,0x90004000,0x0,0xb491aebf05667b1a,0,patch_descriptor_write,0,cold
Ventus,rtlsim,tensor_capacity,tensor_capacity,tensor_capacity_s2g_b4096,tensor,s2g,u8,8,2,4096,4096,0,aligned128,contiguous,none,none,zero,none,direct,low,1,186,0,0,ok,tmau_hot_reuse,model_default,0x0,0x90004000,0x0,0xb491aebf05667b1a,1,patch_descriptor_write,0,hot
Ventus,rtlsim,tensor_capacity,tensor_capacity,tensor_capacity_s2g_b8192,tensor,s2g,u8,8,2,8192,8192,0,aligned128,contiguous,none,none,zero,none,direct,low,0,298,0,0,ok,tmau_cold_first_use_fresh_allocation,model_default,0x0,0x90002000,0x0,0x51ea00156c30cdba,0,patch_descriptor_write,0,cold
Ventus,rtlsim,tensor_capacity,tensor_capacity,tensor_capacity_s2g_b8192,tensor,s2g,u8,8,2,8192,8192,0,aligned128,contiguous,none,none,zero,none,direct,low,1,296,0,0,ok,tmau_hot_reuse,model_default,0x0,0x90002000,0x0,0x51ea00156c30cdba,1,patch_descriptor_write,0,hot
Ventus,rtlsim,tensor_capacity,tensor_capacity,tensor_capacity_s2g_b16384,tensor,s2g,u8,8,2,16384,16384,0,aligned128,contiguous,none,none,zero,none,direct,low,0,490,0,0,ok,tmau_cold_first_use_fresh_allocation,model_default,0x0,0x90002000,0x0,0x1f791fd235dfce3a,0,patch_descriptor_write,0,cold
Ventus,rtlsim,tensor_capacity,tensor_capacity,tensor_capacity_s2g_b16384,tensor,s2g,u8,8,2,16384,16384,0,aligned128,contiguous,none,none,zero,none,direct,low,1,478,0,0,ok,tmau_hot_reuse,model_default,0x0,0x90002000,0x0,0x1f791fd235dfce3a,1,patch_descriptor_write,0,hot
Ventus,rtlsim,tensor_capacity,tensor_capacity,tensor_capacity_s2g_b32768,tensor,s2g,u8,8,2,32768,32768,0,aligned128,contiguous,none,none,zero,none,direct,low,0,875,0,0,ok,tmau_cold_first_use_fresh_allocation,model_default,0x0,0x90002000,0x0,0xa2b421d6ee8c79a3,0,patch_descriptor_write,0,cold
Ventus,rtlsim,tensor_capacity,tensor_capacity,tensor_capacity_s2g_b32768,tensor,s2g,u8,8,2,32768,32768,0,aligned128,contiguous,none,none,zero,none,direct,low,1,863,0,0,ok,tmau_hot_reuse,model_default,0x0,0x90002000,0x0,0xa2b421d6ee8c79a3,1,patch_descriptor_write,0,hot
Ventus,rtlsim,tensor_capacity,tensor_capacity,tensor_capacity_roundtrip_b128,tensor,roundtrip,u8,8,2,128,128,0,aligned128,contiguous,none,none,zero,none,direct,low,0,229,0,0,ok,tmau_cold_first_use_fresh_allocation,model_default,0x90000000,0x90003000,0xe5b8977f84ff7c6a,0xb977a03c865cccba,0,patch_descriptor_write,0,cold
Ventus,rtlsim,tensor_capacity,tensor_capacity,tensor_capacity_roundtrip_b128,tensor,roundtrip,u8,8,2,128,128,0,aligned128,contiguous,none,none,zero,none,direct,low,1,165,0,0,ok,tmau_hot_reuse,model_default,0x90000000,0x90003000,0xe5b8977f84ff7c6a,0xb977a03c865cccba,1,patch_descriptor_write,0,hot
Ventus,rtlsim,tensor_capacity,tensor_capacity,tensor_capacity_roundtrip_b256,tensor,roundtrip,u8,8,2,256,256,0,aligned128,contiguous,none,none,zero,none,direct,low,0,233,0,0,ok,tmau_cold_first_use_fresh_allocation,model_default,0x90000000,0x90003000,0x33f0ba708aed557a,0xb4282ae6deae07ca,0,patch_descriptor_write,0,cold
Ventus,rtlsim,tensor_capacity,tensor_capacity,tensor_capacity_roundtrip_b256,tensor,roundtrip,u8,8,2,256,256,0,aligned128,contiguous,none,none,zero,none,direct,low,1,169,0,0,ok,tmau_hot_reuse,model_default,0x90000000,0x90003000,0x33f0ba708aed557a,0xb4282ae6deae07ca,1,patch_descriptor_write,0,hot
Ventus,rtlsim,tensor_capacity,tensor_capacity,tensor_capacity_roundtrip_b512,tensor,roundtrip,u8,8,2,512,512,0,aligned128,contiguous,none,none,zero,none,direct,low,0,241,0,0,ok,tmau_cold_first_use_fresh_allocation,model_default,0x90000000,0x90003000,0xeb080cd52cae415a,0x6b3f7d4b806ef3aa,0,patch_descriptor_write,0,cold
Ventus,rtlsim,tensor_capacity,tensor_capacity,tensor_capacity_roundtrip_b512,tensor,roundtrip,u8,8,2,512,512,0,aligned128,contiguous,none,none,zero,none,direct,low,1,177,0,0,ok,tmau_hot_reuse,model_default,0x90000000,0x90003000,0xeb080cd52cae415a,0x6b3f7d4b806ef3aa,1,patch_descriptor_write,0,hot
Ventus,rtlsim,tensor_capacity,tensor_capacity,tensor_capacity_roundtrip_b1024,tensor,roundtrip,u8,8,2,1024,1024,0,aligned128,contiguous,none,none,zero,none,direct,low,0,258,0,0,ok,tmau_cold_first_use_fresh_allocation,model_default,0x90000000,0x90003000,0xdebba422831d699a,0x5ef31498d6de1bea,0,patch_descriptor_write,0,cold
Ventus,rtlsim,tensor_capacity,tensor_capacity,tensor_capacity_roundtrip_b1024,tensor,roundtrip,u8,8,2,1024,1024,0,aligned128,contiguous,none,none,zero,none,direct,low,1,222,0,0,ok,tmau_hot_reuse,model_default,0x90000000,0x90003000,0xdebba422831d699a,0x5ef31498d6de1bea,1,patch_descriptor_write,0,hot
Ventus,rtlsim,tensor_capacity,tensor_capacity,tensor_capacity_roundtrip_b2048,tensor,roundtrip,u8,8,2,2048,2048,0,aligned128,contiguous,none,none,zero,none,direct,low,0,313,0,0,ok,tmau_cold_first_use_fresh_allocation,model_default,0x90000000,0x90003000,0xf7547587d63f191a,0x16acecc65d2e16a,0,patch_descriptor_write,0,cold
Ventus,rtlsim,tensor_capacity,tensor_capacity,tensor_capacity_roundtrip_b2048,tensor,roundtrip,u8,8,2,2048,2048,0,aligned128,contiguous,none,none,zero,none,direct,low,1,260,0,0,ok,tmau_hot_reuse,model_default,0x90000000,0x90003000,0xf7547587d63f191a,0x16acecc65d2e16a,1,patch_descriptor_write,0,hot
Ventus,rtlsim,tensor_capacity,tensor_capacity,tensor_capacity_roundtrip_b4096,tensor,roundtrip,u8,8,2,4096,4096,0,aligned128,contiguous,none,none,zero,none,direct,low,0,398,0,0,ok,tmau_cold_first_use_fresh_allocation,model_default,0x90000000,0x90004000,0x241165db24a501da,0xb491aebf05667b1a,0,patch_descriptor_write,0,cold
Ventus,rtlsim,tensor_capacity,tensor_capacity,tensor_capacity_roundtrip_b4096,tensor,roundtrip,u8,8,2,4096,4096,0,aligned128,contiguous,none,none,zero,none,direct,low,1,331,0,0,ok,tmau_hot_reuse,model_default,0x90000000,0x90004000,0x241165db24a501da,0xb491aebf05667b1a,1,patch_descriptor_write,0,hot
Ventus,rtlsim,tensor_capacity,tensor_capacity,tensor_capacity_roundtrip_b8192,tensor,roundtrip,u8,8,2,8192,8192,0,aligned128,contiguous,none,none,zero,none,direct,low,0,569,0,0,ok,tmau_cold_first_use_fresh_allocation,model_default,0x90000000,0x90002000,0x32bed0512ca8de7a,0x51ea00156c30cdba,0,patch_descriptor_write,0,cold
Ventus,rtlsim,tensor_capacity,tensor_capacity,tensor_capacity_roundtrip_b8192,tensor,roundtrip,u8,8,2,8192,8192,0,aligned128,contiguous,none,none,zero,none,direct,low,1,505,0,0,ok,tmau_hot_reuse,model_default,0x90000000,0x90002000,0x32bed0512ca8de7a,0x51ea00156c30cdba,1,patch_descriptor_write,0,hot
Ventus,rtlsim,tensor_capacity,tensor_capacity,tensor_capacity_roundtrip_b16384,tensor,roundtrip,u8,8,2,16384,16384,0,aligned128,contiguous,none,none,zero,none,direct,low,0,893,0,0,ok,tmau_cold_first_use_fresh_allocation,model_default,0x90000000,0x90002000,0xc7a1a94b5236c9ba,0x1f791fd235dfce3a,0,patch_descriptor_write,0,cold
Ventus,rtlsim,tensor_capacity,tensor_capacity,tensor_capacity_roundtrip_b16384,tensor,roundtrip,u8,8,2,16384,16384,0,aligned128,contiguous,none,none,zero,none,direct,low,1,822,0,0,ok,tmau_hot_reuse,model_default,0x90000000,0x90002000,0xc7a1a94b5236c9ba,0x1f791fd235dfce3a,1,patch_descriptor_write,0,hot
Ventus,rtlsim,tensor_capacity,tensor_capacity,tensor_capacity_roundtrip_b32768,tensor,roundtrip,u8,8,2,32768,32768,0,aligned128,contiguous,none,none,zero,none,direct,low,0,1542,0,0,ok,tmau_cold_first_use_fresh_allocation,model_default,0x90000000,0x90002000,0x63578e8bf5ec38aa,0xa2b421d6ee8c79a3,0,patch_descriptor_write,0,cold
Ventus,rtlsim,tensor_capacity,tensor_capacity,tensor_capacity_roundtrip_b32768,tensor,roundtrip,u8,8,2,32768,32768,0,aligned128,contiguous,none,none,zero,none,direct,low,1,1476,0,0,ok,tmau_hot_reuse,model_default,0x90000000,0x90002000,0x63578e8bf5ec38aa,0xa2b421d6ee8c79a3,1,patch_descriptor_write,0,hot
Ventus,rtlsim,tensor_geometry,rank,rank_g2s_r1_b128,tensor,g2s,u8,8,1,128,128,0,aligned128,contiguous,none,none,zero,none,direct,low,0,135,0,0,ok,tmau_cold_first_use_fresh_allocation,model_default,0x90000000,0x0,0x9787d89284b5fe0b,0x0,0,patch_descriptor_write,0,cold
Ventus,rtlsim,tensor_geometry,rank,rank_g2s_r1_b128,tensor,g2s,u8,8,1,128,128,0,aligned128,contiguous,none,none,zero,none,direct,low,1,99,0,0,ok,tmau_hot_reuse,model_default,0x90000000,0x0,0x9787d89284b5fe0b,0x0,1,patch_descriptor_write,0,hot
Ventus,rtlsim,tensor_geometry,rank,rank_g2s_r2_b128,tensor,g2s,u8,8,2,128,128,0,aligned128,contiguous,none,none,zero,none,direct,low,0,136,0,0,ok,tmau_cold_first_use_fresh_allocation,model_default,0x90000000,0x0,0x9b4d686709ed29fa,0x0,0,patch_descriptor_write,0,cold
Ventus,rtlsim,tensor_geometry,rank,rank_g2s_r2_b128,tensor,g2s,u8,8,2,128,128,0,aligned128,contiguous,none,none,zero,none,direct,low,1,100,0,0,ok,tmau_hot_reuse,model_default,0x90000000,0x0,0x9b4d686709ed29fa,0x0,1,patch_descriptor_write,0,hot
Ventus,rtlsim,tensor_geometry,rank,rank_g2s_r3_b128,tensor,g2s,u8,8,3,128,128,0,aligned128,contiguous,none,none,zero,none,direct,low,0,137,0,0,ok,tmau_cold_first_use_fresh_allocation,model_default,0x90000000,0x0,0x27b55bb94fe9df0b,0x0,0,patch_descriptor_write,0,cold
Ventus,rtlsim,tensor_geometry,rank,rank_g2s_r3_b128,tensor,g2s,u8,8,3,128,128,0,aligned128,contiguous,none,none,zero,none,direct,low,1,101,0,0,ok,tmau_hot_reuse,model_default,0x90000000,0x0,0x27b55bb94fe9df0b,0x0,1,patch_descriptor_write,0,hot
Ventus,rtlsim,tensor_geometry,rank,rank_g2s_r4_b128,tensor,g2s,u8,8,4,128,128,0,aligned128,contiguous,none,none,zero,none,direct,low,0,138,0,0,ok,tmau_cold_first_use_fresh_allocation,model_default,0x90000000,0x0,0xd90588834f4165ba,0x0,0,patch_descriptor_write,0,cold
Ventus,rtlsim,tensor_geometry,rank,rank_g2s_r4_b128,tensor,g2s,u8,8,4,128,128,0,aligned128,contiguous,none,none,zero,none,direct,low,1,103,0,0,ok,tmau_hot_reuse,model_default,0x90000000,0x0,0xd90588834f4165ba,0x0,1,patch_descriptor_write,0,hot
Ventus,rtlsim,tensor_geometry,rank,rank_g2s_r5_b128,tensor,g2s,u8,8,5,128,128,0,aligned128,contiguous,none,none,zero,none,direct,low,0,139,0,0,ok,tmau_cold_first_use_fresh_allocation,model_default,0x90000000,0x0,0x220724085fe0264b,0x0,0,patch_descriptor_write,0,cold
Ventus,rtlsim,tensor_geometry,rank,rank_g2s_r5_b128,tensor,g2s,u8,8,5,128,128,0,aligned128,contiguous,none,none,zero,none,direct,low,1,103,0,0,ok,tmau_hot_reuse,model_default,0x90000000,0x0,0x220724085fe0264b,0x0,1,patch_descriptor_write,0,hot
Ventus,rtlsim,tensor_geometry,rank,rank_g2s_r1_b256,tensor,g2s,u8,8,1,256,256,0,aligned128,contiguous,none,none,zero,none,direct,low,0,137,0,0,ok,tmau_cold_first_use_fresh_allocation,model_default,0x90000000,0x0,0xa7ba6ec8428ef97b,0x0,0,patch_descriptor_write,0,cold
Ventus,rtlsim,tensor_geometry,rank,rank_g2s_r1_b256,tensor,g2s,u8,8,1,256,256,0,aligned128,contiguous,none,none,zero,none,direct,low,1,101,0,0,ok,tmau_hot_reuse,model_default,0x90000000,0x0,0xa7ba6ec8428ef97b,0x0,1,patch_descriptor_write,0,hot
Ventus,rtlsim,tensor_geometry,rank,rank_g2s_r2_b256,tensor,g2s,u8,8,2,256,256,0,aligned128,contiguous,none,none,zero,none,direct,low,0,138,0,0,ok,tmau_cold_first_use_fresh_allocation,model_default,0x90000000,0x0,0x564624e738af321a,0x0,0,patch_descriptor_write,0,cold
Ventus,rtlsim,tensor_geometry,rank,rank_g2s_r2_b256,tensor,g2s,u8,8,2,256,256,0,aligned128,contiguous,none,none,zero,none,direct,low,1,102,0,0,ok,tmau_hot_reuse,model_default,0x90000000,0x0,0x564624e738af321a,0x0,1,patch_descriptor_write,0,hot
Ventus,rtlsim,tensor_geometry,rank,rank_g2s_r3_b256,tensor,g2s,u8,8,3,256,256,0,aligned128,contiguous,none,none,zero,none,direct,low,0,139,0,0,ok,tmau_cold_first_use_fresh_allocation,model_default,0x90000000,0x0,0x6e088ade4829968b,0x0,0,patch_descriptor_write,0,cold
Ventus,rtlsim,tensor_geometry,rank,rank_g2s_r3_b256,tensor,g2s,u8,8,3,256,256,0,aligned128,contiguous,none,none,zero,none,direct,low,1,103,0,0,ok,tmau_hot_reuse,model_default,0x90000000,0x0,0x6e088ade4829968b,0x0,1,patch_descriptor_write,0,hot
Ventus,rtlsim,tensor_geometry,rank,rank_g2s_r4_b256,tensor,g2s,u8,8,4,256,256,0,aligned128,contiguous,none,none,zero,none,direct,low,0,140,0,0,ok,tmau_cold_first_use_fresh_allocation,model_default,0x90000000,0x0,0x5bb97c02608bff1a,0x0,0,patch_descriptor_write,0,cold
Ventus,rtlsim,tensor_geometry,rank,rank_g2s_r4_b256,tensor,g2s,u8,8,4,256,256,0,aligned128,contiguous,none,none,zero,none,direct,low,1,105,0,0,ok,tmau_hot_reuse,model_default,0x90000000,0x0,0x5bb97c02608bff1a,0x0,1,patch_descriptor_write,0,hot
Ventus,rtlsim,tensor_geometry,rank,rank_g2s_r5_b256,tensor,g2s,u8,8,5,256,256,0,aligned128,contiguous,none,none,zero,none,direct,low,0,141,0,0,ok,tmau_cold_first_use_fresh_allocation,model_default,0x90000000,0x0,0xedf69b701772b65b,0x0,0,patch_descriptor_write,0,cold
Ventus,rtlsim,tensor_geometry,rank,rank_g2s_r5_b256,tensor,g2s,u8,8,5,256,256,0,aligned128,contiguous,none,none,zero,none,direct,low,1,105,0,0,ok,tmau_hot_reuse,model_default,0x90000000,0x0,0xedf69b701772b65b,0x0,1,patch_descriptor_write,0,hot
Ventus,rtlsim,tensor_geometry,rank,rank_g2s_r2_b4096,tensor,g2s,u8,8,2,4096,4096,0,aligned128,contiguous,none,none,zero,none,direct,low,0,210,0,0,ok,tmau_cold_first_use_fresh_allocation,model_default,0x90000000,0x0,0x241165db24a501da,0x0,0,patch_descriptor_write,0,cold
Ventus,rtlsim,tensor_geometry,rank,rank_g2s_r2_b4096,tensor,g2s,u8,8,2,4096,4096,0,aligned128,contiguous,none,none,zero,none,direct,low,1,162,0,0,ok,tmau_hot_reuse,model_default,0x90000000,0x0,0x241165db24a501da,0x0,1,patch_descriptor_write,0,hot
Ventus,rtlsim,tensor_geometry,rank,rank_g2s_r3_b4096,tensor,g2s,u8,8,3,4096,4096,0,aligned128,contiguous,none,none,zero,none,direct,low,0,211,0,0,ok,tmau_cold_first_use_fresh_allocation,model_default,0x90000000,0x0,0xc2ddd2b57b3e1e25,0x0,0,patch_descriptor_write,0,cold
Ventus,rtlsim,tensor_geometry,rank,rank_g2s_r3_b4096,tensor,g2s,u8,8,3,4096,4096,0,aligned128,contiguous,none,none,zero,none,direct,low,1,163,0,0,ok,tmau_hot_reuse,model_default,0x90000000,0x0,0xc2ddd2b57b3e1e25,0x0,1,patch_descriptor_write,0,hot
Ventus,rtlsim,tensor_geometry,rank,rank_g2s_r4_b4096,tensor,g2s,u8,8,4,4096,4096,0,aligned128,contiguous,none,none,zero,none,direct,low,0,212,0,0,ok,tmau_cold_first_use_fresh_allocation,model_default,0x90000000,0x0,0x215587fe18c5d3e4,0x0,0,patch_descriptor_write,0,cold
Ventus,rtlsim,tensor_geometry,rank,rank_g2s_r4_b4096,tensor,g2s,u8,8,4,4096,4096,0,aligned128,contiguous,none,none,zero,none,direct,low,1,165,0,0,ok,tmau_hot_reuse,model_default,0x90000000,0x0,0x215587fe18c5d3e4,0x0,1,patch_descriptor_write,0,hot
Ventus,rtlsim,tensor_geometry,rank,rank_g2s_r5_b4096,tensor,g2s,u8,8,5,4096,4096,0,aligned128,contiguous,none,none,zero,none,direct,low,0,213,0,0,ok,tmau_cold_first_use_fresh_allocation,model_default,0x90000000,0x0,0x5bba6133950cd778,0x0,0,patch_descriptor_write,0,cold
Ventus,rtlsim,tensor_geometry,rank,rank_g2s_r5_b4096,tensor,g2s,u8,8,5,4096,4096,0,aligned128,contiguous,none,none,zero,none,direct,low,1,165,0,0,ok,tmau_hot_reuse,model_default,0x90000000,0x0,0x5bba6133950cd778,0x0,1,patch_descriptor_write,0,hot
Ventus,rtlsim,tensor_geometry,rank,rank_g2s_r2_b32768,tensor,g2s,u8,8,2,32768,32768,0,aligned128,contiguous,none,none,zero,none,direct,low,0,683,0,0,ok,tmau_cold_first_use_fresh_allocation,model_default,0x90000000,0x0,0x63578e8bf5ec38aa,0x0,0,patch_descriptor_write,0,cold
Ventus,rtlsim,tensor_geometry,rank,rank_g2s_r2_b32768,tensor,g2s,u8,8,2,32768,32768,0,aligned128,contiguous,none,none,zero,none,direct,low,1,629,0,0,ok,tmau_hot_reuse,model_default,0x90000000,0x0,0x63578e8bf5ec38aa,0x0,1,patch_descriptor_write,0,hot
Ventus,rtlsim,tensor_geometry,rank,rank_g2s_r3_b32768,tensor,g2s,u8,8,3,32768,32768,0,aligned128,contiguous,none,none,zero,none,direct,low,0,684,0,0,ok,tmau_cold_first_use_fresh_allocation,model_default,0x90000000,0x0,0xb846f9c95d8df043,0x0,0,patch_descriptor_write,0,cold
Ventus,rtlsim,tensor_geometry,rank,rank_g2s_r3_b32768,tensor,g2s,u8,8,3,32768,32768,0,aligned128,contiguous,none,none,zero,none,direct,low,1,626,0,0,ok,tmau_hot_reuse,model_default,0x90000000,0x0,0xb846f9c95d8df043,0x0,1,patch_descriptor_write,0,hot
Ventus,rtlsim,tensor_geometry,rank,rank_g2s_r4_b32768,tensor,g2s,u8,8,4,32768,32768,0,aligned128,contiguous,none,none,zero,none,direct,low,0,685,0,0,ok,tmau_cold_first_use_fresh_allocation,model_default,0x90000000,0x0,0xc976bdf7ec412f14,0x0,0,patch_descriptor_write,0,cold
Ventus,rtlsim,tensor_geometry,rank,rank_g2s_r4_b32768,tensor,g2s,u8,8,4,32768,32768,0,aligned128,contiguous,none,none,zero,none,direct,low,1,639,0,0,ok,tmau_hot_reuse,model_default,0x90000000,0x0,0xc976bdf7ec412f14,0x0,1,patch_descriptor_write,0,hot
Ventus,rtlsim,tensor_geometry,rank,rank_g2s_r5_b32768,tensor,g2s,u8,8,5,32768,32768,0,aligned128,contiguous,none,none,zero,none,direct,low,0,686,0,0,ok,tmau_cold_first_use_fresh_allocation,model_default,0x90000000,0x0,0x6bd0578a476880df,0x0,0,patch_descriptor_write,0,cold
Ventus,rtlsim,tensor_geometry,rank,rank_g2s_r5_b32768,tensor,g2s,u8,8,5,32768,32768,0,aligned128,contiguous,none,none,zero,none,direct,low,1,632,0,0,ok,tmau_hot_reuse,model_default,0x90000000,0x0,0x6bd0578a476880df,0x0,1,patch_descriptor_write,0,hot
Ventus,rtlsim,tensor_geometry,rank,rank_s2g_r1_b128,tensor,s2g,u8,8,1,128,128,0,aligned128,contiguous,none,none,zero,none,direct,low,0,108,0,0,ok,tmau_cold_first_use_fresh_allocation,model_default,0x0,0x90003000,0x0,0x7eee8cb047f0ce5b,0,patch_descriptor_write,0,cold
Ventus,rtlsim,tensor_geometry,rank,rank_s2g_r1_b128,tensor,s2g,u8,8,1,128,128,0,aligned128,contiguous,none,none,zero,none,direct,low,1,81,0,0,ok,tmau_hot_reuse,model_default,0x0,0x90003000,0x0,0x7eee8cb047f0ce5b,1,patch_descriptor_write,0,hot
Ventus,rtlsim,tensor_geometry,rank,rank_s2g_r2_b128,tensor,s2g,u8,8,2,128,128,0,aligned128,contiguous,none,none,zero,none,direct,low,0,109,0,0,ok,tmau_cold_first_use_fresh_allocation,model_default,0x0,0x90003000,0x0,0x1b84d8dd5daddc4a,0,patch_descriptor_write,0,cold
Ventus,rtlsim,tensor_geometry,rank,rank_s2g_r2_b128,tensor,s2g,u8,8,2,128,128,0,aligned128,contiguous,none,none,zero,none,direct,low,1,82,0,0,ok,tmau_hot_reuse,model_default,0x0,0x90003000,0x0,0x1b84d8dd5daddc4a,1,patch_descriptor_write,0,hot
Ventus,rtlsim,tensor_geometry,rank,rank_s2g_r3_b128,tensor,s2g,u8,8,3,128,128,0,aligned128,contiguous,none,none,zero,none,direct,low,0,110,0,0,ok,tmau_cold_first_use_fresh_allocation,model_default,0x0,0x90003000,0x0,0x9c4d3be8f2a7d3bb,0,patch_descriptor_write,0,cold
Ventus,rtlsim,tensor_geometry,rank,rank_s2g_r3_b128,tensor,s2g,u8,8,3,128,128,0,aligned128,contiguous,none,none,zero,none,direct,low,1,83,0,0,ok,tmau_hot_reuse,model_default,0x0,0x90003000,0x0,0x9c4d3be8f2a7d3bb,1,patch_descriptor_write,0,hot
Ventus,rtlsim,tensor_geometry,rank,rank_s2g_r4_b128,tensor,s2g,u8,8,4,128,128,0,aligned128,contiguous,none,none,zero,none,direct,low,0,111,0,0,ok,tmau_cold_first_use_fresh_allocation,model_default,0x0,0x90003000,0x0,0xde1eeb23f62a81ea,0,patch_descriptor_write,0,cold
Ventus,rtlsim,tensor_geometry,rank,rank_s2g_r4_b128,tensor,s2g,u8,8,4,128,128,0,aligned128,contiguous,none,none,zero,none,direct,low,1,84,0,0,ok,tmau_hot_reuse,model_default,0x0,0x90003000,0x0,0xde1eeb23f62a81ea,1,patch_descriptor_write,0,hot
Ventus,rtlsim,tensor_geometry,rank,rank_s2g_r5_b128,tensor,s2g,u8,8,5,128,128,0,aligned128,contiguous,none,none,zero,none,direct,low,0,112,0,0,ok,tmau_cold_first_use_fresh_allocation,model_default,0x0,0x90003000,0x0,0xd42a523dca32f2bb,0,patch_descriptor_write,0,cold
Ventus,rtlsim,tensor_geometry,rank,rank_s2g_r5_b128,tensor,s2g,u8,8,5,128,128,0,aligned128,contiguous,none,none,zero,none,direct,low,1,85,0,0,ok,tmau_hot_reuse,model_default,0x0,0x90003000,0x0,0xd42a523dca32f2bb,1,patch_descriptor_write,0,hot
Ventus,rtlsim,tensor_geometry,rank,rank_s2g_r1_b256,tensor,s2g,u8,8,1,256,256,0,aligned128,contiguous,none,none,zero,none,direct,low,0,110,0,0,ok,tmau_cold_first_use_fresh_allocation,model_default,0x0,0x90003000,0x0,0xa487e4c2a8d008cb,0,patch_descriptor_write,0,cold
Ventus,rtlsim,tensor_geometry,rank,rank_s2g_r1_b256,tensor,s2g,u8,8,1,256,256,0,aligned128,contiguous,none,none,zero,none,direct,low,1,83,0,0,ok,tmau_hot_reuse,model_default,0x0,0x90003000,0x0,0xa487e4c2a8d008cb,1,patch_descriptor_write,0,hot
Ventus,rtlsim,tensor_geometry,rank,rank_s2g_r2_b256,tensor,s2g,u8,8,2,256,256,0,aligned128,contiguous,none,none,zero,none,direct,low,0,111,0,0,ok,tmau_cold_first_use_fresh_allocation,model_default,0x0,0x90003000,0x0,0x39a98551846f43ea,0,patch_descriptor_write,0,cold
Ventus,rtlsim,tensor_geometry,rank,rank_s2g_r2_b256,tensor,s2g,u8,8,2,256,256,0,aligned128,contiguous,none,none,zero,none,direct,low,1,84,0,0,ok,tmau_hot_reuse,model_default,0x0,0x90003000,0x0,0x39a98551846f43ea,1,patch_descriptor_write,0,hot
Ventus,rtlsim,tensor_geometry,rank,rank_s2g_r3_b256,tensor,s2g,u8,8,3,256,256,0,aligned128,contiguous,none,none,zero,none,direct,low,0,112,0,0,ok,tmau_cold_first_use_fresh_allocation,model_default,0x0,0x90003000,0x0,0x5c5477f3076c73bb,0,patch_descriptor_write,0,cold
Ventus,rtlsim,tensor_geometry,rank,rank_s2g_r3_b256,tensor,s2g,u8,8,3,256,256,0,aligned128,contiguous,none,none,zero,none,direct,low,1,85,0,0,ok,tmau_hot_reuse,model_default,0x0,0x90003000,0x0,0x5c5477f3076c73bb,1,patch_descriptor_write,0,hot
Ventus,rtlsim,tensor_geometry,rank,rank_s2g_r4_b256,tensor,s2g,u8,8,4,256,256,0,aligned128,contiguous,none,none,zero,none,direct,low,0,113,0,0,ok,tmau_cold_first_use_fresh_allocation,model_default,0x0,0x90003000,0x0,0xd0515c320349f3ca,0,patch_descriptor_write,0,cold
Ventus,rtlsim,tensor_geometry,rank,rank_s2g_r4_b256,tensor,s2g,u8,8,4,256,256,0,aligned128,contiguous,none,none,zero,none,direct,low,1,86,0,0,ok,tmau_hot_reuse,model_default,0x0,0x90003000,0x0,0xd0515c320349f3ca,1,patch_descriptor_write,0,hot
Ventus,rtlsim,tensor_geometry,rank,rank_s2g_r5_b256,tensor,s2g,u8,8,5,256,256,0,aligned128,contiguous,none,none,zero,none,direct,low,0,114,0,0,ok,tmau_cold_first_use_fresh_allocation,model_default,0x0,0x90003000,0x0,0xf30d8af67788760b,0,patch_descriptor_write,0,cold
Ventus,rtlsim,tensor_geometry,rank,rank_s2g_r5_b256,tensor,s2g,u8,8,5,256,256,0,aligned128,contiguous,none,none,zero,none,direct,low,1,87,0,0,ok,tmau_hot_reuse,model_default,0x0,0x90003000,0x0,0xf30d8af67788760b,1,patch_descriptor_write,0,hot
Ventus,rtlsim,tensor_geometry,rank,rank_s2g_r2_b4096,tensor,s2g,u8,8,2,4096,4096,0,aligned128,contiguous,none,none,zero,none,direct,low,0,204,0,0,ok,tmau_cold_first_use_fresh_allocation,model_default,0x0,0x90004000,0x0,0xb491aebf05667b1a,0,patch_descriptor_write,0,cold
Ventus,rtlsim,tensor_geometry,rank,rank_s2g_r2_b4096,tensor,s2g,u8,8,2,4096,4096,0,aligned128,contiguous,none,none,zero,none,direct,low,1,186,0,0,ok,tmau_hot_reuse,model_default,0x0,0x90004000,0x0,0xb491aebf05667b1a,1,patch_descriptor_write,0,hot
Ventus,rtlsim,tensor_geometry,rank,rank_s2g_r3_b4096,tensor,s2g,u8,8,3,4096,4096,0,aligned128,contiguous,none,none,zero,none,direct,low,0,205,0,0,ok,tmau_cold_first_use_fresh_allocation,model_default,0x0,0x90004000,0x0,0xe36abc67554e7065,0,patch_descriptor_write,0,cold
Ventus,rtlsim,tensor_geometry,rank,rank_s2g_r3_b4096,tensor,s2g,u8,8,3,4096,4096,0,aligned128,contiguous,none,none,zero,none,direct,low,1,187,0,0,ok,tmau_hot_reuse,model_default,0x0,0x90004000,0x0,0xe36abc67554e7065,1,patch_descriptor_write,0,hot
Ventus,rtlsim,tensor_geometry,rank,rank_s2g_r4_b4096,tensor,s2g,u8,8,4,4096,4096,0,aligned128,contiguous,none,none,zero,none,direct,low,0,206,0,0,ok,tmau_cold_first_use_fresh_allocation,model_default,0x0,0x90004000,0x0,0x9d6d254ffefa89a4,0,patch_descriptor_write,0,cold
Ventus,rtlsim,tensor_geometry,rank,rank_s2g_r4_b4096,tensor,s2g,u8,8,4,4096,4096,0,aligned128,contiguous,none,none,zero,none,direct,low,1,188,0,0,ok,tmau_hot_reuse,model_default,0x0,0x90004000,0x0,0x9d6d254ffefa89a4,1,patch_descriptor_write,0,hot
Ventus,rtlsim,tensor_geometry,rank,rank_s2g_r5_b4096,tensor,s2g,u8,8,5,4096,4096,0,aligned128,contiguous,none,none,zero,none,direct,low,0,207,0,0,ok,tmau_cold_first_use_fresh_allocation,model_default,0x0,0x90004000,0x0,0xe958b1787fd2dc38,0,patch_descriptor_write,0,cold
Ventus,rtlsim,tensor_geometry,rank,rank_s2g_r5_b4096,tensor,s2g,u8,8,5,4096,4096,0,aligned128,contiguous,none,none,zero,none,direct,low,1,189,0,0,ok,tmau_hot_reuse,model_default,0x0,0x90004000,0x0,0xe958b1787fd2dc38,1,patch_descriptor_write,0,hot
Ventus,rtlsim,tensor_geometry,rank,rank_s2g_r2_b32768,tensor,s2g,u8,8,2,32768,32768,0,aligned128,contiguous,none,none,zero,none,direct,low,0,875,0,0,ok,tmau_cold_first_use_fresh_allocation,model_default,0x0,0x90002000,0x0,0xa2b421d6ee8c79a3,0,patch_descriptor_write,0,cold
Ventus,rtlsim,tensor_geometry,rank,rank_s2g_r2_b32768,tensor,s2g,u8,8,2,32768,32768,0,aligned128,contiguous,none,none,zero,none,direct,low,1,863,0,0,ok,tmau_hot_reuse,model_default,0x0,0x90002000,0x0,0xa2b421d6ee8c79a3,1,patch_descriptor_write,0,hot
Ventus,rtlsim,tensor_geometry,rank,rank_s2g_r3_b32768,tensor,s2g,u8,8,3,32768,32768,0,aligned128,contiguous,none,none,zero,none,direct,low,0,876,0,0,ok,tmau_cold_first_use_fresh_allocation,model_default,0x0,0x90002000,0x0,0x9c9415ef5dcdcb1a,0,patch_descriptor_write,0,cold
Ventus,rtlsim,tensor_geometry,rank,rank_s2g_r3_b32768,tensor,s2g,u8,8,3,32768,32768,0,aligned128,contiguous,none,none,zero,none,direct,low,1,864,0,0,ok,tmau_hot_reuse,model_default,0x0,0x90002000,0x0,0x9c9415ef5dcdcb1a,1,patch_descriptor_write,0,hot
Ventus,rtlsim,tensor_geometry,rank,rank_s2g_r4_b32768,tensor,s2g,u8,8,4,32768,32768,0,aligned128,contiguous,none,none,zero,none,direct,low,0,877,0,0,ok,tmau_cold_first_use_fresh_allocation,model_default,0x0,0x90002000,0x0,0xf8063ed436e23599,0,patch_descriptor_write,0,cold
Ventus,rtlsim,tensor_geometry,rank,rank_s2g_r4_b32768,tensor,s2g,u8,8,4,32768,32768,0,aligned128,contiguous,none,none,zero,none,direct,low,1,865,0,0,ok,tmau_hot_reuse,model_default,0x0,0x90002000,0x0,0xf8063ed436e23599,1,patch_descriptor_write,0,hot
Ventus,rtlsim,tensor_geometry,rank,rank_s2g_r5_b32768,tensor,s2g,u8,8,5,32768,32768,0,aligned128,contiguous,none,none,zero,none,direct,low,0,878,0,0,ok,tmau_cold_first_use_fresh_allocation,model_default,0x0,0x90002000,0x0,0xf01208afe01234ee,0,patch_descriptor_write,0,cold
Ventus,rtlsim,tensor_geometry,rank,rank_s2g_r5_b32768,tensor,s2g,u8,8,5,32768,32768,0,aligned128,contiguous,none,none,zero,none,direct,low,1,866,0,0,ok,tmau_hot_reuse,model_default,0x0,0x90002000,0x0,0xf01208afe01234ee,1,patch_descriptor_write,0,hot
Ventus,rtlsim,tensor_geometry,rank,rank_roundtrip_r1_b128,tensor,roundtrip,u8,8,1,128,128,0,aligned128,contiguous,none,none,zero,none,direct,low,0,227,0,0,ok,tmau_cold_first_use_fresh_allocation,model_default,0x90000000,0x90003000,0x9787d89284b5fe0b,0x7eee8cb047f0ce5b,0,patch_descriptor_write,0,cold
Ventus,rtlsim,tensor_geometry,rank,rank_roundtrip_r1_b128,tensor,roundtrip,u8,8,1,128,128,0,aligned128,contiguous,none,none,zero,none,direct,low,1,163,0,0,ok,tmau_hot_reuse,model_default,0x90000000,0x90003000,0x9787d89284b5fe0b,0x7eee8cb047f0ce5b,1,patch_descriptor_write,0,hot
Ventus,rtlsim,tensor_geometry,rank,rank_roundtrip_r2_b128,tensor,roundtrip,u8,8,2,128,128,0,aligned128,contiguous,none,none,zero,none,direct,low,0,229,0,0,ok,tmau_cold_first_use_fresh_allocation,model_default,0x90000000,0x90003000,0x9b4d686709ed29fa,0x1b84d8dd5daddc4a,0,patch_descriptor_write,0,cold
Ventus,rtlsim,tensor_geometry,rank,rank_roundtrip_r2_b128,tensor,roundtrip,u8,8,2,128,128,0,aligned128,contiguous,none,none,zero,none,direct,low,1,165,0,0,ok,tmau_hot_reuse,model_default,0x90000000,0x90003000,0x9b4d686709ed29fa,0x1b84d8dd5daddc4a,1,patch_descriptor_write,0,hot
Ventus,rtlsim,tensor_geometry,rank,rank_roundtrip_r3_b128,tensor,roundtrip,u8,8,3,128,128,0,aligned128,contiguous,none,none,zero,none,direct,low,0,231,0,0,ok,tmau_cold_first_use_fresh_allocation,model_default,0x90000000,0x90003000,0x27b55bb94fe9df0b,0x9c4d3be8f2a7d3bb,0,patch_descriptor_write,0,cold
Ventus,rtlsim,tensor_geometry,rank,rank_roundtrip_r3_b128,tensor,roundtrip,u8,8,3,128,128,0,aligned128,contiguous,none,none,zero,none,direct,low,1,167,0,0,ok,tmau_hot_reuse,model_default,0x90000000,0x90003000,0x27b55bb94fe9df0b,0x9c4d3be8f2a7d3bb,1,patch_descriptor_write,0,hot
Ventus,rtlsim,tensor_geometry,rank,rank_roundtrip_r4_b128,tensor,roundtrip,u8,8,4,128,128,0,aligned128,contiguous,none,none,zero,none,direct,low,0,233,0,0,ok,tmau_cold_first_use_fresh_allocation,model_default,0x90000000,0x90003000,0xd90588834f4165ba,0xde1eeb23f62a81ea,0,patch_descriptor_write,0,cold
Ventus,rtlsim,tensor_geometry,rank,rank_roundtrip_r4_b128,tensor,roundtrip,u8,8,4,128,128,0,aligned128,contiguous,none,none,zero,none,direct,low,1,170,0,0,ok,tmau_hot_reuse,model_default,0x90000000,0x90003000,0xd90588834f4165ba,0xde1eeb23f62a81ea,1,patch_descriptor_write,0,hot
Ventus,rtlsim,tensor_geometry,rank,rank_roundtrip_r5_b128,tensor,roundtrip,u8,8,5,128,128,0,aligned128,contiguous,none,none,zero,none,direct,low,0,235,0,0,ok,tmau_cold_first_use_fresh_allocation,model_default,0x90000000,0x90003000,0x220724085fe0264b,0xd42a523dca32f2bb,0,patch_descriptor_write,0,cold
Ventus,rtlsim,tensor_geometry,rank,rank_roundtrip_r5_b128,tensor,roundtrip,u8,8,5,128,128,0,aligned128,contiguous,none,none,zero,none,direct,low,1,171,0,0,ok,tmau_hot_reuse,model_default,0x90000000,0x90003000,0x220724085fe0264b,0xd42a523dca32f2bb,1,patch_descriptor_write,0,hot
Ventus,rtlsim,tensor_geometry,rank,rank_roundtrip_r1_b256,tensor,roundtrip,u8,8,1,256,256,0,aligned128,contiguous,none,none,zero,none,direct,low,0,231,0,0,ok,tmau_cold_first_use_fresh_allocation,model_default,0x90000000,0x90003000,0xa7ba6ec8428ef97b,0xa487e4c2a8d008cb,0,patch_descriptor_write,0,cold
Ventus,rtlsim,tensor_geometry,rank,rank_roundtrip_r1_b256,tensor,roundtrip,u8,8,1,256,256,0,aligned128,contiguous,none,none,zero,none,direct,low,1,167,0,0,ok,tmau_hot_reuse,model_default,0x90000000,0x90003000,0xa7ba6ec8428ef97b,0xa487e4c2a8d008cb,1,patch_descriptor_write,0,hot
Ventus,rtlsim,tensor_geometry,rank,rank_roundtrip_r2_b256,tensor,roundtrip,u8,8,2,256,256,0,aligned128,contiguous,none,none,zero,none,direct,low,0,233,0,0,ok,tmau_cold_first_use_fresh_allocation,model_default,0x90000000,0x90003000,0x564624e738af321a,0x39a98551846f43ea,0,patch_descriptor_write,0,cold
Ventus,rtlsim,tensor_geometry,rank,rank_roundtrip_r2_b256,tensor,roundtrip,u8,8,2,256,256,0,aligned128,contiguous,none,none,zero,none,direct,low,1,169,0,0,ok,tmau_hot_reuse,model_default,0x90000000,0x90003000,0x564624e738af321a,0x39a98551846f43ea,1,patch_descriptor_write,0,hot
Ventus,rtlsim,tensor_geometry,rank,rank_roundtrip_r3_b256,tensor,roundtrip,u8,8,3,256,256,0,aligned128,contiguous,none,none,zero,none,direct,low,0,235,0,0,ok,tmau_cold_first_use_fresh_allocation,model_default,0x90000000,0x90003000,0x6e088ade4829968b,0x5c5477f3076c73bb,0,patch_descriptor_write,0,cold
Ventus,rtlsim,tensor_geometry,rank,rank_roundtrip_r3_b256,tensor,roundtrip,u8,8,3,256,256,0,aligned128,contiguous,none,none,zero,none,direct,low,1,171,0,0,ok,tmau_hot_reuse,model_default,0x90000000,0x90003000,0x6e088ade4829968b,0x5c5477f3076c73bb,1,patch_descriptor_write,0,hot
Ventus,rtlsim,tensor_geometry,rank,rank_roundtrip_r4_b256,tensor,roundtrip,u8,8,4,256,256,0,aligned128,contiguous,none,none,zero,none,direct,low,0,237,0,0,ok,tmau_cold_first_use_fresh_allocation,model_default,0x90000000,0x90003000,0x5bb97c02608bff1a,0xd0515c320349f3ca,0,patch_descriptor_write,0,cold
Ventus,rtlsim,tensor_geometry,rank,rank_roundtrip_r4_b256,tensor,roundtrip,u8,8,4,256,256,0,aligned128,contiguous,none,none,zero,none,direct,low,1,174,0,0,ok,tmau_hot_reuse,model_default,0x90000000,0x90003000,0x5bb97c02608bff1a,0xd0515c320349f3ca,1,patch_descriptor_write,0,hot
Ventus,rtlsim,tensor_geometry,rank,rank_roundtrip_r5_b256,tensor,roundtrip,u8,8,5,256,256,0,aligned128,contiguous,none,none,zero,none,direct,low,0,239,0,0,ok,tmau_cold_first_use_fresh_allocation,model_default,0x90000000,0x90003000,0xedf69b701772b65b,0xf30d8af67788760b,0,patch_descriptor_write,0,cold
Ventus,rtlsim,tensor_geometry,rank,rank_roundtrip_r5_b256,tensor,roundtrip,u8,8,5,256,256,0,aligned128,contiguous,none,none,zero,none,direct,low,1,175,0,0,ok,tmau_hot_reuse,model_default,0x90000000,0x90003000,0xedf69b701772b65b,0xf30d8af67788760b,1,patch_descriptor_write,0,hot
Ventus,rtlsim,tensor_geometry,rank,rank_roundtrip_r2_b4096,tensor,roundtrip,u8,8,2,4096,4096,0,aligned128,contiguous,none,none,zero,none,direct,low,0,398,0,0,ok,tmau_cold_first_use_fresh_allocation,model_default,0x90000000,0x90004000,0x241165db24a501da,0xb491aebf05667b1a,0,patch_descriptor_write,0,cold
Ventus,rtlsim,tensor_geometry,rank,rank_roundtrip_r2_b4096,tensor,roundtrip,u8,8,2,4096,4096,0,aligned128,contiguous,none,none,zero,none,direct,low,1,331,0,0,ok,tmau_hot_reuse,model_default,0x90000000,0x90004000,0x241165db24a501da,0xb491aebf05667b1a,1,patch_descriptor_write,0,hot
Ventus,rtlsim,tensor_geometry,rank,rank_roundtrip_r3_b4096,tensor,roundtrip,u8,8,3,4096,4096,0,aligned128,contiguous,none,none,zero,none,direct,low,0,400,0,0,ok,tmau_cold_first_use_fresh_allocation,model_default,0x90000000,0x90004000,0xc2ddd2b57b3e1e25,0xe36abc67554e7065,0,patch_descriptor_write,0,cold
Ventus,rtlsim,tensor_geometry,rank,rank_roundtrip_r3_b4096,tensor,roundtrip,u8,8,3,4096,4096,0,aligned128,contiguous,none,none,zero,none,direct,low,1,333,0,0,ok,tmau_hot_reuse,model_default,0x90000000,0x90004000,0xc2ddd2b57b3e1e25,0xe36abc67554e7065,1,patch_descriptor_write,0,hot
Ventus,rtlsim,tensor_geometry,rank,rank_roundtrip_r4_b4096,tensor,roundtrip,u8,8,4,4096,4096,0,aligned128,contiguous,none,none,zero,none,direct,low,0,402,0,0,ok,tmau_cold_first_use_fresh_allocation,model_default,0x90000000,0x90004000,0x215587fe18c5d3e4,0x9d6d254ffefa89a4,0,patch_descriptor_write,0,cold
Ventus,rtlsim,tensor_geometry,rank,rank_roundtrip_r4_b4096,tensor,roundtrip,u8,8,4,4096,4096,0,aligned128,contiguous,none,none,zero,none,direct,low,1,336,0,0,ok,tmau_hot_reuse,model_default,0x90000000,0x90004000,0x215587fe18c5d3e4,0x9d6d254ffefa89a4,1,patch_descriptor_write,0,hot
Ventus,rtlsim,tensor_geometry,rank,rank_roundtrip_r5_b4096,tensor,roundtrip,u8,8,5,4096,4096,0,aligned128,contiguous,none,none,zero,none,direct,low,0,404,0,0,ok,tmau_cold_first_use_fresh_allocation,model_default,0x90000000,0x90004000,0x5bba6133950cd778,0xe958b1787fd2dc38,0,patch_descriptor_write,0,cold
Ventus,rtlsim,tensor_geometry,rank,rank_roundtrip_r5_b4096,tensor,roundtrip,u8,8,5,4096,4096,0,aligned128,contiguous,none,none,zero,none,direct,low,1,337,0,0,ok,tmau_hot_reuse,model_default,0x90000000,0x90004000,0x5bba6133950cd778,0xe958b1787fd2dc38,1,patch_descriptor_write,0,hot
Ventus,rtlsim,tensor_geometry,rank,rank_roundtrip_r2_b32768,tensor,roundtrip,u8,8,2,32768,32768,0,aligned128,contiguous,none,none,zero,none,direct,low,0,1542,0,0,ok,tmau_cold_first_use_fresh_allocation,model_default,0x90000000,0x90002000,0x63578e8bf5ec38aa,0xa2b421d6ee8c79a3,0,patch_descriptor_write,0,cold
Ventus,rtlsim,tensor_geometry,rank,rank_roundtrip_r2_b32768,tensor,roundtrip,u8,8,2,32768,32768,0,aligned128,contiguous,none,none,zero,none,direct,low,1,1481,0,0,ok,tmau_hot_reuse,model_default,0x90000000,0x90002000,0x63578e8bf5ec38aa,0xa2b421d6ee8c79a3,1,patch_descriptor_write,0,hot
Ventus,rtlsim,tensor_geometry,rank,rank_roundtrip_r3_b32768,tensor,roundtrip,u8,8,3,32768,32768,0,aligned128,contiguous,none,none,zero,none,direct,low,0,1544,0,0,ok,tmau_cold_first_use_fresh_allocation,model_default,0x90000000,0x90002000,0xb846f9c95d8df043,0x9c9415ef5dcdcb1a,0,patch_descriptor_write,0,cold
Ventus,rtlsim,tensor_geometry,rank,rank_roundtrip_r3_b32768,tensor,roundtrip,u8,8,3,32768,32768,0,aligned128,contiguous,none,none,zero,none,direct,low,1,1478,0,0,ok,tmau_hot_reuse,model_default,0x90000000,0x90002000,0xb846f9c95d8df043,0x9c9415ef5dcdcb1a,1,patch_descriptor_write,0,hot
Ventus,rtlsim,tensor_geometry,rank,rank_roundtrip_r4_b32768,tensor,roundtrip,u8,8,4,32768,32768,0,aligned128,contiguous,none,none,zero,none,direct,low,0,1546,0,0,ok,tmau_cold_first_use_fresh_allocation,model_default,0x90000000,0x90002000,0xc976bdf7ec412f14,0xf8063ed436e23599,0,patch_descriptor_write,0,cold
Ventus,rtlsim,tensor_geometry,rank,rank_roundtrip_r4_b32768,tensor,roundtrip,u8,8,4,32768,32768,0,aligned128,contiguous,none,none,zero,none,direct,low,1,1485,0,0,ok,tmau_hot_reuse,model_default,0x90000000,0x90002000,0xc976bdf7ec412f14,0xf8063ed436e23599,1,patch_descriptor_write,0,hot
Ventus,rtlsim,tensor_geometry,rank,rank_roundtrip_r5_b32768,tensor,roundtrip,u8,8,5,32768,32768,0,aligned128,contiguous,none,none,zero,none,direct,low,0,1548,0,0,ok,tmau_cold_first_use_fresh_allocation,model_default,0x90000000,0x90002000,0x6bd0578a476880df,0xf01208afe01234ee,0,patch_descriptor_write,0,cold
Ventus,rtlsim,tensor_geometry,rank,rank_roundtrip_r5_b32768,tensor,roundtrip,u8,8,5,32768,32768,0,aligned128,contiguous,none,none,zero,none,direct,low,1,1486,0,0,ok,tmau_hot_reuse,model_default,0x90000000,0x90002000,0x6bd0578a476880df,0xf01208afe01234ee,1,patch_descriptor_write,0,hot
Ventus,rtlsim,tensor_geometry,base_alignment,tensor_base_g2s_mod128_0,tensor,g2s,u8,8,2,4096,4096,0,aligned128,contiguous,none,none,zero,none,direct,low,0,210,0,0,ok,tmau_cold_first_use_fresh_allocation,model_default,0x90000000,0x0,0x241165db24a501da,0x0,0,patch_descriptor_write,0,cold
Ventus,rtlsim,tensor_geometry,base_alignment,tensor_base_g2s_mod128_0,tensor,g2s,u8,8,2,4096,4096,0,aligned128,contiguous,none,none,zero,none,direct,low,1,162,0,0,ok,tmau_hot_reuse,model_default,0x90000000,0x0,0x241165db24a501da,0x0,1,patch_descriptor_write,0,hot
Ventus,rtlsim,tensor_geometry,base_alignment,tensor_base_g2s_mod128_16,tensor,g2s,u8,8,2,4096,4096,16,phase_mod128,contiguous,none,none,zero,none,direct,medium,0,255,0,0,ok,tmau_cold_first_use_fresh_allocation,model_default,0x90000000,0x0,0x13095a0307c538aa,0x0,0,patch_descriptor_write,0,cold
Ventus,rtlsim,tensor_geometry,base_alignment,tensor_base_g2s_mod128_16,tensor,g2s,u8,8,2,4096,4096,16,phase_mod128,contiguous,none,none,zero,none,direct,medium,1,190,0,0,ok,tmau_hot_reuse,model_default,0x90000000,0x0,0x13095a0307c538aa,0x0,1,patch_descriptor_write,0,hot
Ventus,rtlsim,tensor_geometry,base_alignment,tensor_base_g2s_mod128_32,tensor,g2s,u8,8,2,4096,4096,32,phase_mod128,contiguous,none,none,zero,none,direct,medium,0,255,0,0,ok,tmau_cold_first_use_fresh_allocation,model_default,0x90000000,0x0,0xe4ca39c195068b3a,0x0,0,patch_descriptor_write,0,cold
Ventus,rtlsim,tensor_geometry,base_alignment,tensor_base_g2s_mod128_32,tensor,g2s,u8,8,2,4096,4096,32,phase_mod128,contiguous,none,none,zero,none,direct,medium,1,190,0,0,ok,tmau_hot_reuse,model_default,0x90000000,0x0,0xe4ca39c195068b3a,0x0,1,patch_descriptor_write,0,hot
Ventus,rtlsim,tensor_geometry,base_alignment,tensor_base_g2s_mod128_64,tensor,g2s,u8,8,2,4096,4096,64,phase_mod128,contiguous,none,none,zero,none,direct,medium,0,255,0,0,ok,tmau_cold_first_use_fresh_allocation,model_default,0x90000000,0x0,0xd89c4aa43be3fa1a,0x0,0,patch_descriptor_write,0,cold
Ventus,rtlsim,tensor_geometry,base_alignment,tensor_base_g2s_mod128_64,tensor,g2s,u8,8,2,4096,4096,64,phase_mod128,contiguous,none,none,zero,none,direct,medium,1,190,0,0,ok,tmau_hot_reuse,model_default,0x90000000,0x0,0xd89c4aa43be3fa1a,0x0,1,patch_descriptor_write,0,hot
Ventus,rtlsim,tensor_geometry,base_alignment,tensor_base_g2s_mod128_112,tensor,g2s,u8,8,2,4096,4096,112,phase_mod128,contiguous,none,none,zero,none,direct,medium,0,255,0,0,ok,tmau_cold_first_use_fresh_allocation,model_default,0x90000000,0x0,0xd20eed166ce41c4a,0x0,0,patch_descriptor_write,0,cold
Ventus,rtlsim,tensor_geometry,base_alignment,tensor_base_g2s_mod128_112,tensor,g2s,u8,8,2,4096,4096,112,phase_mod128,contiguous,none,none,zero,none,direct,medium,1,190,0,0,ok,tmau_hot_reuse,model_default,0x90000000,0x0,0xd20eed166ce41c4a,0x0,1,patch_descriptor_write,0,hot
Ventus,rtlsim,tensor_geometry,base_alignment,tensor_base_s2g_mod128_0,tensor,s2g,u8,8,2,4096,4096,0,aligned128,contiguous,none,none,zero,none,direct,low,0,204,0,0,ok,tmau_cold_first_use_fresh_allocation,model_default,0x0,0x90004000,0x0,0xb491aebf05667b1a,0,patch_descriptor_write,0,cold
Ventus,rtlsim,tensor_geometry,base_alignment,tensor_base_s2g_mod128_0,tensor,s2g,u8,8,2,4096,4096,0,aligned128,contiguous,none,none,zero,none,direct,low,1,186,0,0,ok,tmau_hot_reuse,model_default,0x0,0x90004000,0x0,0xb491aebf05667b1a,1,patch_descriptor_write,0,hot
Ventus,rtlsim,tensor_geometry,base_alignment,tensor_base_s2g_mod128_16,tensor,s2g,u8,8,2,4096,4096,16,phase_mod128,contiguous,none,none,zero,none,direct,medium,0,273,0,0,ok,tmau_cold_first_use_fresh_allocation,model_default,0x0,0x90004000,0x0,0x5f30b9b1483626a,0,patch_descriptor_write,0,cold
Ventus,rtlsim,tensor_geometry,base_alignment,tensor_base_s2g_mod128_16,tensor,s2g,u8,8,2,4096,4096,16,phase_mod128,contiguous,none,none,zero,none,direct,medium,1,270,0,0,ok,tmau_hot_reuse,model_default,0x0,0x90004000,0x0,0x5f30b9b1483626a,1,patch_descriptor_write,0,hot
Ventus,rtlsim,tensor_geometry,base_alignment,tensor_base_s2g_mod128_32,tensor,s2g,u8,8,2,4096,4096,32,phase_mod128,contiguous,none,none,zero,none,direct,medium,0,273,0,0,ok,tmau_cold_first_use_fresh_allocation,model_default,0x0,0x90004000,0x0,0xe1b3efe064de67a,0,patch_descriptor_write,0,cold
Ventus,rtlsim,tensor_geometry,base_alignment,tensor_base_s2g_mod128_32,tensor,s2g,u8,8,2,4096,4096,32,phase_mod128,contiguous,none,none,zero,none,direct,medium,1,270,0,0,ok,tmau_hot_reuse,model_default,0x0,0x90004000,0x0,0xe1b3efe064de67a,1,patch_descriptor_write,0,hot
Ventus,rtlsim,tensor_geometry,base_alignment,tensor_base_s2g_mod128_64,tensor,s2g,u8,8,2,4096,4096,64,phase_mod128,contiguous,none,none,zero,none,direct,medium,0,273,0,0,ok,tmau_cold_first_use_fresh_allocation,model_default,0x0,0x90004000,0x0,0x481c01c05b2280da,0,patch_descriptor_write,0,cold
Ventus,rtlsim,tensor_geometry,base_alignment,tensor_base_s2g_mod128_64,tensor,s2g,u8,8,2,4096,4096,64,phase_mod128,contiguous,none,none,zero,none,direct,medium,1,270,0,0,ok,tmau_hot_reuse,model_default,0x0,0x90004000,0x0,0x481c01c05b2280da,1,patch_descriptor_write,0,hot
Ventus,rtlsim,tensor_geometry,base_alignment,tensor_base_s2g_mod128_112,tensor,s2g,u8,8,2,4096,4096,112,phase_mod128,contiguous,none,none,zero,none,direct,medium,0,273,0,0,ok,tmau_cold_first_use_fresh_allocation,model_default,0x0,0x90004000,0x0,0xf48bfd5b032c318a,0,patch_descriptor_write,0,cold
Ventus,rtlsim,tensor_geometry,base_alignment,tensor_base_s2g_mod128_112,tensor,s2g,u8,8,2,4096,4096,112,phase_mod128,contiguous,none,none,zero,none,direct,medium,1,270,0,0,ok,tmau_hot_reuse,model_default,0x0,0x90004000,0x0,0xf48bfd5b032c318a,1,patch_descriptor_write,0,hot
Ventus,rtlsim,tensor_geometry,base_alignment,tensor_base_roundtrip_mod128_0,tensor,roundtrip,u8,8,2,4096,4096,0,aligned128,contiguous,none,none,zero,none,direct,low,0,398,0,0,ok,tmau_cold_first_use_fresh_allocation,model_default,0x90000000,0x90004000,0x241165db24a501da,0xb491aebf05667b1a,0,patch_descriptor_write,0,cold
Ventus,rtlsim,tensor_geometry,base_alignment,tensor_base_roundtrip_mod128_0,tensor,roundtrip,u8,8,2,4096,4096,0,aligned128,contiguous,none,none,zero,none,direct,low,1,331,0,0,ok,tmau_hot_reuse,model_default,0x90000000,0x90004000,0x241165db24a501da,0xb491aebf05667b1a,1,patch_descriptor_write,0,hot
Ventus,rtlsim,tensor_geometry,base_alignment,tensor_base_roundtrip_mod128_16,tensor,roundtrip,u8,8,2,4096,4096,16,phase_mod128,contiguous,none,none,zero,none,direct,medium,0,512,0,0,ok,tmau_cold_first_use_fresh_allocation,model_default,0x90000000,0x90004000,0x13095a0307c538aa,0x5f30b9b1483626a,0,patch_descriptor_write,0,cold
Ventus,rtlsim,tensor_geometry,base_alignment,tensor_base_roundtrip_mod128_16,tensor,roundtrip,u8,8,2,4096,4096,16,phase_mod128,contiguous,none,none,zero,none,direct,medium,1,443,0,0,ok,tmau_hot_reuse,model_default,0x90000000,0x90004000,0x13095a0307c538aa,0x5f30b9b1483626a,1,patch_descriptor_write,0,hot
Ventus,rtlsim,tensor_geometry,base_alignment,tensor_base_roundtrip_mod128_32,tensor,roundtrip,u8,8,2,4096,4096,32,phase_mod128,contiguous,none,none,zero,none,direct,medium,0,512,0,0,ok,tmau_cold_first_use_fresh_allocation,model_default,0x90000000,0x90004000,0xe4ca39c195068b3a,0xe1b3efe064de67a,0,patch_descriptor_write,0,cold
Ventus,rtlsim,tensor_geometry,base_alignment,tensor_base_roundtrip_mod128_32,tensor,roundtrip,u8,8,2,4096,4096,32,phase_mod128,contiguous,none,none,zero,none,direct,medium,1,443,0,0,ok,tmau_hot_reuse,model_default,0x90000000,0x90004000,0xe4ca39c195068b3a,0xe1b3efe064de67a,1,patch_descriptor_write,0,hot
Ventus,rtlsim,tensor_geometry,base_alignment,tensor_base_roundtrip_mod128_64,tensor,roundtrip,u8,8,2,4096,4096,64,phase_mod128,contiguous,none,none,zero,none,direct,medium,0,512,0,0,ok,tmau_cold_first_use_fresh_allocation,model_default,0x90000000,0x90004000,0xd89c4aa43be3fa1a,0x481c01c05b2280da,0,patch_descriptor_write,0,cold
Ventus,rtlsim,tensor_geometry,base_alignment,tensor_base_roundtrip_mod128_64,tensor,roundtrip,u8,8,2,4096,4096,64,phase_mod128,contiguous,none,none,zero,none,direct,medium,1,443,0,0,ok,tmau_hot_reuse,model_default,0x90000000,0x90004000,0xd89c4aa43be3fa1a,0x481c01c05b2280da,1,patch_descriptor_write,0,hot
Ventus,rtlsim,tensor_geometry,base_alignment,tensor_base_roundtrip_mod128_112,tensor,roundtrip,u8,8,2,4096,4096,112,phase_mod128,contiguous,none,none,zero,none,direct,medium,0,512,0,0,ok,tmau_cold_first_use_fresh_allocation,model_default,0x90000000,0x90004000,0xd20eed166ce41c4a,0xf48bfd5b032c318a,0,patch_descriptor_write,0,cold
Ventus,rtlsim,tensor_geometry,base_alignment,tensor_base_roundtrip_mod128_112,tensor,roundtrip,u8,8,2,4096,4096,112,phase_mod128,contiguous,none,none,zero,none,direct,medium,1,443,0,0,ok,tmau_hot_reuse,model_default,0x90000000,0x90004000,0xd20eed166ce41c4a,0xf48bfd5b032c318a,1,patch_descriptor_write,0,hot
Ventus,rtlsim,tensor_geometry,stride,stride_g2s_s128,tensor,g2s,u8,8,2,4096,4096,0,aligned128,contiguous,none,none,zero,none,direct,low,0,210,0,0,ok,tmau_cold_first_use_fresh_allocation,model_default,0x90000000,0x0,0x241165db24a501da,0x0,0,patch_descriptor_write,0,cold
Ventus,rtlsim,tensor_geometry,stride,stride_g2s_s128,tensor,g2s,u8,8,2,4096,4096,0,aligned128,contiguous,none,none,zero,none,direct,low,1,162,0,0,ok,tmau_hot_reuse,model_default,0x90000000,0x0,0x241165db24a501da,0x0,1,patch_descriptor_write,0,hot
Ventus,rtlsim,tensor_geometry,stride,stride_g2s_s144,tensor,g2s,u8,8,2,4096,4608,0,aligned128,pitched,none,none,zero,none,direct,low,0,258,0,0,ok,tmau_cold_first_use_fresh_allocation,model_default,0x90000000,0x0,0x66fcb209499fe0ea,0x0,0,patch_descriptor_write,0,cold
Ventus,rtlsim,tensor_geometry,stride,stride_g2s_s144,tensor,g2s,u8,8,2,4096,4608,0,aligned128,pitched,none,none,zero,none,direct,low,1,188,0,0,ok,tmau_hot_reuse,model_default,0x90000000,0x0,0x66fcb209499fe0ea,0x0,1,patch_descriptor_write,0,hot
Ventus,rtlsim,tensor_geometry,stride,stride_g2s_s256,tensor,g2s,u8,8,2,4096,8192,0,aligned128,pitched,none,none,zero,none,direct,low,0,210,0,0,ok,tmau_cold_first_use_fresh_allocation,model_default,0x90000000,0x0,0x9d81bedb5430a8a5,0x0,0,patch_descriptor_write,0,cold
Ventus,rtlsim,tensor_geometry,stride,stride_g2s_s256,tensor,g2s,u8,8,2,4096,8192,0,aligned128,pitched,none,none,zero,none,direct,low,1,162,0,0,ok,tmau_hot_reuse,model_default,0x90000000,0x0,0x9d81bedb5430a8a5,0x0,1,patch_descriptor_write,0,hot
Ventus,rtlsim,tensor_geometry,stride,stride_g2s_s512,tensor,g2s,u8,8,2,4096,16384,0,aligned128,pitched,none,none,zero,none,direct,low,0,210,0,0,ok,tmau_cold_first_use_fresh_allocation,model_default,0x90000000,0x0,0xa158b8cedba163a4,0x0,0,patch_descriptor_write,0,cold
Ventus,rtlsim,tensor_geometry,stride,stride_g2s_s512,tensor,g2s,u8,8,2,4096,16384,0,aligned128,pitched,none,none,zero,none,direct,low,1,162,0,0,ok,tmau_hot_reuse,model_default,0x90000000,0x0,0xa158b8cedba163a4,0x0,1,patch_descriptor_write,0,hot
Ventus,rtlsim,tensor_geometry,stride,stride_s2g_s128,tensor,s2g,u8,8,2,4096,4096,0,aligned128,contiguous,none,none,zero,none,direct,low,0,204,0,0,ok,tmau_cold_first_use_fresh_allocation,model_default,0x0,0x90004000,0x0,0xb491aebf05667b1a,0,patch_descriptor_write,0,cold
Ventus,rtlsim,tensor_geometry,stride,stride_s2g_s128,tensor,s2g,u8,8,2,4096,4096,0,aligned128,contiguous,none,none,zero,none,direct,low,1,186,0,0,ok,tmau_hot_reuse,model_default,0x0,0x90004000,0x0,0xb491aebf05667b1a,1,patch_descriptor_write,0,hot
Ventus,rtlsim,tensor_geometry,stride,stride_s2g_s144,tensor,s2g,u8,8,2,4096,4608,0,aligned128,pitched,none,none,zero,none,direct,low,0,265,0,0,ok,tmau_cold_first_use_fresh_allocation,model_default,0x0,0x90004000,0x0,0xf77cfaed2a615a2a,0,patch_descriptor_write,0,cold
Ventus,rtlsim,tensor_geometry,stride,stride_s2g_s144,tensor,s2g,u8,8,2,4096,4608,0,aligned128,pitched,none,none,zero,none,direct,low,1,268,0,0,ok,tmau_hot_reuse,model_default,0x0,0x90004000,0x0,0xf77cfaed2a615a2a,1,patch_descriptor_write,0,hot
Ventus,rtlsim,tensor_geometry,stride,stride_s2g_s256,tensor,s2g,u8,8,2,4096,8192,0,aligned128,pitched,none,none,zero,none,direct,low,0,204,0,0,ok,tmau_cold_first_use_fresh_allocation,model_default,0x0,0x90002000,0x0,0x95314b66a46c3fe5,0,patch_descriptor_write,0,cold
Ventus,rtlsim,tensor_geometry,stride,stride_s2g_s256,tensor,s2g,u8,8,2,4096,8192,0,aligned128,pitched,none,none,zero,none,direct,low,1,186,0,0,ok,tmau_hot_reuse,model_default,0x0,0x90002000,0x0,0x95314b66a46c3fe5,1,patch_descriptor_write,0,hot
Ventus,rtlsim,tensor_geometry,stride,stride_s2g_s512,tensor,s2g,u8,8,2,4096,16384,0,aligned128,pitched,none,none,zero,none,direct,low,0,204,0,0,ok,tmau_cold_first_use_fresh_allocation,model_default,0x0,0x90002000,0x0,0xd8edabc6305fa924,0,patch_descriptor_write,0,cold
Ventus,rtlsim,tensor_geometry,stride,stride_s2g_s512,tensor,s2g,u8,8,2,4096,16384,0,aligned128,pitched,none,none,zero,none,direct,low,1,186,0,0,ok,tmau_hot_reuse,model_default,0x0,0x90002000,0x0,0xd8edabc6305fa924,1,patch_descriptor_write,0,hot
Ventus,rtlsim,tensor_geometry,stride,stride_roundtrip_s128,tensor,roundtrip,u8,8,2,4096,4096,0,aligned128,contiguous,none,none,zero,none,direct,low,0,398,0,0,ok,tmau_cold_first_use_fresh_allocation,model_default,0x90000000,0x90004000,0x241165db24a501da,0xb491aebf05667b1a,0,patch_descriptor_write,0,cold
Ventus,rtlsim,tensor_geometry,stride,stride_roundtrip_s128,tensor,roundtrip,u8,8,2,4096,4096,0,aligned128,contiguous,none,none,zero,none,direct,low,1,331,0,0,ok,tmau_hot_reuse,model_default,0x90000000,0x90004000,0x241165db24a501da,0xb491aebf05667b1a,1,patch_descriptor_write,0,hot
Ventus,rtlsim,tensor_geometry,stride,stride_roundtrip_s144,tensor,roundtrip,u8,8,2,4096,4608,0,aligned128,pitched,none,none,zero,none,direct,low,0,507,0,0,ok,tmau_cold_first_use_fresh_allocation,model_default,0x90000000,0x90004000,0x66fcb209499fe0ea,0xf77cfaed2a615a2a,0,patch_descriptor_write,0,cold
Ventus,rtlsim,tensor_geometry,stride,stride_roundtrip_s144,tensor,roundtrip,u8,8,2,4096,4608,0,aligned128,pitched,none,none,zero,none,direct,low,1,439,0,0,ok,tmau_hot_reuse,model_default,0x90000000,0x90004000,0x66fcb209499fe0ea,0xf77cfaed2a615a2a,1,patch_descriptor_write,0,hot
Ventus,rtlsim,tensor_geometry,stride,stride_roundtrip_s256,tensor,roundtrip,u8,8,2,4096,8192,0,aligned128,pitched,none,none,zero,none,direct,low,0,398,0,0,ok,tmau_cold_first_use_fresh_allocation,model_default,0x90000000,0x90002000,0x9d81bedb5430a8a5,0x95314b66a46c3fe5,0,patch_descriptor_write,0,cold
Ventus,rtlsim,tensor_geometry,stride,stride_roundtrip_s256,tensor,roundtrip,u8,8,2,4096,8192,0,aligned128,pitched,none,none,zero,none,direct,low,1,331,0,0,ok,tmau_hot_reuse,model_default,0x90000000,0x90002000,0x9d81bedb5430a8a5,0x95314b66a46c3fe5,1,patch_descriptor_write,0,hot
Ventus,rtlsim,tensor_geometry,stride,stride_roundtrip_s512,tensor,roundtrip,u8,8,2,4096,16384,0,aligned128,pitched,none,none,zero,none,direct,low,0,398,0,0,ok,tmau_cold_first_use_fresh_allocation,model_default,0x90000000,0x90002000,0xa158b8cedba163a4,0xd8edabc6305fa924,0,patch_descriptor_write,0,cold
Ventus,rtlsim,tensor_geometry,stride,stride_roundtrip_s512,tensor,roundtrip,u8,8,2,4096,16384,0,aligned128,pitched,none,none,zero,none,direct,low,1,338,0,0,ok,tmau_hot_reuse,model_default,0x90000000,0x90002000,0xa158b8cedba163a4,0xd8edabc6305fa924,1,patch_descriptor_write,0,hot
Ventus,rtlsim,tensor_geometry,subbox,subbox_g2s_small2d_plain,tensor,g2s,u8,8,2,128,128,0,aligned128,contiguous,none,none,zero,none,direct,low,0,136,0,0,ok,tmau_cold_first_use_fresh_allocation,model_default,0x90000000,0x0,0x9b4d686709ed29fa,0x0,0,patch_descriptor_write,0,cold
Ventus,rtlsim,tensor_geometry,subbox,subbox_g2s_small2d_plain,tensor,g2s,u8,8,2,128,128,0,aligned128,contiguous,none,none,zero,none,direct,low,1,100,0,0,ok,tmau_hot_reuse,model_default,0x90000000,0x0,0x9b4d686709ed29fa,0x0,1,patch_descriptor_write,0,hot
Ventus,rtlsim,tensor_geometry,subbox,subbox_g2s_small2d_offset,tensor,g2s,u8,8,2,128,4096,0,aligned128,contiguous,none,none,zero,none,direct,low,0,142,0,0,ok,tmau_cold_first_use_fresh_allocation,model_default,0x90000000,0x0,0xcdd57a20acb7301e,0x0,0,patch_descriptor_write,0,cold
Ventus,rtlsim,tensor_geometry,subbox,subbox_g2s_small2d_offset,tensor,g2s,u8,8,2,128,4096,0,aligned128,contiguous,none,none,zero,none,direct,low,1,106,0,0,ok,tmau_hot_reuse,model_default,0x90000000,0x0,0xcdd57a20acb7301e,0x0,1,patch_descriptor_write,0,hot
Ventus,rtlsim,tensor_geometry,subbox,subbox_g2s_large2d_plain,tensor,g2s,u8,8,2,4096,4096,0,aligned128,contiguous,none,none,zero,none,direct,low,0,210,0,0,ok,tmau_cold_first_use_fresh_allocation,model_default,0x90000000,0x0,0x241165db24a501da,0x0,0,patch_descriptor_write,0,cold
Ventus,rtlsim,tensor_geometry,subbox,subbox_g2s_large2d_plain,tensor,g2s,u8,8,2,4096,4096,0,aligned128,contiguous,none,none,zero,none,direct,low,1,162,0,0,ok,tmau_hot_reuse,model_default,0x90000000,0x0,0x241165db24a501da,0x0,1,patch_descriptor_write,0,hot
Ventus,rtlsim,tensor_geometry,subbox,subbox_g2s_large2d_offset,tensor,g2s,u8,8,2,4096,16384,0,aligned128,contiguous,none,none,zero,none,direct,low,0,288,0,0,ok,tmau_cold_first_use_fresh_allocation,model_default,0x90000000,0x0,0x9d6c488be58d958a,0x0,0,patch_descriptor_write,0,cold
Ventus,rtlsim,tensor_geometry,subbox,subbox_g2s_large2d_offset,tensor,g2s,u8,8,2,4096,16384,0,aligned128,contiguous,none,none,zero,none,direct,low,1,226,0,0,ok,tmau_hot_reuse,model_default,0x90000000,0x0,0x9d6c488be58d958a,0x0,1,patch_descriptor_write,0,hot
Ventus,rtlsim,tensor_geometry,subbox,subbox_g2s_large3d_plain,tensor,g2s,u8,8,3,4096,4096,0,aligned128,contiguous,none,none,zero,none,direct,low,0,211,0,0,ok,tmau_cold_first_use_fresh_allocation,model_default,0x90000000,0x0,0xc2ddd2b57b3e1e25,0x0,0,patch_descriptor_write,0,cold
Ventus,rtlsim,tensor_geometry,subbox,subbox_g2s_large3d_plain,tensor,g2s,u8,8,3,4096,4096,0,aligned128,contiguous,none,none,zero,none,direct,low,1,163,0,0,ok,tmau_hot_reuse,model_default,0x90000000,0x0,0xc2ddd2b57b3e1e25,0x0,1,patch_descriptor_write,0,hot
Ventus,rtlsim,tensor_geometry,subbox,subbox_g2s_large3d_offset,tensor,g2s,u8,8,3,4096,32768,0,aligned128,contiguous,none,none,zero,none,direct,low,0,289,0,0,ok,tmau_cold_first_use_fresh_allocation,model_default,0x90000000,0x0,0x7d2a7ea82aa8b203,0x0,0,patch_descriptor_write,0,cold
Ventus,rtlsim,tensor_geometry,subbox,subbox_g2s_large3d_offset,tensor,g2s,u8,8,3,4096,32768,0,aligned128,contiguous,none,none,zero,none,direct,low,1,227,0,0,ok,tmau_hot_reuse,model_default,0x90000000,0x0,0x7d2a7ea82aa8b203,0x0,1,patch_descriptor_write,0,hot
Ventus,rtlsim,tensor_geometry,subbox,subbox_s2g_small2d_plain,tensor,s2g,u8,8,2,128,128,0,aligned128,contiguous,none,none,zero,none,direct,low,0,109,0,0,ok,tmau_cold_first_use_fresh_allocation,model_default,0x0,0x90003000,0x0,0x1b84d8dd5daddc4a,0,patch_descriptor_write,0,cold
Ventus,rtlsim,tensor_geometry,subbox,subbox_s2g_small2d_plain,tensor,s2g,u8,8,2,128,128,0,aligned128,contiguous,none,none,zero,none,direct,low,1,82,0,0,ok,tmau_hot_reuse,model_default,0x0,0x90003000,0x0,0x1b84d8dd5daddc4a,1,patch_descriptor_write,0,hot
Ventus,rtlsim,tensor_geometry,subbox,subbox_s2g_small2d_offset,tensor,s2g,u8,8,2,128,4096,0,aligned128,contiguous,none,none,zero,none,direct,low,0,115,0,0,ok,tmau_cold_first_use_fresh_allocation,model_default,0x0,0x90004000,0x0,0x5e55c3048d78a95e,0,patch_descriptor_write,0,cold
Ventus,rtlsim,tensor_geometry,subbox,subbox_s2g_small2d_offset,tensor,s2g,u8,8,2,128,4096,0,aligned128,contiguous,none,none,zero,none,direct,low,1,88,0,0,ok,tmau_hot_reuse,model_default,0x0,0x90004000,0x0,0x5e55c3048d78a95e,1,patch_descriptor_write,0,hot
Ventus,rtlsim,tensor_geometry,subbox,subbox_s2g_large2d_plain,tensor,s2g,u8,8,2,4096,4096,0,aligned128,contiguous,none,none,zero,none,direct,low,0,204,0,0,ok,tmau_cold_first_use_fresh_allocation,model_default,0x0,0x90004000,0x0,0xb491aebf05667b1a,0,patch_descriptor_write,0,cold
Ventus,rtlsim,tensor_geometry,subbox,subbox_s2g_large2d_plain,tensor,s2g,u8,8,2,4096,4096,0,aligned128,contiguous,none,none,zero,none,direct,low,1,186,0,0,ok,tmau_hot_reuse,model_default,0x0,0x90004000,0x0,0xb491aebf05667b1a,1,patch_descriptor_write,0,hot
Ventus,rtlsim,tensor_geometry,subbox,subbox_s2g_large2d_offset,tensor,s2g,u8,8,2,4096,16384,0,aligned128,contiguous,none,none,zero,none,direct,low,0,296,0,0,ok,tmau_cold_first_use_fresh_allocation,model_default,0x0,0x90002000,0x0,0xbf9a79a697459c0a,0,patch_descriptor_write,0,cold
Ventus,rtlsim,tensor_geometry,subbox,subbox_s2g_large2d_offset,tensor,s2g,u8,8,2,4096,16384,0,aligned128,contiguous,none,none,zero,none,direct,low,1,296,0,0,ok,tmau_hot_reuse,model_default,0x0,0x90002000,0x0,0xbf9a79a697459c0a,1,patch_descriptor_write,0,hot
Ventus,rtlsim,tensor_geometry,subbox,subbox_s2g_large3d_plain,tensor,s2g,u8,8,3,4096,4096,0,aligned128,contiguous,none,none,zero,none,direct,low,0,205,0,0,ok,tmau_cold_first_use_fresh_allocation,model_default,0x0,0x90004000,0x0,0xe36abc67554e7065,0,patch_descriptor_write,0,cold
Ventus,rtlsim,tensor_geometry,subbox,subbox_s2g_large3d_plain,tensor,s2g,u8,8,3,4096,4096,0,aligned128,contiguous,none,none,zero,none,direct,low,1,187,0,0,ok,tmau_hot_reuse,model_default,0x0,0x90004000,0x0,0xe36abc67554e7065,1,patch_descriptor_write,0,hot
Ventus,rtlsim,tensor_geometry,subbox,subbox_s2g_large3d_offset,tensor,s2g,u8,8,3,4096,32768,0,aligned128,contiguous,none,none,zero,none,direct,low,0,297,0,0,ok,tmau_cold_first_use_fresh_allocation,model_default,0x0,0x90002000,0x0,0x3659a457f3a4503a,0,patch_descriptor_write,0,cold
Ventus,rtlsim,tensor_geometry,subbox,subbox_s2g_large3d_offset,tensor,s2g,u8,8,3,4096,32768,0,aligned128,contiguous,none,none,zero,none,direct,low,1,297,0,0,ok,tmau_hot_reuse,model_default,0x0,0x90002000,0x0,0x3659a457f3a4503a,1,patch_descriptor_write,0,hot
Ventus,rtlsim,tensor_geometry,subbox,subbox_roundtrip_small2d_plain,tensor,roundtrip,u8,8,2,128,128,0,aligned128,contiguous,none,none,zero,none,direct,low,0,229,0,0,ok,tmau_cold_first_use_fresh_allocation,model_default,0x90000000,0x90003000,0x9b4d686709ed29fa,0x1b84d8dd5daddc4a,0,patch_descriptor_write,0,cold
Ventus,rtlsim,tensor_geometry,subbox,subbox_roundtrip_small2d_plain,tensor,roundtrip,u8,8,2,128,128,0,aligned128,contiguous,none,none,zero,none,direct,low,1,165,0,0,ok,tmau_hot_reuse,model_default,0x90000000,0x90003000,0x9b4d686709ed29fa,0x1b84d8dd5daddc4a,1,patch_descriptor_write,0,hot
Ventus,rtlsim,tensor_geometry,subbox,subbox_roundtrip_small2d_offset,tensor,roundtrip,u8,8,2,128,4096,0,aligned128,contiguous,none,none,zero,none,direct,low,0,241,0,0,ok,tmau_cold_first_use_fresh_allocation,model_default,0x90000000,0x90004000,0xcdd57a20acb7301e,0x5e55c3048d78a95e,0,patch_descriptor_write,0,cold
Ventus,rtlsim,tensor_geometry,subbox,subbox_roundtrip_small2d_offset,tensor,roundtrip,u8,8,2,128,4096,0,aligned128,contiguous,none,none,zero,none,direct,low,1,177,0,0,ok,tmau_hot_reuse,model_default,0x90000000,0x90004000,0xcdd57a20acb7301e,0x5e55c3048d78a95e,1,patch_descriptor_write,0,hot
Ventus,rtlsim,tensor_geometry,subbox,subbox_roundtrip_large2d_plain,tensor,roundtrip,u8,8,2,4096,4096,0,aligned128,contiguous,none,none,zero,none,direct,low,0,398,0,0,ok,tmau_cold_first_use_fresh_allocation,model_default,0x90000000,0x90004000,0x241165db24a501da,0xb491aebf05667b1a,0,patch_descriptor_write,0,cold
Ventus,rtlsim,tensor_geometry,subbox,subbox_roundtrip_large2d_plain,tensor,roundtrip,u8,8,2,4096,4096,0,aligned128,contiguous,none,none,zero,none,direct,low,1,331,0,0,ok,tmau_hot_reuse,model_default,0x90000000,0x90004000,0x241165db24a501da,0xb491aebf05667b1a,1,patch_descriptor_write,0,hot
Ventus,rtlsim,tensor_geometry,subbox,subbox_roundtrip_large2d_offset,tensor,roundtrip,u8,8,2,4096,16384,0,aligned128,contiguous,none,none,zero,none,direct,low,0,568,0,0,ok,tmau_cold_first_use_fresh_allocation,model_default,0x90000000,0x90002000,0x9d6c488be58d958a,0xbf9a79a697459c0a,0,patch_descriptor_write,0,cold
Ventus,rtlsim,tensor_geometry,subbox,subbox_roundtrip_large2d_offset,tensor,roundtrip,u8,8,2,4096,16384,0,aligned128,contiguous,none,none,zero,none,direct,low,1,505,0,0,ok,tmau_hot_reuse,model_default,0x90000000,0x90002000,0x9d6c488be58d958a,0xbf9a79a697459c0a,1,patch_descriptor_write,0,hot
Ventus,rtlsim,tensor_geometry,subbox,subbox_roundtrip_large3d_plain,tensor,roundtrip,u8,8,3,4096,4096,0,aligned128,contiguous,none,none,zero,none,direct,low,0,400,0,0,ok,tmau_cold_first_use_fresh_allocation,model_default,0x90000000,0x90004000,0xc2ddd2b57b3e1e25,0xe36abc67554e7065,0,patch_descriptor_write,0,cold
Ventus,rtlsim,tensor_geometry,subbox,subbox_roundtrip_large3d_plain,tensor,roundtrip,u8,8,3,4096,4096,0,aligned128,contiguous,none,none,zero,none,direct,low,1,333,0,0,ok,tmau_hot_reuse,model_default,0x90000000,0x90004000,0xc2ddd2b57b3e1e25,0xe36abc67554e7065,1,patch_descriptor_write,0,hot
Ventus,rtlsim,tensor_geometry,subbox,subbox_roundtrip_large3d_offset,tensor,roundtrip,u8,8,3,4096,32768,0,aligned128,contiguous,none,none,zero,none,direct,low,0,570,0,0,ok,tmau_cold_first_use_fresh_allocation,model_default,0x90000000,0x90002000,0x7d2a7ea82aa8b203,0x3659a457f3a4503a,0,patch_descriptor_write,0,cold
Ventus,rtlsim,tensor_geometry,subbox,subbox_roundtrip_large3d_offset,tensor,roundtrip,u8,8,3,4096,32768,0,aligned128,contiguous,none,none,zero,none,direct,low,1,507,0,0,ok,tmau_hot_reuse,model_default,0x90000000,0x90002000,0x7d2a7ea82aa8b203,0x3659a457f3a4503a,1,patch_descriptor_write,0,hot
Ventus,rtlsim,tensor_geometry,oob,oob_g2s_plain,tensor,g2s,u8,8,2,4096,4096,0,aligned128,contiguous,none,none,zero,none,direct,low,0,210,0,0,ok,tmau_cold_first_use_fresh_allocation,model_default,0x90000000,0x0,0x241165db24a501da,0x0,0,patch_descriptor_write,0,cold
Ventus,rtlsim,tensor_geometry,oob,oob_g2s_plain,tensor,g2s,u8,8,2,4096,4096,0,aligned128,contiguous,none,none,zero,none,direct,low,1,162,0,0,ok,tmau_hot_reuse,model_default,0x90000000,0x0,0x241165db24a501da,0x0,1,patch_descriptor_write,0,hot
Ventus,rtlsim,tensor_geometry,oob,oob_g2s_left12p5,tensor,g2s,u8,8,2,4096,4096,0,aligned128,contiguous,none,none,zero,none,direct,low,0,198,0,0,ok,tmau_cold_first_use_fresh_allocation,model_default,0x90000000,0x0,0x241165db24a501da,0x0,0,patch_descriptor_write,0,cold
Ventus,rtlsim,tensor_geometry,oob,oob_g2s_left12p5,tensor,g2s,u8,8,2,4096,4096,0,aligned128,contiguous,none,none,zero,none,direct,low,1,168,0,0,ok,tmau_hot_reuse,model_default,0x90000000,0x0,0x241165db24a501da,0x0,1,patch_descriptor_write,0,hot
Ventus,rtlsim,tensor_geometry,oob,oob_g2s_left25,tensor,g2s,u8,8,2,4096,4096,0,aligned128,contiguous,none,none,zero,none,direct,low,0,198,0,0,ok,tmau_cold_first_use_fresh_allocation,model_default,0x90000000,0x0,0x241165db24a501da,0x0,0,patch_descriptor_write,0,cold
Ventus,rtlsim,tensor_geometry,oob,oob_g2s_left25,tensor,g2s,u8,8,2,4096,4096,0,aligned128,contiguous,none,none,zero,none,direct,low,1,168,0,0,ok,tmau_hot_reuse,model_default,0x90000000,0x0,0x241165db24a501da,0x0,1,patch_descriptor_write,0,hot
Ventus,rtlsim,tensor_geometry,oob,oob_g2s_left50,tensor,g2s,u8,8,2,4096,4096,0,aligned128,contiguous,none,none,zero,none,direct,low,0,198,0,0,ok,tmau_cold_first_use_fresh_allocation,model_default,0x90000000,0x0,0x241165db24a501da,0x0,0,patch_descriptor_write,0,cold
Ventus,rtlsim,tensor_geometry,oob,oob_g2s_left50,tensor,g2s,u8,8,2,4096,4096,0,aligned128,contiguous,none,none,zero,none,direct,low,1,168,0,0,ok,tmau_hot_reuse,model_default,0x90000000,0x0,0x241165db24a501da,0x0,1,patch_descriptor_write,0,hot
Ventus,rtlsim,tensor_geometry,oob,oob_g2s_left100,tensor,g2s,u8,8,2,4096,4096,0,aligned128,contiguous,none,none,zero,none,direct,low,0,149,0,0,ok,tmau_cold_first_use_fresh_allocation,model_default,0x90000000,0x0,0x241165db24a501da,0x0,0,patch_descriptor_write,0,cold
Ventus,rtlsim,tensor_geometry,oob,oob_g2s_left100,tensor,g2s,u8,8,2,4096,4096,0,aligned128,contiguous,none,none,zero,none,direct,low,1,122,0,0,ok,tmau_hot_reuse,model_default,0x90000000,0x0,0x241165db24a501da,0x0,1,patch_descriptor_write,0,hot
Ventus,rtlsim,tensor_geometry,oob,oob_g2s_right25,tensor,g2s,u8,8,2,4096,4096,0,aligned128,contiguous,none,none,zero,none,direct,low,0,198,0,0,ok,tmau_cold_first_use_fresh_allocation,model_default,0x90000000,0x0,0x241165db24a501da,0x0,0,patch_descriptor_write,0,cold
Ventus,rtlsim,tensor_geometry,oob,oob_g2s_right25,tensor,g2s,u8,8,2,4096,4096,0,aligned128,contiguous,none,none,zero,none,direct,low,1,168,0,0,ok,tmau_hot_reuse,model_default,0x90000000,0x0,0x241165db24a501da,0x0,1,patch_descriptor_write,0,hot
Ventus,rtlsim,tensor_geometry,oob,oob_g2s_outer75,tensor,g2s,u8,8,2,4096,4096,0,aligned128,contiguous,none,none,zero,none,direct,low,0,157,0,0,ok,tmau_cold_first_use_fresh_allocation,model_default,0x90000000,0x0,0x241165db24a501da,0x0,0,patch_descriptor_write,0,cold
Ventus,rtlsim,tensor_geometry,oob,oob_g2s_outer75,tensor,g2s,u8,8,2,4096,4096,0,aligned128,contiguous,none,none,zero,none,direct,low,1,130,0,0,ok,tmau_hot_reuse,model_default,0x90000000,0x0,0x241165db24a501da,0x0,1,patch_descriptor_write,0,hot
Ventus,rtlsim,tensor_geometry,oob,oob_s2g_plain,tensor,s2g,u8,8,2,4096,4096,0,aligned128,contiguous,none,none,zero,none,direct,low,0,204,0,0,ok,tmau_cold_first_use_fresh_allocation,model_default,0x0,0x90004000,0x0,0xb491aebf05667b1a,0,patch_descriptor_write,0,cold
Ventus,rtlsim,tensor_geometry,oob,oob_s2g_plain,tensor,s2g,u8,8,2,4096,4096,0,aligned128,contiguous,none,none,zero,none,direct,low,1,186,0,0,ok,tmau_hot_reuse,model_default,0x0,0x90004000,0x0,0xb491aebf05667b1a,1,patch_descriptor_write,0,hot
Ventus,rtlsim,tensor_geometry,oob,oob_s2g_right25,tensor,s2g,u8,8,2,4096,4096,0,aligned128,contiguous,none,none,zero,none,direct,low,0,204,0,0,ok,tmau_cold_first_use_fresh_allocation,model_default,0x0,0x90004000,0x0,0xb491aebf05667b1a,0,patch_descriptor_write,0,cold
Ventus,rtlsim,tensor_geometry,oob,oob_s2g_right25,tensor,s2g,u8,8,2,4096,4096,0,aligned128,contiguous,none,none,zero,none,direct,low,1,186,0,0,ok,tmau_hot_reuse,model_default,0x0,0x90004000,0x0,0xb491aebf05667b1a,1,patch_descriptor_write,0,hot
Ventus,rtlsim,tensor_geometry,oob,oob_s2g_outer75,tensor,s2g,u8,8,2,4096,4096,0,aligned128,contiguous,none,none,zero,none,direct,low,0,134,0,0,ok,tmau_cold_first_use_fresh_allocation,model_default,0x0,0x90004000,0x0,0xb491aebf05667b1a,0,patch_descriptor_write,0,cold
Ventus,rtlsim,tensor_geometry,oob,oob_s2g_outer75,tensor,s2g,u8,8,2,4096,4096,0,aligned128,contiguous,none,none,zero,none,direct,low,1,125,0,0,ok,tmau_hot_reuse,model_default,0x0,0x90004000,0x0,0xb491aebf05667b1a,1,patch_descriptor_write,0,hot
Ventus,rtlsim,dtype,dtype,dtype_g2s_u8_b128,tensor,g2s,u8,8,2,128,128,0,aligned128,contiguous,none,none,zero,none,direct,low,0,136,0,0,ok,tmau_cold_first_use_fresh_allocation,model_default,0x90000000,0x0,0xe5b8977f84ff7c6a,0x0,0,patch_descriptor_write,0,cold
Ventus,rtlsim,dtype,dtype,dtype_g2s_u8_b128,tensor,g2s,u8,8,2,128,128,0,aligned128,contiguous,none,none,zero,none,direct,low,1,100,0,0,ok,tmau_hot_reuse,model_default,0x90000000,0x0,0xe5b8977f84ff7c6a,0x0,1,patch_descriptor_write,0,hot
Ventus,rtlsim,dtype,dtype,dtype_g2s_u16_b128,tensor,g2s,u16,16,2,128,128,0,aligned128,contiguous,none,none,zero,none,direct,low,0,136,0,0,ok,tmau_cold_first_use_fresh_allocation,model_default,0x90000000,0x0,0x5280d475506c2ffb,0x0,0,patch_descriptor_write,0,cold
Ventus,rtlsim,dtype,dtype,dtype_g2s_u16_b128,tensor,g2s,u16,16,2,128,128,0,aligned128,contiguous,none,none,zero,none,direct,low,1,100,0,0,ok,tmau_hot_reuse,model_default,0x90000000,0x0,0x5280d475506c2ffb,0x0,1,patch_descriptor_write,0,hot
Ventus,rtlsim,dtype,dtype,dtype_g2s_u32_b128,tensor,g2s,u32,32,2,128,128,0,aligned128,contiguous,none,none,zero,none,direct,low,0,136,0,0,ok,tmau_cold_first_use_fresh_allocation,model_default,0x90000000,0x0,0xa6a39376e27f8e8,0x0,0,patch_descriptor_write,0,cold
Ventus,rtlsim,dtype,dtype,dtype_g2s_u32_b128,tensor,g2s,u32,32,2,128,128,0,aligned128,contiguous,none,none,zero,none,direct,low,1,100,0,0,ok,tmau_hot_reuse,model_default,0x90000000,0x0,0xa6a39376e27f8e8,0x0,1,patch_descriptor_write,0,hot
Ventus,rtlsim,dtype,dtype,dtype_g2s_s32_b128,tensor,g2s,s32,32,2,128,128,0,aligned128,contiguous,none,none,zero,none,direct,low,0,136,0,0,ok,tmau_cold_first_use_fresh_allocation,model_default,0x90000000,0x0,0xe2ff0893dd56f559,0x0,0,patch_descriptor_write,0,cold
Ventus,rtlsim,dtype,dtype,dtype_g2s_s32_b128,tensor,g2s,s32,32,2,128,128,0,aligned128,contiguous,none,none,zero,none,direct,low,1,100,0,0,ok,tmau_hot_reuse,model_default,0x90000000,0x0,0xe2ff0893dd56f559,0x0,1,patch_descriptor_write,0,hot
Ventus,rtlsim,dtype,dtype,dtype_g2s_u64_b128,tensor,g2s,u64,64,2,128,128,0,aligned128,contiguous,none,none,zero,none,direct,low,0,136,0,0,ok,tmau_cold_first_use_fresh_allocation,model_default,0x90000000,0x0,0x22bf457c2a4ac9ee,0x0,0,patch_descriptor_write,0,cold
Ventus,rtlsim,dtype,dtype,dtype_g2s_u64_b128,tensor,g2s,u64,64,2,128,128,0,aligned128,contiguous,none,none,zero,none,direct,low,1,100,0,0,ok,tmau_hot_reuse,model_default,0x90000000,0x0,0x22bf457c2a4ac9ee,0x0,1,patch_descriptor_write,0,hot
Ventus,rtlsim,dtype,dtype,dtype_g2s_s64_b128,tensor,g2s,s64,64,2,128,128,0,aligned128,contiguous,none,none,zero,none,direct,low,0,136,0,0,ok,tmau_cold_first_use_fresh_allocation,model_default,0x90000000,0x0,0x3c113718f298a17f,0x0,0,patch_descriptor_write,0,cold
Ventus,rtlsim,dtype,dtype,dtype_g2s_s64_b128,tensor,g2s,s64,64,2,128,128,0,aligned128,contiguous,none,none,zero,none,direct,low,1,100,0,0,ok,tmau_hot_reuse,model_default,0x90000000,0x0,0x3c113718f298a17f,0x0,1,patch_descriptor_write,0,hot
Ventus,rtlsim,dtype,dtype,dtype_g2s_f16_b128,tensor,g2s,f16,16,2,128,128,0,aligned128,contiguous,none,none,zero,none,direct,low,0,136,0,0,ok,tmau_cold_first_use_fresh_allocation,model_default,0x90000000,0x0,0xabd8f143e5a1a0ac,0x0,0,patch_descriptor_write,0,cold
Ventus,rtlsim,dtype,dtype,dtype_g2s_f16_b128,tensor,g2s,f16,16,2,128,128,0,aligned128,contiguous,none,none,zero,none,direct,low,1,100,0,0,ok,tmau_hot_reuse,model_default,0x90000000,0x0,0xabd8f143e5a1a0ac,0x0,1,patch_descriptor_write,0,hot
Ventus,rtlsim,dtype,dtype,dtype_g2s_f32_b128,tensor,g2s,f32,32,2,128,128,0,aligned128,contiguous,none,none,zero,none,direct,low,0,136,0,0,ok,tmau_cold_first_use_fresh_allocation,model_default,0x90000000,0x0,0x290d8f48bc980afd,0x0,0,patch_descriptor_write,0,cold
Ventus,rtlsim,dtype,dtype,dtype_g2s_f32_b128,tensor,g2s,f32,32,2,128,128,0,aligned128,contiguous,none,none,zero,none,direct,low,1,100,0,0,ok,tmau_hot_reuse,model_default,0x90000000,0x0,0x290d8f48bc980afd,0x0,1,patch_descriptor_write,0,hot
Ventus,rtlsim,dtype,dtype,dtype_g2s_f32_ftz_b128,tensor,g2s,f32_ftz,32,2,128,128,0,aligned128,contiguous,none,none,zero,none,direct,low,0,136,0,0,ok,tmau_cold_first_use_fresh_allocation,model_default,0x90000000,0x0,0x1964f36f3f7140e2,0x0,0,patch_descriptor_write,0,cold
Ventus,rtlsim,dtype,dtype,dtype_g2s_f32_ftz_b128,tensor,g2s,f32_ftz,32,2,128,128,0,aligned128,contiguous,none,none,zero,none,direct,low,1,100,0,0,ok,tmau_hot_reuse,model_default,0x90000000,0x0,0x1964f36f3f7140e2,0x0,1,patch_descriptor_write,0,hot
Ventus,rtlsim,dtype,dtype,dtype_g2s_f64_b128,tensor,g2s,f64,64,2,128,128,0,aligned128,contiguous,none,none,zero,none,direct,low,0,136,0,0,ok,tmau_cold_first_use_fresh_allocation,model_default,0x90000000,0x0,0x890ea7c593edd433,0x0,0,patch_descriptor_write,0,cold
Ventus,rtlsim,dtype,dtype,dtype_g2s_f64_b128,tensor,g2s,f64,64,2,128,128,0,aligned128,contiguous,none,none,zero,none,direct,low,1,100,0,0,ok,tmau_hot_reuse,model_default,0x90000000,0x0,0x890ea7c593edd433,0x0,1,patch_descriptor_write,0,hot
Ventus,rtlsim,dtype,dtype,dtype_g2s_bf16_b128,tensor,g2s,bf16,16,2,128,128,0,aligned128,contiguous,none,none,zero,none,direct,low,0,136,0,0,ok,tmau_cold_first_use_fresh_allocation,model_default,0x90000000,0x0,0xbf6e3e1fe5c5c2e0,0x0,0,patch_descriptor_write,0,cold
Ventus,rtlsim,dtype,dtype,dtype_g2s_bf16_b128,tensor,g2s,bf16,16,2,128,128,0,aligned128,contiguous,none,none,zero,none,direct,low,1,100,0,0,ok,tmau_hot_reuse,model_default,0x90000000,0x0,0xbf6e3e1fe5c5c2e0,0x0,1,patch_descriptor_write,0,hot
Ventus,rtlsim,dtype,dtype,dtype_g2s_tf32_b128,tensor,g2s,tf32,32,2,128,128,0,aligned128,contiguous,none,none,zero,none,direct,low,0,136,0,0,ok,tmau_cold_first_use_fresh_allocation,model_default,0x90000000,0x0,0xf974fa714b6ce0b1,0x0,0,patch_descriptor_write,0,cold
Ventus,rtlsim,dtype,dtype,dtype_g2s_tf32_b128,tensor,g2s,tf32,32,2,128,128,0,aligned128,contiguous,none,none,zero,none,direct,low,1,100,0,0,ok,tmau_hot_reuse,model_default,0x90000000,0x0,0xf974fa714b6ce0b1,0x0,1,patch_descriptor_write,0,hot
Ventus,rtlsim,dtype,dtype,dtype_g2s_tf32_ftz_b128,tensor,g2s,tf32_ftz,32,2,128,128,0,aligned128,contiguous,none,none,zero,none,direct,low,0,136,0,0,ok,tmau_cold_first_use_fresh_allocation,model_default,0x90000000,0x0,0x22d8d0be8933f0e6,0x0,0,patch_descriptor_write,0,cold
Ventus,rtlsim,dtype,dtype,dtype_g2s_tf32_ftz_b128,tensor,g2s,tf32_ftz,32,2,128,128,0,aligned128,contiguous,none,none,zero,none,direct,low,1,100,0,0,ok,tmau_hot_reuse,model_default,0x90000000,0x0,0x22d8d0be8933f0e6,0x0,1,patch_descriptor_write,0,hot
Ventus,rtlsim,dtype,dtype,dtype_g2s_u8_b4096,tensor,g2s,u8,8,2,4096,4096,0,aligned128,contiguous,none,none,zero,none,direct,low,0,210,0,0,ok,tmau_cold_first_use_fresh_allocation,model_default,0x90000000,0x0,0x241165db24a501da,0x0,0,patch_descriptor_write,0,cold
Ventus,rtlsim,dtype,dtype,dtype_g2s_u8_b4096,tensor,g2s,u8,8,2,4096,4096,0,aligned128,contiguous,none,none,zero,none,direct,low,1,162,0,0,ok,tmau_hot_reuse,model_default,0x90000000,0x0,0x241165db24a501da,0x0,1,patch_descriptor_write,0,hot
Ventus,rtlsim,dtype,dtype,dtype_g2s_u16_b4096,tensor,g2s,u16,16,2,4096,4096,0,aligned128,contiguous,none,none,zero,none,direct,low,0,210,0,0,ok,tmau_cold_first_use_fresh_allocation,model_default,0x90000000,0x0,0xd7828ed72cb6810b,0x0,0,patch_descriptor_write,0,cold
Ventus,rtlsim,dtype,dtype,dtype_g2s_u16_b4096,tensor,g2s,u16,16,2,4096,4096,0,aligned128,contiguous,none,none,zero,none,direct,low,1,162,0,0,ok,tmau_hot_reuse,model_default,0x90000000,0x0,0xd7828ed72cb6810b,0x0,1,patch_descriptor_write,0,hot
Ventus,rtlsim,dtype,dtype,dtype_g2s_u32_b4096,tensor,g2s,u32,32,2,4096,4096,0,aligned128,contiguous,none,none,zero,none,direct,low,0,210,0,0,ok,tmau_cold_first_use_fresh_allocation,model_default,0x90000000,0x0,0x25f7959fd1304b98,0x0,0,patch_descriptor_write,0,cold
Ventus,rtlsim,dtype,dtype,dtype_g2s_u32_b4096,tensor,g2s,u32,32,2,4096,4096,0,aligned128,contiguous,none,none,zero,none,direct,low,1,162,0,0,ok,tmau_hot_reuse,model_default,0x90000000,0x0,0x25f7959fd1304b98,0x0,1,patch_descriptor_write,0,hot
Ventus,rtlsim,dtype,dtype,dtype_g2s_s32_b4096,tensor,g2s,s32,32,2,4096,4096,0,aligned128,contiguous,none,none,zero,none,direct,low,0,210,0,0,ok,tmau_cold_first_use_fresh_allocation,model_default,0x90000000,0x0,0x55ee766f5ca216a9,0x0,0,patch_descriptor_write,0,cold
Ventus,rtlsim,dtype,dtype,dtype_g2s_s32_b4096,tensor,g2s,s32,32,2,4096,4096,0,aligned128,contiguous,none,none,zero,none,direct,low,1,162,0,0,ok,tmau_hot_reuse,model_default,0x90000000,0x0,0x55ee766f5ca216a9,0x0,1,patch_descriptor_write,0,hot
Ventus,rtlsim,dtype,dtype,dtype_g2s_u64_b4096,tensor,g2s,u64,64,2,4096,4096,0,aligned128,contiguous,none,none,zero,none,direct,low,0,210,0,0,ok,tmau_cold_first_use_fresh_allocation,model_default,0x90000000,0x0,0xd907b911c53b15e,0x0,0,patch_descriptor_write,0,cold
Ventus,rtlsim,dtype,dtype,dtype_g2s_u64_b4096,tensor,g2s,u64,64,2,4096,4096,0,aligned128,contiguous,none,none,zero,none,direct,low,1,162,0,0,ok,tmau_hot_reuse,model_default,0x90000000,0x0,0xd907b911c53b15e,0x0,1,patch_descriptor_write,0,hot
Ventus,rtlsim,dtype,dtype,dtype_g2s_s64_b4096,tensor,g2s,s64,64,2,4096,4096,0,aligned128,contiguous,none,none,zero,none,direct,low,0,210,0,0,ok,tmau_cold_first_use_fresh_allocation,model_default,0x90000000,0x0,0x7ff4c3e6503dab0f,0x0,0,patch_descriptor_write,0,cold
Ventus,rtlsim,dtype,dtype,dtype_g2s_s64_b4096,tensor,g2s,s64,64,2,4096,4096,0,aligned128,contiguous,none,none,zero,none,direct,low,1,162,0,0,ok,tmau_hot_reuse,model_default,0x90000000,0x0,0x7ff4c3e6503dab0f,0x0,1,patch_descriptor_write,0,hot
Ventus,rtlsim,dtype,dtype,dtype_g2s_f16_b4096,tensor,g2s,f16,16,2,4096,4096,0,aligned128,contiguous,none,none,zero,none,direct,low,0,210,0,0,ok,tmau_cold_first_use_fresh_allocation,model_default,0x90000000,0x0,0x8b26a6e4aa479dc,0x0,0,patch_descriptor_write,0,cold
Ventus,rtlsim,dtype,dtype,dtype_g2s_f16_b4096,tensor,g2s,f16,16,2,4096,4096,0,aligned128,contiguous,none,none,zero,none,direct,low,1,162,0,0,ok,tmau_hot_reuse,model_default,0x90000000,0x0,0x8b26a6e4aa479dc,0x0,1,patch_descriptor_write,0,hot
Ventus,rtlsim,dtype,dtype,dtype_g2s_f32_b4096,tensor,g2s,f32,32,2,4096,4096,0,aligned128,contiguous,none,none,zero,none,direct,low,0,210,0,0,ok,tmau_cold_first_use_fresh_allocation,model_default,0x90000000,0x0,0x3c34f5c2a93da94d,0x0,0,patch_descriptor_write,0,cold
Ventus,rtlsim,dtype,dtype,dtype_g2s_f32_b4096,tensor,g2s,f32,32,2,4096,4096,0,aligned128,contiguous,none,none,zero,none,direct,low,1,162,0,0,ok,tmau_hot_reuse,model_default,0x90000000,0x0,0x3c34f5c2a93da94d,0x0,1,patch_descriptor_write,0,hot
Ventus,rtlsim,dtype,dtype,dtype_g2s_f32_ftz_b4096,tensor,g2s,f32_ftz,32,2,4096,4096,0,aligned128,contiguous,none,none,zero,none,direct,low,0,210,0,0,ok,tmau_cold_first_use_fresh_allocation,model_default,0x90000000,0x0,0x46418b1b4cf6752,0x0,0,patch_descriptor_write,0,cold
Ventus,rtlsim,dtype,dtype,dtype_g2s_f32_ftz_b4096,tensor,g2s,f32_ftz,32,2,4096,4096,0,aligned128,contiguous,none,none,zero,none,direct,low,1,162,0,0,ok,tmau_hot_reuse,model_default,0x90000000,0x0,0x46418b1b4cf6752,0x0,1,patch_descriptor_write,0,hot
Ventus,rtlsim,dtype,dtype,dtype_g2s_f64_b4096,tensor,g2s,f64,64,2,4096,4096,0,aligned128,contiguous,none,none,zero,none,direct,low,0,210,0,0,ok,tmau_cold_first_use_fresh_allocation,model_default,0x90000000,0x0,0xccf23492f192ddc3,0x0,0,patch_descriptor_write,0,cold
Ventus,rtlsim,dtype,dtype,dtype_g2s_f64_b4096,tensor,g2s,f64,64,2,4096,4096,0,aligned128,contiguous,none,none,zero,none,direct,low,1,162,0,0,ok,tmau_hot_reuse,model_default,0x90000000,0x0,0xccf23492f192ddc3,0x0,1,patch_descriptor_write,0,hot
Ventus,rtlsim,dtype,dtype,dtype_g2s_bf16_b4096,tensor,g2s,bf16,16,2,4096,4096,0,aligned128,contiguous,none,none,zero,none,direct,low,0,210,0,0,ok,tmau_cold_first_use_fresh_allocation,model_default,0x90000000,0x0,0x79b13d0eea247e10,0x0,0,patch_descriptor_write,0,cold
Ventus,rtlsim,dtype,dtype,dtype_g2s_bf16_b4096,tensor,g2s,bf16,16,2,4096,4096,0,aligned128,contiguous,none,none,zero,none,direct,low,1,162,0,0,ok,tmau_hot_reuse,model_default,0x90000000,0x0,0x79b13d0eea247e10,0x0,1,patch_descriptor_write,0,hot
Ventus,rtlsim,dtype,dtype,dtype_g2s_tf32_b4096,tensor,g2s,tf32,32,2,4096,4096,0,aligned128,contiguous,none,none,zero,none,direct,low,0,210,0,0,ok,tmau_cold_first_use_fresh_allocation,model_default,0x90000000,0x0,0xc9c60eb38127f01,0x0,0,patch_descriptor_write,0,cold
Ventus,rtlsim,dtype,dtype,dtype_g2s_tf32_b4096,tensor,g2s,tf32,32,2,4096,4096,0,aligned128,contiguous,none,none,zero,none,direct,low,1,162,0,0,ok,tmau_hot_reuse,model_default,0x90000000,0x0,0xc9c60eb38127f01,0x0,1,patch_descriptor_write,0,hot
Ventus,rtlsim,dtype,dtype,dtype_g2s_tf32_ftz_b4096,tensor,g2s,tf32_ftz,32,2,4096,4096,0,aligned128,contiguous,none,none,zero,none,direct,low,0,210,0,0,ok,tmau_cold_first_use_fresh_allocation,model_default,0x90000000,0x0,0xdf23331eaee42656,0x0,0,patch_descriptor_write,0,cold
Ventus,rtlsim,dtype,dtype,dtype_g2s_tf32_ftz_b4096,tensor,g2s,tf32_ftz,32,2,4096,4096,0,aligned128,contiguous,none,none,zero,none,direct,low,1,162,0,0,ok,tmau_hot_reuse,model_default,0x90000000,0x0,0xdf23331eaee42656,0x0,1,patch_descriptor_write,0,hot
Ventus,rtlsim,dtype,dtype,dtype_s2g_u8_b128,tensor,s2g,u8,8,2,128,128,0,aligned128,contiguous,none,none,zero,none,direct,low,0,109,0,0,ok,tmau_cold_first_use_fresh_allocation,model_default,0x0,0x90003000,0x0,0xb977a03c865cccba,0,patch_descriptor_write,0,cold
Ventus,rtlsim,dtype,dtype,dtype_s2g_u8_b128,tensor,s2g,u8,8,2,128,128,0,aligned128,contiguous,none,none,zero,none,direct,low,1,82,0,0,ok,tmau_hot_reuse,model_default,0x0,0x90003000,0x0,0xb977a03c865cccba,1,patch_descriptor_write,0,hot
Ventus,rtlsim,dtype,dtype,dtype_s2g_u16_b128,tensor,s2g,u16,16,2,128,128,0,aligned128,contiguous,none,none,zero,none,direct,low,0,109,0,0,ok,tmau_cold_first_use_fresh_allocation,model_default,0x0,0x90003000,0x0,0xacb59d462e0d76b,0,patch_descriptor_write,0,cold
Ventus,rtlsim,dtype,dtype,dtype_s2g_u16_b128,tensor,s2g,u16,16,2,128,128,0,aligned128,contiguous,none,none,zero,none,direct,low,1,82,0,0,ok,tmau_hot_reuse,model_default,0x0,0x90003000,0x0,0xacb59d462e0d76b,1,patch_descriptor_write,0,hot
Ventus,rtlsim,dtype,dtype,dtype_s2g_u32_b128,tensor,s2g,u32,32,2,128,128,0,aligned128,contiguous,none,none,zero,none,direct,low,0,109,0,0,ok,tmau_cold_first_use_fresh_allocation,model_default,0x0,0x90003000,0x0,0x455c9ecb17862cf8,0,patch_descriptor_write,0,cold
Ventus,rtlsim,dtype,dtype,dtype_s2g_u32_b128,tensor,s2g,u32,32,2,128,128,0,aligned128,contiguous,none,none,zero,none,direct,low,1,82,0,0,ok,tmau_hot_reuse,model_default,0x0,0x90003000,0x0,0x455c9ecb17862cf8,1,patch_descriptor_write,0,hot
Ventus,rtlsim,dtype,dtype,dtype_s2g_s32_b128,tensor,s2g,s32,32,2,128,128,0,aligned128,contiguous,none,none,zero,none,direct,low,0,109,0,0,ok,tmau_cold_first_use_fresh_allocation,model_default,0x0,0x90003000,0x0,0x8ae38c95cfc89b29,0,patch_descriptor_write,0,cold
Ventus,rtlsim,dtype,dtype,dtype_s2g_s32_b128,tensor,s2g,s32,32,2,128,128,0,aligned128,contiguous,none,none,zero,none,direct,low,1,82,0,0,ok,tmau_hot_reuse,model_default,0x0,0x90003000,0x0,0x8ae38c95cfc89b29,1,patch_descriptor_write,0,hot
Ventus,rtlsim,dtype,dtype,dtype_s2g_u64_b128,tensor,s2g,u64,64,2,128,128,0,aligned128,contiguous,none,none,zero,none,direct,low,0,109,0,0,ok,tmau_cold_first_use_fresh_allocation,model_default,0x0,0x90003000,0x0,0xb957ae1ffa44231e,0,patch_descriptor_write,0,cold
Ventus,rtlsim,dtype,dtype,dtype_s2g_u64_b128,tensor,s2g,u64,64,2,128,128,0,aligned128,contiguous,none,none,zero,none,direct,low,1,82,0,0,ok,tmau_hot_reuse,model_default,0x0,0x90003000,0x0,0xb957ae1ffa44231e,1,patch_descriptor_write,0,hot
Ventus,rtlsim,dtype,dtype,dtype_s2g_s64_b128,tensor,s2g,s64,64,2,128,128,0,aligned128,contiguous,none,none,zero,none,direct,low,0,109,0,0,ok,tmau_cold_first_use_fresh_allocation,model_default,0x0,0x90003000,0x0,0xc9e5f4c9ac50c7ef,0,patch_descriptor_write,0,cold
Ventus,rtlsim,dtype,dtype,dtype_s2g_s64_b128,tensor,s2g,s64,64,2,128,128,0,aligned128,contiguous,none,none,zero,none,direct,low,1,82,0,0,ok,tmau_hot_reuse,model_default,0x0,0x90003000,0x0,0xc9e5f4c9ac50c7ef,1,patch_descriptor_write,0,hot
Ventus,rtlsim,dtype,dtype,dtype_s2g_f16_b128,tensor,s2g,f16,16,2,128,128,0,aligned128,contiguous,none,none,zero,none,direct,low,0,109,0,0,ok,tmau_cold_first_use_fresh_allocation,model_default,0x0,0x90003000,0x0,0x579c03ac5834b11c,0,patch_descriptor_write,0,cold
Ventus,rtlsim,dtype,dtype,dtype_s2g_f16_b128,tensor,s2g,f16,16,2,128,128,0,aligned128,contiguous,none,none,zero,none,direct,low,1,82,0,0,ok,tmau_hot_reuse,model_default,0x0,0x90003000,0x0,0x579c03ac5834b11c,1,patch_descriptor_write,0,hot
Ventus,rtlsim,dtype,dtype,dtype_s2g_f32_b128,tensor,s2g,f32,32,2,128,128,0,aligned128,contiguous,none,none,zero,none,direct,low,0,109,0,0,ok,tmau_cold_first_use_fresh_allocation,model_default,0x0,0x90003000,0x0,0x7eeded76d2d7336d,0,patch_descriptor_write,0,cold
Ventus,rtlsim,dtype,dtype,dtype_s2g_f32_b128,tensor,s2g,f32,32,2,128,128,0,aligned128,contiguous,none,none,zero,none,direct,low,1,82,0,0,ok,tmau_hot_reuse,model_default,0x0,0x90003000,0x0,0x7eeded76d2d7336d,1,patch_descriptor_write,0,hot
Ventus,rtlsim,dtype,dtype,dtype_s2g_f32_ftz_b128,tensor,s2g,f32_ftz,32,2,128,128,0,aligned128,contiguous,none,none,zero,none,direct,low,0,109,0,0,ok,tmau_cold_first_use_fresh_allocation,model_default,0x0,0x90003000,0x0,0x6380d67e02c75792,0,patch_descriptor_write,0,cold
Ventus,rtlsim,dtype,dtype,dtype_s2g_f32_ftz_b128,tensor,s2g,f32_ftz,32,2,128,128,0,aligned128,contiguous,none,none,zero,none,direct,low,1,82,0,0,ok,tmau_hot_reuse,model_default,0x0,0x90003000,0x0,0x6380d67e02c75792,1,patch_descriptor_write,0,hot
Ventus,rtlsim,dtype,dtype,dtype_s2g_f64_b128,tensor,s2g,f64,64,2,128,128,0,aligned128,contiguous,none,none,zero,none,direct,low,0,109,0,0,ok,tmau_cold_first_use_fresh_allocation,model_default,0x0,0x90003000,0x0,0x24979690dbd0f923,0,patch_descriptor_write,0,cold
Ventus,rtlsim,dtype,dtype,dtype_s2g_f64_b128,tensor,s2g,f64,64,2,128,128,0,aligned128,contiguous,none,none,zero,none,direct,low,1,82,0,0,ok,tmau_hot_reuse,model_default,0x0,0x90003000,0x0,0x24979690dbd0f923,1,patch_descriptor_write,0,hot
Ventus,rtlsim,dtype,dtype,dtype_s2g_bf16_b128,tensor,s2g,bf16,16,2,128,128,0,aligned128,contiguous,none,none,zero,none,direct,low,0,109,0,0,ok,tmau_cold_first_use_fresh_allocation,model_default,0x0,0x90003000,0x0,0x616b92a5883a9750,0,patch_descriptor_write,0,cold
Ventus,rtlsim,dtype,dtype,dtype_s2g_bf16_b128,tensor,s2g,bf16,16,2,128,128,0,aligned128,contiguous,none,none,zero,none,direct,low,1,82,0,0,ok,tmau_hot_reuse,model_default,0x0,0x90003000,0x0,0x616b92a5883a9750,1,patch_descriptor_write,0,hot
Ventus,rtlsim,dtype,dtype,dtype_s2g_tf32_b128,tensor,s2g,tf32,32,2,128,128,0,aligned128,contiguous,none,none,zero,none,direct,low,0,109,0,0,ok,tmau_cold_first_use_fresh_allocation,model_default,0x0,0x90003000,0x0,0x3acd328cf881c4a1,0,patch_descriptor_write,0,cold
Ventus,rtlsim,dtype,dtype,dtype_s2g_tf32_b128,tensor,s2g,tf32,32,2,128,128,0,aligned128,contiguous,none,none,zero,none,direct,low,1,82,0,0,ok,tmau_hot_reuse,model_default,0x0,0x90003000,0x0,0x3acd328cf881c4a1,1,patch_descriptor_write,0,hot
Ventus,rtlsim,dtype,dtype,dtype_s2g_tf32_ftz_b128,tensor,s2g,tf32_ftz,32,2,128,128,0,aligned128,contiguous,none,none,zero,none,direct,low,0,109,0,0,ok,tmau_cold_first_use_fresh_allocation,model_default,0x0,0x90003000,0x0,0x1fa646b8ef750036,0,patch_descriptor_write,0,cold
Ventus,rtlsim,dtype,dtype,dtype_s2g_tf32_ftz_b128,tensor,s2g,tf32_ftz,32,2,128,128,0,aligned128,contiguous,none,none,zero,none,direct,low,1,82,0,0,ok,tmau_hot_reuse,model_default,0x0,0x90003000,0x0,0x1fa646b8ef750036,1,patch_descriptor_write,0,hot
Ventus,rtlsim,dtype,dtype,dtype_s2g_u8_b4096,tensor,s2g,u8,8,2,4096,4096,0,aligned128,contiguous,none,none,zero,none,direct,low,0,204,0,0,ok,tmau_cold_first_use_fresh_allocation,model_default,0x0,0x90004000,0x0,0xb491aebf05667b1a,0,patch_descriptor_write,0,cold
Ventus,rtlsim,dtype,dtype,dtype_s2g_u8_b4096,tensor,s2g,u8,8,2,4096,4096,0,aligned128,contiguous,none,none,zero,none,direct,low,1,186,0,0,ok,tmau_hot_reuse,model_default,0x0,0x90004000,0x0,0xb491aebf05667b1a,1,patch_descriptor_write,0,hot
Ventus,rtlsim,dtype,dtype,dtype_s2g_u16_b4096,tensor,s2g,u16,16,2,4096,4096,0,aligned128,contiguous,none,none,zero,none,direct,low,0,204,0,0,ok,tmau_cold_first_use_fresh_allocation,model_default,0x0,0x90004000,0x0,0x31980b14e055d24b,0,patch_descriptor_write,0,cold
Ventus,rtlsim,dtype,dtype,dtype_s2g_u16_b4096,tensor,s2g,u16,16,2,4096,4096,0,aligned128,contiguous,none,none,zero,none,direct,low,1,186,0,0,ok,tmau_hot_reuse,model_default,0x0,0x90004000,0x0,0x31980b14e055d24b,1,patch_descriptor_write,0,hot
Ventus,rtlsim,dtype,dtype,dtype_s2g_u32_b4096,tensor,s2g,u32,32,2,4096,4096,0,aligned128,contiguous,none,none,zero,none,direct,low,0,204,0,0,ok,tmau_cold_first_use_fresh_allocation,model_default,0x0,0x90004000,0x0,0xe3588f5db3413e58,0,patch_descriptor_write,0,cold
Ventus,rtlsim,dtype,dtype,dtype_s2g_u32_b4096,tensor,s2g,u32,32,2,4096,4096,0,aligned128,contiguous,none,none,zero,none,direct,low,1,186,0,0,ok,tmau_hot_reuse,model_default,0x0,0x90004000,0x0,0xe3588f5db3413e58,1,patch_descriptor_write,0,hot
Ventus,rtlsim,dtype,dtype,dtype_s2g_s32_b4096,tensor,s2g,s32,32,2,4096,4096,0,aligned128,contiguous,none,none,zero,none,direct,low,0,204,0,0,ok,tmau_cold_first_use_fresh_allocation,model_default,0x0,0x90004000,0x0,0x345001f50035fbe9,0,patch_descriptor_write,0,cold
Ventus,rtlsim,dtype,dtype,dtype_s2g_s32_b4096,tensor,s2g,s32,32,2,4096,4096,0,aligned128,contiguous,none,none,zero,none,direct,low,1,186,0,0,ok,tmau_hot_reuse,model_default,0x0,0x90004000,0x0,0x345001f50035fbe9,1,patch_descriptor_write,0,hot
Ventus,rtlsim,dtype,dtype,dtype_s2g_u64_b4096,tensor,s2g,u64,64,2,4096,4096,0,aligned128,contiguous,none,none,zero,none,direct,low,0,204,0,0,ok,tmau_cold_first_use_fresh_allocation,model_default,0x0,0x90004000,0x0,0xf2c5fc0e9ae6dc9e,0,patch_descriptor_write,0,cold
Ventus,rtlsim,dtype,dtype,dtype_s2g_u64_b4096,tensor,s2g,u64,64,2,4096,4096,0,aligned128,contiguous,none,none,zero,none,direct,low,1,186,0,0,ok,tmau_hot_reuse,model_default,0x0,0x90004000,0x0,0xf2c5fc0e9ae6dc9e,1,patch_descriptor_write,0,hot
Ventus,rtlsim,dtype,dtype,dtype_s2g_s64_b4096,tensor,s2g,s64,64,2,4096,4096,0,aligned128,contiguous,none,none,zero,none,direct,low,0,204,0,0,ok,tmau_cold_first_use_fresh_allocation,model_default,0x0,0x90004000,0x0,0x3f29cfac80ad154f,0,patch_descriptor_write,0,cold
Ventus,rtlsim,dtype,dtype,dtype_s2g_s64_b4096,tensor,s2g,s64,64,2,4096,4096,0,aligned128,contiguous,none,none,zero,none,direct,low,1,186,0,0,ok,tmau_hot_reuse,model_default,0x0,0x90004000,0x0,0x3f29cfac80ad154f,1,patch_descriptor_write,0,hot
Ventus,rtlsim,dtype,dtype,dtype_s2g_f16_b4096,tensor,s2g,f16,16,2,4096,4096,0,aligned128,contiguous,none,none,zero,none,direct,low,0,204,0,0,ok,tmau_cold_first_use_fresh_allocation,model_default,0x0,0x90004000,0x0,0xde7f5065d6e82d9c,0,patch_descriptor_write,0,cold
Ventus,rtlsim,dtype,dtype,dtype_s2g_f16_b4096,tensor,s2g,f16,16,2,4096,4096,0,aligned128,contiguous,none,none,zero,none,direct,low,1,186,0,0,ok,tmau_hot_reuse,model_default,0x0,0x90004000,0x0,0xde7f5065d6e82d9c,1,patch_descriptor_write,0,hot
Ventus,rtlsim,dtype,dtype,dtype_s2g_f32_b4096,tensor,s2g,f32,32,2,4096,4096,0,aligned128,contiguous,none,none,zero,none,direct,low,0,204,0,0,ok,tmau_cold_first_use_fresh_allocation,model_default,0x0,0x90004000,0x0,0x7cffe9fc78ce3f0d,0,patch_descriptor_write,0,cold
Ventus,rtlsim,dtype,dtype,dtype_s2g_f32_b4096,tensor,s2g,f32,32,2,4096,4096,0,aligned128,contiguous,none,none,zero,none,direct,low,1,186,0,0,ok,tmau_hot_reuse,model_default,0x0,0x90004000,0x0,0x7cffe9fc78ce3f0d,1,patch_descriptor_write,0,hot
Ventus,rtlsim,dtype,dtype,dtype_s2g_f32_ftz_b4096,tensor,s2g,f32_ftz,32,2,4096,4096,0,aligned128,contiguous,none,none,zero,none,direct,low,0,204,0,0,ok,tmau_cold_first_use_fresh_allocation,model_default,0x0,0x90004000,0x0,0x94e461959590e092,0,patch_descriptor_write,0,cold
Ventus,rtlsim,dtype,dtype,dtype_s2g_f32_ftz_b4096,tensor,s2g,f32_ftz,32,2,4096,4096,0,aligned128,contiguous,none,none,zero,none,direct,low,1,186,0,0,ok,tmau_hot_reuse,model_default,0x0,0x90004000,0x0,0x94e461959590e092,1,patch_descriptor_write,0,hot
Ventus,rtlsim,dtype,dtype,dtype_s2g_f64_b4096,tensor,s2g,f64,64,2,4096,4096,0,aligned128,contiguous,none,none,zero,none,direct,low,0,204,0,0,ok,tmau_cold_first_use_fresh_allocation,model_default,0x0,0x90004000,0x0,0x3c71ebaf10d16483,0,patch_descriptor_write,0,cold
Ventus,rtlsim,dtype,dtype,dtype_s2g_f64_b4096,tensor,s2g,f64,64,2,4096,4096,0,aligned128,contiguous,none,none,zero,none,direct,low,1,186,0,0,ok,tmau_hot_reuse,model_default,0x0,0x90004000,0x0,0x3c71ebaf10d16483,1,patch_descriptor_write,0,hot
Ventus,rtlsim,dtype,dtype,dtype_s2g_bf16_b4096,tensor,s2g,bf16,16,2,4096,4096,0,aligned128,contiguous,none,none,zero,none,direct,low,0,204,0,0,ok,tmau_cold_first_use_fresh_allocation,model_default,0x0,0x90004000,0x0,0x841164a28c92ebd0,0,patch_descriptor_write,0,cold
Ventus,rtlsim,dtype,dtype,dtype_s2g_bf16_b4096,tensor,s2g,bf16,16,2,4096,4096,0,aligned128,contiguous,none,none,zero,none,direct,low,1,186,0,0,ok,tmau_hot_reuse,model_default,0x0,0x90004000,0x0,0x841164a28c92ebd0,1,patch_descriptor_write,0,hot
Ventus,rtlsim,dtype,dtype,dtype_s2g_tf32_b4096,tensor,s2g,tf32,32,2,4096,4096,0,aligned128,contiguous,none,none,zero,none,direct,low,0,204,0,0,ok,tmau_cold_first_use_fresh_allocation,model_default,0x0,0x90004000,0x0,0x9d1ca9cf18d3f841,0,patch_descriptor_write,0,cold
Ventus,rtlsim,dtype,dtype,dtype_s2g_tf32_b4096,tensor,s2g,tf32,32,2,4096,4096,0,aligned128,contiguous,none,none,zero,none,direct,low,1,186,0,0,ok,tmau_hot_reuse,model_default,0x0,0x90004000,0x0,0x9d1ca9cf18d3f841,1,patch_descriptor_write,0,hot
Ventus,rtlsim,dtype,dtype,dtype_s2g_tf32_ftz_b4096,tensor,s2g,tf32_ftz,32,2,4096,4096,0,aligned128,contiguous,none,none,zero,none,direct,low,0,204,0,0,ok,tmau_cold_first_use_fresh_allocation,model_default,0x0,0x90004000,0x0,0x21c23960ccd33396,0,patch_descriptor_write,0,cold
Ventus,rtlsim,dtype,dtype,dtype_s2g_tf32_ftz_b4096,tensor,s2g,tf32_ftz,32,2,4096,4096,0,aligned128,contiguous,none,none,zero,none,direct,low,1,186,0,0,ok,tmau_hot_reuse,model_default,0x0,0x90004000,0x0,0x21c23960ccd33396,1,patch_descriptor_write,0,hot
Ventus,rtlsim,dtype,dtype,dtype_roundtrip_u8_b128,tensor,roundtrip,u8,8,2,128,128,0,aligned128,contiguous,none,none,zero,none,direct,low,0,229,0,0,ok,tmau_cold_first_use_fresh_allocation,model_default,0x90000000,0x90003000,0xe5b8977f84ff7c6a,0xb977a03c865cccba,0,patch_descriptor_write,0,cold
Ventus,rtlsim,dtype,dtype,dtype_roundtrip_u8_b128,tensor,roundtrip,u8,8,2,128,128,0,aligned128,contiguous,none,none,zero,none,direct,low,1,165,0,0,ok,tmau_hot_reuse,model_default,0x90000000,0x90003000,0xe5b8977f84ff7c6a,0xb977a03c865cccba,1,patch_descriptor_write,0,hot
Ventus,rtlsim,dtype,dtype,dtype_roundtrip_u16_b128,tensor,roundtrip,u16,16,2,128,128,0,aligned128,contiguous,none,none,zero,none,direct,low,0,229,0,0,ok,tmau_cold_first_use_fresh_allocation,model_default,0x90000000,0x90003000,0x5280d475506c2ffb,0xacb59d462e0d76b,0,patch_descriptor_write,0,cold
Ventus,rtlsim,dtype,dtype,dtype_roundtrip_u16_b128,tensor,roundtrip,u16,16,2,128,128,0,aligned128,contiguous,none,none,zero,none,direct,low,1,165,0,0,ok,tmau_hot_reuse,model_default,0x90000000,0x90003000,0x5280d475506c2ffb,0xacb59d462e0d76b,1,patch_descriptor_write,0,hot
Ventus,rtlsim,dtype,dtype,dtype_roundtrip_u32_b128,tensor,roundtrip,u32,32,2,128,128,0,aligned128,contiguous,none,none,zero,none,direct,low,0,229,0,0,ok,tmau_cold_first_use_fresh_allocation,model_default,0x90000000,0x90003000,0xa6a39376e27f8e8,0x455c9ecb17862cf8,0,patch_descriptor_write,0,cold
Ventus,rtlsim,dtype,dtype,dtype_roundtrip_u32_b128,tensor,roundtrip,u32,32,2,128,128,0,aligned128,contiguous,none,none,zero,none,direct,low,1,165,0,0,ok,tmau_hot_reuse,model_default,0x90000000,0x90003000,0xa6a39376e27f8e8,0x455c9ecb17862cf8,1,patch_descriptor_write,0,hot
Ventus,rtlsim,dtype,dtype,dtype_roundtrip_s32_b128,tensor,roundtrip,s32,32,2,128,128,0,aligned128,contiguous,none,none,zero,none,direct,low,0,229,0,0,ok,tmau_cold_first_use_fresh_allocation,model_default,0x90000000,0x90003000,0xe2ff0893dd56f559,0x8ae38c95cfc89b29,0,patch_descriptor_write,0,cold
Ventus,rtlsim,dtype,dtype,dtype_roundtrip_s32_b128,tensor,roundtrip,s32,32,2,128,128,0,aligned128,contiguous,none,none,zero,none,direct,low,1,165,0,0,ok,tmau_hot_reuse,model_default,0x90000000,0x90003000,0xe2ff0893dd56f559,0x8ae38c95cfc89b29,1,patch_descriptor_write,0,hot
Ventus,rtlsim,dtype,dtype,dtype_roundtrip_u64_b128,tensor,roundtrip,u64,64,2,128,128,0,aligned128,contiguous,none,none,zero,none,direct,low,0,229,0,0,ok,tmau_cold_first_use_fresh_allocation,model_default,0x90000000,0x90003000,0x22bf457c2a4ac9ee,0xb957ae1ffa44231e,0,patch_descriptor_write,0,cold
Ventus,rtlsim,dtype,dtype,dtype_roundtrip_u64_b128,tensor,roundtrip,u64,64,2,128,128,0,aligned128,contiguous,none,none,zero,none,direct,low,1,165,0,0,ok,tmau_hot_reuse,model_default,0x90000000,0x90003000,0x22bf457c2a4ac9ee,0xb957ae1ffa44231e,1,patch_descriptor_write,0,hot
Ventus,rtlsim,dtype,dtype,dtype_roundtrip_s64_b128,tensor,roundtrip,s64,64,2,128,128,0,aligned128,contiguous,none,none,zero,none,direct,low,0,229,0,0,ok,tmau_cold_first_use_fresh_allocation,model_default,0x90000000,0x90003000,0x3c113718f298a17f,0xc9e5f4c9ac50c7ef,0,patch_descriptor_write,0,cold
Ventus,rtlsim,dtype,dtype,dtype_roundtrip_s64_b128,tensor,roundtrip,s64,64,2,128,128,0,aligned128,contiguous,none,none,zero,none,direct,low,1,165,0,0,ok,tmau_hot_reuse,model_default,0x90000000,0x90003000,0x3c113718f298a17f,0xc9e5f4c9ac50c7ef,1,patch_descriptor_write,0,hot
Ventus,rtlsim,dtype,dtype,dtype_roundtrip_f16_b128,tensor,roundtrip,f16,16,2,128,128,0,aligned128,contiguous,none,none,zero,none,direct,low,0,229,0,0,ok,tmau_cold_first_use_fresh_allocation,model_default,0x90000000,0x90003000,0xabd8f143e5a1a0ac,0x579c03ac5834b11c,0,patch_descriptor_write,0,cold
Ventus,rtlsim,dtype,dtype,dtype_roundtrip_f16_b128,tensor,roundtrip,f16,16,2,128,128,0,aligned128,contiguous,none,none,zero,none,direct,low,1,165,0,0,ok,tmau_hot_reuse,model_default,0x90000000,0x90003000,0xabd8f143e5a1a0ac,0x579c03ac5834b11c,1,patch_descriptor_write,0,hot
Ventus,rtlsim,dtype,dtype,dtype_roundtrip_f32_b128,tensor,roundtrip,f32,32,2,128,128,0,aligned128,contiguous,none,none,zero,none,direct,low,0,229,0,0,ok,tmau_cold_first_use_fresh_allocation,model_default,0x90000000,0x90003000,0x290d8f48bc980afd,0x7eeded76d2d7336d,0,patch_descriptor_write,0,cold
Ventus,rtlsim,dtype,dtype,dtype_roundtrip_f32_b128,tensor,roundtrip,f32,32,2,128,128,0,aligned128,contiguous,none,none,zero,none,direct,low,1,165,0,0,ok,tmau_hot_reuse,model_default,0x90000000,0x90003000,0x290d8f48bc980afd,0x7eeded76d2d7336d,1,patch_descriptor_write,0,hot
Ventus,rtlsim,dtype,dtype,dtype_roundtrip_f32_ftz_b128,tensor,roundtrip,f32_ftz,32,2,128,128,0,aligned128,contiguous,none,none,zero,none,direct,low,0,229,0,0,ok,tmau_cold_first_use_fresh_allocation,model_default,0x90000000,0x90003000,0x1964f36f3f7140e2,0x6380d67e02c75792,0,patch_descriptor_write,0,cold
Ventus,rtlsim,dtype,dtype,dtype_roundtrip_f32_ftz_b128,tensor,roundtrip,f32_ftz,32,2,128,128,0,aligned128,contiguous,none,none,zero,none,direct,low,1,165,0,0,ok,tmau_hot_reuse,model_default,0x90000000,0x90003000,0x1964f36f3f7140e2,0x6380d67e02c75792,1,patch_descriptor_write,0,hot
Ventus,rtlsim,dtype,dtype,dtype_roundtrip_f64_b128,tensor,roundtrip,f64,64,2,128,128,0,aligned128,contiguous,none,none,zero,none,direct,low,0,229,0,0,ok,tmau_cold_first_use_fresh_allocation,model_default,0x90000000,0x90003000,0x890ea7c593edd433,0x24979690dbd0f923,0,patch_descriptor_write,0,cold
Ventus,rtlsim,dtype,dtype,dtype_roundtrip_f64_b128,tensor,roundtrip,f64,64,2,128,128,0,aligned128,contiguous,none,none,zero,none,direct,low,1,165,0,0,ok,tmau_hot_reuse,model_default,0x90000000,0x90003000,0x890ea7c593edd433,0x24979690dbd0f923,1,patch_descriptor_write,0,hot
Ventus,rtlsim,dtype,dtype,dtype_roundtrip_bf16_b128,tensor,roundtrip,bf16,16,2,128,128,0,aligned128,contiguous,none,none,zero,none,direct,low,0,229,0,0,ok,tmau_cold_first_use_fresh_allocation,model_default,0x90000000,0x90003000,0xbf6e3e1fe5c5c2e0,0x616b92a5883a9750,0,patch_descriptor_write,0,cold
Ventus,rtlsim,dtype,dtype,dtype_roundtrip_bf16_b128,tensor,roundtrip,bf16,16,2,128,128,0,aligned128,contiguous,none,none,zero,none,direct,low,1,165,0,0,ok,tmau_hot_reuse,model_default,0x90000000,0x90003000,0xbf6e3e1fe5c5c2e0,0x616b92a5883a9750,1,patch_descriptor_write,0,hot
Ventus,rtlsim,dtype,dtype,dtype_roundtrip_tf32_b128,tensor,roundtrip,tf32,32,2,128,128,0,aligned128,contiguous,none,none,zero,none,direct,low,0,229,0,0,ok,tmau_cold_first_use_fresh_allocation,model_default,0x90000000,0x90003000,0xf974fa714b6ce0b1,0x3acd328cf881c4a1,0,patch_descriptor_write,0,cold
Ventus,rtlsim,dtype,dtype,dtype_roundtrip_tf32_b128,tensor,roundtrip,tf32,32,2,128,128,0,aligned128,contiguous,none,none,zero,none,direct,low,1,165,0,0,ok,tmau_hot_reuse,model_default,0x90000000,0x90003000,0xf974fa714b6ce0b1,0x3acd328cf881c4a1,1,patch_descriptor_write,0,hot
Ventus,rtlsim,dtype,dtype,dtype_roundtrip_tf32_ftz_b128,tensor,roundtrip,tf32_ftz,32,2,128,128,0,aligned128,contiguous,none,none,zero,none,direct,low,0,229,0,0,ok,tmau_cold_first_use_fresh_allocation,model_default,0x90000000,0x90003000,0x22d8d0be8933f0e6,0x1fa646b8ef750036,0,patch_descriptor_write,0,cold
Ventus,rtlsim,dtype,dtype,dtype_roundtrip_tf32_ftz_b128,tensor,roundtrip,tf32_ftz,32,2,128,128,0,aligned128,contiguous,none,none,zero,none,direct,low,1,165,0,0,ok,tmau_hot_reuse,model_default,0x90000000,0x90003000,0x22d8d0be8933f0e6,0x1fa646b8ef750036,1,patch_descriptor_write,0,hot
Ventus,rtlsim,dtype,dtype,dtype_roundtrip_u8_b4096,tensor,roundtrip,u8,8,2,4096,4096,0,aligned128,contiguous,none,none,zero,none,direct,low,0,398,0,0,ok,tmau_cold_first_use_fresh_allocation,model_default,0x90000000,0x90004000,0x241165db24a501da,0xb491aebf05667b1a,0,patch_descriptor_write,0,cold
Ventus,rtlsim,dtype,dtype,dtype_roundtrip_u8_b4096,tensor,roundtrip,u8,8,2,4096,4096,0,aligned128,contiguous,none,none,zero,none,direct,low,1,331,0,0,ok,tmau_hot_reuse,model_default,0x90000000,0x90004000,0x241165db24a501da,0xb491aebf05667b1a,1,patch_descriptor_write,0,hot
Ventus,rtlsim,dtype,dtype,dtype_roundtrip_u16_b4096,tensor,roundtrip,u16,16,2,4096,4096,0,aligned128,contiguous,none,none,zero,none,direct,low,0,398,0,0,ok,tmau_cold_first_use_fresh_allocation,model_default,0x90000000,0x90004000,0xd7828ed72cb6810b,0x31980b14e055d24b,0,patch_descriptor_write,0,cold
Ventus,rtlsim,dtype,dtype,dtype_roundtrip_u16_b4096,tensor,roundtrip,u16,16,2,4096,4096,0,aligned128,contiguous,none,none,zero,none,direct,low,1,331,0,0,ok,tmau_hot_reuse,model_default,0x90000000,0x90004000,0xd7828ed72cb6810b,0x31980b14e055d24b,1,patch_descriptor_write,0,hot
Ventus,rtlsim,dtype,dtype,dtype_roundtrip_u32_b4096,tensor,roundtrip,u32,32,2,4096,4096,0,aligned128,contiguous,none,none,zero,none,direct,low,0,398,0,0,ok,tmau_cold_first_use_fresh_allocation,model_default,0x90000000,0x90004000,0x25f7959fd1304b98,0xe3588f5db3413e58,0,patch_descriptor_write,0,cold
Ventus,rtlsim,dtype,dtype,dtype_roundtrip_u32_b4096,tensor,roundtrip,u32,32,2,4096,4096,0,aligned128,contiguous,none,none,zero,none,direct,low,1,331,0,0,ok,tmau_hot_reuse,model_default,0x90000000,0x90004000,0x25f7959fd1304b98,0xe3588f5db3413e58,1,patch_descriptor_write,0,hot
Ventus,rtlsim,dtype,dtype,dtype_roundtrip_s32_b4096,tensor,roundtrip,s32,32,2,4096,4096,0,aligned128,contiguous,none,none,zero,none,direct,low,0,398,0,0,ok,tmau_cold_first_use_fresh_allocation,model_default,0x90000000,0x90004000,0x55ee766f5ca216a9,0x345001f50035fbe9,0,patch_descriptor_write,0,cold
Ventus,rtlsim,dtype,dtype,dtype_roundtrip_s32_b4096,tensor,roundtrip,s32,32,2,4096,4096,0,aligned128,contiguous,none,none,zero,none,direct,low,1,331,0,0,ok,tmau_hot_reuse,model_default,0x90000000,0x90004000,0x55ee766f5ca216a9,0x345001f50035fbe9,1,patch_descriptor_write,0,hot
Ventus,rtlsim,dtype,dtype,dtype_roundtrip_u64_b4096,tensor,roundtrip,u64,64,2,4096,4096,0,aligned128,contiguous,none,none,zero,none,direct,low,0,398,0,0,ok,tmau_cold_first_use_fresh_allocation,model_default,0x90000000,0x90004000,0xd907b911c53b15e,0xf2c5fc0e9ae6dc9e,0,patch_descriptor_write,0,cold
Ventus,rtlsim,dtype,dtype,dtype_roundtrip_u64_b4096,tensor,roundtrip,u64,64,2,4096,4096,0,aligned128,contiguous,none,none,zero,none,direct,low,1,331,0,0,ok,tmau_hot_reuse,model_default,0x90000000,0x90004000,0xd907b911c53b15e,0xf2c5fc0e9ae6dc9e,1,patch_descriptor_write,0,hot
Ventus,rtlsim,dtype,dtype,dtype_roundtrip_s64_b4096,tensor,roundtrip,s64,64,2,4096,4096,0,aligned128,contiguous,none,none,zero,none,direct,low,0,398,0,0,ok,tmau_cold_first_use_fresh_allocation,model_default,0x90000000,0x90004000,0x7ff4c3e6503dab0f,0x3f29cfac80ad154f,0,patch_descriptor_write,0,cold
Ventus,rtlsim,dtype,dtype,dtype_roundtrip_s64_b4096,tensor,roundtrip,s64,64,2,4096,4096,0,aligned128,contiguous,none,none,zero,none,direct,low,1,331,0,0,ok,tmau_hot_reuse,model_default,0x90000000,0x90004000,0x7ff4c3e6503dab0f,0x3f29cfac80ad154f,1,patch_descriptor_write,0,hot
Ventus,rtlsim,dtype,dtype,dtype_roundtrip_f16_b4096,tensor,roundtrip,f16,16,2,4096,4096,0,aligned128,contiguous,none,none,zero,none,direct,low,0,398,0,0,ok,tmau_cold_first_use_fresh_allocation,model_default,0x90000000,0x90004000,0x8b26a6e4aa479dc,0xde7f5065d6e82d9c,0,patch_descriptor_write,0,cold
Ventus,rtlsim,dtype,dtype,dtype_roundtrip_f16_b4096,tensor,roundtrip,f16,16,2,4096,4096,0,aligned128,contiguous,none,none,zero,none,direct,low,1,331,0,0,ok,tmau_hot_reuse,model_default,0x90000000,0x90004000,0x8b26a6e4aa479dc,0xde7f5065d6e82d9c,1,patch_descriptor_write,0,hot
Ventus,rtlsim,dtype,dtype,dtype_roundtrip_f32_b4096,tensor,roundtrip,f32,32,2,4096,4096,0,aligned128,contiguous,none,none,zero,none,direct,low,0,398,0,0,ok,tmau_cold_first_use_fresh_allocation,model_default,0x90000000,0x90004000,0x3c34f5c2a93da94d,0x7cffe9fc78ce3f0d,0,patch_descriptor_write,0,cold
Ventus,rtlsim,dtype,dtype,dtype_roundtrip_f32_b4096,tensor,roundtrip,f32,32,2,4096,4096,0,aligned128,contiguous,none,none,zero,none,direct,low,1,331,0,0,ok,tmau_hot_reuse,model_default,0x90000000,0x90004000,0x3c34f5c2a93da94d,0x7cffe9fc78ce3f0d,1,patch_descriptor_write,0,hot
Ventus,rtlsim,dtype,dtype,dtype_roundtrip_f32_ftz_b4096,tensor,roundtrip,f32_ftz,32,2,4096,4096,0,aligned128,contiguous,none,none,zero,none,direct,low,0,398,0,0,ok,tmau_cold_first_use_fresh_allocation,model_default,0x90000000,0x90004000,0x46418b1b4cf6752,0x94e461959590e092,0,patch_descriptor_write,0,cold
Ventus,rtlsim,dtype,dtype,dtype_roundtrip_f32_ftz_b4096,tensor,roundtrip,f32_ftz,32,2,4096,4096,0,aligned128,contiguous,none,none,zero,none,direct,low,1,331,0,0,ok,tmau_hot_reuse,model_default,0x90000000,0x90004000,0x46418b1b4cf6752,0x94e461959590e092,1,patch_descriptor_write,0,hot
Ventus,rtlsim,dtype,dtype,dtype_roundtrip_f64_b4096,tensor,roundtrip,f64,64,2,4096,4096,0,aligned128,contiguous,none,none,zero,none,direct,low,0,398,0,0,ok,tmau_cold_first_use_fresh_allocation,model_default,0x90000000,0x90004000,0xccf23492f192ddc3,0x3c71ebaf10d16483,0,patch_descriptor_write,0,cold
Ventus,rtlsim,dtype,dtype,dtype_roundtrip_f64_b4096,tensor,roundtrip,f64,64,2,4096,4096,0,aligned128,contiguous,none,none,zero,none,direct,low,1,331,0,0,ok,tmau_hot_reuse,model_default,0x90000000,0x90004000,0xccf23492f192ddc3,0x3c71ebaf10d16483,1,patch_descriptor_write,0,hot
Ventus,rtlsim,dtype,dtype,dtype_roundtrip_bf16_b4096,tensor,roundtrip,bf16,16,2,4096,4096,0,aligned128,contiguous,none,none,zero,none,direct,low,0,398,0,0,ok,tmau_cold_first_use_fresh_allocation,model_default,0x90000000,0x90004000,0x79b13d0eea247e10,0x841164a28c92ebd0,0,patch_descriptor_write,0,cold
Ventus,rtlsim,dtype,dtype,dtype_roundtrip_bf16_b4096,tensor,roundtrip,bf16,16,2,4096,4096,0,aligned128,contiguous,none,none,zero,none,direct,low,1,331,0,0,ok,tmau_hot_reuse,model_default,0x90000000,0x90004000,0x79b13d0eea247e10,0x841164a28c92ebd0,1,patch_descriptor_write,0,hot
Ventus,rtlsim,dtype,dtype,dtype_roundtrip_tf32_b4096,tensor,roundtrip,tf32,32,2,4096,4096,0,aligned128,contiguous,none,none,zero,none,direct,low,0,398,0,0,ok,tmau_cold_first_use_fresh_allocation,model_default,0x90000000,0x90004000,0xc9c60eb38127f01,0x9d1ca9cf18d3f841,0,patch_descriptor_write,0,cold
Ventus,rtlsim,dtype,dtype,dtype_roundtrip_tf32_b4096,tensor,roundtrip,tf32,32,2,4096,4096,0,aligned128,contiguous,none,none,zero,none,direct,low,1,331,0,0,ok,tmau_hot_reuse,model_default,0x90000000,0x90004000,0xc9c60eb38127f01,0x9d1ca9cf18d3f841,1,patch_descriptor_write,0,hot
Ventus,rtlsim,dtype,dtype,dtype_roundtrip_tf32_ftz_b4096,tensor,roundtrip,tf32_ftz,32,2,4096,4096,0,aligned128,contiguous,none,none,zero,none,direct,low,0,398,0,0,ok,tmau_cold_first_use_fresh_allocation,model_default,0x90000000,0x90004000,0xdf23331eaee42656,0x21c23960ccd33396,0,patch_descriptor_write,0,cold
Ventus,rtlsim,dtype,dtype,dtype_roundtrip_tf32_ftz_b4096,tensor,roundtrip,tf32_ftz,32,2,4096,4096,0,aligned128,contiguous,none,none,zero,none,direct,low,1,331,0,0,ok,tmau_hot_reuse,model_default,0x90000000,0x90004000,0xdf23331eaee42656,0x21c23960ccd33396,1,patch_descriptor_write,0,hot
Ventus,rtlsim,dtype,oob_nan,oob_nan_f16_zero,tensor,g2s,f16,16,2,4096,4096,0,aligned128,contiguous,none,none,zero,none,direct,low,0,198,0,0,ok,tmau_cold_first_use_fresh_allocation,model_default,0x90000000,0x0,0x8b26a6e4aa479dc,0x0,0,patch_descriptor_write,0,cold
Ventus,rtlsim,dtype,oob_nan,oob_nan_f16_zero,tensor,g2s,f16,16,2,4096,4096,0,aligned128,contiguous,none,none,zero,none,direct,low,1,168,0,0,ok,tmau_hot_reuse,model_default,0x90000000,0x0,0x8b26a6e4aa479dc,0x0,1,patch_descriptor_write,0,hot
Ventus,rtlsim,dtype,oob_nan,oob_nan_f16_nan,tensor,g2s,f16,16,2,4096,4096,0,aligned128,contiguous,none,none,nan,none,direct,low,0,198,0,0,ok,tmau_cold_first_use_fresh_allocation,model_default,0x90000000,0x0,0x100eaf34d45c7238,0x0,0,patch_descriptor_write,0,cold
Ventus,rtlsim,dtype,oob_nan,oob_nan_f16_nan,tensor,g2s,f16,16,2,4096,4096,0,aligned128,contiguous,none,none,nan,none,direct,low,1,168,0,0,ok,tmau_hot_reuse,model_default,0x90000000,0x0,0x100eaf34d45c7238,0x0,1,patch_descriptor_write,0,hot
Ventus,rtlsim,dtype,oob_nan,oob_nan_f32_zero,tensor,g2s,f32,32,2,4096,4096,0,aligned128,contiguous,none,none,zero,none,direct,low,0,198,0,0,ok,tmau_cold_first_use_fresh_allocation,model_default,0x90000000,0x0,0x3c34f5c2a93da94d,0x0,0,patch_descriptor_write,0,cold
Ventus,rtlsim,dtype,oob_nan,oob_nan_f32_zero,tensor,g2s,f32,32,2,4096,4096,0,aligned128,contiguous,none,none,zero,none,direct,low,1,168,0,0,ok,tmau_hot_reuse,model_default,0x90000000,0x0,0x3c34f5c2a93da94d,0x0,1,patch_descriptor_write,0,hot
Ventus,rtlsim,dtype,oob_nan,oob_nan_f32_nan,tensor,g2s,f32,32,2,4096,4096,0,aligned128,contiguous,none,none,nan,none,direct,low,0,198,0,0,ok,tmau_cold_first_use_fresh_allocation,model_default,0x90000000,0x0,0xea198a8b8f22a0c9,0x0,0,patch_descriptor_write,0,cold
Ventus,rtlsim,dtype,oob_nan,oob_nan_f32_nan,tensor,g2s,f32,32,2,4096,4096,0,aligned128,contiguous,none,none,nan,none,direct,low,1,168,0,0,ok,tmau_hot_reuse,model_default,0x90000000,0x0,0xea198a8b8f22a0c9,0x0,1,patch_descriptor_write,0,hot
Ventus,rtlsim,dtype,oob_nan,oob_nan_f32_ftz_zero,tensor,g2s,f32_ftz,32,2,4096,4096,0,aligned128,contiguous,none,none,zero,none,direct,low,0,198,0,0,ok,tmau_cold_first_use_fresh_allocation,model_default,0x90000000,0x0,0x46418b1b4cf6752,0x0,0,patch_descriptor_write,0,cold
Ventus,rtlsim,dtype,oob_nan,oob_nan_f32_ftz_zero,tensor,g2s,f32_ftz,32,2,4096,4096,0,aligned128,contiguous,none,none,zero,none,direct,low,1,168,0,0,ok,tmau_hot_reuse,model_default,0x90000000,0x0,0x46418b1b4cf6752,0x0,1,patch_descriptor_write,0,hot
Ventus,rtlsim,dtype,oob_nan,oob_nan_f32_ftz_nan,tensor,g2s,f32_ftz,32,2,4096,4096,0,aligned128,contiguous,none,none,nan,none,direct,low,0,198,0,0,ok,tmau_cold_first_use_fresh_allocation,model_default,0x90000000,0x0,0x8f1af8c693110cb6,0x0,0,patch_descriptor_write,0,cold
Ventus,rtlsim,dtype,oob_nan,oob_nan_f32_ftz_nan,tensor,g2s,f32_ftz,32,2,4096,4096,0,aligned128,contiguous,none,none,nan,none,direct,low,1,168,0,0,ok,tmau_hot_reuse,model_default,0x90000000,0x0,0x8f1af8c693110cb6,0x0,1,patch_descriptor_write,0,hot
Ventus,rtlsim,dtype,oob_nan,oob_nan_f64_zero,tensor,g2s,f64,64,2,4096,4096,0,aligned128,contiguous,none,none,zero,none,direct,low,0,198,0,0,ok,tmau_cold_first_use_fresh_allocation,model_default,0x90000000,0x0,0xccf23492f192ddc3,0x0,0,patch_descriptor_write,0,cold
Ventus,rtlsim,dtype,oob_nan,oob_nan_f64_zero,tensor,g2s,f64,64,2,4096,4096,0,aligned128,contiguous,none,none,zero,none,direct,low,1,168,0,0,ok,tmau_hot_reuse,model_default,0x90000000,0x0,0xccf23492f192ddc3,0x0,1,patch_descriptor_write,0,hot
Ventus,rtlsim,dtype,oob_nan,oob_nan_f64_nan,tensor,g2s,f64,64,2,4096,4096,0,aligned128,contiguous,none,none,nan,none,direct,low,0,198,0,0,ok,tmau_cold_first_use_fresh_allocation,model_default,0x90000000,0x0,0xaf8de8adec6f5f87,0x0,0,patch_descriptor_write,0,cold
Ventus,rtlsim,dtype,oob_nan,oob_nan_f64_nan,tensor,g2s,f64,64,2,4096,4096,0,aligned128,contiguous,none,none,nan,none,direct,low,1,168,0,0,ok,tmau_hot_reuse,model_default,0x90000000,0x0,0xaf8de8adec6f5f87,0x0,1,patch_descriptor_write,0,hot
Ventus,rtlsim,dtype,oob_nan,oob_nan_bf16_zero,tensor,g2s,bf16,16,2,4096,4096,0,aligned128,contiguous,none,none,zero,none,direct,low,0,198,0,0,ok,tmau_cold_first_use_fresh_allocation,model_default,0x90000000,0x0,0x79b13d0eea247e10,0x0,0,patch_descriptor_write,0,cold
Ventus,rtlsim,dtype,oob_nan,oob_nan_bf16_zero,tensor,g2s,bf16,16,2,4096,4096,0,aligned128,contiguous,none,none,zero,none,direct,low,1,168,0,0,ok,tmau_hot_reuse,model_default,0x90000000,0x0,0x79b13d0eea247e10,0x0,1,patch_descriptor_write,0,hot
Ventus,rtlsim,dtype,oob_nan,oob_nan_bf16_nan,tensor,g2s,bf16,16,2,4096,4096,0,aligned128,contiguous,none,none,nan,none,direct,low,0,198,0,0,ok,tmau_cold_first_use_fresh_allocation,model_default,0x90000000,0x0,0x3ecba2d578f27cb4,0x0,0,patch_descriptor_write,0,cold
Ventus,rtlsim,dtype,oob_nan,oob_nan_bf16_nan,tensor,g2s,bf16,16,2,4096,4096,0,aligned128,contiguous,none,none,nan,none,direct,low,1,168,0,0,ok,tmau_hot_reuse,model_default,0x90000000,0x0,0x3ecba2d578f27cb4,0x0,1,patch_descriptor_write,0,hot
Ventus,rtlsim,dtype,oob_nan,oob_nan_tf32_zero,tensor,g2s,tf32,32,2,4096,4096,0,aligned128,contiguous,none,none,zero,none,direct,low,0,198,0,0,ok,tmau_cold_first_use_fresh_allocation,model_default,0x90000000,0x0,0xc9c60eb38127f01,0x0,0,patch_descriptor_write,0,cold
Ventus,rtlsim,dtype,oob_nan,oob_nan_tf32_zero,tensor,g2s,tf32,32,2,4096,4096,0,aligned128,contiguous,none,none,zero,none,direct,low,1,168,0,0,ok,tmau_hot_reuse,model_default,0x90000000,0x0,0xc9c60eb38127f01,0x0,1,patch_descriptor_write,0,hot
Ventus,rtlsim,dtype,oob_nan,oob_nan_tf32_nan,tensor,g2s,tf32,32,2,4096,4096,0,aligned128,contiguous,none,none,nan,none,direct,low,0,198,0,0,ok,tmau_cold_first_use_fresh_allocation,model_default,0x90000000,0x0,0xd68ab144c4de4fc5,0x0,0,patch_descriptor_write,0,cold
Ventus,rtlsim,dtype,oob_nan,oob_nan_tf32_nan,tensor,g2s,tf32,32,2,4096,4096,0,aligned128,contiguous,none,none,nan,none,direct,low,1,168,0,0,ok,tmau_hot_reuse,model_default,0x90000000,0x0,0xd68ab144c4de4fc5,0x0,1,patch_descriptor_write,0,hot
Ventus,rtlsim,dtype,oob_nan,oob_nan_tf32_ftz_zero,tensor,g2s,tf32_ftz,32,2,4096,4096,0,aligned128,contiguous,none,none,zero,none,direct,low,0,198,0,0,ok,tmau_cold_first_use_fresh_allocation,model_default,0x90000000,0x0,0xdf23331eaee42656,0x0,0,patch_descriptor_write,0,cold
Ventus,rtlsim,dtype,oob_nan,oob_nan_tf32_ftz_zero,tensor,g2s,tf32_ftz,32,2,4096,4096,0,aligned128,contiguous,none,none,zero,none,direct,low,1,168,0,0,ok,tmau_hot_reuse,model_default,0x90000000,0x0,0xdf23331eaee42656,0x0,1,patch_descriptor_write,0,hot
Ventus,rtlsim,dtype,oob_nan,oob_nan_tf32_ftz_nan,tensor,g2s,tf32_ftz,32,2,4096,4096,0,aligned128,contiguous,none,none,nan,none,direct,low,0,198,0,0,ok,tmau_cold_first_use_fresh_allocation,model_default,0x90000000,0x0,0x457d299c92ccb0f2,0x0,0,patch_descriptor_write,0,cold
Ventus,rtlsim,dtype,oob_nan,oob_nan_tf32_ftz_nan,tensor,g2s,tf32_ftz,32,2,4096,4096,0,aligned128,contiguous,none,none,nan,none,direct,low,1,168,0,0,ok,tmau_hot_reuse,model_default,0x90000000,0x0,0x457d299c92ccb0f2,0x0,1,patch_descriptor_write,0,hot
Ventus,rtlsim,layout,swizzle,swizzle32_g2s_b1024_plain,tensor,g2s,u8,8,2,1024,1024,0,aligned128,contiguous,none,none,zero,none,direct,low,0,150,0,0,ok,tmau_cold_first_use_fresh_allocation,model_default,0x90000000,0x0,0x587f8211cdad0efa,0x0,0,patch_descriptor_write,0,cold
Ventus,rtlsim,layout,swizzle,swizzle32_g2s_b1024_plain,tensor,g2s,u8,8,2,1024,1024,0,aligned128,contiguous,none,none,zero,none,direct,low,1,114,0,0,ok,tmau_hot_reuse,model_default,0x90000000,0x0,0x587f8211cdad0efa,0x0,1,patch_descriptor_write,0,hot
Ventus,rtlsim,layout,swizzle,swizzle32_g2s_b1024_swz,tensor,g2s,u8,8,2,1024,1024,0,aligned128,contiguous,none,32,zero,none,direct,low,0,150,0,0,ok,tmau_cold_first_use_fresh_allocation,model_default,0x90000000,0x0,0xc9d79bbc5afabcce,0x0,0,patch_descriptor_write,0,cold
Ventus,rtlsim,layout,swizzle,swizzle32_g2s_b1024_swz,tensor,g2s,u8,8,2,1024,1024,0,aligned128,contiguous,none,32,zero,none,direct,low,1,114,0,0,ok,tmau_hot_reuse,model_default,0x90000000,0x0,0xc9d79bbc5afabcce,0x0,1,patch_descriptor_write,0,hot
Ventus,rtlsim,layout,swizzle,swizzle32_s2g_b1024_plain,tensor,s2g,u8,8,2,1024,1024,0,aligned128,contiguous,none,none,zero,none,direct,low,0,124,0,0,ok,tmau_cold_first_use_fresh_allocation,model_default,0x0,0x90003000,0x0,0xd8b6f288216dc14a,0,patch_descriptor_write,0,cold
Ventus,rtlsim,layout,swizzle,swizzle32_s2g_b1024_plain,tensor,s2g,u8,8,2,1024,1024,0,aligned128,contiguous,none,none,zero,none,direct,low,1,125,0,0,ok,tmau_hot_reuse,model_default,0x0,0x90003000,0x0,0xd8b6f288216dc14a,1,patch_descriptor_write,0,hot
Ventus,rtlsim,layout,swizzle,swizzle32_s2g_b1024_swz,tensor,s2g,u8,8,2,1024,1024,0,aligned128,contiguous,none,32,zero,none,direct,low,0,124,0,0,ok,tmau_cold_first_use_fresh_allocation,model_default,0x0,0x90003000,0x0,0x236b75456f31a1de,0,patch_descriptor_write,0,cold
Ventus,rtlsim,layout,swizzle,swizzle32_s2g_b1024_swz,tensor,s2g,u8,8,2,1024,1024,0,aligned128,contiguous,none,32,zero,none,direct,low,1,125,0,0,ok,tmau_hot_reuse,model_default,0x0,0x90003000,0x0,0x236b75456f31a1de,1,patch_descriptor_write,0,hot
Ventus,rtlsim,layout,swizzle,swizzle32_roundtrip_b1024_plain,tensor,roundtrip,u8,8,2,1024,1024,0,aligned128,contiguous,none,none,zero,none,direct,low,0,258,0,0,ok,tmau_cold_first_use_fresh_allocation,model_default,0x90000000,0x90003000,0x587f8211cdad0efa,0xd8b6f288216dc14a,0,patch_descriptor_write,0,cold
Ventus,rtlsim,layout,swizzle,swizzle32_roundtrip_b1024_plain,tensor,roundtrip,u8,8,2,1024,1024,0,aligned128,contiguous,none,none,zero,none,direct,low,1,222,0,0,ok,tmau_hot_reuse,model_default,0x90000000,0x90003000,0x587f8211cdad0efa,0xd8b6f288216dc14a,1,patch_descriptor_write,0,hot
Ventus,rtlsim,layout,swizzle,swizzle32_roundtrip_b1024_swz,tensor,roundtrip,u8,8,2,1024,1024,0,aligned128,contiguous,none,32,zero,none,direct,low,0,258,0,0,ok,tmau_cold_first_use_fresh_allocation,model_default,0x90000000,0x90003000,0xc9d79bbc5afabcce,0x236b75456f31a1de,0,patch_descriptor_write,0,cold
Ventus,rtlsim,layout,swizzle,swizzle32_roundtrip_b1024_swz,tensor,roundtrip,u8,8,2,1024,1024,0,aligned128,contiguous,none,32,zero,none,direct,low,1,222,0,0,ok,tmau_hot_reuse,model_default,0x90000000,0x90003000,0xc9d79bbc5afabcce,0x236b75456f31a1de,1,patch_descriptor_write,0,hot
Ventus,rtlsim,layout,swizzle,swizzle32_g2s_b4096_plain,tensor,g2s,u8,8,3,4096,4096,0,aligned128,contiguous,none,none,zero,none,direct,low,0,211,0,0,ok,tmau_cold_first_use_fresh_allocation,model_default,0x90000000,0x0,0x4896271f347068b4,0x0,0,patch_descriptor_write,0,cold
Ventus,rtlsim,layout,swizzle,swizzle32_g2s_b4096_plain,tensor,g2s,u8,8,3,4096,4096,0,aligned128,contiguous,none,none,zero,none,direct,low,1,163,0,0,ok,tmau_hot_reuse,model_default,0x90000000,0x0,0x4896271f347068b4,0x0,1,patch_descriptor_write,0,hot
Ventus,rtlsim,layout,swizzle,swizzle32_g2s_b4096_swz,tensor,g2s,u8,8,3,4096,4096,0,aligned128,contiguous,none,32,zero,none,direct,low,0,211,0,0,ok,tmau_cold_first_use_fresh_allocation,model_default,0x90000000,0x0,0xfbcffcf334d4ad78,0x0,0,patch_descriptor_write,0,cold
Ventus,rtlsim,layout,swizzle,swizzle32_g2s_b4096_swz,tensor,g2s,u8,8,3,4096,4096,0,aligned128,contiguous,none,32,zero,none,direct,low,1,163,0,0,ok,tmau_hot_reuse,model_default,0x90000000,0x0,0xfbcffcf334d4ad78,0x0,1,patch_descriptor_write,0,hot
Ventus,rtlsim,layout,swizzle,swizzle32_s2g_b4096_plain,tensor,s2g,u8,8,3,4096,4096,0,aligned128,contiguous,none,none,zero,none,direct,low,0,205,0,0,ok,tmau_cold_first_use_fresh_allocation,model_default,0x0,0x90004000,0x0,0x34abe3bf662f4c74,0,patch_descriptor_write,0,cold
Ventus,rtlsim,layout,swizzle,swizzle32_s2g_b4096_plain,tensor,s2g,u8,8,3,4096,4096,0,aligned128,contiguous,none,none,zero,none,direct,low,1,187,0,0,ok,tmau_hot_reuse,model_default,0x0,0x90004000,0x0,0x34abe3bf662f4c74,1,patch_descriptor_write,0,hot
Ventus,rtlsim,layout,swizzle,swizzle32_s2g_b4096_swz,tensor,s2g,u8,8,3,4096,4096,0,aligned128,contiguous,none,32,zero,none,direct,low,0,205,0,0,ok,tmau_cold_first_use_fresh_allocation,model_default,0x0,0x90004000,0x0,0x8c5045d7159626b8,0,patch_descriptor_write,0,cold
Ventus,rtlsim,layout,swizzle,swizzle32_s2g_b4096_swz,tensor,s2g,u8,8,3,4096,4096,0,aligned128,contiguous,none,32,zero,none,direct,low,1,187,0,0,ok,tmau_hot_reuse,model_default,0x0,0x90004000,0x0,0x8c5045d7159626b8,1,patch_descriptor_write,0,hot
Ventus,rtlsim,layout,swizzle,swizzle32_roundtrip_b4096_plain,tensor,roundtrip,u8,8,3,4096,4096,0,aligned128,contiguous,none,none,zero,none,direct,low,0,400,0,0,ok,tmau_cold_first_use_fresh_allocation,model_default,0x90000000,0x90004000,0x4896271f347068b4,0x34abe3bf662f4c74,0,patch_descriptor_write,0,cold
Ventus,rtlsim,layout,swizzle,swizzle32_roundtrip_b4096_plain,tensor,roundtrip,u8,8,3,4096,4096,0,aligned128,contiguous,none,none,zero,none,direct,low,1,333,0,0,ok,tmau_hot_reuse,model_default,0x90000000,0x90004000,0x4896271f347068b4,0x34abe3bf662f4c74,1,patch_descriptor_write,0,hot
Ventus,rtlsim,layout,swizzle,swizzle32_roundtrip_b4096_swz,tensor,roundtrip,u8,8,3,4096,4096,0,aligned128,contiguous,none,32,zero,none,direct,low,0,400,0,0,ok,tmau_cold_first_use_fresh_allocation,model_default,0x90000000,0x90004000,0xfbcffcf334d4ad78,0x8c5045d7159626b8,0,patch_descriptor_write,0,cold
Ventus,rtlsim,layout,swizzle,swizzle32_roundtrip_b4096_swz,tensor,roundtrip,u8,8,3,4096,4096,0,aligned128,contiguous,none,32,zero,none,direct,low,1,333,0,0,ok,tmau_hot_reuse,model_default,0x90000000,0x90004000,0xfbcffcf334d4ad78,0x8c5045d7159626b8,1,patch_descriptor_write,0,hot
Ventus,rtlsim,layout,swizzle,swizzle32_g2s_b16384_plain,tensor,g2s,u8,8,3,16384,16384,0,aligned128,contiguous,none,none,zero,none,direct,low,0,420,0,0,ok,tmau_cold_first_use_fresh_allocation,model_default,0x90000000,0x0,0x91194fab960bd3c5,0x0,0,patch_descriptor_write,0,cold
Ventus,rtlsim,layout,swizzle,swizzle32_g2s_b16384_plain,tensor,g2s,u8,8,3,16384,16384,0,aligned128,contiguous,none,none,zero,none,direct,low,1,355,0,0,ok,tmau_hot_reuse,model_default,0x90000000,0x0,0x91194fab960bd3c5,0x0,1,patch_descriptor_write,0,hot
Ventus,rtlsim,layout,swizzle,swizzle32_g2s_b16384_swz,tensor,g2s,u8,8,3,16384,16384,0,aligned128,contiguous,none,32,zero,none,direct,low,0,420,0,0,ok,tmau_cold_first_use_fresh_allocation,model_default,0x90000000,0x0,0xa91142a4a8fe36d9,0x0,0,patch_descriptor_write,0,cold
Ventus,rtlsim,layout,swizzle,swizzle32_g2s_b16384_swz,tensor,g2s,u8,8,3,16384,16384,0,aligned128,contiguous,none,32,zero,none,direct,low,1,355,0,0,ok,tmau_hot_reuse,model_default,0x90000000,0x0,0xa91142a4a8fe36d9,0x0,1,patch_descriptor_write,0,hot
Ventus,rtlsim,layout,swizzle,swizzle32_s2g_b16384_plain,tensor,s2g,u8,8,3,16384,16384,0,aligned128,contiguous,none,none,zero,none,direct,low,0,491,0,0,ok,tmau_cold_first_use_fresh_allocation,model_default,0x0,0x90002000,0x0,0xecaec367e7093e45,0,patch_descriptor_write,0,cold
Ventus,rtlsim,layout,swizzle,swizzle32_s2g_b16384_plain,tensor,s2g,u8,8,3,16384,16384,0,aligned128,contiguous,none,none,zero,none,direct,low,1,479,0,0,ok,tmau_hot_reuse,model_default,0x0,0x90002000,0x0,0xecaec367e7093e45,1,patch_descriptor_write,0,hot
Ventus,rtlsim,layout,swizzle,swizzle32_s2g_b16384_swz,tensor,s2g,u8,8,3,16384,16384,0,aligned128,contiguous,none,32,zero,none,direct,low,0,491,0,0,ok,tmau_cold_first_use_fresh_allocation,model_default,0x0,0x90002000,0x0,0x46a7d9f07d018659,0,patch_descriptor_write,0,cold
Ventus,rtlsim,layout,swizzle,swizzle32_s2g_b16384_swz,tensor,s2g,u8,8,3,16384,16384,0,aligned128,contiguous,none,32,zero,none,direct,low,1,479,0,0,ok,tmau_hot_reuse,model_default,0x0,0x90002000,0x0,0x46a7d9f07d018659,1,patch_descriptor_write,0,hot
Ventus,rtlsim,layout,swizzle,swizzle32_roundtrip_b16384_plain,tensor,roundtrip,u8,8,3,16384,16384,0,aligned128,contiguous,none,none,zero,none,direct,low,0,895,0,0,ok,tmau_cold_first_use_fresh_allocation,model_default,0x90000000,0x90002000,0x91194fab960bd3c5,0xecaec367e7093e45,0,patch_descriptor_write,0,cold
Ventus,rtlsim,layout,swizzle,swizzle32_roundtrip_b16384_plain,tensor,roundtrip,u8,8,3,16384,16384,0,aligned128,contiguous,none,none,zero,none,direct,low,1,824,0,0,ok,tmau_hot_reuse,model_default,0x90000000,0x90002000,0x91194fab960bd3c5,0xecaec367e7093e45,1,patch_descriptor_write,0,hot
Ventus,rtlsim,layout,swizzle,swizzle32_roundtrip_b16384_swz,tensor,roundtrip,u8,8,3,16384,16384,0,aligned128,contiguous,none,32,zero,none,direct,low,0,895,0,0,ok,tmau_cold_first_use_fresh_allocation,model_default,0x90000000,0x90002000,0xa91142a4a8fe36d9,0x46a7d9f07d018659,0,patch_descriptor_write,0,cold
Ventus,rtlsim,layout,swizzle,swizzle32_roundtrip_b16384_swz,tensor,roundtrip,u8,8,3,16384,16384,0,aligned128,contiguous,none,32,zero,none,direct,low,1,824,0,0,ok,tmau_hot_reuse,model_default,0x90000000,0x90002000,0xa91142a4a8fe36d9,0x46a7d9f07d018659,1,patch_descriptor_write,0,hot
Ventus,rtlsim,layout,swizzle,swizzle64_g2s_b1024_plain,tensor,g2s,u8,8,2,1024,1024,0,aligned128,contiguous,none,none,zero,none,direct,low,0,150,0,0,ok,tmau_cold_first_use_fresh_allocation,model_default,0x90000000,0x0,0x62928d99e24009da,0x0,0,patch_descriptor_write,0,cold
Ventus,rtlsim,layout,swizzle,swizzle64_g2s_b1024_plain,tensor,g2s,u8,8,2,1024,1024,0,aligned128,contiguous,none,none,zero,none,direct,low,1,114,0,0,ok,tmau_hot_reuse,model_default,0x90000000,0x0,0x62928d99e24009da,0x0,1,patch_descriptor_write,0,hot
Ventus,rtlsim,layout,swizzle,swizzle64_g2s_b1024_swz,tensor,g2s,u8,8,2,1024,1024,0,aligned128,contiguous,none,64,zero,none,direct,low,0,150,0,0,ok,tmau_cold_first_use_fresh_allocation,model_default,0x90000000,0x0,0xa4303e46f1ab1882,0x0,0,patch_descriptor_write,0,cold
Ventus,rtlsim,layout,swizzle,swizzle64_g2s_b1024_swz,tensor,g2s,u8,8,2,1024,1024,0,aligned128,contiguous,none,64,zero,none,direct,low,1,114,0,0,ok,tmau_hot_reuse,model_default,0x90000000,0x0,0xa4303e46f1ab1882,0x0,1,patch_descriptor_write,0,hot
Ventus,rtlsim,layout,swizzle,swizzle64_s2g_b1024_plain,tensor,s2g,u8,8,2,1024,1024,0,aligned128,contiguous,none,none,zero,none,direct,low,0,124,0,0,ok,tmau_cold_first_use_fresh_allocation,model_default,0x0,0x90003000,0x0,0xcfd4d6d269d331aa,0,patch_descriptor_write,0,cold
Ventus,rtlsim,layout,swizzle,swizzle64_s2g_b1024_plain,tensor,s2g,u8,8,2,1024,1024,0,aligned128,contiguous,none,none,zero,none,direct,low,1,125,0,0,ok,tmau_hot_reuse,model_default,0x0,0x90003000,0x0,0xcfd4d6d269d331aa,1,patch_descriptor_write,0,hot
Ventus,rtlsim,layout,swizzle,swizzle64_s2g_b1024_swz,tensor,s2g,u8,8,2,1024,1024,0,aligned128,contiguous,none,64,zero,none,direct,low,0,124,0,0,ok,tmau_cold_first_use_fresh_allocation,model_default,0x0,0x90003000,0x0,0x3b3c41f1881d2ed2,0,patch_descriptor_write,0,cold
Ventus,rtlsim,layout,swizzle,swizzle64_s2g_b1024_swz,tensor,s2g,u8,8,2,1024,1024,0,aligned128,contiguous,none,64,zero,none,direct,low,1,125,0,0,ok,tmau_hot_reuse,model_default,0x0,0x90003000,0x0,0x3b3c41f1881d2ed2,1,patch_descriptor_write,0,hot
Ventus,rtlsim,layout,swizzle,swizzle64_roundtrip_b1024_plain,tensor,roundtrip,u8,8,2,1024,1024,0,aligned128,contiguous,none,none,zero,none,direct,low,0,258,0,0,ok,tmau_cold_first_use_fresh_allocation,model_default,0x90000000,0x90003000,0x62928d99e24009da,0xcfd4d6d269d331aa,0,patch_descriptor_write,0,cold
Ventus,rtlsim,layout,swizzle,swizzle64_roundtrip_b1024_plain,tensor,roundtrip,u8,8,2,1024,1024,0,aligned128,contiguous,none,none,zero,none,direct,low,1,222,0,0,ok,tmau_hot_reuse,model_default,0x90000000,0x90003000,0x62928d99e24009da,0xcfd4d6d269d331aa,1,patch_descriptor_write,0,hot
Ventus,rtlsim,layout,swizzle,swizzle64_roundtrip_b1024_swz,tensor,roundtrip,u8,8,2,1024,1024,0,aligned128,contiguous,none,64,zero,none,direct,low,0,258,0,0,ok,tmau_cold_first_use_fresh_allocation,model_default,0x90000000,0x90003000,0xa4303e46f1ab1882,0x3b3c41f1881d2ed2,0,patch_descriptor_write,0,cold
Ventus,rtlsim,layout,swizzle,swizzle64_roundtrip_b1024_swz,tensor,roundtrip,u8,8,2,1024,1024,0,aligned128,contiguous,none,64,zero,none,direct,low,1,222,0,0,ok,tmau_hot_reuse,model_default,0x90000000,0x90003000,0xa4303e46f1ab1882,0x3b3c41f1881d2ed2,1,patch_descriptor_write,0,hot
Ventus,rtlsim,layout,swizzle,swizzle64_g2s_b4096_plain,tensor,g2s,u8,8,3,4096,4096,0,aligned128,contiguous,none,none,zero,none,direct,low,0,211,0,0,ok,tmau_cold_first_use_fresh_allocation,model_default,0x90000000,0x0,0xc2ddd2b57b3e1e25,0x0,0,patch_descriptor_write,0,cold
Ventus,rtlsim,layout,swizzle,swizzle64_g2s_b4096_plain,tensor,g2s,u8,8,3,4096,4096,0,aligned128,contiguous,none,none,zero,none,direct,low,1,163,0,0,ok,tmau_hot_reuse,model_default,0x90000000,0x0,0xc2ddd2b57b3e1e25,0x0,1,patch_descriptor_write,0,hot
Ventus,rtlsim,layout,swizzle,swizzle64_g2s_b4096_swz,tensor,g2s,u8,8,3,4096,4096,0,aligned128,contiguous,none,64,zero,none,direct,low,0,211,0,0,ok,tmau_cold_first_use_fresh_allocation,model_default,0x90000000,0x0,0x7f04f99c3fb6804d,0x0,0,patch_descriptor_write,0,cold
Ventus,rtlsim,layout,swizzle,swizzle64_g2s_b4096_swz,tensor,g2s,u8,8,3,4096,4096,0,aligned128,contiguous,none,64,zero,none,direct,low,1,163,0,0,ok,tmau_hot_reuse,model_default,0x90000000,0x0,0x7f04f99c3fb6804d,0x0,1,patch_descriptor_write,0,hot
Ventus,rtlsim,layout,swizzle,swizzle64_s2g_b4096_plain,tensor,s2g,u8,8,3,4096,4096,0,aligned128,contiguous,none,none,zero,none,direct,low,0,205,0,0,ok,tmau_cold_first_use_fresh_allocation,model_default,0x0,0x90004000,0x0,0xe36abc67554e7065,0,patch_descriptor_write,0,cold
Ventus,rtlsim,layout,swizzle,swizzle64_s2g_b4096_plain,tensor,s2g,u8,8,3,4096,4096,0,aligned128,contiguous,none,none,zero,none,direct,low,1,187,0,0,ok,tmau_hot_reuse,model_default,0x0,0x90004000,0x0,0xe36abc67554e7065,1,patch_descriptor_write,0,hot
Ventus,rtlsim,layout,swizzle,swizzle64_s2g_b4096_swz,tensor,s2g,u8,8,3,4096,4096,0,aligned128,contiguous,none,64,zero,none,direct,low,0,205,0,0,ok,tmau_cold_first_use_fresh_allocation,model_default,0x0,0x90004000,0x0,0xd951bed6440368d,0,patch_descriptor_write,0,cold
Ventus,rtlsim,layout,swizzle,swizzle64_s2g_b4096_swz,tensor,s2g,u8,8,3,4096,4096,0,aligned128,contiguous,none,64,zero,none,direct,low,1,187,0,0,ok,tmau_hot_reuse,model_default,0x0,0x90004000,0x0,0xd951bed6440368d,1,patch_descriptor_write,0,hot
Ventus,rtlsim,layout,swizzle,swizzle64_roundtrip_b4096_plain,tensor,roundtrip,u8,8,3,4096,4096,0,aligned128,contiguous,none,none,zero,none,direct,low,0,400,0,0,ok,tmau_cold_first_use_fresh_allocation,model_default,0x90000000,0x90004000,0xc2ddd2b57b3e1e25,0xe36abc67554e7065,0,patch_descriptor_write,0,cold
Ventus,rtlsim,layout,swizzle,swizzle64_roundtrip_b4096_plain,tensor,roundtrip,u8,8,3,4096,4096,0,aligned128,contiguous,none,none,zero,none,direct,low,1,333,0,0,ok,tmau_hot_reuse,model_default,0x90000000,0x90004000,0xc2ddd2b57b3e1e25,0xe36abc67554e7065,1,patch_descriptor_write,0,hot
Ventus,rtlsim,layout,swizzle,swizzle64_roundtrip_b4096_swz,tensor,roundtrip,u8,8,3,4096,4096,0,aligned128,contiguous,none,64,zero,none,direct,low,0,400,0,0,ok,tmau_cold_first_use_fresh_allocation,model_default,0x90000000,0x90004000,0x7f04f99c3fb6804d,0xd951bed6440368d,0,patch_descriptor_write,0,cold
Ventus,rtlsim,layout,swizzle,swizzle64_roundtrip_b4096_swz,tensor,roundtrip,u8,8,3,4096,4096,0,aligned128,contiguous,none,64,zero,none,direct,low,1,333,0,0,ok,tmau_hot_reuse,model_default,0x90000000,0x90004000,0x7f04f99c3fb6804d,0xd951bed6440368d,1,patch_descriptor_write,0,hot
Ventus,rtlsim,layout,swizzle,swizzle64_g2s_b16384_plain,tensor,g2s,u8,8,3,16384,16384,0,aligned128,contiguous,none,none,zero,none,direct,low,0,420,0,0,ok,tmau_cold_first_use_fresh_allocation,model_default,0x90000000,0x0,0xddd394adc062e82f,0x0,0,patch_descriptor_write,0,cold
Ventus,rtlsim,layout,swizzle,swizzle64_g2s_b16384_plain,tensor,g2s,u8,8,3,16384,16384,0,aligned128,contiguous,none,none,zero,none,direct,low,1,357,0,0,ok,tmau_hot_reuse,model_default,0x90000000,0x0,0xddd394adc062e82f,0x0,1,patch_descriptor_write,0,hot
Ventus,rtlsim,layout,swizzle,swizzle64_g2s_b16384_swz,tensor,g2s,u8,8,3,16384,16384,0,aligned128,contiguous,none,64,zero,none,direct,low,0,420,0,0,ok,tmau_cold_first_use_fresh_allocation,model_default,0x90000000,0x0,0xdcbb63667749fad7,0x0,0,patch_descriptor_write,0,cold
Ventus,rtlsim,layout,swizzle,swizzle64_g2s_b16384_swz,tensor,g2s,u8,8,3,16384,16384,0,aligned128,contiguous,none,64,zero,none,direct,low,1,357,0,0,ok,tmau_hot_reuse,model_default,0x90000000,0x0,0xdcbb63667749fad7,0x0,1,patch_descriptor_write,0,hot
Ventus,rtlsim,layout,swizzle,swizzle64_s2g_b16384_plain,tensor,s2g,u8,8,3,16384,16384,0,aligned128,contiguous,none,none,zero,none,direct,low,0,491,0,0,ok,tmau_cold_first_use_fresh_allocation,model_default,0x0,0x90002000,0x0,0x3969086a116052af,0,patch_descriptor_write,0,cold
Ventus,rtlsim,layout,swizzle,swizzle64_s2g_b16384_plain,tensor,s2g,u8,8,3,16384,16384,0,aligned128,contiguous,none,none,zero,none,direct,low,1,479,0,0,ok,tmau_hot_reuse,model_default,0x0,0x90002000,0x0,0x3969086a116052af,1,patch_descriptor_write,0,hot
Ventus,rtlsim,layout,swizzle,swizzle64_s2g_b16384_swz,tensor,s2g,u8,8,3,16384,16384,0,aligned128,contiguous,none,64,zero,none,direct,low,0,491,0,0,ok,tmau_cold_first_use_fresh_allocation,model_default,0x0,0x90002000,0x0,0x8125efaa264c9057,0,patch_descriptor_write,0,cold
Ventus,rtlsim,layout,swizzle,swizzle64_s2g_b16384_swz,tensor,s2g,u8,8,3,16384,16384,0,aligned128,contiguous,none,64,zero,none,direct,low,1,479,0,0,ok,tmau_hot_reuse,model_default,0x0,0x90002000,0x0,0x8125efaa264c9057,1,patch_descriptor_write,0,hot
Ventus,rtlsim,layout,swizzle,swizzle64_roundtrip_b16384_plain,tensor,roundtrip,u8,8,3,16384,16384,0,aligned128,contiguous,none,none,zero,none,direct,low,0,895,0,0,ok,tmau_cold_first_use_fresh_allocation,model_default,0x90000000,0x90002000,0xddd394adc062e82f,0x3969086a116052af,0,patch_descriptor_write,0,cold
Ventus,rtlsim,layout,swizzle,swizzle64_roundtrip_b16384_plain,tensor,roundtrip,u8,8,3,16384,16384,0,aligned128,contiguous,none,none,zero,none,direct,low,1,818,0,0,ok,tmau_hot_reuse,model_default,0x90000000,0x90002000,0xddd394adc062e82f,0x3969086a116052af,1,patch_descriptor_write,0,hot
Ventus,rtlsim,layout,swizzle,swizzle64_roundtrip_b16384_swz,tensor,roundtrip,u8,8,3,16384,16384,0,aligned128,contiguous,none,64,zero,none,direct,low,0,895,0,0,ok,tmau_cold_first_use_fresh_allocation,model_default,0x90000000,0x90002000,0xdcbb63667749fad7,0x8125efaa264c9057,0,patch_descriptor_write,0,cold
Ventus,rtlsim,layout,swizzle,swizzle64_roundtrip_b16384_swz,tensor,roundtrip,u8,8,3,16384,16384,0,aligned128,contiguous,none,64,zero,none,direct,low,1,824,0,0,ok,tmau_hot_reuse,model_default,0x90000000,0x90002000,0xdcbb63667749fad7,0x8125efaa264c9057,1,patch_descriptor_write,0,hot
Ventus,rtlsim,layout,swizzle,swizzle128_g2s_b1024_plain,tensor,g2s,u8,8,2,1024,1024,0,aligned128,contiguous,none,none,zero,none,direct,low,0,150,0,0,ok,tmau_cold_first_use_fresh_allocation,model_default,0x90000000,0x0,0xdebba422831d699a,0x0,0,patch_descriptor_write,0,cold
Ventus,rtlsim,layout,swizzle,swizzle128_g2s_b1024_plain,tensor,g2s,u8,8,2,1024,1024,0,aligned128,contiguous,none,none,zero,none,direct,low,1,114,0,0,ok,tmau_hot_reuse,model_default,0x90000000,0x0,0xdebba422831d699a,0x0,1,patch_descriptor_write,0,hot
Ventus,rtlsim,layout,swizzle,swizzle128_g2s_b1024_swz,tensor,g2s,u8,8,2,1024,1024,0,aligned128,contiguous,none,128,zero,none,direct,low,0,150,0,0,ok,tmau_cold_first_use_fresh_allocation,model_default,0x90000000,0x0,0xd199c5e68f176316,0x0,0,patch_descriptor_write,0,cold
Ventus,rtlsim,layout,swizzle,swizzle128_g2s_b1024_swz,tensor,g2s,u8,8,2,1024,1024,0,aligned128,contiguous,none,128,zero,none,direct,low,1,114,0,0,ok,tmau_hot_reuse,model_default,0x90000000,0x0,0xd199c5e68f176316,0x0,1,patch_descriptor_write,0,hot
Ventus,rtlsim,layout,swizzle,swizzle128_s2g_b1024_plain,tensor,s2g,u8,8,2,1024,1024,0,aligned128,contiguous,none,none,zero,none,direct,low,0,124,0,0,ok,tmau_cold_first_use_fresh_allocation,model_default,0x0,0x90003000,0x0,0x5ef31498d6de1bea,0,patch_descriptor_write,0,cold
Ventus,rtlsim,layout,swizzle,swizzle128_s2g_b1024_plain,tensor,s2g,u8,8,2,1024,1024,0,aligned128,contiguous,none,none,zero,none,direct,low,1,125,0,0,ok,tmau_hot_reuse,model_default,0x0,0x90003000,0x0,0x5ef31498d6de1bea,1,patch_descriptor_write,0,hot
Ventus,rtlsim,layout,swizzle,swizzle128_s2g_b1024_swz,tensor,s2g,u8,8,2,1024,1024,0,aligned128,contiguous,none,128,zero,none,direct,low,0,124,0,0,ok,tmau_cold_first_use_fresh_allocation,model_default,0x0,0x90003000,0x0,0xc2cd6bf5d6dbbee6,0,patch_descriptor_write,0,cold
Ventus,rtlsim,layout,swizzle,swizzle128_s2g_b1024_swz,tensor,s2g,u8,8,2,1024,1024,0,aligned128,contiguous,none,128,zero,none,direct,low,1,125,0,0,ok,tmau_hot_reuse,model_default,0x0,0x90003000,0x0,0xc2cd6bf5d6dbbee6,1,patch_descriptor_write,0,hot
Ventus,rtlsim,layout,swizzle,swizzle128_roundtrip_b1024_plain,tensor,roundtrip,u8,8,2,1024,1024,0,aligned128,contiguous,none,none,zero,none,direct,low,0,258,0,0,ok,tmau_cold_first_use_fresh_allocation,model_default,0x90000000,0x90003000,0xdebba422831d699a,0x5ef31498d6de1bea,0,patch_descriptor_write,0,cold
Ventus,rtlsim,layout,swizzle,swizzle128_roundtrip_b1024_plain,tensor,roundtrip,u8,8,2,1024,1024,0,aligned128,contiguous,none,none,zero,none,direct,low,1,222,0,0,ok,tmau_hot_reuse,model_default,0x90000000,0x90003000,0xdebba422831d699a,0x5ef31498d6de1bea,1,patch_descriptor_write,0,hot
Ventus,rtlsim,layout,swizzle,swizzle128_roundtrip_b1024_swz,tensor,roundtrip,u8,8,2,1024,1024,0,aligned128,contiguous,none,128,zero,none,direct,low,0,258,0,0,ok,tmau_cold_first_use_fresh_allocation,model_default,0x90000000,0x90003000,0xd199c5e68f176316,0xc2cd6bf5d6dbbee6,0,patch_descriptor_write,0,cold
Ventus,rtlsim,layout,swizzle,swizzle128_roundtrip_b1024_swz,tensor,roundtrip,u8,8,2,1024,1024,0,aligned128,contiguous,none,128,zero,none,direct,low,1,222,0,0,ok,tmau_hot_reuse,model_default,0x90000000,0x90003000,0xd199c5e68f176316,0xc2cd6bf5d6dbbee6,1,patch_descriptor_write,0,hot
Ventus,rtlsim,layout,swizzle,swizzle128_g2s_b4096_plain,tensor,g2s,u8,8,3,4096,4096,0,aligned128,contiguous,none,none,zero,none,direct,low,0,211,0,0,ok,tmau_cold_first_use_fresh_allocation,model_default,0x90000000,0x0,0xd05e2d0bbac200af,0x0,0,patch_descriptor_write,0,cold
Ventus,rtlsim,layout,swizzle,swizzle128_g2s_b4096_plain,tensor,g2s,u8,8,3,4096,4096,0,aligned128,contiguous,none,none,zero,none,direct,low,1,163,0,0,ok,tmau_hot_reuse,model_default,0x90000000,0x0,0xd05e2d0bbac200af,0x0,1,patch_descriptor_write,0,hot
Ventus,rtlsim,layout,swizzle,swizzle128_g2s_b4096_swz,tensor,g2s,u8,8,3,4096,4096,0,aligned128,contiguous,none,128,zero,none,direct,low,0,211,0,0,ok,tmau_cold_first_use_fresh_allocation,model_default,0x90000000,0x0,0x2156dc4f9beaf843,0x0,0,patch_descriptor_write,0,cold
Ventus,rtlsim,layout,swizzle,swizzle128_g2s_b4096_swz,tensor,g2s,u8,8,3,4096,4096,0,aligned128,contiguous,none,128,zero,none,direct,low,1,163,0,0,ok,tmau_hot_reuse,model_default,0x90000000,0x0,0x2156dc4f9beaf843,0x0,1,patch_descriptor_write,0,hot
Ventus,rtlsim,layout,swizzle,swizzle128_s2g_b4096_plain,tensor,s2g,u8,8,3,4096,4096,0,aligned128,contiguous,none,none,zero,none,direct,low,0,205,0,0,ok,tmau_cold_first_use_fresh_allocation,model_default,0x0,0x90004000,0x0,0x785864ecf9ccb46f,0,patch_descriptor_write,0,cold
Ventus,rtlsim,layout,swizzle,swizzle128_s2g_b4096_plain,tensor,s2g,u8,8,3,4096,4096,0,aligned128,contiguous,none,none,zero,none,direct,low,1,187,0,0,ok,tmau_hot_reuse,model_default,0x0,0x90004000,0x0,0x785864ecf9ccb46f,1,patch_descriptor_write,0,hot
Ventus,rtlsim,layout,swizzle,swizzle128_s2g_b4096_swz,tensor,s2g,u8,8,3,4096,4096,0,aligned128,contiguous,none,128,zero,none,direct,low,0,205,0,0,ok,tmau_cold_first_use_fresh_allocation,model_default,0x0,0x90004000,0x0,0xe1b98768bc8f7683,0,patch_descriptor_write,0,cold
Ventus,rtlsim,layout,swizzle,swizzle128_s2g_b4096_swz,tensor,s2g,u8,8,3,4096,4096,0,aligned128,contiguous,none,128,zero,none,direct,low,1,187,0,0,ok,tmau_hot_reuse,model_default,0x0,0x90004000,0x0,0xe1b98768bc8f7683,1,patch_descriptor_write,0,hot
Ventus,rtlsim,layout,swizzle,swizzle128_roundtrip_b4096_plain,tensor,roundtrip,u8,8,3,4096,4096,0,aligned128,contiguous,none,none,zero,none,direct,low,0,400,0,0,ok,tmau_cold_first_use_fresh_allocation,model_default,0x90000000,0x90004000,0xd05e2d0bbac200af,0x785864ecf9ccb46f,0,patch_descriptor_write,0,cold
Ventus,rtlsim,layout,swizzle,swizzle128_roundtrip_b4096_plain,tensor,roundtrip,u8,8,3,4096,4096,0,aligned128,contiguous,none,none,zero,none,direct,low,1,333,0,0,ok,tmau_hot_reuse,model_default,0x90000000,0x90004000,0xd05e2d0bbac200af,0x785864ecf9ccb46f,1,patch_descriptor_write,0,hot
Ventus,rtlsim,layout,swizzle,swizzle128_roundtrip_b4096_swz,tensor,roundtrip,u8,8,3,4096,4096,0,aligned128,contiguous,none,128,zero,none,direct,low,0,400,0,0,ok,tmau_cold_first_use_fresh_allocation,model_default,0x90000000,0x90004000,0x2156dc4f9beaf843,0xe1b98768bc8f7683,0,patch_descriptor_write,0,cold
Ventus,rtlsim,layout,swizzle,swizzle128_roundtrip_b4096_swz,tensor,roundtrip,u8,8,3,4096,4096,0,aligned128,contiguous,none,128,zero,none,direct,low,1,333,0,0,ok,tmau_hot_reuse,model_default,0x90000000,0x90004000,0x2156dc4f9beaf843,0xe1b98768bc8f7683,1,patch_descriptor_write,0,hot
Ventus,rtlsim,layout,swizzle,swizzle128_g2s_b16384_plain,tensor,g2s,u8,8,3,16384,16384,0,aligned128,contiguous,none,none,zero,none,direct,low,0,420,0,0,ok,tmau_cold_first_use_fresh_allocation,model_default,0x90000000,0x0,0x115d90d51f382703,0x0,0,patch_descriptor_write,0,cold
Ventus,rtlsim,layout,swizzle,swizzle128_g2s_b16384_plain,tensor,g2s,u8,8,3,16384,16384,0,aligned128,contiguous,none,none,zero,none,direct,low,1,356,0,0,ok,tmau_hot_reuse,model_default,0x90000000,0x0,0x115d90d51f382703,0x0,1,patch_descriptor_write,0,hot
Ventus,rtlsim,layout,swizzle,swizzle128_g2s_b16384_swz,tensor,g2s,u8,8,3,16384,16384,0,aligned128,contiguous,none,128,zero,none,direct,low,0,420,0,0,ok,tmau_cold_first_use_fresh_allocation,model_default,0x90000000,0x0,0xf70d7e1d3233516f,0x0,0,patch_descriptor_write,0,cold
Ventus,rtlsim,layout,swizzle,swizzle128_g2s_b16384_swz,tensor,g2s,u8,8,3,16384,16384,0,aligned128,contiguous,none,128,zero,none,direct,low,1,360,0,0,ok,tmau_hot_reuse,model_default,0x90000000,0x0,0xf70d7e1d3233516f,0x0,1,patch_descriptor_write,0,hot
Ventus,rtlsim,layout,swizzle,swizzle128_s2g_b16384_plain,tensor,s2g,u8,8,3,16384,16384,0,aligned128,contiguous,none,none,zero,none,direct,low,0,491,0,0,ok,tmau_cold_first_use_fresh_allocation,model_default,0x0,0x90002000,0x0,0xd168a862c6435083,0,patch_descriptor_write,0,cold
Ventus,rtlsim,layout,swizzle,swizzle128_s2g_b16384_plain,tensor,s2g,u8,8,3,16384,16384,0,aligned128,contiguous,none,none,zero,none,direct,low,1,479,0,0,ok,tmau_hot_reuse,model_default,0x0,0x90002000,0x0,0xd168a862c6435083,1,patch_descriptor_write,0,hot
Ventus,rtlsim,layout,swizzle,swizzle128_s2g_b16384_swz,tensor,s2g,u8,8,3,16384,16384,0,aligned128,contiguous,none,128,zero,none,direct,low,0,491,0,0,ok,tmau_cold_first_use_fresh_allocation,model_default,0x0,0x90002000,0x0,0x14821b6f789a5cef,0,patch_descriptor_write,0,cold
Ventus,rtlsim,layout,swizzle,swizzle128_s2g_b16384_swz,tensor,s2g,u8,8,3,16384,16384,0,aligned128,contiguous,none,128,zero,none,direct,low,1,479,0,0,ok,tmau_hot_reuse,model_default,0x0,0x90002000,0x0,0x14821b6f789a5cef,1,patch_descriptor_write,0,hot
Ventus,rtlsim,layout,swizzle,swizzle128_roundtrip_b16384_plain,tensor,roundtrip,u8,8,3,16384,16384,0,aligned128,contiguous,none,none,zero,none,direct,low,0,895,0,0,ok,tmau_cold_first_use_fresh_allocation,model_default,0x90000000,0x90002000,0x115d90d51f382703,0xd168a862c6435083,0,patch_descriptor_write,0,cold
Ventus,rtlsim,layout,swizzle,swizzle128_roundtrip_b16384_plain,tensor,roundtrip,u8,8,3,16384,16384,0,aligned128,contiguous,none,none,zero,none,direct,low,1,824,0,0,ok,tmau_hot_reuse,model_default,0x90000000,0x90002000,0x115d90d51f382703,0xd168a862c6435083,1,patch_descriptor_write,0,hot
Ventus,rtlsim,layout,swizzle,swizzle128_roundtrip_b16384_swz,tensor,roundtrip,u8,8,3,16384,16384,0,aligned128,contiguous,none,128,zero,none,direct,low,0,895,0,0,ok,tmau_cold_first_use_fresh_allocation,model_default,0x90000000,0x90002000,0xf70d7e1d3233516f,0x14821b6f789a5cef,0,patch_descriptor_write,0,cold
Ventus,rtlsim,layout,swizzle,swizzle128_roundtrip_b16384_swz,tensor,roundtrip,u8,8,3,16384,16384,0,aligned128,contiguous,none,128,zero,none,direct,low,1,818,0,0,ok,tmau_hot_reuse,model_default,0x90000000,0x90002000,0xf70d7e1d3233516f,0x14821b6f789a5cef,1,patch_descriptor_write,0,hot
Ventus,rtlsim,interleave16,interleave,interleave16_g2s_b1024_plain,tensor,g2s,u16,16,3,1024,1024,0,aligned128,contiguous,none,none,zero,none,direct,low,0,151,0,0,ok,tmau_cold_first_use_fresh_allocation,model_default,0x90000000,0x0,0x71f138fecf3900fa,0x0,0,patch_descriptor_write,0,cold
Ventus,rtlsim,interleave16,interleave,interleave16_g2s_b1024_plain,tensor,g2s,u16,16,3,1024,1024,0,aligned128,contiguous,none,none,zero,none,direct,low,1,115,0,0,ok,tmau_hot_reuse,model_default,0x90000000,0x0,0x71f138fecf3900fa,0x0,1,patch_descriptor_write,0,hot
Ventus,rtlsim,interleave16,interleave,interleave16_g2s_b1024_int,tensor,g2s,u16,16,3,1024,1024,0,aligned128,contiguous,16,none,zero,none,direct,medium,0,151,0,0,ok,tmau_cold_first_use_fresh_allocation,model_default,0x90000000,0x0,0x94510b49877e46b1,0x0,0,patch_descriptor_write,0,cold
Ventus,rtlsim,interleave16,interleave,interleave16_g2s_b1024_int,tensor,g2s,u16,16,3,1024,1024,0,aligned128,contiguous,16,none,zero,none,direct,medium,1,115,0,0,ok,tmau_hot_reuse,model_default,0x90000000,0x0,0x94510b49877e46b1,0x0,1,patch_descriptor_write,0,hot
Ventus,rtlsim,interleave16,interleave,interleave16_s2g_b1024_plain,tensor,s2g,u16,16,3,1024,1024,0,aligned128,contiguous,none,none,zero,none,direct,low,0,125,0,0,ok,tmau_cold_first_use_fresh_allocation,model_default,0x0,0x90003000,0x0,0x9027a9471a621c4a,0,patch_descriptor_write,0,cold
Ventus,rtlsim,interleave16,interleave,interleave16_s2g_b1024_plain,tensor,s2g,u16,16,3,1024,1024,0,aligned128,contiguous,none,none,zero,none,direct,low,1,126,0,0,ok,tmau_hot_reuse,model_default,0x0,0x90003000,0x0,0x9027a9471a621c4a,1,patch_descriptor_write,0,hot
Ventus,rtlsim,interleave16,interleave,interleave16_s2g_b1024_int,tensor,s2g,u16,16,3,1024,1024,0,aligned128,contiguous,16,none,zero,none,direct,medium,0,125,0,0,ok,tmau_cold_first_use_fresh_allocation,model_default,0x0,0x90003000,0x0,0xd1b00ebd8d5295e1,0,patch_descriptor_write,0,cold
Ventus,rtlsim,interleave16,interleave,interleave16_s2g_b1024_int,tensor,s2g,u16,16,3,1024,1024,0,aligned128,contiguous,16,none,zero,none,direct,medium,1,126,0,0,ok,tmau_hot_reuse,model_default,0x0,0x90003000,0x0,0xd1b00ebd8d5295e1,1,patch_descriptor_write,0,hot
Ventus,rtlsim,interleave16,interleave,interleave16_roundtrip_b1024_plain,tensor,roundtrip,u16,16,3,1024,1024,0,aligned128,contiguous,none,none,zero,none,direct,low,0,260,0,0,ok,tmau_cold_first_use_fresh_allocation,model_default,0x90000000,0x90003000,0x71f138fecf3900fa,0x9027a9471a621c4a,0,patch_descriptor_write,0,cold
Ventus,rtlsim,interleave16,interleave,interleave16_roundtrip_b1024_plain,tensor,roundtrip,u16,16,3,1024,1024,0,aligned128,contiguous,none,none,zero,none,direct,low,1,224,0,0,ok,tmau_hot_reuse,model_default,0x90000000,0x90003000,0x71f138fecf3900fa,0x9027a9471a621c4a,1,patch_descriptor_write,0,hot
Ventus,rtlsim,interleave16,interleave,interleave16_roundtrip_b1024_int,tensor,roundtrip,u16,16,3,1024,1024,0,aligned128,contiguous,16,none,zero,none,direct,medium,0,260,0,0,ok,tmau_cold_first_use_fresh_allocation,model_default,0x90000000,0x90003000,0x94510b49877e46b1,0xd1b00ebd8d5295e1,0,patch_descriptor_write,0,cold
Ventus,rtlsim,interleave16,interleave,interleave16_roundtrip_b1024_int,tensor,roundtrip,u16,16,3,1024,1024,0,aligned128,contiguous,16,none,zero,none,direct,medium,1,224,0,0,ok,tmau_hot_reuse,model_default,0x90000000,0x90003000,0x94510b49877e46b1,0xd1b00ebd8d5295e1,1,patch_descriptor_write,0,hot
Ventus,rtlsim,interleave16,interleave,interleave16_g2s_b4096_plain,tensor,g2s,u16,16,3,4096,4096,0,aligned128,contiguous,none,none,zero,none,direct,low,0,211,0,0,ok,tmau_cold_first_use_fresh_allocation,model_default,0x90000000,0x0,0x456d7e40bf3a37a,0x0,0,patch_descriptor_write,0,cold
Ventus,rtlsim,interleave16,interleave,interleave16_g2s_b4096_plain,tensor,g2s,u16,16,3,4096,4096,0,aligned128,contiguous,none,none,zero,none,direct,low,1,163,0,0,ok,tmau_hot_reuse,model_default,0x90000000,0x0,0x456d7e40bf3a37a,0x0,1,patch_descriptor_write,0,hot
Ventus,rtlsim,interleave16,interleave,interleave16_g2s_b4096_int,tensor,g2s,u16,16,3,4096,4096,0,aligned128,contiguous,16,none,zero,none,direct,medium,0,211,0,0,ok,tmau_cold_first_use_fresh_allocation,model_default,0x90000000,0x0,0x1eb6c644ac3a431,0x0,0,patch_descriptor_write,0,cold
Ventus,rtlsim,interleave16,interleave,interleave16_g2s_b4096_int,tensor,g2s,u16,16,3,4096,4096,0,aligned128,contiguous,16,none,zero,none,direct,medium,1,163,0,0,ok,tmau_hot_reuse,model_default,0x90000000,0x0,0x1eb6c644ac3a431,0x0,1,patch_descriptor_write,0,hot
Ventus,rtlsim,interleave16,interleave,interleave16_s2g_b4096_plain,tensor,s2g,u16,16,3,4096,4096,0,aligned128,contiguous,none,none,zero,none,direct,low,0,205,0,0,ok,tmau_cold_first_use_fresh_allocation,model_default,0x0,0x90004000,0x0,0xe3d4ae4e76bc583a,0,patch_descriptor_write,0,cold
Ventus,rtlsim,interleave16,interleave,interleave16_s2g_b4096_plain,tensor,s2g,u16,16,3,4096,4096,0,aligned128,contiguous,none,none,zero,none,direct,low,1,187,0,0,ok,tmau_hot_reuse,model_default,0x0,0x90004000,0x0,0xe3d4ae4e76bc583a,1,patch_descriptor_write,0,hot
Ventus,rtlsim,interleave16,interleave,interleave16_s2g_b4096_int,tensor,s2g,u16,16,3,4096,4096,0,aligned128,contiguous,16,none,zero,none,direct,medium,0,205,0,0,ok,tmau_cold_first_use_fresh_allocation,model_default,0x0,0x90004000,0x0,0x7e0309b630f859f1,0,patch_descriptor_write,0,cold
Ventus,rtlsim,interleave16,interleave,interleave16_s2g_b4096_int,tensor,s2g,u16,16,3,4096,4096,0,aligned128,contiguous,16,none,zero,none,direct,medium,1,187,0,0,ok,tmau_hot_reuse,model_default,0x0,0x90004000,0x0,0x7e0309b630f859f1,1,patch_descriptor_write,0,hot
Ventus,rtlsim,interleave16,interleave,interleave16_roundtrip_b4096_plain,tensor,roundtrip,u16,16,3,4096,4096,0,aligned128,contiguous,none,none,zero,none,direct,low,0,400,0,0,ok,tmau_cold_first_use_fresh_allocation,model_default,0x90000000,0x90004000,0x456d7e40bf3a37a,0xe3d4ae4e76bc583a,0,patch_descriptor_write,0,cold
Ventus,rtlsim,interleave16,interleave,interleave16_roundtrip_b4096_plain,tensor,roundtrip,u16,16,3,4096,4096,0,aligned128,contiguous,none,none,zero,none,direct,low,1,333,0,0,ok,tmau_hot_reuse,model_default,0x90000000,0x90004000,0x456d7e40bf3a37a,0xe3d4ae4e76bc583a,1,patch_descriptor_write,0,hot
Ventus,rtlsim,interleave16,interleave,interleave16_roundtrip_b4096_int,tensor,roundtrip,u16,16,3,4096,4096,0,aligned128,contiguous,16,none,zero,none,direct,medium,0,400,0,0,ok,tmau_cold_first_use_fresh_allocation,model_default,0x90000000,0x90004000,0x1eb6c644ac3a431,0x7e0309b630f859f1,0,patch_descriptor_write,0,cold
Ventus,rtlsim,interleave16,interleave,interleave16_roundtrip_b4096_int,tensor,roundtrip,u16,16,3,4096,4096,0,aligned128,contiguous,16,none,zero,none,direct,medium,1,333,0,0,ok,tmau_hot_reuse,model_default,0x90000000,0x90004000,0x1eb6c644ac3a431,0x7e0309b630f859f1,1,patch_descriptor_write,0,hot
Ventus,rtlsim,interleave16,interleave,interleave16_g2s_b16384_plain,tensor,g2s,u16,16,3,16384,16384,0,aligned128,contiguous,none,none,zero,none,direct,low,0,420,0,0,ok,tmau_cold_first_use_fresh_allocation,model_default,0x90000000,0x0,0x6213e1adca12f4da,0x0,0,patch_descriptor_write,0,cold
Ventus,rtlsim,interleave16,interleave,interleave16_g2s_b16384_plain,tensor,g2s,u16,16,3,16384,16384,0,aligned128,contiguous,none,none,zero,none,direct,low,1,355,0,0,ok,tmau_hot_reuse,model_default,0x90000000,0x0,0x6213e1adca12f4da,0x0,1,patch_descriptor_write,0,hot
Ventus,rtlsim,interleave16,interleave,interleave16_g2s_b16384_int,tensor,g2s,u16,16,3,16384,16384,0,aligned128,contiguous,16,none,zero,none,direct,medium,0,420,0,0,ok,tmau_cold_first_use_fresh_allocation,model_default,0x90000000,0x0,0x8a594455cd000f51,0x0,0,patch_descriptor_write,0,cold
Ventus,rtlsim,interleave16,interleave,interleave16_g2s_b16384_int,tensor,g2s,u16,16,3,16384,16384,0,aligned128,contiguous,16,none,zero,none,direct,medium,1,360,0,0,ok,tmau_hot_reuse,model_default,0x90000000,0x0,0x8a594455cd000f51,0x0,1,patch_descriptor_write,0,hot
Ventus,rtlsim,interleave16,interleave,interleave16_s2g_b16384_plain,tensor,s2g,u16,16,3,16384,16384,0,aligned128,contiguous,none,none,zero,none,direct,low,0,491,0,0,ok,tmau_cold_first_use_fresh_allocation,model_default,0x0,0x90002000,0x0,0x1edc10457529655a,0,patch_descriptor_write,0,cold
Ventus,rtlsim,interleave16,interleave,interleave16_s2g_b16384_plain,tensor,s2g,u16,16,3,16384,16384,0,aligned128,contiguous,none,none,zero,none,direct,low,1,479,0,0,ok,tmau_hot_reuse,model_default,0x0,0x90002000,0x0,0x1edc10457529655a,1,patch_descriptor_write,0,hot
Ventus,rtlsim,interleave16,interleave,interleave16_s2g_b16384_int,tensor,s2g,u16,16,3,16384,16384,0,aligned128,contiguous,16,none,zero,none,direct,medium,0,491,0,0,ok,tmau_cold_first_use_fresh_allocation,model_default,0x0,0x90002000,0x0,0xb86639c0432cfad1,0,patch_descriptor_write,0,cold
Ventus,rtlsim,interleave16,interleave,interleave16_s2g_b16384_int,tensor,s2g,u16,16,3,16384,16384,0,aligned128,contiguous,16,none,zero,none,direct,medium,1,479,0,0,ok,tmau_hot_reuse,model_default,0x0,0x90002000,0x0,0xb86639c0432cfad1,1,patch_descriptor_write,0,hot
Ventus,rtlsim,interleave16,interleave,interleave16_roundtrip_b16384_plain,tensor,roundtrip,u16,16,3,16384,16384,0,aligned128,contiguous,none,none,zero,none,direct,low,0,895,0,0,ok,tmau_cold_first_use_fresh_allocation,model_default,0x90000000,0x90002000,0x6213e1adca12f4da,0x1edc10457529655a,0,patch_descriptor_write,0,cold
Ventus,rtlsim,interleave16,interleave,interleave16_roundtrip_b16384_plain,tensor,roundtrip,u16,16,3,16384,16384,0,aligned128,contiguous,none,none,zero,none,direct,low,1,817,0,0,ok,tmau_hot_reuse,model_default,0x90000000,0x90002000,0x6213e1adca12f4da,0x1edc10457529655a,1,patch_descriptor_write,0,hot
Ventus,rtlsim,interleave16,interleave,interleave16_roundtrip_b16384_int,tensor,roundtrip,u16,16,3,16384,16384,0,aligned128,contiguous,16,none,zero,none,direct,medium,0,895,0,0,ok,tmau_cold_first_use_fresh_allocation,model_default,0x90000000,0x90002000,0x8a594455cd000f51,0xb86639c0432cfad1,0,patch_descriptor_write,0,cold
Ventus,rtlsim,interleave16,interleave,interleave16_roundtrip_b16384_int,tensor,roundtrip,u16,16,3,16384,16384,0,aligned128,contiguous,16,none,zero,none,direct,medium,1,817,0,0,ok,tmau_hot_reuse,model_default,0x90000000,0x90002000,0x8a594455cd000f51,0xb86639c0432cfad1,1,patch_descriptor_write,0,hot
