gpu,cc,l2_bytes,shard,family,case_id,path,direction,dtype,dtype_bits,rank,logical_bytes,global_span,global_offset,alignment_class,stride_class,interleave,swizzle,oob_fill,reduce_op,descriptor_mode,risk,repeat,cycles,event_ns,errors,status,descriptor_state,payload_state,source_descriptor_va,destination_descriptor_va,source_descriptor_fingerprint64,destination_descriptor_fingerprint64,prior_tma_use,descriptor_l2_warm_method,tma_prefetch_before_issue,pair_role
NVIDIA H100 80GB HBM3,9.0,52428800,tensor_2d_length,tensor_2d_length_u8_row32,tensor_2d_length_g2s_u8_row32_b32,tensor,g2s,u8,8,2,32,32,0,aligned128,contiguous,none,none,zero,none,direct,low,0,739,17519.999,0,ok,tmau_cold_first_use_l2_hot,l2_hot,0x00002afcb9e00000,0x0000000000000000,0xeed9696a23c9fbd5,0x0000000000000000,0,ld.global.cg,0,cold
NVIDIA H100 80GB HBM3,9.0,52428800,tensor_2d_length,tensor_2d_length_u8_row32,tensor_2d_length_g2s_u8_row32_b32,tensor,g2s,u8,8,2,32,32,0,aligned128,contiguous,none,none,zero,none,direct,low,1,454,17519.999,0,ok,tmau_hot_reuse,l2_hot,0x00002afcb9e00000,0x0000000000000000,0xeed9696a23c9fbd5,0x0000000000000000,1,ld.global.cg,0,hot
NVIDIA H100 80GB HBM3,9.0,52428800,tensor_2d_length,tensor_2d_length_u8_row32,tensor_2d_length_g2s_u8_row32_b64,tensor,g2s,u8,8,2,64,64,0,aligned128,contiguous,none,none,zero,none,direct,low,0,612,5872.000,0,ok,tmau_cold_first_use_l2_hot,l2_hot,0x00002afcb9e01000,0x0000000000000000,0x306f39e762607ac5,0x0000000000000000,0,ld.global.cg,0,cold
NVIDIA H100 80GB HBM3,9.0,52428800,tensor_2d_length,tensor_2d_length_u8_row32,tensor_2d_length_g2s_u8_row32_b64,tensor,g2s,u8,8,2,64,64,0,aligned128,contiguous,none,none,zero,none,direct,low,1,456,5872.000,0,ok,tmau_hot_reuse,l2_hot,0x00002afcb9e01000,0x0000000000000000,0x306f39e762607ac5,0x0000000000000000,1,ld.global.cg,0,hot
NVIDIA H100 80GB HBM3,9.0,52428800,tensor_2d_length,tensor_2d_length_u8_row32,tensor_2d_length_g2s_u8_row32_b96,tensor,g2s,u8,8,2,96,96,0,aligned128,contiguous,none,none,zero,none,direct,low,0,612,4880.000,0,ok,tmau_cold_first_use_l2_hot,l2_hot,0x00002afcb9e02000,0x0000000000000000,0xdd5bdff26e06b86a,0x0000000000000000,0,ld.global.cg,0,cold
NVIDIA H100 80GB HBM3,9.0,52428800,tensor_2d_length,tensor_2d_length_u8_row32,tensor_2d_length_g2s_u8_row32_b96,tensor,g2s,u8,8,2,96,96,0,aligned128,contiguous,none,none,zero,none,direct,low,1,454,4880.000,0,ok,tmau_hot_reuse,l2_hot,0x00002afcb9e02000,0x0000000000000000,0xdd5bdff26e06b86a,0x0000000000000000,1,ld.global.cg,0,hot
NVIDIA H100 80GB HBM3,9.0,52428800,tensor_2d_length,tensor_2d_length_u8_row32,tensor_2d_length_g2s_u8_row32_b128,tensor,g2s,u8,8,2,128,128,0,aligned128,contiguous,none,none,zero,none,direct,low,0,612,4800.000,0,ok,tmau_cold_first_use_l2_hot,l2_hot,0x00002afcb9e03000,0x0000000000000000,0x46832a6f4420fdba,0x0000000000000000,0,ld.global.cg,0,cold
NVIDIA H100 80GB HBM3,9.0,52428800,tensor_2d_length,tensor_2d_length_u8_row32,tensor_2d_length_g2s_u8_row32_b128,tensor,g2s,u8,8,2,128,128,0,aligned128,contiguous,none,none,zero,none,direct,low,1,454,4800.000,0,ok,tmau_hot_reuse,l2_hot,0x00002afcb9e03000,0x0000000000000000,0x46832a6f4420fdba,0x0000000000000000,1,ld.global.cg,0,hot
NVIDIA H100 80GB HBM3,9.0,52428800,tensor_2d_length,tensor_2d_length_u8_row32,tensor_2d_length_g2s_u8_row32_b160,tensor,g2s,u8,8,2,160,160,0,aligned128,contiguous,none,none,zero,none,direct,low,0,750,4576.000,0,ok,tmau_cold_first_use_l2_hot,l2_hot,0x00002afcb9e04000,0x0000000000000000,0x6f1ad58a2f6956bf,0x0000000000000000,0,ld.global.cg,0,cold
NVIDIA H100 80GB HBM3,9.0,52428800,tensor_2d_length,tensor_2d_length_u8_row32,tensor_2d_length_g2s_u8_row32_b160,tensor,g2s,u8,8,2,160,160,0,aligned128,contiguous,none,none,zero,none,direct,low,1,454,4576.000,0,ok,tmau_hot_reuse,l2_hot,0x00002afcb9e04000,0x0000000000000000,0x6f1ad58a2f6956bf,0x0000000000000000,1,ld.global.cg,0,hot
NVIDIA H100 80GB HBM3,9.0,52428800,tensor_2d_length,tensor_2d_length_u8_row32,tensor_2d_length_g2s_u8_row32_b192,tensor,g2s,u8,8,2,192,192,0,aligned128,contiguous,none,none,zero,none,direct,low,0,750,4672.000,0,ok,tmau_cold_first_use_l2_hot,l2_hot,0x00002afcb9e05000,0x0000000000000000,0xe62245d4fb0fe170,0x0000000000000000,0,ld.global.cg,0,cold
NVIDIA H100 80GB HBM3,9.0,52428800,tensor_2d_length,tensor_2d_length_u8_row32,tensor_2d_length_g2s_u8_row32_b192,tensor,g2s,u8,8,2,192,192,0,aligned128,contiguous,none,none,zero,none,direct,low,1,454,4672.000,0,ok,tmau_hot_reuse,l2_hot,0x00002afcb9e05000,0x0000000000000000,0xe62245d4fb0fe170,0x0000000000000000,1,ld.global.cg,0,hot
NVIDIA H100 80GB HBM3,9.0,52428800,tensor_2d_length,tensor_2d_length_u8_row32,tensor_2d_length_g2s_u8_row32_b224,tensor,g2s,u8,8,2,224,224,0,aligned128,contiguous,none,none,zero,none,direct,low,0,602,4672.000,0,ok,tmau_cold_first_use_l2_hot,l2_hot,0x00002afcb9e06000,0x0000000000000000,0x98af1e62d38506dd,0x0000000000000000,0,ld.global.cg,0,cold
NVIDIA H100 80GB HBM3,9.0,52428800,tensor_2d_length,tensor_2d_length_u8_row32,tensor_2d_length_g2s_u8_row32_b224,tensor,g2s,u8,8,2,224,224,0,aligned128,contiguous,none,none,zero,none,direct,low,1,454,4672.000,0,ok,tmau_hot_reuse,l2_hot,0x00002afcb9e06000,0x0000000000000000,0x98af1e62d38506dd,0x0000000000000000,1,ld.global.cg,0,hot
NVIDIA H100 80GB HBM3,9.0,52428800,tensor_2d_length,tensor_2d_length_u8_row32,tensor_2d_length_g2s_u8_row32_b256,tensor,g2s,u8,8,2,256,256,0,aligned128,contiguous,none,none,zero,none,direct,low,0,602,4576.000,0,ok,tmau_cold_first_use_l2_hot,l2_hot,0x00002afcb9e07000,0x0000000000000000,0xf90b3ffc3fa67859,0x0000000000000000,0,ld.global.cg,0,cold
NVIDIA H100 80GB HBM3,9.0,52428800,tensor_2d_length,tensor_2d_length_u8_row32,tensor_2d_length_g2s_u8_row32_b256,tensor,g2s,u8,8,2,256,256,0,aligned128,contiguous,none,none,zero,none,direct,low,1,454,4576.000,0,ok,tmau_hot_reuse,l2_hot,0x00002afcb9e07000,0x0000000000000000,0xf90b3ffc3fa67859,0x0000000000000000,1,ld.global.cg,0,hot
NVIDIA H100 80GB HBM3,9.0,52428800,tensor_2d_length,tensor_2d_length_u8_row32,tensor_2d_length_g2s_u8_row32_b288,tensor,g2s,u8,8,2,288,288,0,aligned128,contiguous,none,none,zero,none,direct,low,0,636,4640.000,0,ok,tmau_cold_first_use_l2_hot,l2_hot,0x00002afcb9e08000,0x0000000000000000,0xfb26a0ba219d8b40,0x0000000000000000,0,ld.global.cg,0,cold
NVIDIA H100 80GB HBM3,9.0,52428800,tensor_2d_length,tensor_2d_length_u8_row32,tensor_2d_length_g2s_u8_row32_b288,tensor,g2s,u8,8,2,288,288,0,aligned128,contiguous,none,none,zero,none,direct,low,1,454,4640.000,0,ok,tmau_hot_reuse,l2_hot,0x00002afcb9e08000,0x0000000000000000,0xfb26a0ba219d8b40,0x0000000000000000,1,ld.global.cg,0,hot
NVIDIA H100 80GB HBM3,9.0,52428800,tensor_2d_length,tensor_2d_length_u8_row32,tensor_2d_length_g2s_u8_row32_b320,tensor,g2s,u8,8,2,320,320,0,aligned128,contiguous,none,none,zero,none,direct,low,0,760,4480.000,0,ok,tmau_cold_first_use_l2_hot,l2_hot,0x00002afcb9e09000,0x0000000000000000,0x46b59fe1a2579d7f,0x0000000000000000,0,ld.global.cg,0,cold
NVIDIA H100 80GB HBM3,9.0,52428800,tensor_2d_length,tensor_2d_length_u8_row32,tensor_2d_length_g2s_u8_row32_b320,tensor,g2s,u8,8,2,320,320,0,aligned128,contiguous,none,none,zero,none,direct,low,1,454,4480.000,0,ok,tmau_hot_reuse,l2_hot,0x00002afcb9e09000,0x0000000000000000,0x46b59fe1a2579d7f,0x0000000000000000,1,ld.global.cg,0,hot
NVIDIA H100 80GB HBM3,9.0,52428800,tensor_2d_length,tensor_2d_length_u8_row32,tensor_2d_length_g2s_u8_row32_b352,tensor,g2s,u8,8,2,352,352,0,aligned128,contiguous,none,none,zero,none,direct,low,0,760,4944.000,0,ok,tmau_cold_first_use_l2_hot,l2_hot,0x00002afcb9e0a000,0x0000000000000000,0x4cac058778ee1e0d,0x0000000000000000,0,ld.global.cg,0,cold
NVIDIA H100 80GB HBM3,9.0,52428800,tensor_2d_length,tensor_2d_length_u8_row32,tensor_2d_length_g2s_u8_row32_b352,tensor,g2s,u8,8,2,352,352,0,aligned128,contiguous,none,none,zero,none,direct,low,1,454,4944.000,0,ok,tmau_hot_reuse,l2_hot,0x00002afcb9e0a000,0x0000000000000000,0x4cac058778ee1e0d,0x0000000000000000,1,ld.global.cg,0,hot
NVIDIA H100 80GB HBM3,9.0,52428800,tensor_2d_length,tensor_2d_length_u8_row32,tensor_2d_length_g2s_u8_row32_b384,tensor,g2s,u8,8,2,384,384,0,aligned128,contiguous,none,none,zero,none,direct,low,0,612,4544.000,0,ok,tmau_cold_first_use_l2_hot,l2_hot,0x00002afcb9e0b000,0x0000000000000000,0x012dff5374d93018,0x0000000000000000,0,ld.global.cg,0,cold
NVIDIA H100 80GB HBM3,9.0,52428800,tensor_2d_length,tensor_2d_length_u8_row32,tensor_2d_length_g2s_u8_row32_b384,tensor,g2s,u8,8,2,384,384,0,aligned128,contiguous,none,none,zero,none,direct,low,1,454,4544.000,0,ok,tmau_hot_reuse,l2_hot,0x00002afcb9e0b000,0x0000000000000000,0x012dff5374d93018,0x0000000000000000,1,ld.global.cg,0,hot
NVIDIA H100 80GB HBM3,9.0,52428800,tensor_2d_length,tensor_2d_length_u8_row32,tensor_2d_length_g2s_u8_row32_b416,tensor,g2s,u8,8,2,416,416,0,aligned128,contiguous,none,none,zero,none,direct,low,0,602,4768.000,0,ok,tmau_cold_first_use_l2_hot,l2_hot,0x00002afcb9e0c000,0x0000000000000000,0x3dd1fb78fa0641a6,0x0000000000000000,0,ld.global.cg,0,cold
NVIDIA H100 80GB HBM3,9.0,52428800,tensor_2d_length,tensor_2d_length_u8_row32,tensor_2d_length_g2s_u8_row32_b416,tensor,g2s,u8,8,2,416,416,0,aligned128,contiguous,none,none,zero,none,direct,low,1,454,4768.000,0,ok,tmau_hot_reuse,l2_hot,0x00002afcb9e0c000,0x0000000000000000,0x3dd1fb78fa0641a6,0x0000000000000000,1,ld.global.cg,0,hot
NVIDIA H100 80GB HBM3,9.0,52428800,tensor_2d_length,tensor_2d_length_u8_row32,tensor_2d_length_g2s_u8_row32_b448,tensor,g2s,u8,8,2,448,448,0,aligned128,contiguous,none,none,zero,none,direct,low,0,602,4640.000,0,ok,tmau_cold_first_use_l2_hot,l2_hot,0x00002afcb9e0d000,0x0000000000000000,0xfc08bdb812e68600,0x0000000000000000,0,ld.global.cg,0,cold
NVIDIA H100 80GB HBM3,9.0,52428800,tensor_2d_length,tensor_2d_length_u8_row32,tensor_2d_length_g2s_u8_row32_b448,tensor,g2s,u8,8,2,448,448,0,aligned128,contiguous,none,none,zero,none,direct,low,1,454,4640.000,0,ok,tmau_hot_reuse,l2_hot,0x00002afcb9e0d000,0x0000000000000000,0xfc08bdb812e68600,0x0000000000000000,1,ld.global.cg,0,hot
NVIDIA H100 80GB HBM3,9.0,52428800,tensor_2d_length,tensor_2d_length_u8_row32,tensor_2d_length_g2s_u8_row32_b480,tensor,g2s,u8,8,2,480,480,0,aligned128,contiguous,none,none,zero,none,direct,low,0,602,4432.000,0,ok,tmau_cold_first_use_l2_hot,l2_hot,0x00002afcb9e0e000,0x0000000000000000,0x4e5a97caed6e270e,0x0000000000000000,0,ld.global.cg,0,cold
NVIDIA H100 80GB HBM3,9.0,52428800,tensor_2d_length,tensor_2d_length_u8_row32,tensor_2d_length_g2s_u8_row32_b480,tensor,g2s,u8,8,2,480,480,0,aligned128,contiguous,none,none,zero,none,direct,low,1,454,4432.000,0,ok,tmau_hot_reuse,l2_hot,0x00002afcb9e0e000,0x0000000000000000,0x4e5a97caed6e270e,0x0000000000000000,1,ld.global.cg,0,hot
NVIDIA H100 80GB HBM3,9.0,52428800,tensor_2d_length,tensor_2d_length_u8_row32,tensor_2d_length_g2s_u8_row32_b512,tensor,g2s,u8,8,2,512,512,0,aligned128,contiguous,none,none,zero,none,direct,low,0,602,4944.000,0,ok,tmau_cold_first_use_l2_hot,l2_hot,0x00002afcb9e0f000,0x0000000000000000,0xb63f3973bbe2c111,0x0000000000000000,0,ld.global.cg,0,cold
NVIDIA H100 80GB HBM3,9.0,52428800,tensor_2d_length,tensor_2d_length_u8_row32,tensor_2d_length_g2s_u8_row32_b512,tensor,g2s,u8,8,2,512,512,0,aligned128,contiguous,none,none,zero,none,direct,low,1,454,4944.000,0,ok,tmau_hot_reuse,l2_hot,0x00002afcb9e0f000,0x0000000000000000,0xb63f3973bbe2c111,0x0000000000000000,1,ld.global.cg,0,hot
NVIDIA H100 80GB HBM3,9.0,52428800,tensor_2d_length,tensor_2d_length_u8_row32,tensor_2d_length_g2s_u8_row32_b640,tensor,g2s,u8,8,2,640,640,0,aligned128,contiguous,none,none,zero,none,direct,low,0,637,4000.000,0,ok,tmau_cold_first_use_l2_hot,l2_hot,0x00002afcb9e10000,0x0000000000000000,0xf1158de8a86c441f,0x0000000000000000,0,ld.global.cg,0,cold
NVIDIA H100 80GB HBM3,9.0,52428800,tensor_2d_length,tensor_2d_length_u8_row32,tensor_2d_length_g2s_u8_row32_b640,tensor,g2s,u8,8,2,640,640,0,aligned128,contiguous,none,none,zero,none,direct,low,1,454,4000.000,0,ok,tmau_hot_reuse,l2_hot,0x00002afcb9e10000,0x0000000000000000,0xf1158de8a86c441f,0x0000000000000000,1,ld.global.cg,0,hot
NVIDIA H100 80GB HBM3,9.0,52428800,tensor_2d_length,tensor_2d_length_u8_row32,tensor_2d_length_g2s_u8_row32_b768,tensor,g2s,u8,8,2,768,768,0,aligned128,contiguous,none,none,zero,none,direct,low,0,760,3936.000,0,ok,tmau_cold_first_use_l2_hot,l2_hot,0x00002afcb9e11000,0x0000000000000000,0x009ff60bbf419eba,0x0000000000000000,0,ld.global.cg,0,cold
NVIDIA H100 80GB HBM3,9.0,52428800,tensor_2d_length,tensor_2d_length_u8_row32,tensor_2d_length_g2s_u8_row32_b768,tensor,g2s,u8,8,2,768,768,0,aligned128,contiguous,none,none,zero,none,direct,low,1,454,3936.000,0,ok,tmau_hot_reuse,l2_hot,0x00002afcb9e11000,0x0000000000000000,0x009ff60bbf419eba,0x0000000000000000,1,ld.global.cg,0,hot
NVIDIA H100 80GB HBM3,9.0,52428800,tensor_2d_length,tensor_2d_length_u8_row32,tensor_2d_length_g2s_u8_row32_b896,tensor,g2s,u8,8,2,896,896,0,aligned128,contiguous,none,none,zero,none,direct,low,0,760,4144.000,0,ok,tmau_cold_first_use_l2_hot,l2_hot,0x00002afcb9e12000,0x0000000000000000,0x83700d4e39980977,0x0000000000000000,0,ld.global.cg,0,cold
NVIDIA H100 80GB HBM3,9.0,52428800,tensor_2d_length,tensor_2d_length_u8_row32,tensor_2d_length_g2s_u8_row32_b896,tensor,g2s,u8,8,2,896,896,0,aligned128,contiguous,none,none,zero,none,direct,low,1,454,4144.000,0,ok,tmau_hot_reuse,l2_hot,0x00002afcb9e12000,0x0000000000000000,0x83700d4e39980977,0x0000000000000000,1,ld.global.cg,0,hot
NVIDIA H100 80GB HBM3,9.0,52428800,tensor_2d_length,tensor_2d_length_u8_row32,tensor_2d_length_g2s_u8_row32_b992,tensor,g2s,u8,8,2,992,992,0,aligned128,contiguous,none,none,zero,none,direct,low,0,612,3504.000,0,ok,tmau_cold_first_use_l2_hot,l2_hot,0x00002afcb9e13000,0x0000000000000000,0x761627f88bf9ea0b,0x0000000000000000,0,ld.global.cg,0,cold
NVIDIA H100 80GB HBM3,9.0,52428800,tensor_2d_length,tensor_2d_length_u8_row32,tensor_2d_length_g2s_u8_row32_b992,tensor,g2s,u8,8,2,992,992,0,aligned128,contiguous,none,none,zero,none,direct,low,1,454,3504.000,0,ok,tmau_hot_reuse,l2_hot,0x00002afcb9e13000,0x0000000000000000,0x761627f88bf9ea0b,0x0000000000000000,1,ld.global.cg,0,hot
NVIDIA H100 80GB HBM3,9.0,52428800,tensor_2d_length,tensor_2d_length_u8_row32,tensor_2d_length_g2s_u8_row32_b1024,tensor,g2s,u8,8,2,1024,1024,0,aligned128,contiguous,none,none,zero,none,direct,low,0,750,4464.000,0,ok,tmau_cold_first_use_l2_hot,l2_hot,0x00002afcb9e14000,0x0000000000000000,0x835149c097bacbee,0x0000000000000000,0,ld.global.cg,0,cold
NVIDIA H100 80GB HBM3,9.0,52428800,tensor_2d_length,tensor_2d_length_u8_row32,tensor_2d_length_g2s_u8_row32_b1024,tensor,g2s,u8,8,2,1024,1024,0,aligned128,contiguous,none,none,zero,none,direct,low,1,454,4464.000,0,ok,tmau_hot_reuse,l2_hot,0x00002afcb9e14000,0x0000000000000000,0x835149c097bacbee,0x0000000000000000,1,ld.global.cg,0,hot
NVIDIA H100 80GB HBM3,9.0,52428800,tensor_2d_length,tensor_2d_length_u8_row32,tensor_2d_length_g2s_u8_row32_b1056,tensor,g2s,u8,8,2,1056,1056,0,aligned128,contiguous,none,none,zero,none,direct,low,0,750,4032.000,0,ok,tmau_cold_first_use_l2_hot,l2_hot,0x00002afcb9e15000,0x0000000000000000,0x2aa0df317c31b6fe,0x0000000000000000,0,ld.global.cg,0,cold
NVIDIA H100 80GB HBM3,9.0,52428800,tensor_2d_length,tensor_2d_length_u8_row32,tensor_2d_length_g2s_u8_row32_b1056,tensor,g2s,u8,8,2,1056,1056,0,aligned128,contiguous,none,none,zero,none,direct,low,1,454,4032.000,0,ok,tmau_hot_reuse,l2_hot,0x00002afcb9e15000,0x0000000000000000,0x2aa0df317c31b6fe,0x0000000000000000,1,ld.global.cg,0,hot
NVIDIA H100 80GB HBM3,9.0,52428800,tensor_2d_length,tensor_2d_length_u8_row32,tensor_2d_length_g2s_u8_row32_b1152,tensor,g2s,u8,8,2,1152,1152,0,aligned128,contiguous,none,none,zero,none,direct,low,0,750,4080.000,0,ok,tmau_cold_first_use_l2_hot,l2_hot,0x00002afcb9e16000,0x0000000000000000,0xff81b5809f4253d6,0x0000000000000000,0,ld.global.cg,0,cold
NVIDIA H100 80GB HBM3,9.0,52428800,tensor_2d_length,tensor_2d_length_u8_row32,tensor_2d_length_g2s_u8_row32_b1152,tensor,g2s,u8,8,2,1152,1152,0,aligned128,contiguous,none,none,zero,none,direct,low,1,454,4080.000,0,ok,tmau_hot_reuse,l2_hot,0x00002afcb9e16000,0x0000000000000000,0xff81b5809f4253d6,0x0000000000000000,1,ld.global.cg,0,hot
NVIDIA H100 80GB HBM3,9.0,52428800,tensor_2d_length,tensor_2d_length_u8_row32,tensor_2d_length_g2s_u8_row32_b1280,tensor,g2s,u8,8,2,1280,1280,0,aligned128,contiguous,none,none,zero,none,direct,low,0,750,4320.000,0,ok,tmau_cold_first_use_l2_hot,l2_hot,0x00002afcb9e17000,0x0000000000000000,0x1e9be9b280274670,0x0000000000000000,0,ld.global.cg,0,cold
NVIDIA H100 80GB HBM3,9.0,52428800,tensor_2d_length,tensor_2d_length_u8_row32,tensor_2d_length_g2s_u8_row32_b1280,tensor,g2s,u8,8,2,1280,1280,0,aligned128,contiguous,none,none,zero,none,direct,low,1,454,4320.000,0,ok,tmau_hot_reuse,l2_hot,0x00002afcb9e17000,0x0000000000000000,0x1e9be9b280274670,0x0000000000000000,1,ld.global.cg,0,hot
NVIDIA H100 80GB HBM3,9.0,52428800,tensor_2d_length,tensor_2d_length_u8_row32,tensor_2d_length_g2s_u8_row32_b1408,tensor,g2s,u8,8,2,1408,1408,0,aligned128,contiguous,none,none,zero,none,direct,low,0,782,4432.000,0,ok,tmau_cold_first_use_l2_hot,l2_hot,0x00002afcb9e18000,0x0000000000000000,0x96d52d5c10be53fb,0x0000000000000000,0,ld.global.cg,0,cold
NVIDIA H100 80GB HBM3,9.0,52428800,tensor_2d_length,tensor_2d_length_u8_row32,tensor_2d_length_g2s_u8_row32_b1408,tensor,g2s,u8,8,2,1408,1408,0,aligned128,contiguous,none,none,zero,none,direct,low,1,454,4432.000,0,ok,tmau_hot_reuse,l2_hot,0x00002afcb9e18000,0x0000000000000000,0x96d52d5c10be53fb,0x0000000000000000,1,ld.global.cg,0,hot
NVIDIA H100 80GB HBM3,9.0,52428800,tensor_2d_length,tensor_2d_length_u8_row32,tensor_2d_length_g2s_u8_row32_b1536,tensor,g2s,u8,8,2,1536,1536,0,aligned128,contiguous,none,none,zero,none,direct,low,0,760,4144.000,0,ok,tmau_cold_first_use_l2_hot,l2_hot,0x00002afcb9e19000,0x0000000000000000,0x364255bd7be8dab7,0x0000000000000000,0,ld.global.cg,0,cold
NVIDIA H100 80GB HBM3,9.0,52428800,tensor_2d_length,tensor_2d_length_u8_row32,tensor_2d_length_g2s_u8_row32_b1536,tensor,g2s,u8,8,2,1536,1536,0,aligned128,contiguous,none,none,zero,none,direct,low,1,454,4144.000,0,ok,tmau_hot_reuse,l2_hot,0x00002afcb9e19000,0x0000000000000000,0x364255bd7be8dab7,0x0000000000000000,1,ld.global.cg,0,hot
NVIDIA H100 80GB HBM3,9.0,52428800,tensor_2d_length,tensor_2d_length_u8_row32,tensor_2d_length_g2s_u8_row32_b1664,tensor,g2s,u8,8,2,1664,1664,0,aligned128,contiguous,none,none,zero,none,direct,low,0,760,7872.000,0,ok,tmau_cold_first_use_l2_hot,l2_hot,0x00002afcb9e1a000,0x0000000000000000,0xabb56d6df86c4e51,0x0000000000000000,0,ld.global.cg,0,cold
NVIDIA H100 80GB HBM3,9.0,52428800,tensor_2d_length,tensor_2d_length_u8_row32,tensor_2d_length_g2s_u8_row32_b1664,tensor,g2s,u8,8,2,1664,1664,0,aligned128,contiguous,none,none,zero,none,direct,low,1,454,7872.000,0,ok,tmau_hot_reuse,l2_hot,0x00002afcb9e1a000,0x0000000000000000,0xabb56d6df86c4e51,0x0000000000000000,1,ld.global.cg,0,hot
NVIDIA H100 80GB HBM3,9.0,52428800,tensor_2d_length,tensor_2d_length_u8_row32,tensor_2d_length_g2s_u8_row32_b1792,tensor,g2s,u8,8,2,1792,1792,0,aligned128,contiguous,none,none,zero,none,direct,low,0,762,4432.000,0,ok,tmau_cold_first_use_l2_hot,l2_hot,0x00002afcb9e1b000,0x0000000000000000,0xd7b9e9b1f69bf08f,0x0000000000000000,0,ld.global.cg,0,cold
NVIDIA H100 80GB HBM3,9.0,52428800,tensor_2d_length,tensor_2d_length_u8_row32,tensor_2d_length_g2s_u8_row32_b1792,tensor,g2s,u8,8,2,1792,1792,0,aligned128,contiguous,none,none,zero,none,direct,low,1,454,4432.000,0,ok,tmau_hot_reuse,l2_hot,0x00002afcb9e1b000,0x0000000000000000,0xd7b9e9b1f69bf08f,0x0000000000000000,1,ld.global.cg,0,hot
NVIDIA H100 80GB HBM3,9.0,52428800,tensor_2d_length,tensor_2d_length_u8_row32,tensor_2d_length_g2s_u8_row32_b1920,tensor,g2s,u8,8,2,1920,1920,0,aligned128,contiguous,none,none,zero,none,direct,low,0,750,4832.000,0,ok,tmau_cold_first_use_l2_hot,l2_hot,0x00002afcb9e1c000,0x0000000000000000,0xfbd2e6007a25a280,0x0000000000000000,0,ld.global.cg,0,cold
NVIDIA H100 80GB HBM3,9.0,52428800,tensor_2d_length,tensor_2d_length_u8_row32,tensor_2d_length_g2s_u8_row32_b1920,tensor,g2s,u8,8,2,1920,1920,0,aligned128,contiguous,none,none,zero,none,direct,low,1,454,4832.000,0,ok,tmau_hot_reuse,l2_hot,0x00002afcb9e1c000,0x0000000000000000,0xfbd2e6007a25a280,0x0000000000000000,1,ld.global.cg,0,hot
NVIDIA H100 80GB HBM3,9.0,52428800,tensor_2d_length,tensor_2d_length_u8_row32,tensor_2d_length_g2s_u8_row32_b2016,tensor,g2s,u8,8,2,2016,2016,0,aligned128,contiguous,none,none,zero,none,direct,low,0,754,4384.000,0,ok,tmau_cold_first_use_l2_hot,l2_hot,0x00002afcb9e1d000,0x0000000000000000,0x3fc76863393cc599,0x0000000000000000,0,ld.global.cg,0,cold
NVIDIA H100 80GB HBM3,9.0,52428800,tensor_2d_length,tensor_2d_length_u8_row32,tensor_2d_length_g2s_u8_row32_b2016,tensor,g2s,u8,8,2,2016,2016,0,aligned128,contiguous,none,none,zero,none,direct,low,1,456,4384.000,0,ok,tmau_hot_reuse,l2_hot,0x00002afcb9e1d000,0x0000000000000000,0x3fc76863393cc599,0x0000000000000000,1,ld.global.cg,0,hot
NVIDIA H100 80GB HBM3,9.0,52428800,tensor_2d_length,tensor_2d_length_u8_row32,tensor_2d_length_g2s_u8_row32_b2048,tensor,g2s,u8,8,2,2048,2048,0,aligned128,contiguous,none,none,zero,none,direct,low,0,750,6400.000,0,ok,tmau_cold_first_use_l2_hot,l2_hot,0x00002afcb9e1e000,0x0000000000000000,0x5c3cb711671fb904,0x0000000000000000,0,ld.global.cg,0,cold
NVIDIA H100 80GB HBM3,9.0,52428800,tensor_2d_length,tensor_2d_length_u8_row32,tensor_2d_length_g2s_u8_row32_b2048,tensor,g2s,u8,8,2,2048,2048,0,aligned128,contiguous,none,none,zero,none,direct,low,1,454,6400.000,0,ok,tmau_hot_reuse,l2_hot,0x00002afcb9e1e000,0x0000000000000000,0x5c3cb711671fb904,0x0000000000000000,1,ld.global.cg,0,hot
NVIDIA H100 80GB HBM3,9.0,52428800,tensor_2d_length,tensor_2d_length_u8_row32,tensor_2d_length_g2s_u8_row32_b2080,tensor,g2s,u8,8,2,2080,2080,0,aligned128,contiguous,none,none,zero,none,direct,low,0,750,3856.000,0,ok,tmau_cold_first_use_l2_hot,l2_hot,0x00002afcb9e1f000,0x0000000000000000,0x621ba8d575a1cc38,0x0000000000000000,0,ld.global.cg,0,cold
NVIDIA H100 80GB HBM3,9.0,52428800,tensor_2d_length,tensor_2d_length_u8_row32,tensor_2d_length_g2s_u8_row32_b2080,tensor,g2s,u8,8,2,2080,2080,0,aligned128,contiguous,none,none,zero,none,direct,low,1,454,3856.000,0,ok,tmau_hot_reuse,l2_hot,0x00002afcb9e1f000,0x0000000000000000,0x621ba8d575a1cc38,0x0000000000000000,1,ld.global.cg,0,hot
NVIDIA H100 80GB HBM3,9.0,52428800,tensor_2d_length,tensor_2d_length_u8_row32,tensor_2d_length_g2s_u8_row32_b2560,tensor,g2s,u8,8,2,2560,2560,0,aligned128,contiguous,none,none,zero,none,direct,low,0,785,4144.000,0,ok,tmau_cold_first_use_l2_hot,l2_hot,0x00002afcb9e20000,0x0000000000000000,0x5e4dfface6ea7467,0x0000000000000000,0,ld.global.cg,0,cold
NVIDIA H100 80GB HBM3,9.0,52428800,tensor_2d_length,tensor_2d_length_u8_row32,tensor_2d_length_g2s_u8_row32_b2560,tensor,g2s,u8,8,2,2560,2560,0,aligned128,contiguous,none,none,zero,none,direct,low,1,454,4144.000,0,ok,tmau_hot_reuse,l2_hot,0x00002afcb9e20000,0x0000000000000000,0x5e4dfface6ea7467,0x0000000000000000,1,ld.global.cg,0,hot
NVIDIA H100 80GB HBM3,9.0,52428800,tensor_2d_length,tensor_2d_length_u8_row32,tensor_2d_length_g2s_u8_row32_b3072,tensor,g2s,u8,8,2,3072,3072,0,aligned128,contiguous,none,none,zero,none,direct,low,0,760,5168.000,0,ok,tmau_cold_first_use_l2_hot,l2_hot,0x00002afcb9e21000,0x0000000000000000,0x2d27454bf48d02db,0x0000000000000000,0,ld.global.cg,0,cold
NVIDIA H100 80GB HBM3,9.0,52428800,tensor_2d_length,tensor_2d_length_u8_row32,tensor_2d_length_g2s_u8_row32_b3072,tensor,g2s,u8,8,2,3072,3072,0,aligned128,contiguous,none,none,zero,none,direct,low,1,602,5168.000,0,ok,tmau_hot_reuse,l2_hot,0x00002afcb9e21000,0x0000000000000000,0x2d27454bf48d02db,0x0000000000000000,1,ld.global.cg,0,hot
NVIDIA H100 80GB HBM3,9.0,52428800,tensor_2d_length,tensor_2d_length_u8_row32,tensor_2d_length_g2s_u8_row32_b3584,tensor,g2s,u8,8,2,3584,3584,0,aligned128,contiguous,none,none,zero,none,direct,low,0,760,4576.000,0,ok,tmau_cold_first_use_l2_hot,l2_hot,0x00002afcb9e22000,0x0000000000000000,0xccbc937ecd505e85,0x0000000000000000,0,ld.global.cg,0,cold
NVIDIA H100 80GB HBM3,9.0,52428800,tensor_2d_length,tensor_2d_length_u8_row32,tensor_2d_length_g2s_u8_row32_b3584,tensor,g2s,u8,8,2,3584,3584,0,aligned128,contiguous,none,none,zero,none,direct,low,1,454,4576.000,0,ok,tmau_hot_reuse,l2_hot,0x00002afcb9e22000,0x0000000000000000,0xccbc937ecd505e85,0x0000000000000000,1,ld.global.cg,0,hot
NVIDIA H100 80GB HBM3,9.0,52428800,tensor_2d_length,tensor_2d_length_u8_row32,tensor_2d_length_g2s_u8_row32_b4064,tensor,g2s,u8,8,2,4064,4064,0,aligned128,contiguous,none,none,zero,none,direct,low,0,760,4496.000,0,ok,tmau_cold_first_use_l2_hot,l2_hot,0x00002afcb9e23000,0x0000000000000000,0xeb17eb1c15aa1bcf,0x0000000000000000,0,ld.global.cg,0,cold
NVIDIA H100 80GB HBM3,9.0,52428800,tensor_2d_length,tensor_2d_length_u8_row32,tensor_2d_length_g2s_u8_row32_b4064,tensor,g2s,u8,8,2,4064,4064,0,aligned128,contiguous,none,none,zero,none,direct,low,1,602,4496.000,0,ok,tmau_hot_reuse,l2_hot,0x00002afcb9e23000,0x0000000000000000,0xeb17eb1c15aa1bcf,0x0000000000000000,1,ld.global.cg,0,hot
NVIDIA H100 80GB HBM3,9.0,52428800,tensor_2d_length,tensor_2d_length_u8_row32,tensor_2d_length_g2s_u8_row32_b4096,tensor,g2s,u8,8,2,4096,4096,0,aligned128,contiguous,none,none,zero,none,direct,low,0,750,5088.000,0,ok,tmau_cold_first_use_l2_hot,l2_hot,0x00002afcb9e24000,0x0000000000000000,0x97824b05659e03d6,0x0000000000000000,0,ld.global.cg,0,cold
NVIDIA H100 80GB HBM3,9.0,52428800,tensor_2d_length,tensor_2d_length_u8_row32,tensor_2d_length_g2s_u8_row32_b4096,tensor,g2s,u8,8,2,4096,4096,0,aligned128,contiguous,none,none,zero,none,direct,low,1,602,5088.000,0,ok,tmau_hot_reuse,l2_hot,0x00002afcb9e24000,0x0000000000000000,0x97824b05659e03d6,0x0000000000000000,1,ld.global.cg,0,hot
NVIDIA H100 80GB HBM3,9.0,52428800,tensor_2d_length,tensor_2d_length_u8_row32,tensor_2d_length_g2s_u8_row32_b4128,tensor,g2s,u8,8,2,4128,4128,0,aligned128,contiguous,none,none,zero,none,direct,low,0,750,4544.000,0,ok,tmau_cold_first_use_l2_hot,l2_hot,0x00002afcb9e25000,0x0000000000000000,0xbceef715826823b2,0x0000000000000000,0,ld.global.cg,0,cold
NVIDIA H100 80GB HBM3,9.0,52428800,tensor_2d_length,tensor_2d_length_u8_row32,tensor_2d_length_g2s_u8_row32_b4128,tensor,g2s,u8,8,2,4128,4128,0,aligned128,contiguous,none,none,zero,none,direct,low,1,602,4544.000,0,ok,tmau_hot_reuse,l2_hot,0x00002afcb9e25000,0x0000000000000000,0xbceef715826823b2,0x0000000000000000,1,ld.global.cg,0,hot
NVIDIA H100 80GB HBM3,9.0,52428800,tensor_2d_length,tensor_2d_length_u8_row32,tensor_2d_length_g2s_u8_row32_b4608,tensor,g2s,u8,8,2,4608,4608,0,aligned128,contiguous,none,none,zero,none,direct,low,0,750,4560.000,0,ok,tmau_cold_first_use_l2_hot,l2_hot,0x00002afcb9e26000,0x0000000000000000,0xbb249d64324ad980,0x0000000000000000,0,ld.global.cg,0,cold
NVIDIA H100 80GB HBM3,9.0,52428800,tensor_2d_length,tensor_2d_length_u8_row32,tensor_2d_length_g2s_u8_row32_b4608,tensor,g2s,u8,8,2,4608,4608,0,aligned128,contiguous,none,none,zero,none,direct,low,1,602,4560.000,0,ok,tmau_hot_reuse,l2_hot,0x00002afcb9e26000,0x0000000000000000,0xbb249d64324ad980,0x0000000000000000,1,ld.global.cg,0,hot
NVIDIA H100 80GB HBM3,9.0,52428800,tensor_2d_length,tensor_2d_length_u8_row32,tensor_2d_length_g2s_u8_row32_b5120,tensor,g2s,u8,8,2,5120,5120,0,aligned128,contiguous,none,none,zero,none,direct,low,0,898,5184.000,0,ok,tmau_cold_first_use_l2_hot,l2_hot,0x00002afcb9e27000,0x0000000000000000,0x722e7af7cf2bbda0,0x0000000000000000,0,ld.global.cg,0,cold
NVIDIA H100 80GB HBM3,9.0,52428800,tensor_2d_length,tensor_2d_length_u8_row32,tensor_2d_length_g2s_u8_row32_b5120,tensor,g2s,u8,8,2,5120,5120,0,aligned128,contiguous,none,none,zero,none,direct,low,1,602,5184.000,0,ok,tmau_hot_reuse,l2_hot,0x00002afcb9e27000,0x0000000000000000,0x722e7af7cf2bbda0,0x0000000000000000,1,ld.global.cg,0,hot
NVIDIA H100 80GB HBM3,9.0,52428800,tensor_2d_length,tensor_2d_length_u8_row32,tensor_2d_length_g2s_u8_row32_b5632,tensor,g2s,u8,8,2,5632,5632,0,aligned128,contiguous,none,none,zero,none,direct,low,0,782,5264.000,0,ok,tmau_cold_first_use_l2_hot,l2_hot,0x00002afcb9e28000,0x0000000000000000,0xd79f214f452270ea,0x0000000000000000,0,ld.global.cg,0,cold
NVIDIA H100 80GB HBM3,9.0,52428800,tensor_2d_length,tensor_2d_length_u8_row32,tensor_2d_length_g2s_u8_row32_b5632,tensor,g2s,u8,8,2,5632,5632,0,aligned128,contiguous,none,none,zero,none,direct,low,1,602,5264.000,0,ok,tmau_hot_reuse,l2_hot,0x00002afcb9e28000,0x0000000000000000,0xd79f214f452270ea,0x0000000000000000,1,ld.global.cg,0,hot
NVIDIA H100 80GB HBM3,9.0,52428800,tensor_2d_length,tensor_2d_length_u8_row32,tensor_2d_length_g2s_u8_row32_b6144,tensor,g2s,u8,8,2,6144,6144,0,aligned128,contiguous,none,none,zero,none,direct,low,0,908,5040.000,0,ok,tmau_cold_first_use_l2_hot,l2_hot,0x00002afcb9e29000,0x0000000000000000,0x5cb5eebb59839bc2,0x0000000000000000,0,ld.global.cg,0,cold
NVIDIA H100 80GB HBM3,9.0,52428800,tensor_2d_length,tensor_2d_length_u8_row32,tensor_2d_length_g2s_u8_row32_b6144,tensor,g2s,u8,8,2,6144,6144,0,aligned128,contiguous,none,none,zero,none,direct,low,1,603,5040.000,0,ok,tmau_hot_reuse,l2_hot,0x00002afcb9e29000,0x0000000000000000,0x5cb5eebb59839bc2,0x0000000000000000,1,ld.global.cg,0,hot
NVIDIA H100 80GB HBM3,9.0,52428800,tensor_2d_length,tensor_2d_length_u8_row32,tensor_2d_length_g2s_u8_row32_b6656,tensor,g2s,u8,8,2,6656,6656,0,aligned128,contiguous,none,none,zero,none,direct,low,0,908,5408.000,0,ok,tmau_cold_first_use_l2_hot,l2_hot,0x00002afcb9e2a000,0x0000000000000000,0xf42e08073f345ff4,0x0000000000000000,0,ld.global.cg,0,cold
NVIDIA H100 80GB HBM3,9.0,52428800,tensor_2d_length,tensor_2d_length_u8_row32,tensor_2d_length_g2s_u8_row32_b6656,tensor,g2s,u8,8,2,6656,6656,0,aligned128,contiguous,none,none,zero,none,direct,low,1,605,5408.000,0,ok,tmau_hot_reuse,l2_hot,0x00002afcb9e2a000,0x0000000000000000,0xf42e08073f345ff4,0x0000000000000000,1,ld.global.cg,0,hot
NVIDIA H100 80GB HBM3,9.0,52428800,tensor_2d_length,tensor_2d_length_u8_row32,tensor_2d_length_g2s_u8_row32_b7168,tensor,g2s,u8,8,2,7168,7168,0,aligned128,contiguous,none,none,zero,none,direct,low,0,908,5744.000,0,ok,tmau_cold_first_use_l2_hot,l2_hot,0x00002afcb9e2b000,0x0000000000000000,0xac242e7962a5a4d4,0x0000000000000000,0,ld.global.cg,0,cold
NVIDIA H100 80GB HBM3,9.0,52428800,tensor_2d_length,tensor_2d_length_u8_row32,tensor_2d_length_g2s_u8_row32_b7168,tensor,g2s,u8,8,2,7168,7168,0,aligned128,contiguous,none,none,zero,none,direct,low,1,602,5744.000,0,ok,tmau_hot_reuse,l2_hot,0x00002afcb9e2b000,0x0000000000000000,0xac242e7962a5a4d4,0x0000000000000000,1,ld.global.cg,0,hot
NVIDIA H100 80GB HBM3,9.0,52428800,tensor_2d_length,tensor_2d_length_u8_row32,tensor_2d_length_g2s_u8_row32_b7680,tensor,g2s,u8,8,2,7680,7680,0,aligned128,contiguous,none,none,zero,none,direct,low,0,898,6112.000,0,ok,tmau_cold_first_use_l2_hot,l2_hot,0x00002afcb9e2c000,0x0000000000000000,0x274f15ad84d9c556,0x0000000000000000,0,ld.global.cg,0,cold
NVIDIA H100 80GB HBM3,9.0,52428800,tensor_2d_length,tensor_2d_length_u8_row32,tensor_2d_length_g2s_u8_row32_b7680,tensor,g2s,u8,8,2,7680,7680,0,aligned128,contiguous,none,none,zero,none,direct,low,1,602,6112.000,0,ok,tmau_hot_reuse,l2_hot,0x00002afcb9e2c000,0x0000000000000000,0x274f15ad84d9c556,0x0000000000000000,1,ld.global.cg,0,hot
NVIDIA H100 80GB HBM3,9.0,52428800,tensor_2d_length,tensor_2d_length_u8_row32,tensor_2d_length_g2s_u8_row32_b8160,tensor,g2s,u8,8,2,8160,8160,0,aligned128,contiguous,none,none,zero,none,direct,low,0,898,6640.000,0,ok,tmau_cold_first_use_l2_hot,l2_hot,0x00002afcb9e2d000,0x0000000000000000,0xd557089e46084b67,0x0000000000000000,0,ld.global.cg,0,cold
NVIDIA H100 80GB HBM3,9.0,52428800,tensor_2d_length,tensor_2d_length_u8_row32,tensor_2d_length_g2s_u8_row32_b8160,tensor,g2s,u8,8,2,8160,8160,0,aligned128,contiguous,none,none,zero,none,direct,low,1,750,6640.000,0,ok,tmau_hot_reuse,l2_hot,0x00002afcb9e2d000,0x0000000000000000,0xd557089e46084b67,0x0000000000000000,1,ld.global.cg,0,hot
NVIDIA H100 80GB HBM3,9.0,52428800,tensor_2d_length,tensor_2d_length_u8_row32,tensor_2d_length_g2s_u8_row32_b8192,tensor,g2s,u8,8,2,8192,8192,0,aligned128,contiguous,none,none,zero,none,direct,low,0,898,5328.000,0,ok,tmau_cold_first_use_l2_hot,l2_hot,0x00002afcb9e2e000,0x0000000000000000,0x5a22c0fb5c18d0ae,0x0000000000000000,0,ld.global.cg,0,cold
NVIDIA H100 80GB HBM3,9.0,52428800,tensor_2d_length,tensor_2d_length_u8_row32,tensor_2d_length_g2s_u8_row32_b8192,tensor,g2s,u8,8,2,8192,8192,0,aligned128,contiguous,none,none,zero,none,direct,low,1,602,5328.000,0,ok,tmau_hot_reuse,l2_hot,0x00002afcb9e2e000,0x0000000000000000,0x5a22c0fb5c18d0ae,0x0000000000000000,1,ld.global.cg,0,hot
NVIDIA H100 80GB HBM3,9.0,52428800,tensor_2d_length,tensor_2d_length_u8_row64,tensor_2d_length_g2s_u8_row64_b8128,tensor,g2s,u8,8,2,8128,8128,0,aligned128,contiguous,none,none,zero,none,direct,low,0,750,4896.000,0,ok,tmau_cold_first_use_l2_hot,l2_hot,0x00002afcb9e2f000,0x0000000000000000,0x200c7d34ce239ef0,0x0000000000000000,0,ld.global.cg,0,cold
NVIDIA H100 80GB HBM3,9.0,52428800,tensor_2d_length,tensor_2d_length_u8_row64,tensor_2d_length_g2s_u8_row64_b8128,tensor,g2s,u8,8,2,8128,8128,0,aligned128,contiguous,none,none,zero,none,direct,low,1,602,4896.000,0,ok,tmau_hot_reuse,l2_hot,0x00002afcb9e2f000,0x0000000000000000,0x200c7d34ce239ef0,0x0000000000000000,1,ld.global.cg,0,hot
NVIDIA H100 80GB HBM3,9.0,52428800,tensor_2d_length,tensor_2d_length_u8_row64,tensor_2d_length_g2s_u8_row64_b8192,tensor,g2s,u8,8,2,8192,8192,0,aligned128,contiguous,none,none,zero,none,direct,low,0,785,4832.000,0,ok,tmau_cold_first_use_l2_hot,l2_hot,0x00002afcb9e30000,0x0000000000000000,0xd1d2908651e9b885,0x0000000000000000,0,ld.global.cg,0,cold
NVIDIA H100 80GB HBM3,9.0,52428800,tensor_2d_length,tensor_2d_length_u8_row64,tensor_2d_length_g2s_u8_row64_b8192,tensor,g2s,u8,8,2,8192,8192,0,aligned128,contiguous,none,none,zero,none,direct,low,1,602,4832.000,0,ok,tmau_hot_reuse,l2_hot,0x00002afcb9e30000,0x0000000000000000,0xd1d2908651e9b885,0x0000000000000000,1,ld.global.cg,0,hot
NVIDIA H100 80GB HBM3,9.0,52428800,tensor_2d_length,tensor_2d_length_u8_row64,tensor_2d_length_g2s_u8_row64_b8256,tensor,g2s,u8,8,2,8256,8256,0,aligned128,contiguous,none,none,zero,none,direct,low,0,760,6336.000,0,ok,tmau_cold_first_use_l2_hot,l2_hot,0x00002afcb9e31000,0x0000000000000000,0xac803eb3324122f1,0x0000000000000000,0,ld.global.cg,0,cold
NVIDIA H100 80GB HBM3,9.0,52428800,tensor_2d_length,tensor_2d_length_u8_row64,tensor_2d_length_g2s_u8_row64_b8256,tensor,g2s,u8,8,2,8256,8256,0,aligned128,contiguous,none,none,zero,none,direct,low,1,602,6336.000,0,ok,tmau_hot_reuse,l2_hot,0x00002afcb9e31000,0x0000000000000000,0xac803eb3324122f1,0x0000000000000000,1,ld.global.cg,0,hot
NVIDIA H100 80GB HBM3,9.0,52428800,tensor_2d_length,tensor_2d_length_u8_row64,tensor_2d_length_g2s_u8_row64_b8704,tensor,g2s,u8,8,2,8704,8704,0,aligned128,contiguous,none,none,zero,none,direct,low,0,760,5712.000,0,ok,tmau_cold_first_use_l2_hot,l2_hot,0x00002afcb9e32000,0x0000000000000000,0xd392b6340e781508,0x0000000000000000,0,ld.global.cg,0,cold
NVIDIA H100 80GB HBM3,9.0,52428800,tensor_2d_length,tensor_2d_length_u8_row64,tensor_2d_length_g2s_u8_row64_b8704,tensor,g2s,u8,8,2,8704,8704,0,aligned128,contiguous,none,none,zero,none,direct,low,1,602,5712.000,0,ok,tmau_hot_reuse,l2_hot,0x00002afcb9e32000,0x0000000000000000,0xd392b6340e781508,0x0000000000000000,1,ld.global.cg,0,hot
NVIDIA H100 80GB HBM3,9.0,52428800,tensor_2d_length,tensor_2d_length_u8_row64,tensor_2d_length_g2s_u8_row64_b9216,tensor,g2s,u8,8,2,9216,9216,0,aligned128,contiguous,none,none,zero,none,direct,low,0,760,8864.000,0,ok,tmau_cold_first_use_l2_hot,l2_hot,0x00002afcb9e33000,0x0000000000000000,0x498af4dedcfcc954,0x0000000000000000,0,ld.global.cg,0,cold
NVIDIA H100 80GB HBM3,9.0,52428800,tensor_2d_length,tensor_2d_length_u8_row64,tensor_2d_length_g2s_u8_row64_b9216,tensor,g2s,u8,8,2,9216,9216,0,aligned128,contiguous,none,none,zero,none,direct,low,1,602,8864.000,0,ok,tmau_hot_reuse,l2_hot,0x00002afcb9e33000,0x0000000000000000,0x498af4dedcfcc954,0x0000000000000000,1,ld.global.cg,0,hot
NVIDIA H100 80GB HBM3,9.0,52428800,tensor_2d_length,tensor_2d_length_u8_row64,tensor_2d_length_g2s_u8_row64_b9728,tensor,g2s,u8,8,2,9728,9728,0,aligned128,contiguous,none,none,zero,none,direct,low,0,898,5856.000,0,ok,tmau_cold_first_use_l2_hot,l2_hot,0x00002afcb9e34000,0x0000000000000000,0xdf8ee5732c8660f6,0x0000000000000000,0,ld.global.cg,0,cold
NVIDIA H100 80GB HBM3,9.0,52428800,tensor_2d_length,tensor_2d_length_u8_row64,tensor_2d_length_g2s_u8_row64_b9728,tensor,g2s,u8,8,2,9728,9728,0,aligned128,contiguous,none,none,zero,none,direct,low,1,602,5856.000,0,ok,tmau_hot_reuse,l2_hot,0x00002afcb9e34000,0x0000000000000000,0xdf8ee5732c8660f6,0x0000000000000000,1,ld.global.cg,0,hot
NVIDIA H100 80GB HBM3,9.0,52428800,tensor_2d_length,tensor_2d_length_u8_row64,tensor_2d_length_g2s_u8_row64_b10240,tensor,g2s,u8,8,2,10240,10240,0,aligned128,contiguous,none,none,zero,none,direct,low,0,750,6048.000,0,ok,tmau_cold_first_use_l2_hot,l2_hot,0x00002afcb9e35000,0x0000000000000000,0x5e606fca8f6241d2,0x0000000000000000,0,ld.global.cg,0,cold
NVIDIA H100 80GB HBM3,9.0,52428800,tensor_2d_length,tensor_2d_length_u8_row64,tensor_2d_length_g2s_u8_row64_b10240,tensor,g2s,u8,8,2,10240,10240,0,aligned128,contiguous,none,none,zero,none,direct,low,1,602,6048.000,0,ok,tmau_hot_reuse,l2_hot,0x00002afcb9e35000,0x0000000000000000,0x5e606fca8f6241d2,0x0000000000000000,1,ld.global.cg,0,hot
NVIDIA H100 80GB HBM3,9.0,52428800,tensor_2d_length,tensor_2d_length_u8_row64,tensor_2d_length_g2s_u8_row64_b10752,tensor,g2s,u8,8,2,10752,10752,0,aligned128,contiguous,none,none,zero,none,direct,low,0,898,5856.000,0,ok,tmau_cold_first_use_l2_hot,l2_hot,0x00002afcb9e36000,0x0000000000000000,0x44d61c45239e187b,0x0000000000000000,0,ld.global.cg,0,cold
NVIDIA H100 80GB HBM3,9.0,52428800,tensor_2d_length,tensor_2d_length_u8_row64,tensor_2d_length_g2s_u8_row64_b10752,tensor,g2s,u8,8,2,10752,10752,0,aligned128,contiguous,none,none,zero,none,direct,low,1,602,5856.000,0,ok,tmau_hot_reuse,l2_hot,0x00002afcb9e36000,0x0000000000000000,0x44d61c45239e187b,0x0000000000000000,1,ld.global.cg,0,hot
NVIDIA H100 80GB HBM3,9.0,52428800,tensor_2d_length,tensor_2d_length_u8_row64,tensor_2d_length_g2s_u8_row64_b11264,tensor,g2s,u8,8,2,11264,11264,0,aligned128,contiguous,none,none,zero,none,direct,low,0,898,6080.000,0,ok,tmau_cold_first_use_l2_hot,l2_hot,0x00002afcb9e37000,0x0000000000000000,0x5b89c0462c3ce993,0x0000000000000000,0,ld.global.cg,0,cold
NVIDIA H100 80GB HBM3,9.0,52428800,tensor_2d_length,tensor_2d_length_u8_row64,tensor_2d_length_g2s_u8_row64_b11264,tensor,g2s,u8,8,2,11264,11264,0,aligned128,contiguous,none,none,zero,none,direct,low,1,602,6080.000,0,ok,tmau_hot_reuse,l2_hot,0x00002afcb9e37000,0x0000000000000000,0x5b89c0462c3ce993,0x0000000000000000,1,ld.global.cg,0,hot
NVIDIA H100 80GB HBM3,9.0,52428800,tensor_2d_length,tensor_2d_length_u8_row64,tensor_2d_length_g2s_u8_row64_b11776,tensor,g2s,u8,8,2,11776,11776,0,aligned128,contiguous,none,none,zero,none,direct,low,0,782,6432.000,0,ok,tmau_cold_first_use_l2_hot,l2_hot,0x00002afcb9e38000,0x0000000000000000,0x5302f30190ed81cd,0x0000000000000000,0,ld.global.cg,0,cold
NVIDIA H100 80GB HBM3,9.0,52428800,tensor_2d_length,tensor_2d_length_u8_row64,tensor_2d_length_g2s_u8_row64_b11776,tensor,g2s,u8,8,2,11776,11776,0,aligned128,contiguous,none,none,zero,none,direct,low,1,602,6432.000,0,ok,tmau_hot_reuse,l2_hot,0x00002afcb9e38000,0x0000000000000000,0x5302f30190ed81cd,0x0000000000000000,1,ld.global.cg,0,hot
NVIDIA H100 80GB HBM3,9.0,52428800,tensor_2d_length,tensor_2d_length_u8_row64,tensor_2d_length_g2s_u8_row64_b12288,tensor,g2s,u8,8,2,12288,12288,0,aligned128,contiguous,none,none,zero,none,direct,low,0,908,6368.000,0,ok,tmau_cold_first_use_l2_hot,l2_hot,0x00002afcb9e39000,0x0000000000000000,0xe396c849aaa651bd,0x0000000000000000,0,ld.global.cg,0,cold
NVIDIA H100 80GB HBM3,9.0,52428800,tensor_2d_length,tensor_2d_length_u8_row64,tensor_2d_length_g2s_u8_row64_b12288,tensor,g2s,u8,8,2,12288,12288,0,aligned128,contiguous,none,none,zero,none,direct,low,1,602,6368.000,0,ok,tmau_hot_reuse,l2_hot,0x00002afcb9e39000,0x0000000000000000,0xe396c849aaa651bd,0x0000000000000000,1,ld.global.cg,0,hot
NVIDIA H100 80GB HBM3,9.0,52428800,tensor_2d_length,tensor_2d_length_u8_row64,tensor_2d_length_g2s_u8_row64_b12800,tensor,g2s,u8,8,2,12800,12800,0,aligned128,contiguous,none,none,zero,none,direct,low,0,760,6272.000,0,ok,tmau_cold_first_use_l2_hot,l2_hot,0x00002afcb9e3a000,0x0000000000000000,0x2e3deec3ec091eb7,0x0000000000000000,0,ld.global.cg,0,cold
NVIDIA H100 80GB HBM3,9.0,52428800,tensor_2d_length,tensor_2d_length_u8_row64,tensor_2d_length_g2s_u8_row64_b12800,tensor,g2s,u8,8,2,12800,12800,0,aligned128,contiguous,none,none,zero,none,direct,low,1,602,6272.000,0,ok,tmau_hot_reuse,l2_hot,0x00002afcb9e3a000,0x0000000000000000,0x2e3deec3ec091eb7,0x0000000000000000,1,ld.global.cg,0,hot
NVIDIA H100 80GB HBM3,9.0,52428800,tensor_2d_length,tensor_2d_length_u8_row64,tensor_2d_length_g2s_u8_row64_b13312,tensor,g2s,u8,8,2,13312,13312,0,aligned128,contiguous,none,none,zero,none,direct,low,0,908,6528.000,0,ok,tmau_cold_first_use_l2_hot,l2_hot,0x00002afcb9e3b000,0x0000000000000000,0x9417d57bb1d33a6f,0x0000000000000000,0,ld.global.cg,0,cold
NVIDIA H100 80GB HBM3,9.0,52428800,tensor_2d_length,tensor_2d_length_u8_row64,tensor_2d_length_g2s_u8_row64_b13312,tensor,g2s,u8,8,2,13312,13312,0,aligned128,contiguous,none,none,zero,none,direct,low,1,602,6528.000,0,ok,tmau_hot_reuse,l2_hot,0x00002afcb9e3b000,0x0000000000000000,0x9417d57bb1d33a6f,0x0000000000000000,1,ld.global.cg,0,hot
NVIDIA H100 80GB HBM3,9.0,52428800,tensor_2d_length,tensor_2d_length_u8_row64,tensor_2d_length_g2s_u8_row64_b13824,tensor,g2s,u8,8,2,13824,13824,0,aligned128,contiguous,none,none,zero,none,direct,low,0,898,6752.000,0,ok,tmau_cold_first_use_l2_hot,l2_hot,0x00002afcb9e3c000,0x0000000000000000,0xec7fa23c850f9b7c,0x0000000000000000,0,ld.global.cg,0,cold
NVIDIA H100 80GB HBM3,9.0,52428800,tensor_2d_length,tensor_2d_length_u8_row64,tensor_2d_length_g2s_u8_row64_b13824,tensor,g2s,u8,8,2,13824,13824,0,aligned128,contiguous,none,none,zero,none,direct,low,1,602,6752.000,0,ok,tmau_hot_reuse,l2_hot,0x00002afcb9e3c000,0x0000000000000000,0xec7fa23c850f9b7c,0x0000000000000000,1,ld.global.cg,0,hot
NVIDIA H100 80GB HBM3,9.0,52428800,tensor_2d_length,tensor_2d_length_u8_row64,tensor_2d_length_g2s_u8_row64_b14336,tensor,g2s,u8,8,2,14336,14336,0,aligned128,contiguous,none,none,zero,none,direct,low,0,901,7088.000,0,ok,tmau_cold_first_use_l2_hot,l2_hot,0x00002afcb9e3d000,0x0000000000000000,0x86d0a30c0e515598,0x0000000000000000,0,ld.global.cg,0,cold
NVIDIA H100 80GB HBM3,9.0,52428800,tensor_2d_length,tensor_2d_length_u8_row64,tensor_2d_length_g2s_u8_row64_b14336,tensor,g2s,u8,8,2,14336,14336,0,aligned128,contiguous,none,none,zero,none,direct,low,1,604,7088.000,0,ok,tmau_hot_reuse,l2_hot,0x00002afcb9e3d000,0x0000000000000000,0x86d0a30c0e515598,0x0000000000000000,1,ld.global.cg,0,hot
NVIDIA H100 80GB HBM3,9.0,52428800,tensor_2d_length,tensor_2d_length_u8_row64,tensor_2d_length_g2s_u8_row64_b14848,tensor,g2s,u8,8,2,14848,14848,0,aligned128,contiguous,none,none,zero,none,direct,low,0,898,6544.000,0,ok,tmau_cold_first_use_l2_hot,l2_hot,0x00002afcb9e3e000,0x0000000000000000,0xb1d1d7fa6b626266,0x0000000000000000,0,ld.global.cg,0,cold
NVIDIA H100 80GB HBM3,9.0,52428800,tensor_2d_length,tensor_2d_length_u8_row64,tensor_2d_length_g2s_u8_row64_b14848,tensor,g2s,u8,8,2,14848,14848,0,aligned128,contiguous,none,none,zero,none,direct,low,1,602,6544.000,0,ok,tmau_hot_reuse,l2_hot,0x00002afcb9e3e000,0x0000000000000000,0xb1d1d7fa6b626266,0x0000000000000000,1,ld.global.cg,0,hot
NVIDIA H100 80GB HBM3,9.0,52428800,tensor_2d_length,tensor_2d_length_u8_row64,tensor_2d_length_g2s_u8_row64_b15360,tensor,g2s,u8,8,2,15360,15360,0,aligned128,contiguous,none,none,zero,none,direct,low,0,898,6208.000,0,ok,tmau_cold_first_use_l2_hot,l2_hot,0x00002afcb9e3f000,0x0000000000000000,0xae1f52eb2bf5d482,0x0000000000000000,0,ld.global.cg,0,cold
NVIDIA H100 80GB HBM3,9.0,52428800,tensor_2d_length,tensor_2d_length_u8_row64,tensor_2d_length_g2s_u8_row64_b15360,tensor,g2s,u8,8,2,15360,15360,0,aligned128,contiguous,none,none,zero,none,direct,low,1,602,6208.000,0,ok,tmau_hot_reuse,l2_hot,0x00002afcb9e3f000,0x0000000000000000,0xae1f52eb2bf5d482,0x0000000000000000,1,ld.global.cg,0,hot
NVIDIA H100 80GB HBM3,9.0,52428800,tensor_2d_length,tensor_2d_length_u8_row64,tensor_2d_length_g2s_u8_row64_b15872,tensor,g2s,u8,8,2,15872,15872,0,aligned128,contiguous,none,none,zero,none,direct,low,0,933,7072.000,0,ok,tmau_cold_first_use_l2_hot,l2_hot,0x00002afcb9e40000,0x0000000000000000,0x23c679b81a4252c3,0x0000000000000000,0,ld.global.cg,0,cold
NVIDIA H100 80GB HBM3,9.0,52428800,tensor_2d_length,tensor_2d_length_u8_row64,tensor_2d_length_g2s_u8_row64_b15872,tensor,g2s,u8,8,2,15872,15872,0,aligned128,contiguous,none,none,zero,none,direct,low,1,603,7072.000,0,ok,tmau_hot_reuse,l2_hot,0x00002afcb9e40000,0x0000000000000000,0x23c679b81a4252c3,0x0000000000000000,1,ld.global.cg,0,hot
NVIDIA H100 80GB HBM3,9.0,52428800,tensor_2d_length,tensor_2d_length_u8_row64,tensor_2d_length_g2s_u8_row64_b16320,tensor,g2s,u8,8,2,16320,16320,0,aligned128,contiguous,none,none,zero,none,direct,low,0,908,7248.000,0,ok,tmau_cold_first_use_l2_hot,l2_hot,0x00002afcb9e41000,0x0000000000000000,0x6371577728630792,0x0000000000000000,0,ld.global.cg,0,cold
NVIDIA H100 80GB HBM3,9.0,52428800,tensor_2d_length,tensor_2d_length_u8_row64,tensor_2d_length_g2s_u8_row64_b16320,tensor,g2s,u8,8,2,16320,16320,0,aligned128,contiguous,none,none,zero,none,direct,low,1,750,7248.000,0,ok,tmau_hot_reuse,l2_hot,0x00002afcb9e41000,0x0000000000000000,0x6371577728630792,0x0000000000000000,1,ld.global.cg,0,hot
NVIDIA H100 80GB HBM3,9.0,52428800,tensor_2d_length,tensor_2d_length_u8_row64,tensor_2d_length_g2s_u8_row64_b16384,tensor,g2s,u8,8,2,16384,16384,0,aligned128,contiguous,none,none,zero,none,direct,low,0,908,6720.000,0,ok,tmau_cold_first_use_l2_hot,l2_hot,0x00002afcb9e42000,0x0000000000000000,0x79d427e6f533fcc3,0x0000000000000000,0,ld.global.cg,0,cold
NVIDIA H100 80GB HBM3,9.0,52428800,tensor_2d_length,tensor_2d_length_u8_row64,tensor_2d_length_g2s_u8_row64_b16384,tensor,g2s,u8,8,2,16384,16384,0,aligned128,contiguous,none,none,zero,none,direct,low,1,602,6720.000,0,ok,tmau_hot_reuse,l2_hot,0x00002afcb9e42000,0x0000000000000000,0x79d427e6f533fcc3,0x0000000000000000,1,ld.global.cg,0,hot
NVIDIA H100 80GB HBM3,9.0,52428800,tensor_2d_length,tensor_2d_length_u8_row128,tensor_2d_length_g2s_u8_row128_b128,tensor,g2s,u8,8,2,128,128,0,aligned128,contiguous,none,none,zero,none,direct,low,0,612,3632.000,0,ok,tmau_cold_first_use_l2_hot,l2_hot,0x00002afcb9e43000,0x0000000000000000,0x09c07bdf39b8e69b,0x0000000000000000,0,ld.global.cg,0,cold
NVIDIA H100 80GB HBM3,9.0,52428800,tensor_2d_length,tensor_2d_length_u8_row128,tensor_2d_length_g2s_u8_row128_b128,tensor,g2s,u8,8,2,128,128,0,aligned128,contiguous,none,none,zero,none,direct,low,1,454,3632.000,0,ok,tmau_hot_reuse,l2_hot,0x00002afcb9e43000,0x0000000000000000,0x09c07bdf39b8e69b,0x0000000000000000,1,ld.global.cg,0,hot
NVIDIA H100 80GB HBM3,9.0,52428800,tensor_2d_length,tensor_2d_length_u8_row128,tensor_2d_length_g2s_u8_row128_b256,tensor,g2s,u8,8,2,256,256,0,aligned128,contiguous,none,none,zero,none,direct,low,0,602,4000.000,0,ok,tmau_cold_first_use_l2_hot,l2_hot,0x00002afcb9e44000,0x0000000000000000,0x2c3abbe0a8110b50,0x0000000000000000,0,ld.global.cg,0,cold
NVIDIA H100 80GB HBM3,9.0,52428800,tensor_2d_length,tensor_2d_length_u8_row128,tensor_2d_length_g2s_u8_row128_b256,tensor,g2s,u8,8,2,256,256,0,aligned128,contiguous,none,none,zero,none,direct,low,1,454,4000.000,0,ok,tmau_hot_reuse,l2_hot,0x00002afcb9e44000,0x0000000000000000,0x2c3abbe0a8110b50,0x0000000000000000,1,ld.global.cg,0,hot
NVIDIA H100 80GB HBM3,9.0,52428800,tensor_2d_length,tensor_2d_length_u8_row128,tensor_2d_length_g2s_u8_row128_b512,tensor,g2s,u8,8,2,512,512,0,aligned128,contiguous,none,none,zero,none,direct,low,0,602,4096.000,0,ok,tmau_cold_first_use_l2_hot,l2_hot,0x00002afcb9e45000,0x0000000000000000,0xf4e4eee13e4bf610,0x0000000000000000,0,ld.global.cg,0,cold
NVIDIA H100 80GB HBM3,9.0,52428800,tensor_2d_length,tensor_2d_length_u8_row128,tensor_2d_length_g2s_u8_row128_b512,tensor,g2s,u8,8,2,512,512,0,aligned128,contiguous,none,none,zero,none,direct,low,1,454,4096.000,0,ok,tmau_hot_reuse,l2_hot,0x00002afcb9e45000,0x0000000000000000,0xf4e4eee13e4bf610,0x0000000000000000,1,ld.global.cg,0,hot
NVIDIA H100 80GB HBM3,9.0,52428800,tensor_2d_length,tensor_2d_length_u8_row128,tensor_2d_length_g2s_u8_row128_b1024,tensor,g2s,u8,8,2,1024,1024,0,aligned128,contiguous,none,none,zero,none,direct,low,0,750,4128.000,0,ok,tmau_cold_first_use_l2_hot,l2_hot,0x00002afcb9e46000,0x0000000000000000,0x044ced70baac5684,0x0000000000000000,0,ld.global.cg,0,cold
NVIDIA H100 80GB HBM3,9.0,52428800,tensor_2d_length,tensor_2d_length_u8_row128,tensor_2d_length_g2s_u8_row128_b1024,tensor,g2s,u8,8,2,1024,1024,0,aligned128,contiguous,none,none,zero,none,direct,low,1,454,4128.000,0,ok,tmau_hot_reuse,l2_hot,0x00002afcb9e46000,0x0000000000000000,0x044ced70baac5684,0x0000000000000000,1,ld.global.cg,0,hot
NVIDIA H100 80GB HBM3,9.0,52428800,tensor_2d_length,tensor_2d_length_u8_row128,tensor_2d_length_g2s_u8_row128_b2048,tensor,g2s,u8,8,2,2048,2048,0,aligned128,contiguous,none,none,zero,none,direct,low,0,750,4368.000,0,ok,tmau_cold_first_use_l2_hot,l2_hot,0x00002afcb9e47000,0x0000000000000000,0xbcd805f31fd28f34,0x0000000000000000,0,ld.global.cg,0,cold
NVIDIA H100 80GB HBM3,9.0,52428800,tensor_2d_length,tensor_2d_length_u8_row128,tensor_2d_length_g2s_u8_row128_b2048,tensor,g2s,u8,8,2,2048,2048,0,aligned128,contiguous,none,none,zero,none,direct,low,1,454,4368.000,0,ok,tmau_hot_reuse,l2_hot,0x00002afcb9e47000,0x0000000000000000,0xbcd805f31fd28f34,0x0000000000000000,1,ld.global.cg,0,hot
NVIDIA H100 80GB HBM3,9.0,52428800,tensor_2d_length,tensor_2d_length_u8_row128,tensor_2d_length_g2s_u8_row128_b4096,tensor,g2s,u8,8,2,4096,4096,0,aligned128,contiguous,none,none,zero,none,direct,low,0,782,5616.000,0,ok,tmau_cold_first_use_l2_hot,l2_hot,0x00002afcb9e48000,0x0000000000000000,0x3e547c44c7dc9794,0x0000000000000000,0,ld.global.cg,0,cold
NVIDIA H100 80GB HBM3,9.0,52428800,tensor_2d_length,tensor_2d_length_u8_row128,tensor_2d_length_g2s_u8_row128_b4096,tensor,g2s,u8,8,2,4096,4096,0,aligned128,contiguous,none,none,zero,none,direct,low,1,454,5616.000,0,ok,tmau_hot_reuse,l2_hot,0x00002afcb9e48000,0x0000000000000000,0x3e547c44c7dc9794,0x0000000000000000,1,ld.global.cg,0,hot
NVIDIA H100 80GB HBM3,9.0,52428800,tensor_2d_length,tensor_2d_length_u8_row128,tensor_2d_length_g2s_u8_row128_b8192,tensor,g2s,u8,8,2,8192,8192,0,aligned128,contiguous,none,none,zero,none,direct,low,0,760,5952.000,0,ok,tmau_cold_first_use_l2_hot,l2_hot,0x00002afcb9e49000,0x0000000000000000,0xa9cf972852b580b4,0x0000000000000000,0,ld.global.cg,0,cold
NVIDIA H100 80GB HBM3,9.0,52428800,tensor_2d_length,tensor_2d_length_u8_row128,tensor_2d_length_g2s_u8_row128_b8192,tensor,g2s,u8,8,2,8192,8192,0,aligned128,contiguous,none,none,zero,none,direct,low,1,454,5952.000,0,ok,tmau_hot_reuse,l2_hot,0x00002afcb9e49000,0x0000000000000000,0xa9cf972852b580b4,0x0000000000000000,1,ld.global.cg,0,hot
NVIDIA H100 80GB HBM3,9.0,52428800,tensor_2d_length,tensor_2d_length_u8_row128,tensor_2d_length_g2s_u8_row128_b16256,tensor,g2s,u8,8,2,16256,16256,0,aligned128,contiguous,none,none,zero,none,direct,low,0,760,6768.000,0,ok,tmau_cold_first_use_l2_hot,l2_hot,0x00002afcb9e4a000,0x0000000000000000,0xc998ad204c9ef8f8,0x0000000000000000,0,ld.global.cg,0,cold
NVIDIA H100 80GB HBM3,9.0,52428800,tensor_2d_length,tensor_2d_length_u8_row128,tensor_2d_length_g2s_u8_row128_b16256,tensor,g2s,u8,8,2,16256,16256,0,aligned128,contiguous,none,none,zero,none,direct,low,1,602,6768.000,0,ok,tmau_hot_reuse,l2_hot,0x00002afcb9e4a000,0x0000000000000000,0xc998ad204c9ef8f8,0x0000000000000000,1,ld.global.cg,0,hot
NVIDIA H100 80GB HBM3,9.0,52428800,tensor_2d_length,tensor_2d_length_u8_row128,tensor_2d_length_g2s_u8_row128_b16384,tensor,g2s,u8,8,2,16384,16384,0,aligned128,contiguous,none,none,zero,none,direct,low,0,760,6464.000,0,ok,tmau_cold_first_use_l2_hot,l2_hot,0x00002afcb9e4b000,0x0000000000000000,0xc60434422d38e5bd,0x0000000000000000,0,ld.global.cg,0,cold
NVIDIA H100 80GB HBM3,9.0,52428800,tensor_2d_length,tensor_2d_length_u8_row128,tensor_2d_length_g2s_u8_row128_b16384,tensor,g2s,u8,8,2,16384,16384,0,aligned128,contiguous,none,none,zero,none,direct,low,1,602,6464.000,0,ok,tmau_hot_reuse,l2_hot,0x00002afcb9e4b000,0x0000000000000000,0xc60434422d38e5bd,0x0000000000000000,1,ld.global.cg,0,hot
NVIDIA H100 80GB HBM3,9.0,52428800,tensor_2d_length,tensor_2d_length_u8_row128,tensor_2d_length_g2s_u8_row128_b16512,tensor,g2s,u8,8,2,16512,16512,0,aligned128,contiguous,none,none,zero,none,direct,low,0,750,6960.000,0,ok,tmau_cold_first_use_l2_hot,l2_hot,0x00002afcb9e4c000,0x0000000000000000,0x445cc9ac28955749,0x0000000000000000,0,ld.global.cg,0,cold
NVIDIA H100 80GB HBM3,9.0,52428800,tensor_2d_length,tensor_2d_length_u8_row128,tensor_2d_length_g2s_u8_row128_b16512,tensor,g2s,u8,8,2,16512,16512,0,aligned128,contiguous,none,none,zero,none,direct,low,1,602,6960.000,0,ok,tmau_hot_reuse,l2_hot,0x00002afcb9e4c000,0x0000000000000000,0x445cc9ac28955749,0x0000000000000000,1,ld.global.cg,0,hot
NVIDIA H100 80GB HBM3,9.0,52428800,tensor_2d_length,tensor_2d_length_u8_row128,tensor_2d_length_g2s_u8_row128_b17408,tensor,g2s,u8,8,2,17408,17408,0,aligned128,contiguous,none,none,zero,none,direct,low,0,750,6704.000,0,ok,tmau_cold_first_use_l2_hot,l2_hot,0x00002afcb9e4d000,0x0000000000000000,0x639182dc80daf891,0x0000000000000000,0,ld.global.cg,0,cold
NVIDIA H100 80GB HBM3,9.0,52428800,tensor_2d_length,tensor_2d_length_u8_row128,tensor_2d_length_g2s_u8_row128_b17408,tensor,g2s,u8,8,2,17408,17408,0,aligned128,contiguous,none,none,zero,none,direct,low,1,602,6704.000,0,ok,tmau_hot_reuse,l2_hot,0x00002afcb9e4d000,0x0000000000000000,0x639182dc80daf891,0x0000000000000000,1,ld.global.cg,0,hot
NVIDIA H100 80GB HBM3,9.0,52428800,tensor_2d_length,tensor_2d_length_u8_row128,tensor_2d_length_g2s_u8_row128_b18432,tensor,g2s,u8,8,2,18432,18432,0,aligned128,contiguous,none,none,zero,none,direct,low,0,898,6432.000,0,ok,tmau_cold_first_use_l2_hot,l2_hot,0x00002afcb9e4e000,0x0000000000000000,0x9d03837e0ff9fa3a,0x0000000000000000,0,ld.global.cg,0,cold
NVIDIA H100 80GB HBM3,9.0,52428800,tensor_2d_length,tensor_2d_length_u8_row128,tensor_2d_length_g2s_u8_row128_b18432,tensor,g2s,u8,8,2,18432,18432,0,aligned128,contiguous,none,none,zero,none,direct,low,1,602,6432.000,0,ok,tmau_hot_reuse,l2_hot,0x00002afcb9e4e000,0x0000000000000000,0x9d03837e0ff9fa3a,0x0000000000000000,1,ld.global.cg,0,hot
NVIDIA H100 80GB HBM3,9.0,52428800,tensor_2d_length,tensor_2d_length_u8_row128,tensor_2d_length_g2s_u8_row128_b20480,tensor,g2s,u8,8,2,20480,20480,0,aligned128,contiguous,none,none,zero,none,direct,low,0,898,6832.000,0,ok,tmau_cold_first_use_l2_hot,l2_hot,0x00002afcb9e4f000,0x0000000000000000,0x24b80cbc8cd6715a,0x0000000000000000,0,ld.global.cg,0,cold
NVIDIA H100 80GB HBM3,9.0,52428800,tensor_2d_length,tensor_2d_length_u8_row128,tensor_2d_length_g2s_u8_row128_b20480,tensor,g2s,u8,8,2,20480,20480,0,aligned128,contiguous,none,none,zero,none,direct,low,1,602,6832.000,0,ok,tmau_hot_reuse,l2_hot,0x00002afcb9e4f000,0x0000000000000000,0x24b80cbc8cd6715a,0x0000000000000000,1,ld.global.cg,0,hot
NVIDIA H100 80GB HBM3,9.0,52428800,tensor_2d_length,tensor_2d_length_u8_row128,tensor_2d_length_g2s_u8_row128_b22528,tensor,g2s,u8,8,2,22528,22528,0,aligned128,contiguous,none,none,zero,none,direct,low,0,933,9488.000,0,ok,tmau_cold_first_use_l2_hot,l2_hot,0x00002afcb9e50000,0x0000000000000000,0x2c708ec2f4f57dd2,0x0000000000000000,0,ld.global.cg,0,cold
NVIDIA H100 80GB HBM3,9.0,52428800,tensor_2d_length,tensor_2d_length_u8_row128,tensor_2d_length_g2s_u8_row128_b22528,tensor,g2s,u8,8,2,22528,22528,0,aligned128,contiguous,none,none,zero,none,direct,low,1,602,9488.000,0,ok,tmau_hot_reuse,l2_hot,0x00002afcb9e50000,0x0000000000000000,0x2c708ec2f4f57dd2,0x0000000000000000,1,ld.global.cg,0,hot
NVIDIA H100 80GB HBM3,9.0,52428800,tensor_2d_length,tensor_2d_length_u8_row128,tensor_2d_length_g2s_u8_row128_b24576,tensor,g2s,u8,8,2,24576,24576,0,aligned128,contiguous,none,none,zero,none,direct,low,0,908,7728.000,0,ok,tmau_cold_first_use_l2_hot,l2_hot,0x00002afcb9e51000,0x0000000000000000,0x65e3decd05c7fb92,0x0000000000000000,0,ld.global.cg,0,cold
NVIDIA H100 80GB HBM3,9.0,52428800,tensor_2d_length,tensor_2d_length_u8_row128,tensor_2d_length_g2s_u8_row128_b24576,tensor,g2s,u8,8,2,24576,24576,0,aligned128,contiguous,none,none,zero,none,direct,low,1,602,7728.000,0,ok,tmau_hot_reuse,l2_hot,0x00002afcb9e51000,0x0000000000000000,0x65e3decd05c7fb92,0x0000000000000000,1,ld.global.cg,0,hot
NVIDIA H100 80GB HBM3,9.0,52428800,tensor_2d_length,tensor_2d_length_u8_row128,tensor_2d_length_g2s_u8_row128_b28672,tensor,g2s,u8,8,2,28672,28672,0,aligned128,contiguous,none,none,zero,none,direct,low,0,908,8368.000,0,ok,tmau_cold_first_use_l2_hot,l2_hot,0x00002afcb9e52000,0x0000000000000000,0x44dbac68b46653a3,0x0000000000000000,0,ld.global.cg,0,cold
NVIDIA H100 80GB HBM3,9.0,52428800,tensor_2d_length,tensor_2d_length_u8_row128,tensor_2d_length_g2s_u8_row128_b28672,tensor,g2s,u8,8,2,28672,28672,0,aligned128,contiguous,none,none,zero,none,direct,low,1,750,8368.000,0,ok,tmau_hot_reuse,l2_hot,0x00002afcb9e52000,0x0000000000000000,0x44dbac68b46653a3,0x0000000000000000,1,ld.global.cg,0,hot
NVIDIA H100 80GB HBM3,9.0,52428800,tensor_2d_length,tensor_2d_length_u8_row128,tensor_2d_length_g2s_u8_row128_b32768,tensor,g2s,u8,8,2,32768,32768,0,aligned128,contiguous,none,none,zero,none,direct,low,0,1056,10736.000,0,ok,tmau_cold_first_use_l2_hot,l2_hot,0x00002afcb9e53000,0x0000000000000000,0x651fe4ab8aff7a63,0x0000000000000000,0,ld.global.cg,0,cold
NVIDIA H100 80GB HBM3,9.0,52428800,tensor_2d_length,tensor_2d_length_u8_row128,tensor_2d_length_g2s_u8_row128_b32768,tensor,g2s,u8,8,2,32768,32768,0,aligned128,contiguous,none,none,zero,none,direct,low,1,750,10736.000,0,ok,tmau_hot_reuse,l2_hot,0x00002afcb9e53000,0x0000000000000000,0x651fe4ab8aff7a63,0x0000000000000000,1,ld.global.cg,0,hot
NVIDIA H100 80GB HBM3,9.0,52428800,tensor_2d_length,tensor_2d_length_u16_row32,tensor_2d_length_g2s_u16_row32_b128,tensor,g2s,u16,16,2,128,128,0,aligned128,contiguous,none,none,zero,none,direct,low,0,602,3824.000,0,ok,tmau_cold_first_use_l2_hot,l2_hot,0x00002afcb9e54000,0x0000000000000000,0xc0f5d19a7749bd12,0x0000000000000000,0,ld.global.cg,0,cold
NVIDIA H100 80GB HBM3,9.0,52428800,tensor_2d_length,tensor_2d_length_u16_row32,tensor_2d_length_g2s_u16_row32_b128,tensor,g2s,u16,16,2,128,128,0,aligned128,contiguous,none,none,zero,none,direct,low,1,454,3824.000,0,ok,tmau_hot_reuse,l2_hot,0x00002afcb9e54000,0x0000000000000000,0xc0f5d19a7749bd12,0x0000000000000000,1,ld.global.cg,0,hot
NVIDIA H100 80GB HBM3,9.0,52428800,tensor_2d_length,tensor_2d_length_u16_row32,tensor_2d_length_g2s_u16_row32_b256,tensor,g2s,u16,16,2,256,256,0,aligned128,contiguous,none,none,zero,none,direct,low,0,602,3456.000,0,ok,tmau_cold_first_use_l2_hot,l2_hot,0x00002afcb9e55000,0x0000000000000000,0x2a9fbb5ec7ae7d96,0x0000000000000000,0,ld.global.cg,0,cold
NVIDIA H100 80GB HBM3,9.0,52428800,tensor_2d_length,tensor_2d_length_u16_row32,tensor_2d_length_g2s_u16_row32_b256,tensor,g2s,u16,16,2,256,256,0,aligned128,contiguous,none,none,zero,none,direct,low,1,454,3456.000,0,ok,tmau_hot_reuse,l2_hot,0x00002afcb9e55000,0x0000000000000000,0x2a9fbb5ec7ae7d96,0x0000000000000000,1,ld.global.cg,0,hot
NVIDIA H100 80GB HBM3,9.0,52428800,tensor_2d_length,tensor_2d_length_u16_row32,tensor_2d_length_g2s_u16_row32_b1024,tensor,g2s,u16,16,2,1024,1024,0,aligned128,contiguous,none,none,zero,none,direct,low,0,602,3344.000,0,ok,tmau_cold_first_use_l2_hot,l2_hot,0x00002afcb9e56000,0x0000000000000000,0x0f4588b0a795a694,0x0000000000000000,0,ld.global.cg,0,cold
NVIDIA H100 80GB HBM3,9.0,52428800,tensor_2d_length,tensor_2d_length_u16_row32,tensor_2d_length_g2s_u16_row32_b1024,tensor,g2s,u16,16,2,1024,1024,0,aligned128,contiguous,none,none,zero,none,direct,low,1,454,3344.000,0,ok,tmau_hot_reuse,l2_hot,0x00002afcb9e56000,0x0000000000000000,0x0f4588b0a795a694,0x0000000000000000,1,ld.global.cg,0,hot
NVIDIA H100 80GB HBM3,9.0,52428800,tensor_2d_length,tensor_2d_length_u16_row32,tensor_2d_length_g2s_u16_row32_b4096,tensor,g2s,u16,16,2,4096,4096,0,aligned128,contiguous,none,none,zero,none,direct,low,0,750,4016.000,0,ok,tmau_cold_first_use_l2_hot,l2_hot,0x00002afcb9e57000,0x0000000000000000,0x3cc1324e6d6b3dd4,0x0000000000000000,0,ld.global.cg,0,cold
NVIDIA H100 80GB HBM3,9.0,52428800,tensor_2d_length,tensor_2d_length_u16_row32,tensor_2d_length_g2s_u16_row32_b4096,tensor,g2s,u16,16,2,4096,4096,0,aligned128,contiguous,none,none,zero,none,direct,low,1,602,4016.000,0,ok,tmau_hot_reuse,l2_hot,0x00002afcb9e57000,0x0000000000000000,0x3cc1324e6d6b3dd4,0x0000000000000000,1,ld.global.cg,0,hot
NVIDIA H100 80GB HBM3,9.0,52428800,tensor_2d_length,tensor_2d_length_u16_row32,tensor_2d_length_g2s_u16_row32_b8192,tensor,g2s,u16,16,2,8192,8192,0,aligned128,contiguous,none,none,zero,none,direct,low,0,930,4928.000,0,ok,tmau_cold_first_use_l2_hot,l2_hot,0x00002afcb9e58000,0x0000000000000000,0x047251a0c0fc4bb4,0x0000000000000000,0,ld.global.cg,0,cold
NVIDIA H100 80GB HBM3,9.0,52428800,tensor_2d_length,tensor_2d_length_u16_row32,tensor_2d_length_g2s_u16_row32_b8192,tensor,g2s,u16,16,2,8192,8192,0,aligned128,contiguous,none,none,zero,none,direct,low,1,602,4928.000,0,ok,tmau_hot_reuse,l2_hot,0x00002afcb9e58000,0x0000000000000000,0x047251a0c0fc4bb4,0x0000000000000000,1,ld.global.cg,0,hot
NVIDIA H100 80GB HBM3,9.0,52428800,tensor_2d_length,tensor_2d_length_u16_row128,tensor_2d_length_g2s_u16_row128_b16384,tensor,g2s,u16,16,2,16384,16384,0,aligned128,contiguous,none,none,zero,none,direct,low,0,760,6304.000,0,ok,tmau_cold_first_use_l2_hot,l2_hot,0x00002afcb9e59000,0x0000000000000000,0xcc29b3c32c9b29ba,0x0000000000000000,0,ld.global.cg,0,cold
NVIDIA H100 80GB HBM3,9.0,52428800,tensor_2d_length,tensor_2d_length_u16_row128,tensor_2d_length_g2s_u16_row128_b16384,tensor,g2s,u16,16,2,16384,16384,0,aligned128,contiguous,none,none,zero,none,direct,low,1,602,6304.000,0,ok,tmau_hot_reuse,l2_hot,0x00002afcb9e59000,0x0000000000000000,0xcc29b3c32c9b29ba,0x0000000000000000,1,ld.global.cg,0,hot
NVIDIA H100 80GB HBM3,9.0,52428800,tensor_2d_length,tensor_2d_length_u16_row128,tensor_2d_length_g2s_u16_row128_b32768,tensor,g2s,u16,16,2,32768,32768,0,aligned128,contiguous,none,none,zero,none,direct,low,0,908,10800.000,0,ok,tmau_cold_first_use_l2_hot,l2_hot,0x00002afcb9e5a000,0x0000000000000000,0x1ee95de8c7fbf43a,0x0000000000000000,0,ld.global.cg,0,cold
NVIDIA H100 80GB HBM3,9.0,52428800,tensor_2d_length,tensor_2d_length_u16_row128,tensor_2d_length_g2s_u16_row128_b32768,tensor,g2s,u16,16,2,32768,32768,0,aligned128,contiguous,none,none,zero,none,direct,low,1,750,10800.000,0,ok,tmau_hot_reuse,l2_hot,0x00002afcb9e5a000,0x0000000000000000,0x1ee95de8c7fbf43a,0x0000000000000000,1,ld.global.cg,0,hot
NVIDIA H100 80GB HBM3,9.0,52428800,tensor_2d_length,tensor_2d_length_u8_row32,tensor_2d_length_s2g_u8_row32_b32,tensor,s2g,u8,8,2,32,32,0,aligned128,contiguous,none,none,zero,none,direct,low,0,281,20112.000,0,ok,tmau_cold_first_use_l2_hot,l2_hot,0x0000000000000000,0x00002afcb9e5b000,0x0000000000000000,0x714eccf162b1e341,0,ld.global.cg,0,cold
NVIDIA H100 80GB HBM3,9.0,52428800,tensor_2d_length,tensor_2d_length_u8_row32,tensor_2d_length_s2g_u8_row32_b32,tensor,s2g,u8,8,2,32,32,0,aligned128,contiguous,none,none,zero,none,direct,low,1,43,20112.000,0,ok,tmau_hot_reuse,l2_hot,0x0000000000000000,0x00002afcb9e5b000,0x0000000000000000,0x714eccf162b1e341,1,ld.global.cg,0,hot
NVIDIA H100 80GB HBM3,9.0,52428800,tensor_2d_length,tensor_2d_length_u8_row32,tensor_2d_length_s2g_u8_row32_b64,tensor,s2g,u8,8,2,64,64,0,aligned128,contiguous,none,none,zero,none,direct,low,0,296,3744.000,0,ok,tmau_cold_first_use_l2_hot,l2_hot,0x0000000000000000,0x00002afcb9e5c000,0x0000000000000000,0x6c02ae3085030531,0,ld.global.cg,0,cold
NVIDIA H100 80GB HBM3,9.0,52428800,tensor_2d_length,tensor_2d_length_u8_row32,tensor_2d_length_s2g_u8_row32_b64,tensor,s2g,u8,8,2,64,64,0,aligned128,contiguous,none,none,zero,none,direct,low,1,44,3744.000,0,ok,tmau_hot_reuse,l2_hot,0x0000000000000000,0x00002afcb9e5c000,0x0000000000000000,0x6c02ae3085030531,1,ld.global.cg,0,hot
NVIDIA H100 80GB HBM3,9.0,52428800,tensor_2d_length,tensor_2d_length_u8_row32,tensor_2d_length_s2g_u8_row32_b96,tensor,s2g,u8,8,2,96,96,0,aligned128,contiguous,none,none,zero,none,direct,low,0,270,2912.000,0,ok,tmau_cold_first_use_l2_hot,l2_hot,0x0000000000000000,0x00002afcb9e5d000,0x0000000000000000,0x9b881d910a6e81c2,0,ld.global.cg,0,cold
NVIDIA H100 80GB HBM3,9.0,52428800,tensor_2d_length,tensor_2d_length_u8_row32,tensor_2d_length_s2g_u8_row32_b96,tensor,s2g,u8,8,2,96,96,0,aligned128,contiguous,none,none,zero,none,direct,low,1,45,2912.000,0,ok,tmau_hot_reuse,l2_hot,0x0000000000000000,0x00002afcb9e5d000,0x0000000000000000,0x9b881d910a6e81c2,1,ld.global.cg,0,hot
NVIDIA H100 80GB HBM3,9.0,52428800,tensor_2d_length,tensor_2d_length_u8_row32,tensor_2d_length_s2g_u8_row32_b128,tensor,s2g,u8,8,2,128,128,0,aligned128,contiguous,none,none,zero,none,direct,low,0,277,3456.000,0,ok,tmau_cold_first_use_l2_hot,l2_hot,0x0000000000000000,0x00002afcb9e5e000,0x0000000000000000,0xde34ad0aee071e52,0,ld.global.cg,0,cold
NVIDIA H100 80GB HBM3,9.0,52428800,tensor_2d_length,tensor_2d_length_u8_row32,tensor_2d_length_s2g_u8_row32_b128,tensor,s2g,u8,8,2,128,128,0,aligned128,contiguous,none,none,zero,none,direct,low,1,46,3456.000,0,ok,tmau_hot_reuse,l2_hot,0x0000000000000000,0x00002afcb9e5e000,0x0000000000000000,0xde34ad0aee071e52,1,ld.global.cg,0,hot
NVIDIA H100 80GB HBM3,9.0,52428800,tensor_2d_length,tensor_2d_length_u8_row32,tensor_2d_length_s2g_u8_row32_b160,tensor,s2g,u8,8,2,160,160,0,aligned128,contiguous,none,none,zero,none,direct,low,0,309,3664.000,0,ok,tmau_cold_first_use_l2_hot,l2_hot,0x0000000000000000,0x00002afcb9e5f000,0x0000000000000000,0x69ba561ab1e82567,0,ld.global.cg,0,cold
NVIDIA H100 80GB HBM3,9.0,52428800,tensor_2d_length,tensor_2d_length_u8_row32,tensor_2d_length_s2g_u8_row32_b160,tensor,s2g,u8,8,2,160,160,0,aligned128,contiguous,none,none,zero,none,direct,low,1,47,3664.000,0,ok,tmau_hot_reuse,l2_hot,0x0000000000000000,0x00002afcb9e5f000,0x0000000000000000,0x69ba561ab1e82567,1,ld.global.cg,0,hot
NVIDIA H100 80GB HBM3,9.0,52428800,tensor_2d_length,tensor_2d_length_u8_row32,tensor_2d_length_s2g_u8_row32_b192,tensor,s2g,u8,8,2,192,192,0,aligned128,contiguous,none,none,zero,none,direct,low,0,290,3120.000,0,ok,tmau_cold_first_use_l2_hot,l2_hot,0x0000000000000000,0x00002afcb9e60000,0x0000000000000000,0x1d5056fa6fa43004,0,ld.global.cg,0,cold
NVIDIA H100 80GB HBM3,9.0,52428800,tensor_2d_length,tensor_2d_length_u8_row32,tensor_2d_length_s2g_u8_row32_b192,tensor,s2g,u8,8,2,192,192,0,aligned128,contiguous,none,none,zero,none,direct,low,1,48,3120.000,0,ok,tmau_hot_reuse,l2_hot,0x0000000000000000,0x00002afcb9e60000,0x0000000000000000,0x1d5056fa6fa43004,1,ld.global.cg,0,hot
NVIDIA H100 80GB HBM3,9.0,52428800,tensor_2d_length,tensor_2d_length_u8_row32,tensor_2d_length_s2g_u8_row32_b224,tensor,s2g,u8,8,2,224,224,0,aligned128,contiguous,none,none,zero,none,direct,low,0,294,3712.000,0,ok,tmau_cold_first_use_l2_hot,l2_hot,0x0000000000000000,0x00002afcb9e61000,0x0000000000000000,0xf69287b12c159bd1,0,ld.global.cg,0,cold
NVIDIA H100 80GB HBM3,9.0,52428800,tensor_2d_length,tensor_2d_length_u8_row32,tensor_2d_length_s2g_u8_row32_b224,tensor,s2g,u8,8,2,224,224,0,aligned128,contiguous,none,none,zero,none,direct,low,1,49,3712.000,0,ok,tmau_hot_reuse,l2_hot,0x0000000000000000,0x00002afcb9e61000,0x0000000000000000,0xf69287b12c159bd1,1,ld.global.cg,0,hot
NVIDIA H100 80GB HBM3,9.0,52428800,tensor_2d_length,tensor_2d_length_u8_row32,tensor_2d_length_s2g_u8_row32_b256,tensor,s2g,u8,8,2,256,256,0,aligned128,contiguous,none,none,zero,none,direct,low,0,311,4784.000,0,ok,tmau_cold_first_use_l2_hot,l2_hot,0x0000000000000000,0x00002afcb9e62000,0x0000000000000000,0x7934ecdb73e7eff9,0,ld.global.cg,0,cold
NVIDIA H100 80GB HBM3,9.0,52428800,tensor_2d_length,tensor_2d_length_u8_row32,tensor_2d_length_s2g_u8_row32_b256,tensor,s2g,u8,8,2,256,256,0,aligned128,contiguous,none,none,zero,none,direct,low,1,50,4784.000,0,ok,tmau_hot_reuse,l2_hot,0x0000000000000000,0x00002afcb9e62000,0x0000000000000000,0x7934ecdb73e7eff9,1,ld.global.cg,0,hot
NVIDIA H100 80GB HBM3,9.0,52428800,tensor_2d_length,tensor_2d_length_u8_row32,tensor_2d_length_s2g_u8_row32_b288,tensor,s2g,u8,8,2,288,288,0,aligned128,contiguous,none,none,zero,none,direct,low,0,293,3728.000,0,ok,tmau_cold_first_use_l2_hot,l2_hot,0x0000000000000000,0x00002afcb9e63000,0x0000000000000000,0xed1066ae6733a020,0,ld.global.cg,0,cold
NVIDIA H100 80GB HBM3,9.0,52428800,tensor_2d_length,tensor_2d_length_u8_row32,tensor_2d_length_s2g_u8_row32_b288,tensor,s2g,u8,8,2,288,288,0,aligned128,contiguous,none,none,zero,none,direct,low,1,51,3728.000,0,ok,tmau_hot_reuse,l2_hot,0x0000000000000000,0x00002afcb9e63000,0x0000000000000000,0xed1066ae6733a020,1,ld.global.cg,0,hot
NVIDIA H100 80GB HBM3,9.0,52428800,tensor_2d_length,tensor_2d_length_u8_row32,tensor_2d_length_s2g_u8_row32_b320,tensor,s2g,u8,8,2,320,320,0,aligned128,contiguous,none,none,zero,none,direct,low,0,307,3664.000,0,ok,tmau_cold_first_use_l2_hot,l2_hot,0x0000000000000000,0x00002afcb9e64000,0x0000000000000000,0x4f63d8222edf2d1b,0,ld.global.cg,0,cold
NVIDIA H100 80GB HBM3,9.0,52428800,tensor_2d_length,tensor_2d_length_u8_row32,tensor_2d_length_s2g_u8_row32_b320,tensor,s2g,u8,8,2,320,320,0,aligned128,contiguous,none,none,zero,none,direct,low,1,52,3664.000,0,ok,tmau_hot_reuse,l2_hot,0x0000000000000000,0x00002afcb9e64000,0x0000000000000000,0x4f63d8222edf2d1b,1,ld.global.cg,0,hot
NVIDIA H100 80GB HBM3,9.0,52428800,tensor_2d_length,tensor_2d_length_u8_row32,tensor_2d_length_s2g_u8_row32_b352,tensor,s2g,u8,8,2,352,352,0,aligned128,contiguous,none,none,zero,none,direct,low,0,307,2928.000,0,ok,tmau_cold_first_use_l2_hot,l2_hot,0x0000000000000000,0x00002afcb9e65000,0x0000000000000000,0xeb800dd5ac8b86f5,0,ld.global.cg,0,cold
NVIDIA H100 80GB HBM3,9.0,52428800,tensor_2d_length,tensor_2d_length_u8_row32,tensor_2d_length_s2g_u8_row32_b352,tensor,s2g,u8,8,2,352,352,0,aligned128,contiguous,none,none,zero,none,direct,low,1,53,2928.000,0,ok,tmau_hot_reuse,l2_hot,0x0000000000000000,0x00002afcb9e65000,0x0000000000000000,0xeb800dd5ac8b86f5,1,ld.global.cg,0,hot
NVIDIA H100 80GB HBM3,9.0,52428800,tensor_2d_length,tensor_2d_length_u8_row32,tensor_2d_length_s2g_u8_row32_b384,tensor,s2g,u8,8,2,384,384,0,aligned128,contiguous,none,none,zero,none,direct,low,0,287,3424.000,0,ok,tmau_cold_first_use_l2_hot,l2_hot,0x0000000000000000,0x00002afcb9e66000,0x0000000000000000,0xed7e0c93f4f36e90,0,ld.global.cg,0,cold
NVIDIA H100 80GB HBM3,9.0,52428800,tensor_2d_length,tensor_2d_length_u8_row32,tensor_2d_length_s2g_u8_row32_b384,tensor,s2g,u8,8,2,384,384,0,aligned128,contiguous,none,none,zero,none,direct,low,1,54,3424.000,0,ok,tmau_hot_reuse,l2_hot,0x0000000000000000,0x00002afcb9e66000,0x0000000000000000,0xed7e0c93f4f36e90,1,ld.global.cg,0,hot
NVIDIA H100 80GB HBM3,9.0,52428800,tensor_2d_length,tensor_2d_length_u8_row32,tensor_2d_length_s2g_u8_row32_b416,tensor,s2g,u8,8,2,416,416,0,aligned128,contiguous,none,none,zero,none,direct,low,0,288,3792.000,0,ok,tmau_cold_first_use_l2_hot,l2_hot,0x0000000000000000,0x00002afcb9e67000,0x0000000000000000,0x8cddf639528ca7fa,0,ld.global.cg,0,cold
NVIDIA H100 80GB HBM3,9.0,52428800,tensor_2d_length,tensor_2d_length_u8_row32,tensor_2d_length_s2g_u8_row32_b416,tensor,s2g,u8,8,2,416,416,0,aligned128,contiguous,none,none,zero,none,direct,low,1,55,3792.000,0,ok,tmau_hot_reuse,l2_hot,0x0000000000000000,0x00002afcb9e67000,0x0000000000000000,0x8cddf639528ca7fa,1,ld.global.cg,0,hot
NVIDIA H100 80GB HBM3,9.0,52428800,tensor_2d_length,tensor_2d_length_u8_row32,tensor_2d_length_s2g_u8_row32_b448,tensor,s2g,u8,8,2,448,448,0,aligned128,contiguous,none,none,zero,none,direct,low,0,302,3280.000,0,ok,tmau_cold_first_use_l2_hot,l2_hot,0x0000000000000000,0x00002afcb9e68000,0x0000000000000000,0xc446cfcfc409e2d0,0,ld.global.cg,0,cold
NVIDIA H100 80GB HBM3,9.0,52428800,tensor_2d_length,tensor_2d_length_u8_row32,tensor_2d_length_s2g_u8_row32_b448,tensor,s2g,u8,8,2,448,448,0,aligned128,contiguous,none,none,zero,none,direct,low,1,56,3280.000,0,ok,tmau_hot_reuse,l2_hot,0x0000000000000000,0x00002afcb9e68000,0x0000000000000000,0xc446cfcfc409e2d0,1,ld.global.cg,0,hot
NVIDIA H100 80GB HBM3,9.0,52428800,tensor_2d_length,tensor_2d_length_u8_row32,tensor_2d_length_s2g_u8_row32_b480,tensor,s2g,u8,8,2,480,480,0,aligned128,contiguous,none,none,zero,none,direct,low,0,308,3888.000,0,ok,tmau_cold_first_use_l2_hot,l2_hot,0x0000000000000000,0x00002afcb9e69000,0x0000000000000000,0xb2386b2101b09e1a,0,ld.global.cg,0,cold
NVIDIA H100 80GB HBM3,9.0,52428800,tensor_2d_length,tensor_2d_length_u8_row32,tensor_2d_length_s2g_u8_row32_b480,tensor,s2g,u8,8,2,480,480,0,aligned128,contiguous,none,none,zero,none,direct,low,1,57,3888.000,0,ok,tmau_hot_reuse,l2_hot,0x0000000000000000,0x00002afcb9e69000,0x0000000000000000,0xb2386b2101b09e1a,1,ld.global.cg,0,hot
NVIDIA H100 80GB HBM3,9.0,52428800,tensor_2d_length,tensor_2d_length_u8_row32,tensor_2d_length_s2g_u8_row32_b512,tensor,s2g,u8,8,2,512,512,0,aligned128,contiguous,none,none,zero,none,direct,low,0,313,3872.000,0,ok,tmau_cold_first_use_l2_hot,l2_hot,0x0000000000000000,0x00002afcb9e6a000,0x0000000000000000,0x26a14435a1a34c79,0,ld.global.cg,0,cold
NVIDIA H100 80GB HBM3,9.0,52428800,tensor_2d_length,tensor_2d_length_u8_row32,tensor_2d_length_s2g_u8_row32_b512,tensor,s2g,u8,8,2,512,512,0,aligned128,contiguous,none,none,zero,none,direct,low,1,58,3872.000,0,ok,tmau_hot_reuse,l2_hot,0x0000000000000000,0x00002afcb9e6a000,0x0000000000000000,0x26a14435a1a34c79,1,ld.global.cg,0,hot
NVIDIA H100 80GB HBM3,9.0,52428800,tensor_2d_length,tensor_2d_length_u8_row32,tensor_2d_length_s2g_u8_row32_b640,tensor,s2g,u8,8,2,640,640,0,aligned128,contiguous,none,none,zero,none,direct,low,0,299,3776.000,0,ok,tmau_cold_first_use_l2_hot,l2_hot,0x0000000000000000,0x00002afcb9e6b000,0x0000000000000000,0xa9f8c09039e32e23,0,ld.global.cg,0,cold
NVIDIA H100 80GB HBM3,9.0,52428800,tensor_2d_length,tensor_2d_length_u8_row32,tensor_2d_length_s2g_u8_row32_b640,tensor,s2g,u8,8,2,640,640,0,aligned128,contiguous,none,none,zero,none,direct,low,1,62,3776.000,0,ok,tmau_hot_reuse,l2_hot,0x0000000000000000,0x00002afcb9e6b000,0x0000000000000000,0xa9f8c09039e32e23,1,ld.global.cg,0,hot
NVIDIA H100 80GB HBM3,9.0,52428800,tensor_2d_length,tensor_2d_length_u8_row32,tensor_2d_length_s2g_u8_row32_b768,tensor,s2g,u8,8,2,768,768,0,aligned128,contiguous,none,none,zero,none,direct,low,0,318,3600.000,0,ok,tmau_cold_first_use_l2_hot,l2_hot,0x0000000000000000,0x00002afcb9e6c000,0x0000000000000000,0x9263a9c1a5ec6dfa,0,ld.global.cg,0,cold
NVIDIA H100 80GB HBM3,9.0,52428800,tensor_2d_length,tensor_2d_length_u8_row32,tensor_2d_length_s2g_u8_row32_b768,tensor,s2g,u8,8,2,768,768,0,aligned128,contiguous,none,none,zero,none,direct,low,1,66,3600.000,0,ok,tmau_hot_reuse,l2_hot,0x0000000000000000,0x00002afcb9e6c000,0x0000000000000000,0x9263a9c1a5ec6dfa,1,ld.global.cg,0,hot
NVIDIA H100 80GB HBM3,9.0,52428800,tensor_2d_length,tensor_2d_length_u8_row32,tensor_2d_length_s2g_u8_row32_b896,tensor,s2g,u8,8,2,896,896,0,aligned128,contiguous,none,none,zero,none,direct,low,0,328,3280.000,0,ok,tmau_cold_first_use_l2_hot,l2_hot,0x0000000000000000,0x00002afcb9e6d000,0x0000000000000000,0x8c88d01cd8f5ea1f,0,ld.global.cg,0,cold
NVIDIA H100 80GB HBM3,9.0,52428800,tensor_2d_length,tensor_2d_length_u8_row32,tensor_2d_length_s2g_u8_row32_b896,tensor,s2g,u8,8,2,896,896,0,aligned128,contiguous,none,none,zero,none,direct,low,1,70,3280.000,0,ok,tmau_hot_reuse,l2_hot,0x0000000000000000,0x00002afcb9e6d000,0x0000000000000000,0x8c88d01cd8f5ea1f,1,ld.global.cg,0,hot
NVIDIA H100 80GB HBM3,9.0,52428800,tensor_2d_length,tensor_2d_length_u8_row32,tensor_2d_length_s2g_u8_row32_b992,tensor,s2g,u8,8,2,992,992,0,aligned128,contiguous,none,none,zero,none,direct,low,0,305,3792.000,0,ok,tmau_cold_first_use_l2_hot,l2_hot,0x0000000000000000,0x00002afcb9e6e000,0x0000000000000000,0xd3693e75a439803b,0,ld.global.cg,0,cold
NVIDIA H100 80GB HBM3,9.0,52428800,tensor_2d_length,tensor_2d_length_u8_row32,tensor_2d_length_s2g_u8_row32_b992,tensor,s2g,u8,8,2,992,992,0,aligned128,contiguous,none,none,zero,none,direct,low,1,73,3792.000,0,ok,tmau_hot_reuse,l2_hot,0x0000000000000000,0x00002afcb9e6e000,0x0000000000000000,0xd3693e75a439803b,1,ld.global.cg,0,hot
NVIDIA H100 80GB HBM3,9.0,52428800,tensor_2d_length,tensor_2d_length_u8_row32,tensor_2d_length_s2g_u8_row32_b1024,tensor,s2g,u8,8,2,1024,1024,0,aligned128,contiguous,none,none,zero,none,direct,low,0,304,4960.000,0,ok,tmau_cold_first_use_l2_hot,l2_hot,0x0000000000000000,0x00002afcb9e6f000,0x0000000000000000,0x14e5128602682a86,0,ld.global.cg,0,cold
NVIDIA H100 80GB HBM3,9.0,52428800,tensor_2d_length,tensor_2d_length_u8_row32,tensor_2d_length_s2g_u8_row32_b1024,tensor,s2g,u8,8,2,1024,1024,0,aligned128,contiguous,none,none,zero,none,direct,low,1,74,4960.000,0,ok,tmau_hot_reuse,l2_hot,0x0000000000000000,0x00002afcb9e6f000,0x0000000000000000,0x14e5128602682a86,1,ld.global.cg,0,hot
NVIDIA H100 80GB HBM3,9.0,52428800,tensor_2d_length,tensor_2d_length_u8_row32,tensor_2d_length_s2g_u8_row32_b1056,tensor,s2g,u8,8,2,1056,1056,0,aligned128,contiguous,none,none,zero,none,direct,low,0,319,3856.000,0,ok,tmau_cold_first_use_l2_hot,l2_hot,0x0000000000000000,0x00002afcb9e70000,0x0000000000000000,0x612089c69f3b755e,0,ld.global.cg,0,cold
NVIDIA H100 80GB HBM3,9.0,52428800,tensor_2d_length,tensor_2d_length_u8_row32,tensor_2d_length_s2g_u8_row32_b1056,tensor,s2g,u8,8,2,1056,1056,0,aligned128,contiguous,none,none,zero,none,direct,low,1,75,3856.000,0,ok,tmau_hot_reuse,l2_hot,0x0000000000000000,0x00002afcb9e70000,0x0000000000000000,0x612089c69f3b755e,1,ld.global.cg,0,hot
NVIDIA H100 80GB HBM3,9.0,52428800,tensor_2d_length,tensor_2d_length_u8_row32,tensor_2d_length_s2g_u8_row32_b1152,tensor,s2g,u8,8,2,1152,1152,0,aligned128,contiguous,none,none,zero,none,direct,low,0,333,4064.000,0,ok,tmau_cold_first_use_l2_hot,l2_hot,0x0000000000000000,0x00002afcb9e71000,0x0000000000000000,0x401a6918999e705e,0,ld.global.cg,0,cold
NVIDIA H100 80GB HBM3,9.0,52428800,tensor_2d_length,tensor_2d_length_u8_row32,tensor_2d_length_s2g_u8_row32_b1152,tensor,s2g,u8,8,2,1152,1152,0,aligned128,contiguous,none,none,zero,none,direct,low,1,78,4064.000,0,ok,tmau_hot_reuse,l2_hot,0x0000000000000000,0x00002afcb9e71000,0x0000000000000000,0x401a6918999e705e,1,ld.global.cg,0,hot
NVIDIA H100 80GB HBM3,9.0,52428800,tensor_2d_length,tensor_2d_length_u8_row32,tensor_2d_length_s2g_u8_row32_b1280,tensor,s2g,u8,8,2,1280,1280,0,aligned128,contiguous,none,none,zero,none,direct,low,0,348,4848.000,0,ok,tmau_cold_first_use_l2_hot,l2_hot,0x0000000000000000,0x00002afcb9e72000,0x0000000000000000,0x822533695beb2d00,0,ld.global.cg,0,cold
NVIDIA H100 80GB HBM3,9.0,52428800,tensor_2d_length,tensor_2d_length_u8_row32,tensor_2d_length_s2g_u8_row32_b1280,tensor,s2g,u8,8,2,1280,1280,0,aligned128,contiguous,none,none,zero,none,direct,low,1,82,4848.000,0,ok,tmau_hot_reuse,l2_hot,0x0000000000000000,0x00002afcb9e72000,0x0000000000000000,0x822533695beb2d00,1,ld.global.cg,0,hot
NVIDIA H100 80GB HBM3,9.0,52428800,tensor_2d_length,tensor_2d_length_u8_row32,tensor_2d_length_s2g_u8_row32_b1408,tensor,s2g,u8,8,2,1408,1408,0,aligned128,contiguous,none,none,zero,none,direct,low,0,321,3936.000,0,ok,tmau_cold_first_use_l2_hot,l2_hot,0x0000000000000000,0x00002afcb9e73000,0x0000000000000000,0xd6491262e37b1ed7,0,ld.global.cg,0,cold
NVIDIA H100 80GB HBM3,9.0,52428800,tensor_2d_length,tensor_2d_length_u8_row32,tensor_2d_length_s2g_u8_row32_b1408,tensor,s2g,u8,8,2,1408,1408,0,aligned128,contiguous,none,none,zero,none,direct,low,1,86,3936.000,0,ok,tmau_hot_reuse,l2_hot,0x0000000000000000,0x00002afcb9e73000,0x0000000000000000,0xd6491262e37b1ed7,1,ld.global.cg,0,hot
NVIDIA H100 80GB HBM3,9.0,52428800,tensor_2d_length,tensor_2d_length_u8_row32,tensor_2d_length_s2g_u8_row32_b1536,tensor,s2g,u8,8,2,1536,1536,0,aligned128,contiguous,none,none,zero,none,direct,low,0,331,4208.000,0,ok,tmau_cold_first_use_l2_hot,l2_hot,0x0000000000000000,0x00002afcb9e74000,0x0000000000000000,0x455e03f10b4a92db,0,ld.global.cg,0,cold
NVIDIA H100 80GB HBM3,9.0,52428800,tensor_2d_length,tensor_2d_length_u8_row32,tensor_2d_length_s2g_u8_row32_b1536,tensor,s2g,u8,8,2,1536,1536,0,aligned128,contiguous,none,none,zero,none,direct,low,1,90,4208.000,0,ok,tmau_hot_reuse,l2_hot,0x0000000000000000,0x00002afcb9e74000,0x0000000000000000,0x455e03f10b4a92db,1,ld.global.cg,0,hot
NVIDIA H100 80GB HBM3,9.0,52428800,tensor_2d_length,tensor_2d_length_u8_row32,tensor_2d_length_s2g_u8_row32_b1664,tensor,s2g,u8,8,2,1664,1664,0,aligned128,contiguous,none,none,zero,none,direct,low,0,357,3216.000,0,ok,tmau_cold_first_use_l2_hot,l2_hot,0x0000000000000000,0x00002afcb9e75000,0x0000000000000000,0xd39b8600e4a85701,0,ld.global.cg,0,cold
NVIDIA H100 80GB HBM3,9.0,52428800,tensor_2d_length,tensor_2d_length_u8_row32,tensor_2d_length_s2g_u8_row32_b1664,tensor,s2g,u8,8,2,1664,1664,0,aligned128,contiguous,none,none,zero,none,direct,low,1,94,3216.000,0,ok,tmau_hot_reuse,l2_hot,0x0000000000000000,0x00002afcb9e75000,0x0000000000000000,0xd39b8600e4a85701,1,ld.global.cg,0,hot
NVIDIA H100 80GB HBM3,9.0,52428800,tensor_2d_length,tensor_2d_length_u8_row32,tensor_2d_length_s2g_u8_row32_b1792,tensor,s2g,u8,8,2,1792,1792,0,aligned128,contiguous,none,none,zero,none,direct,low,0,338,3328.000,0,ok,tmau_cold_first_use_l2_hot,l2_hot,0x0000000000000000,0x00002afcb9e76000,0x0000000000000000,0xcec06094b02f042f,0,ld.global.cg,0,cold
NVIDIA H100 80GB HBM3,9.0,52428800,tensor_2d_length,tensor_2d_length_u8_row32,tensor_2d_length_s2g_u8_row32_b1792,tensor,s2g,u8,8,2,1792,1792,0,aligned128,contiguous,none,none,zero,none,direct,low,1,98,3328.000,0,ok,tmau_hot_reuse,l2_hot,0x0000000000000000,0x00002afcb9e76000,0x0000000000000000,0xcec06094b02f042f,1,ld.global.cg,0,hot
NVIDIA H100 80GB HBM3,9.0,52428800,tensor_2d_length,tensor_2d_length_u8_row32,tensor_2d_length_s2g_u8_row32_b1920,tensor,s2g,u8,8,2,1920,1920,0,aligned128,contiguous,none,none,zero,none,direct,low,0,324,3248.000,0,ok,tmau_cold_first_use_l2_hot,l2_hot,0x0000000000000000,0x00002afcb9e77000,0x0000000000000000,0xd31f5f7e9dd0339c,0,ld.global.cg,0,cold
NVIDIA H100 80GB HBM3,9.0,52428800,tensor_2d_length,tensor_2d_length_u8_row32,tensor_2d_length_s2g_u8_row32_b1920,tensor,s2g,u8,8,2,1920,1920,0,aligned128,contiguous,none,none,zero,none,direct,low,1,102,3248.000,0,ok,tmau_hot_reuse,l2_hot,0x0000000000000000,0x00002afcb9e77000,0x0000000000000000,0xd31f5f7e9dd0339c,1,ld.global.cg,0,hot
NVIDIA H100 80GB HBM3,9.0,52428800,tensor_2d_length,tensor_2d_length_u8_row32,tensor_2d_length_s2g_u8_row32_b2016,tensor,s2g,u8,8,2,2016,2016,0,aligned128,contiguous,none,none,zero,none,direct,low,0,351,3200.000,0,ok,tmau_cold_first_use_l2_hot,l2_hot,0x0000000000000000,0x00002afcb9e78000,0x0000000000000000,0x15e97bf7dcf0a865,0,ld.global.cg,0,cold
NVIDIA H100 80GB HBM3,9.0,52428800,tensor_2d_length,tensor_2d_length_u8_row32,tensor_2d_length_s2g_u8_row32_b2016,tensor,s2g,u8,8,2,2016,2016,0,aligned128,contiguous,none,none,zero,none,direct,low,1,105,3200.000,0,ok,tmau_hot_reuse,l2_hot,0x0000000000000000,0x00002afcb9e78000,0x0000000000000000,0x15e97bf7dcf0a865,1,ld.global.cg,0,hot
NVIDIA H100 80GB HBM3,9.0,52428800,tensor_2d_length,tensor_2d_length_u8_row32,tensor_2d_length_s2g_u8_row32_b2048,tensor,s2g,u8,8,2,2048,2048,0,aligned128,contiguous,none,none,zero,none,direct,low,0,361,2960.000,0,ok,tmau_cold_first_use_l2_hot,l2_hot,0x0000000000000000,0x00002afcb9e79000,0x0000000000000000,0x067844d573a83008,0,ld.global.cg,0,cold
NVIDIA H100 80GB HBM3,9.0,52428800,tensor_2d_length,tensor_2d_length_u8_row32,tensor_2d_length_s2g_u8_row32_b2048,tensor,s2g,u8,8,2,2048,2048,0,aligned128,contiguous,none,none,zero,none,direct,low,1,106,2960.000,0,ok,tmau_hot_reuse,l2_hot,0x0000000000000000,0x00002afcb9e79000,0x0000000000000000,0x067844d573a83008,1,ld.global.cg,0,hot
NVIDIA H100 80GB HBM3,9.0,52428800,tensor_2d_length,tensor_2d_length_u8_row32,tensor_2d_length_s2g_u8_row32_b2080,tensor,s2g,u8,8,2,2080,2080,0,aligned128,contiguous,none,none,zero,none,direct,low,0,369,3648.000,0,ok,tmau_cold_first_use_l2_hot,l2_hot,0x0000000000000000,0x00002afcb9e7a000,0x0000000000000000,0x2e1bc90fbd029d7c,0,ld.global.cg,0,cold
NVIDIA H100 80GB HBM3,9.0,52428800,tensor_2d_length,tensor_2d_length_u8_row32,tensor_2d_length_s2g_u8_row32_b2080,tensor,s2g,u8,8,2,2080,2080,0,aligned128,contiguous,none,none,zero,none,direct,low,1,107,3648.000,0,ok,tmau_hot_reuse,l2_hot,0x0000000000000000,0x00002afcb9e7a000,0x0000000000000000,0x2e1bc90fbd029d7c,1,ld.global.cg,0,hot
NVIDIA H100 80GB HBM3,9.0,52428800,tensor_2d_length,tensor_2d_length_u8_row32,tensor_2d_length_s2g_u8_row32_b2560,tensor,s2g,u8,8,2,2560,2560,0,aligned128,contiguous,none,none,zero,none,direct,low,0,353,3264.000,0,ok,tmau_cold_first_use_l2_hot,l2_hot,0x0000000000000000,0x00002afcb9e7b000,0x0000000000000000,0xba4cefab15adf13b,0,ld.global.cg,0,cold
NVIDIA H100 80GB HBM3,9.0,52428800,tensor_2d_length,tensor_2d_length_u8_row32,tensor_2d_length_s2g_u8_row32_b2560,tensor,s2g,u8,8,2,2560,2560,0,aligned128,contiguous,none,none,zero,none,direct,low,1,122,3264.000,0,ok,tmau_hot_reuse,l2_hot,0x0000000000000000,0x00002afcb9e7b000,0x0000000000000000,0xba4cefab15adf13b,1,ld.global.cg,0,hot
NVIDIA H100 80GB HBM3,9.0,52428800,tensor_2d_length,tensor_2d_length_u8_row32,tensor_2d_length_s2g_u8_row32_b3072,tensor,s2g,u8,8,2,3072,3072,0,aligned128,contiguous,none,none,zero,none,direct,low,0,386,3296.000,0,ok,tmau_cold_first_use_l2_hot,l2_hot,0x0000000000000000,0x00002afcb9e7c000,0x0000000000000000,0x5efdecbcaa1fae1b,0,ld.global.cg,0,cold
NVIDIA H100 80GB HBM3,9.0,52428800,tensor_2d_length,tensor_2d_length_u8_row32,tensor_2d_length_s2g_u8_row32_b3072,tensor,s2g,u8,8,2,3072,3072,0,aligned128,contiguous,none,none,zero,none,direct,low,1,138,3296.000,0,ok,tmau_hot_reuse,l2_hot,0x0000000000000000,0x00002afcb9e7c000,0x0000000000000000,0x5efdecbcaa1fae1b,1,ld.global.cg,0,hot
NVIDIA H100 80GB HBM3,9.0,52428800,tensor_2d_length,tensor_2d_length_u8_row32,tensor_2d_length_s2g_u8_row32_b3584,tensor,s2g,u8,8,2,3584,3584,0,aligned128,contiguous,none,none,zero,none,direct,low,0,417,3600.000,0,ok,tmau_cold_first_use_l2_hot,l2_hot,0x0000000000000000,0x00002afcb9e7d000,0x0000000000000000,0x742c6f054dc9353d,0,ld.global.cg,0,cold
NVIDIA H100 80GB HBM3,9.0,52428800,tensor_2d_length,tensor_2d_length_u8_row32,tensor_2d_length_s2g_u8_row32_b3584,tensor,s2g,u8,8,2,3584,3584,0,aligned128,contiguous,none,none,zero,none,direct,low,1,154,3600.000,0,ok,tmau_hot_reuse,l2_hot,0x0000000000000000,0x00002afcb9e7d000,0x0000000000000000,0x742c6f054dc9353d,1,ld.global.cg,0,hot
NVIDIA H100 80GB HBM3,9.0,52428800,tensor_2d_length,tensor_2d_length_u8_row32,tensor_2d_length_s2g_u8_row32_b4064,tensor,s2g,u8,8,2,4064,4064,0,aligned128,contiguous,none,none,zero,none,direct,low,0,407,3552.000,0,ok,tmau_cold_first_use_l2_hot,l2_hot,0x0000000000000000,0x00002afcb9e7e000,0x0000000000000000,0x788045f899922820,0,ld.global.cg,0,cold
NVIDIA H100 80GB HBM3,9.0,52428800,tensor_2d_length,tensor_2d_length_u8_row32,tensor_2d_length_s2g_u8_row32_b4064,tensor,s2g,u8,8,2,4064,4064,0,aligned128,contiguous,none,none,zero,none,direct,low,1,169,3552.000,0,ok,tmau_hot_reuse,l2_hot,0x0000000000000000,0x00002afcb9e7e000,0x0000000000000000,0x788045f899922820,1,ld.global.cg,0,hot
NVIDIA H100 80GB HBM3,9.0,52428800,tensor_2d_length,tensor_2d_length_u8_row32,tensor_2d_length_s2g_u8_row32_b4096,tensor,s2g,u8,8,2,4096,4096,0,aligned128,contiguous,none,none,zero,none,direct,low,0,397,3552.000,0,ok,tmau_cold_first_use_l2_hot,l2_hot,0x0000000000000000,0x00002afcb9e7f000,0x0000000000000000,0xcaa31c64a5951f65,0,ld.global.cg,0,cold
NVIDIA H100 80GB HBM3,9.0,52428800,tensor_2d_length,tensor_2d_length_u8_row32,tensor_2d_length_s2g_u8_row32_b4096,tensor,s2g,u8,8,2,4096,4096,0,aligned128,contiguous,none,none,zero,none,direct,low,1,170,3552.000,0,ok,tmau_hot_reuse,l2_hot,0x0000000000000000,0x00002afcb9e7f000,0x0000000000000000,0xcaa31c64a5951f65,1,ld.global.cg,0,hot
NVIDIA H100 80GB HBM3,9.0,52428800,tensor_2d_length,tensor_2d_length_u8_row32,tensor_2d_length_s2g_u8_row32_b4128,tensor,s2g,u8,8,2,4128,4128,0,aligned128,contiguous,none,none,zero,none,direct,low,0,413,4832.000,0,ok,tmau_cold_first_use_l2_hot,l2_hot,0x0000000000000000,0x00002afcb9e80000,0x0000000000000000,0x37d70f12a57251c1,0,ld.global.cg,0,cold
NVIDIA H100 80GB HBM3,9.0,52428800,tensor_2d_length,tensor_2d_length_u8_row32,tensor_2d_length_s2g_u8_row32_b4128,tensor,s2g,u8,8,2,4128,4128,0,aligned128,contiguous,none,none,zero,none,direct,low,1,171,4832.000,0,ok,tmau_hot_reuse,l2_hot,0x0000000000000000,0x00002afcb9e80000,0x0000000000000000,0x37d70f12a57251c1,1,ld.global.cg,0,hot
NVIDIA H100 80GB HBM3,9.0,52428800,tensor_2d_length,tensor_2d_length_u8_row32,tensor_2d_length_s2g_u8_row32_b4608,tensor,s2g,u8,8,2,4608,4608,0,aligned128,contiguous,none,none,zero,none,direct,low,0,414,4480.000,0,ok,tmau_cold_first_use_l2_hot,l2_hot,0x0000000000000000,0x00002afcb9e81000,0x0000000000000000,0x8f713c4ad4b809f0,0,ld.global.cg,0,cold
NVIDIA H100 80GB HBM3,9.0,52428800,tensor_2d_length,tensor_2d_length_u8_row32,tensor_2d_length_s2g_u8_row32_b4608,tensor,s2g,u8,8,2,4608,4608,0,aligned128,contiguous,none,none,zero,none,direct,low,1,186,4480.000,0,ok,tmau_hot_reuse,l2_hot,0x0000000000000000,0x00002afcb9e81000,0x0000000000000000,0x8f713c4ad4b809f0,1,ld.global.cg,0,hot
NVIDIA H100 80GB HBM3,9.0,52428800,tensor_2d_length,tensor_2d_length_u8_row32,tensor_2d_length_s2g_u8_row32_b5120,tensor,s2g,u8,8,2,5120,5120,0,aligned128,contiguous,none,none,zero,none,direct,low,0,446,4896.000,0,ok,tmau_cold_first_use_l2_hot,l2_hot,0x0000000000000000,0x00002afcb9e82000,0x0000000000000000,0x304d2c2749807464,0,ld.global.cg,0,cold
NVIDIA H100 80GB HBM3,9.0,52428800,tensor_2d_length,tensor_2d_length_u8_row32,tensor_2d_length_s2g_u8_row32_b5120,tensor,s2g,u8,8,2,5120,5120,0,aligned128,contiguous,none,none,zero,none,direct,low,1,202,4896.000,0,ok,tmau_hot_reuse,l2_hot,0x0000000000000000,0x00002afcb9e82000,0x0000000000000000,0x304d2c2749807464,1,ld.global.cg,0,hot
NVIDIA H100 80GB HBM3,9.0,52428800,tensor_2d_length,tensor_2d_length_u8_row32,tensor_2d_length_s2g_u8_row32_b5632,tensor,s2g,u8,8,2,5632,5632,0,aligned128,contiguous,none,none,zero,none,direct,low,0,471,4944.000,0,ok,tmau_cold_first_use_l2_hot,l2_hot,0x0000000000000000,0x00002afcb9e83000,0x0000000000000000,0x973216f0e893586e,0,ld.global.cg,0,cold
NVIDIA H100 80GB HBM3,9.0,52428800,tensor_2d_length,tensor_2d_length_u8_row32,tensor_2d_length_s2g_u8_row32_b5632,tensor,s2g,u8,8,2,5632,5632,0,aligned128,contiguous,none,none,zero,none,direct,low,1,218,4944.000,0,ok,tmau_hot_reuse,l2_hot,0x0000000000000000,0x00002afcb9e83000,0x0000000000000000,0x973216f0e893586e,1,ld.global.cg,0,hot
NVIDIA H100 80GB HBM3,9.0,52428800,tensor_2d_length,tensor_2d_length_u8_row32,tensor_2d_length_s2g_u8_row32_b6144,tensor,s2g,u8,8,2,6144,6144,0,aligned128,contiguous,none,none,zero,none,direct,low,0,466,3808.000,0,ok,tmau_cold_first_use_l2_hot,l2_hot,0x0000000000000000,0x00002afcb9e84000,0x0000000000000000,0x87579c7bf8b56432,0,ld.global.cg,0,cold
NVIDIA H100 80GB HBM3,9.0,52428800,tensor_2d_length,tensor_2d_length_u8_row32,tensor_2d_length_s2g_u8_row32_b6144,tensor,s2g,u8,8,2,6144,6144,0,aligned128,contiguous,none,none,zero,none,direct,low,1,234,3808.000,0,ok,tmau_hot_reuse,l2_hot,0x0000000000000000,0x00002afcb9e84000,0x0000000000000000,0x87579c7bf8b56432,1,ld.global.cg,0,hot
NVIDIA H100 80GB HBM3,9.0,52428800,tensor_2d_length,tensor_2d_length_u8_row32,tensor_2d_length_s2g_u8_row32_b6656,tensor,s2g,u8,8,2,6656,6656,0,aligned128,contiguous,none,none,zero,none,direct,low,0,483,3808.000,0,ok,tmau_cold_first_use_l2_hot,l2_hot,0x0000000000000000,0x00002afcb9e85000,0x0000000000000000,0xbda86e826fe94354,0,ld.global.cg,0,cold
NVIDIA H100 80GB HBM3,9.0,52428800,tensor_2d_length,tensor_2d_length_u8_row32,tensor_2d_length_s2g_u8_row32_b6656,tensor,s2g,u8,8,2,6656,6656,0,aligned128,contiguous,none,none,zero,none,direct,low,1,250,3808.000,0,ok,tmau_hot_reuse,l2_hot,0x0000000000000000,0x00002afcb9e85000,0x0000000000000000,0xbda86e826fe94354,1,ld.global.cg,0,hot
NVIDIA H100 80GB HBM3,9.0,52428800,tensor_2d_length,tensor_2d_length_u8_row32,tensor_2d_length_s2g_u8_row32_b7168,tensor,s2g,u8,8,2,7168,7168,0,aligned128,contiguous,none,none,zero,none,direct,low,0,511,4608.000,0,ok,tmau_cold_first_use_l2_hot,l2_hot,0x0000000000000000,0x00002afcb9e86000,0x0000000000000000,0x53a062ec55667788,0,ld.global.cg,0,cold
NVIDIA H100 80GB HBM3,9.0,52428800,tensor_2d_length,tensor_2d_length_u8_row32,tensor_2d_length_s2g_u8_row32_b7168,tensor,s2g,u8,8,2,7168,7168,0,aligned128,contiguous,none,none,zero,none,direct,low,1,266,4608.000,0,ok,tmau_hot_reuse,l2_hot,0x0000000000000000,0x00002afcb9e86000,0x0000000000000000,0x53a062ec55667788,1,ld.global.cg,0,hot
NVIDIA H100 80GB HBM3,9.0,52428800,tensor_2d_length,tensor_2d_length_u8_row32,tensor_2d_length_s2g_u8_row32_b7680,tensor,s2g,u8,8,2,7680,7680,0,aligned128,contiguous,none,none,zero,none,direct,low,0,544,4800.000,0,ok,tmau_cold_first_use_l2_hot,l2_hot,0x0000000000000000,0x00002afcb9e87000,0x0000000000000000,0x0397749462da4f1a,0,ld.global.cg,0,cold
NVIDIA H100 80GB HBM3,9.0,52428800,tensor_2d_length,tensor_2d_length_u8_row32,tensor_2d_length_s2g_u8_row32_b7680,tensor,s2g,u8,8,2,7680,7680,0,aligned128,contiguous,none,none,zero,none,direct,low,1,282,4800.000,0,ok,tmau_hot_reuse,l2_hot,0x0000000000000000,0x00002afcb9e87000,0x0000000000000000,0x0397749462da4f1a,1,ld.global.cg,0,hot
NVIDIA H100 80GB HBM3,9.0,52428800,tensor_2d_length,tensor_2d_length_u8_row32,tensor_2d_length_s2g_u8_row32_b8160,tensor,s2g,u8,8,2,8160,8160,0,aligned128,contiguous,none,none,zero,none,direct,low,0,534,4320.000,0,ok,tmau_cold_first_use_l2_hot,l2_hot,0x0000000000000000,0x00002afcb9e88000,0x0000000000000000,0x09673a7e9740b127,0,ld.global.cg,0,cold
NVIDIA H100 80GB HBM3,9.0,52428800,tensor_2d_length,tensor_2d_length_u8_row32,tensor_2d_length_s2g_u8_row32_b8160,tensor,s2g,u8,8,2,8160,8160,0,aligned128,contiguous,none,none,zero,none,direct,low,1,297,4320.000,0,ok,tmau_hot_reuse,l2_hot,0x0000000000000000,0x00002afcb9e88000,0x0000000000000000,0x09673a7e9740b127,1,ld.global.cg,0,hot
NVIDIA H100 80GB HBM3,9.0,52428800,tensor_2d_length,tensor_2d_length_u8_row32,tensor_2d_length_s2g_u8_row32_b8192,tensor,s2g,u8,8,2,8192,8192,0,aligned128,contiguous,none,none,zero,none,direct,low,0,525,4512.000,0,ok,tmau_cold_first_use_l2_hot,l2_hot,0x0000000000000000,0x00002afcb9e89000,0x0000000000000000,0x808e610abff982ee,0,ld.global.cg,0,cold
NVIDIA H100 80GB HBM3,9.0,52428800,tensor_2d_length,tensor_2d_length_u8_row32,tensor_2d_length_s2g_u8_row32_b8192,tensor,s2g,u8,8,2,8192,8192,0,aligned128,contiguous,none,none,zero,none,direct,low,1,298,4512.000,0,ok,tmau_hot_reuse,l2_hot,0x0000000000000000,0x00002afcb9e89000,0x0000000000000000,0x808e610abff982ee,1,ld.global.cg,0,hot
NVIDIA H100 80GB HBM3,9.0,52428800,tensor_2d_length,tensor_2d_length_u8_row64,tensor_2d_length_s2g_u8_row64_b8128,tensor,s2g,u8,8,2,8128,8128,0,aligned128,contiguous,none,none,zero,none,direct,low,0,545,5728.000,0,ok,tmau_cold_first_use_l2_hot,l2_hot,0x0000000000000000,0x00002afcb9e8a000,0x0000000000000000,0x06e67e6d73958da9,0,ld.global.cg,0,cold
NVIDIA H100 80GB HBM3,9.0,52428800,tensor_2d_length,tensor_2d_length_u8_row64,tensor_2d_length_s2g_u8_row64_b8128,tensor,s2g,u8,8,2,8128,8128,0,aligned128,contiguous,none,none,zero,none,direct,low,1,297,5728.000,0,ok,tmau_hot_reuse,l2_hot,0x0000000000000000,0x00002afcb9e8a000,0x0000000000000000,0x06e67e6d73958da9,1,ld.global.cg,0,hot
NVIDIA H100 80GB HBM3,9.0,52428800,tensor_2d_length,tensor_2d_length_u8_row64,tensor_2d_length_s2g_u8_row64_b8192,tensor,s2g,u8,8,2,8192,8192,0,aligned128,contiguous,none,none,zero,none,direct,low,0,556,4464.000,0,ok,tmau_cold_first_use_l2_hot,l2_hot,0x0000000000000000,0x00002afcb9e8b000,0x0000000000000000,0x26f2f37805785bc5,0,ld.global.cg,0,cold
NVIDIA H100 80GB HBM3,9.0,52428800,tensor_2d_length,tensor_2d_length_u8_row64,tensor_2d_length_s2g_u8_row64_b8192,tensor,s2g,u8,8,2,8192,8192,0,aligned128,contiguous,none,none,zero,none,direct,low,1,299,4464.000,0,ok,tmau_hot_reuse,l2_hot,0x0000000000000000,0x00002afcb9e8b000,0x0000000000000000,0x26f2f37805785bc5,1,ld.global.cg,0,hot
NVIDIA H100 80GB HBM3,9.0,52428800,tensor_2d_length,tensor_2d_length_u8_row64,tensor_2d_length_s2g_u8_row64_b8256,tensor,s2g,u8,8,2,8256,8256,0,aligned128,contiguous,none,none,zero,none,direct,low,0,531,4528.000,0,ok,tmau_cold_first_use_l2_hot,l2_hot,0x0000000000000000,0x00002afcb9e8c000,0x0000000000000000,0xc41b620a6b17a7b1,0,ld.global.cg,0,cold
NVIDIA H100 80GB HBM3,9.0,52428800,tensor_2d_length,tensor_2d_length_u8_row64,tensor_2d_length_s2g_u8_row64_b8256,tensor,s2g,u8,8,2,8256,8256,0,aligned128,contiguous,none,none,zero,none,direct,low,1,301,4528.000,0,ok,tmau_hot_reuse,l2_hot,0x0000000000000000,0x00002afcb9e8c000,0x0000000000000000,0xc41b620a6b17a7b1,1,ld.global.cg,0,hot
NVIDIA H100 80GB HBM3,9.0,52428800,tensor_2d_length,tensor_2d_length_u8_row64,tensor_2d_length_s2g_u8_row64_b8704,tensor,s2g,u8,8,2,8704,8704,0,aligned128,contiguous,none,none,zero,none,direct,low,0,549,4512.000,0,ok,tmau_cold_first_use_l2_hot,l2_hot,0x0000000000000000,0x00002afcb9e8d000,0x0000000000000000,0x8458b9cfb4a2dc6c,0,ld.global.cg,0,cold
NVIDIA H100 80GB HBM3,9.0,52428800,tensor_2d_length,tensor_2d_length_u8_row64,tensor_2d_length_s2g_u8_row64_b8704,tensor,s2g,u8,8,2,8704,8704,0,aligned128,contiguous,none,none,zero,none,direct,low,1,315,4512.000,0,ok,tmau_hot_reuse,l2_hot,0x0000000000000000,0x00002afcb9e8d000,0x0000000000000000,0x8458b9cfb4a2dc6c,1,ld.global.cg,0,hot
NVIDIA H100 80GB HBM3,9.0,52428800,tensor_2d_length,tensor_2d_length_u8_row64,tensor_2d_length_s2g_u8_row64_b9216,tensor,s2g,u8,8,2,9216,9216,0,aligned128,contiguous,none,none,zero,none,direct,low,0,579,4448.000,0,ok,tmau_cold_first_use_l2_hot,l2_hot,0x0000000000000000,0x00002afcb9e8e000,0x0000000000000000,0x8a85f9d4768dc634,0,ld.global.cg,0,cold
NVIDIA H100 80GB HBM3,9.0,52428800,tensor_2d_length,tensor_2d_length_u8_row64,tensor_2d_length_s2g_u8_row64_b9216,tensor,s2g,u8,8,2,9216,9216,0,aligned128,contiguous,none,none,zero,none,direct,low,1,331,4448.000,0,ok,tmau_hot_reuse,l2_hot,0x0000000000000000,0x00002afcb9e8e000,0x0000000000000000,0x8a85f9d4768dc634,1,ld.global.cg,0,hot
NVIDIA H100 80GB HBM3,9.0,52428800,tensor_2d_length,tensor_2d_length_u8_row64,tensor_2d_length_s2g_u8_row64_b9728,tensor,s2g,u8,8,2,9728,9728,0,aligned128,contiguous,none,none,zero,none,direct,low,0,611,4416.000,0,ok,tmau_cold_first_use_l2_hot,l2_hot,0x0000000000000000,0x00002afcb9e8f000,0x0000000000000000,0xc9afba2f15e1aa66,0,ld.global.cg,0,cold
NVIDIA H100 80GB HBM3,9.0,52428800,tensor_2d_length,tensor_2d_length_u8_row64,tensor_2d_length_s2g_u8_row64_b9728,tensor,s2g,u8,8,2,9728,9728,0,aligned128,contiguous,none,none,zero,none,direct,low,1,347,4416.000,0,ok,tmau_hot_reuse,l2_hot,0x0000000000000000,0x00002afcb9e8f000,0x0000000000000000,0xc9afba2f15e1aa66,1,ld.global.cg,0,hot
NVIDIA H100 80GB HBM3,9.0,52428800,tensor_2d_length,tensor_2d_length_u8_row64,tensor_2d_length_s2g_u8_row64_b10240,tensor,s2g,u8,8,2,10240,10240,0,aligned128,contiguous,none,none,zero,none,direct,low,0,601,4176.000,0,ok,tmau_cold_first_use_l2_hot,l2_hot,0x0000000000000000,0x00002afcb9e90000,0x0000000000000000,0x237a6c3194721316,0,ld.global.cg,0,cold
NVIDIA H100 80GB HBM3,9.0,52428800,tensor_2d_length,tensor_2d_length_u8_row64,tensor_2d_length_s2g_u8_row64_b10240,tensor,s2g,u8,8,2,10240,10240,0,aligned128,contiguous,none,none,zero,none,direct,low,1,363,4176.000,0,ok,tmau_hot_reuse,l2_hot,0x0000000000000000,0x00002afcb9e90000,0x0000000000000000,0x237a6c3194721316,1,ld.global.cg,0,hot
NVIDIA H100 80GB HBM3,9.0,52428800,tensor_2d_length,tensor_2d_length_u8_row64,tensor_2d_length_s2g_u8_row64_b10752,tensor,s2g,u8,8,2,10752,10752,0,aligned128,contiguous,none,none,zero,none,direct,low,0,616,4192.000,0,ok,tmau_cold_first_use_l2_hot,l2_hot,0x0000000000000000,0x00002afcb9e91000,0x0000000000000000,0x35b26ed58b2d3888,0,ld.global.cg,0,cold
NVIDIA H100 80GB HBM3,9.0,52428800,tensor_2d_length,tensor_2d_length_u8_row64,tensor_2d_length_s2g_u8_row64_b10752,tensor,s2g,u8,8,2,10752,10752,0,aligned128,contiguous,none,none,zero,none,direct,low,1,379,4192.000,0,ok,tmau_hot_reuse,l2_hot,0x0000000000000000,0x00002afcb9e91000,0x0000000000000000,0x35b26ed58b2d3888,1,ld.global.cg,0,hot
NVIDIA H100 80GB HBM3,9.0,52428800,tensor_2d_length,tensor_2d_length_u8_row64,tensor_2d_length_s2g_u8_row64_b11264,tensor,s2g,u8,8,2,11264,11264,0,aligned128,contiguous,none,none,zero,none,direct,low,0,637,4496.000,0,ok,tmau_cold_first_use_l2_hot,l2_hot,0x0000000000000000,0x00002afcb9e92000,0x0000000000000000,0xa1192c3384e2837f,0,ld.global.cg,0,cold
NVIDIA H100 80GB HBM3,9.0,52428800,tensor_2d_length,tensor_2d_length_u8_row64,tensor_2d_length_s2g_u8_row64_b11264,tensor,s2g,u8,8,2,11264,11264,0,aligned128,contiguous,none,none,zero,none,direct,low,1,395,4496.000,0,ok,tmau_hot_reuse,l2_hot,0x0000000000000000,0x00002afcb9e92000,0x0000000000000000,0xa1192c3384e2837f,1,ld.global.cg,0,hot
NVIDIA H100 80GB HBM3,9.0,52428800,tensor_2d_length,tensor_2d_length_u8_row64,tensor_2d_length_s2g_u8_row64_b11776,tensor,s2g,u8,8,2,11776,11776,0,aligned128,contiguous,none,none,zero,none,direct,low,0,657,4912.000,0,ok,tmau_cold_first_use_l2_hot,l2_hot,0x0000000000000000,0x00002afcb9e93000,0x0000000000000000,0x0c93f53744116d61,0,ld.global.cg,0,cold
NVIDIA H100 80GB HBM3,9.0,52428800,tensor_2d_length,tensor_2d_length_u8_row64,tensor_2d_length_s2g_u8_row64_b11776,tensor,s2g,u8,8,2,11776,11776,0,aligned128,contiguous,none,none,zero,none,direct,low,1,411,4912.000,0,ok,tmau_hot_reuse,l2_hot,0x0000000000000000,0x00002afcb9e93000,0x0000000000000000,0x0c93f53744116d61,1,ld.global.cg,0,hot
NVIDIA H100 80GB HBM3,9.0,52428800,tensor_2d_length,tensor_2d_length_u8_row64,tensor_2d_length_s2g_u8_row64_b12288,tensor,s2g,u8,8,2,12288,12288,0,aligned128,contiguous,none,none,zero,none,direct,low,0,651,5328.000,0,ok,tmau_cold_first_use_l2_hot,l2_hot,0x0000000000000000,0x00002afcb9e94000,0x0000000000000000,0xd5a0f59c467ad4fd,0,ld.global.cg,0,cold
NVIDIA H100 80GB HBM3,9.0,52428800,tensor_2d_length,tensor_2d_length_u8_row64,tensor_2d_length_s2g_u8_row64_b12288,tensor,s2g,u8,8,2,12288,12288,0,aligned128,contiguous,none,none,zero,none,direct,low,1,427,5328.000,0,ok,tmau_hot_reuse,l2_hot,0x0000000000000000,0x00002afcb9e94000,0x0000000000000000,0xd5a0f59c467ad4fd,1,ld.global.cg,0,hot
NVIDIA H100 80GB HBM3,9.0,52428800,tensor_2d_length,tensor_2d_length_u8_row64,tensor_2d_length_s2g_u8_row64_b12800,tensor,s2g,u8,8,2,12800,12800,0,aligned128,contiguous,none,none,zero,none,direct,low,0,694,4944.000,0,ok,tmau_cold_first_use_l2_hot,l2_hot,0x0000000000000000,0x00002afcb9e95000,0x0000000000000000,0x123580c7d65bbad7,0,ld.global.cg,0,cold
NVIDIA H100 80GB HBM3,9.0,52428800,tensor_2d_length,tensor_2d_length_u8_row64,tensor_2d_length_s2g_u8_row64_b12800,tensor,s2g,u8,8,2,12800,12800,0,aligned128,contiguous,none,none,zero,none,direct,low,1,443,4944.000,0,ok,tmau_hot_reuse,l2_hot,0x0000000000000000,0x00002afcb9e95000,0x0000000000000000,0x123580c7d65bbad7,1,ld.global.cg,0,hot
NVIDIA H100 80GB HBM3,9.0,52428800,tensor_2d_length,tensor_2d_length_u8_row64,tensor_2d_length_s2g_u8_row64_b13312,tensor,s2g,u8,8,2,13312,13312,0,aligned128,contiguous,none,none,zero,none,direct,low,0,715,6528.000,0,ok,tmau_cold_first_use_l2_hot,l2_hot,0x0000000000000000,0x00002afcb9e96000,0x0000000000000000,0xf42057914a4966e3,0,ld.global.cg,0,cold
NVIDIA H100 80GB HBM3,9.0,52428800,tensor_2d_length,tensor_2d_length_u8_row64,tensor_2d_length_s2g_u8_row64_b13312,tensor,s2g,u8,8,2,13312,13312,0,aligned128,contiguous,none,none,zero,none,direct,low,1,459,6528.000,0,ok,tmau_hot_reuse,l2_hot,0x0000000000000000,0x00002afcb9e96000,0x0000000000000000,0xf42057914a4966e3,1,ld.global.cg,0,hot
NVIDIA H100 80GB HBM3,9.0,52428800,tensor_2d_length,tensor_2d_length_u8_row64,tensor_2d_length_s2g_u8_row64_b13824,tensor,s2g,u8,8,2,13824,13824,0,aligned128,contiguous,none,none,zero,none,direct,low,0,729,5408.000,0,ok,tmau_cold_first_use_l2_hot,l2_hot,0x0000000000000000,0x00002afcb9e97000,0x0000000000000000,0x8996274b59d6a0bd,0,ld.global.cg,0,cold
NVIDIA H100 80GB HBM3,9.0,52428800,tensor_2d_length,tensor_2d_length_u8_row64,tensor_2d_length_s2g_u8_row64_b13824,tensor,s2g,u8,8,2,13824,13824,0,aligned128,contiguous,none,none,zero,none,direct,low,1,475,5408.000,0,ok,tmau_hot_reuse,l2_hot,0x0000000000000000,0x00002afcb9e97000,0x0000000000000000,0x8996274b59d6a0bd,1,ld.global.cg,0,hot
NVIDIA H100 80GB HBM3,9.0,52428800,tensor_2d_length,tensor_2d_length_u8_row64,tensor_2d_length_s2g_u8_row64_b14336,tensor,s2g,u8,8,2,14336,14336,0,aligned128,contiguous,none,none,zero,none,direct,low,0,722,5232.000,0,ok,tmau_cold_first_use_l2_hot,l2_hot,0x0000000000000000,0x00002afcb9e98000,0x0000000000000000,0x4d597fd65a325450,0,ld.global.cg,0,cold
NVIDIA H100 80GB HBM3,9.0,52428800,tensor_2d_length,tensor_2d_length_u8_row64,tensor_2d_length_s2g_u8_row64_b14336,tensor,s2g,u8,8,2,14336,14336,0,aligned128,contiguous,none,none,zero,none,direct,low,1,491,5232.000,0,ok,tmau_hot_reuse,l2_hot,0x0000000000000000,0x00002afcb9e98000,0x0000000000000000,0x4d597fd65a325450,1,ld.global.cg,0,hot
NVIDIA H100 80GB HBM3,9.0,52428800,tensor_2d_length,tensor_2d_length_u8_row64,tensor_2d_length_s2g_u8_row64_b14848,tensor,s2g,u8,8,2,14848,14848,0,aligned128,contiguous,none,none,zero,none,direct,low,0,737,5296.000,0,ok,tmau_cold_first_use_l2_hot,l2_hot,0x0000000000000000,0x00002afcb9e99000,0x0000000000000000,0xa46126b252dfafbe,0,ld.global.cg,0,cold
NVIDIA H100 80GB HBM3,9.0,52428800,tensor_2d_length,tensor_2d_length_u8_row64,tensor_2d_length_s2g_u8_row64_b14848,tensor,s2g,u8,8,2,14848,14848,0,aligned128,contiguous,none,none,zero,none,direct,low,1,507,5296.000,0,ok,tmau_hot_reuse,l2_hot,0x0000000000000000,0x00002afcb9e99000,0x0000000000000000,0xa46126b252dfafbe,1,ld.global.cg,0,hot
NVIDIA H100 80GB HBM3,9.0,52428800,tensor_2d_length,tensor_2d_length_u8_row64,tensor_2d_length_s2g_u8_row64_b15360,tensor,s2g,u8,8,2,15360,15360,0,aligned128,contiguous,none,none,zero,none,direct,low,0,766,5728.000,0,ok,tmau_cold_first_use_l2_hot,l2_hot,0x0000000000000000,0x00002afcb9e9a000,0x0000000000000000,0x9f5a624ec6439fce,0,ld.global.cg,0,cold
NVIDIA H100 80GB HBM3,9.0,52428800,tensor_2d_length,tensor_2d_length_u8_row64,tensor_2d_length_s2g_u8_row64_b15360,tensor,s2g,u8,8,2,15360,15360,0,aligned128,contiguous,none,none,zero,none,direct,low,1,523,5728.000,0,ok,tmau_hot_reuse,l2_hot,0x0000000000000000,0x00002afcb9e9a000,0x0000000000000000,0x9f5a624ec6439fce,1,ld.global.cg,0,hot
NVIDIA H100 80GB HBM3,9.0,52428800,tensor_2d_length,tensor_2d_length_u8_row64,tensor_2d_length_s2g_u8_row64_b15872,tensor,s2g,u8,8,2,15872,15872,0,aligned128,contiguous,none,none,zero,none,direct,low,0,791,5904.000,0,ok,tmau_cold_first_use_l2_hot,l2_hot,0x0000000000000000,0x00002afcb9e9b000,0x0000000000000000,0x6046f1fc71fe7414,0,ld.global.cg,0,cold
NVIDIA H100 80GB HBM3,9.0,52428800,tensor_2d_length,tensor_2d_length_u8_row64,tensor_2d_length_s2g_u8_row64_b15872,tensor,s2g,u8,8,2,15872,15872,0,aligned128,contiguous,none,none,zero,none,direct,low,1,539,5904.000,0,ok,tmau_hot_reuse,l2_hot,0x0000000000000000,0x00002afcb9e9b000,0x0000000000000000,0x6046f1fc71fe7414,1,ld.global.cg,0,hot
NVIDIA H100 80GB HBM3,9.0,52428800,tensor_2d_length,tensor_2d_length_u8_row64,tensor_2d_length_s2g_u8_row64_b16320,tensor,s2g,u8,8,2,16320,16320,0,aligned128,contiguous,none,none,zero,none,direct,low,0,780,5936.000,0,ok,tmau_cold_first_use_l2_hot,l2_hot,0x0000000000000000,0x00002afcb9e9c000,0x0000000000000000,0x1d79077c30be3a06,0,ld.global.cg,0,cold
NVIDIA H100 80GB HBM3,9.0,52428800,tensor_2d_length,tensor_2d_length_u8_row64,tensor_2d_length_s2g_u8_row64_b16320,tensor,s2g,u8,8,2,16320,16320,0,aligned128,contiguous,none,none,zero,none,direct,low,1,553,5936.000,0,ok,tmau_hot_reuse,l2_hot,0x0000000000000000,0x00002afcb9e9c000,0x0000000000000000,0x1d79077c30be3a06,1,ld.global.cg,0,hot
NVIDIA H100 80GB HBM3,9.0,52428800,tensor_2d_length,tensor_2d_length_u8_row64,tensor_2d_length_s2g_u8_row64_b16384,tensor,s2g,u8,8,2,16384,16384,0,aligned128,contiguous,none,none,zero,none,direct,low,0,804,6080.000,0,ok,tmau_cold_first_use_l2_hot,l2_hot,0x0000000000000000,0x00002afcb9e9d000,0x0000000000000000,0x4825e618a9f4902f,0,ld.global.cg,0,cold
NVIDIA H100 80GB HBM3,9.0,52428800,tensor_2d_length,tensor_2d_length_u8_row64,tensor_2d_length_s2g_u8_row64_b16384,tensor,s2g,u8,8,2,16384,16384,0,aligned128,contiguous,none,none,zero,none,direct,low,1,555,6080.000,0,ok,tmau_hot_reuse,l2_hot,0x0000000000000000,0x00002afcb9e9d000,0x0000000000000000,0x4825e618a9f4902f,1,ld.global.cg,0,hot
NVIDIA H100 80GB HBM3,9.0,52428800,tensor_2d_length,tensor_2d_length_u8_row128,tensor_2d_length_s2g_u8_row128_b128,tensor,s2g,u8,8,2,128,128,0,aligned128,contiguous,none,none,zero,none,direct,low,0,303,3696.000,0,ok,tmau_cold_first_use_l2_hot,l2_hot,0x0000000000000000,0x00002afcb9e9e000,0x0000000000000000,0x7a0481e4a6ca0dcf,0,ld.global.cg,0,cold
NVIDIA H100 80GB HBM3,9.0,52428800,tensor_2d_length,tensor_2d_length_u8_row128,tensor_2d_length_s2g_u8_row128_b128,tensor,s2g,u8,8,2,128,128,0,aligned128,contiguous,none,none,zero,none,direct,low,1,49,3696.000,0,ok,tmau_hot_reuse,l2_hot,0x0000000000000000,0x00002afcb9e9e000,0x0000000000000000,0x7a0481e4a6ca0dcf,1,ld.global.cg,0,hot
NVIDIA H100 80GB HBM3,9.0,52428800,tensor_2d_length,tensor_2d_length_u8_row128,tensor_2d_length_s2g_u8_row128_b256,tensor,s2g,u8,8,2,256,256,0,aligned128,contiguous,none,none,zero,none,direct,low,0,309,5168.000,0,ok,tmau_cold_first_use_l2_hot,l2_hot,0x0000000000000000,0x00002afcb9e9f000,0x0000000000000000,0xa3c58a41dcb8e284,0,ld.global.cg,0,cold
NVIDIA H100 80GB HBM3,9.0,52428800,tensor_2d_length,tensor_2d_length_u8_row128,tensor_2d_length_s2g_u8_row128_b256,tensor,s2g,u8,8,2,256,256,0,aligned128,contiguous,none,none,zero,none,direct,low,1,53,5168.000,0,ok,tmau_hot_reuse,l2_hot,0x0000000000000000,0x00002afcb9e9f000,0x0000000000000000,0xa3c58a41dcb8e284,1,ld.global.cg,0,hot
NVIDIA H100 80GB HBM3,9.0,52428800,tensor_2d_length,tensor_2d_length_u8_row128,tensor_2d_length_s2g_u8_row128_b512,tensor,s2g,u8,8,2,512,512,0,aligned128,contiguous,none,none,zero,none,direct,low,0,307,3248.000,0,ok,tmau_cold_first_use_l2_hot,l2_hot,0x0000000000000000,0x00002afcb9ea0000,0x0000000000000000,0xb2b3e6d256dd7734,0,ld.global.cg,0,cold
NVIDIA H100 80GB HBM3,9.0,52428800,tensor_2d_length,tensor_2d_length_u8_row128,tensor_2d_length_s2g_u8_row128_b512,tensor,s2g,u8,8,2,512,512,0,aligned128,contiguous,none,none,zero,none,direct,low,1,61,3248.000,0,ok,tmau_hot_reuse,l2_hot,0x0000000000000000,0x00002afcb9ea0000,0x0000000000000000,0xb2b3e6d256dd7734,1,ld.global.cg,0,hot
NVIDIA H100 80GB HBM3,9.0,52428800,tensor_2d_length,tensor_2d_length_u8_row128,tensor_2d_length_s2g_u8_row128_b1024,tensor,s2g,u8,8,2,1024,1024,0,aligned128,contiguous,none,none,zero,none,direct,low,0,313,3200.000,0,ok,tmau_cold_first_use_l2_hot,l2_hot,0x0000000000000000,0x00002afcb9ea1000,0x0000000000000000,0xfbdf28856bb97304,0,ld.global.cg,0,cold
NVIDIA H100 80GB HBM3,9.0,52428800,tensor_2d_length,tensor_2d_length_u8_row128,tensor_2d_length_s2g_u8_row128_b1024,tensor,s2g,u8,8,2,1024,1024,0,aligned128,contiguous,none,none,zero,none,direct,low,1,77,3200.000,0,ok,tmau_hot_reuse,l2_hot,0x0000000000000000,0x00002afcb9ea1000,0x0000000000000000,0xfbdf28856bb97304,1,ld.global.cg,0,hot
NVIDIA H100 80GB HBM3,9.0,52428800,tensor_2d_length,tensor_2d_length_u8_row128,tensor_2d_length_s2g_u8_row128_b2048,tensor,s2g,u8,8,2,2048,2048,0,aligned128,contiguous,none,none,zero,none,direct,low,0,343,3536.000,0,ok,tmau_cold_first_use_l2_hot,l2_hot,0x0000000000000000,0x00002afcb9ea2000,0x0000000000000000,0x56aab9f77fd9f374,0,ld.global.cg,0,cold
NVIDIA H100 80GB HBM3,9.0,52428800,tensor_2d_length,tensor_2d_length_u8_row128,tensor_2d_length_s2g_u8_row128_b2048,tensor,s2g,u8,8,2,2048,2048,0,aligned128,contiguous,none,none,zero,none,direct,low,1,109,3536.000,0,ok,tmau_hot_reuse,l2_hot,0x0000000000000000,0x00002afcb9ea2000,0x0000000000000000,0x56aab9f77fd9f374,1,ld.global.cg,0,hot
NVIDIA H100 80GB HBM3,9.0,52428800,tensor_2d_length,tensor_2d_length_u8_row128,tensor_2d_length_s2g_u8_row128_b4096,tensor,s2g,u8,8,2,4096,4096,0,aligned128,contiguous,none,none,zero,none,direct,low,0,429,4544.000,0,ok,tmau_cold_first_use_l2_hot,l2_hot,0x0000000000000000,0x00002afcb9ea3000,0x0000000000000000,0x03ada16f3fde08c4,0,ld.global.cg,0,cold
NVIDIA H100 80GB HBM3,9.0,52428800,tensor_2d_length,tensor_2d_length_u8_row128,tensor_2d_length_s2g_u8_row128_b4096,tensor,s2g,u8,8,2,4096,4096,0,aligned128,contiguous,none,none,zero,none,direct,low,1,173,4544.000,0,ok,tmau_hot_reuse,l2_hot,0x0000000000000000,0x00002afcb9ea3000,0x0000000000000000,0x03ada16f3fde08c4,1,ld.global.cg,0,hot
NVIDIA H100 80GB HBM3,9.0,52428800,tensor_2d_length,tensor_2d_length_u8_row128,tensor_2d_length_s2g_u8_row128_b8192,tensor,s2g,u8,8,2,8192,8192,0,aligned128,contiguous,none,none,zero,none,direct,low,0,526,6320.000,0,ok,tmau_cold_first_use_l2_hot,l2_hot,0x0000000000000000,0x00002afcb9ea4000,0x0000000000000000,0x1e07056d96a7be84,0,ld.global.cg,0,cold
NVIDIA H100 80GB HBM3,9.0,52428800,tensor_2d_length,tensor_2d_length_u8_row128,tensor_2d_length_s2g_u8_row128_b8192,tensor,s2g,u8,8,2,8192,8192,0,aligned128,contiguous,none,none,zero,none,direct,low,1,301,6320.000,0,ok,tmau_hot_reuse,l2_hot,0x0000000000000000,0x00002afcb9ea4000,0x0000000000000000,0x1e07056d96a7be84,1,ld.global.cg,0,hot
NVIDIA H100 80GB HBM3,9.0,52428800,tensor_2d_length,tensor_2d_length_u8_row128,tensor_2d_length_s2g_u8_row128_b16256,tensor,s2g,u8,8,2,16256,16256,0,aligned128,contiguous,none,none,zero,none,direct,low,0,793,6176.000,0,ok,tmau_cold_first_use_l2_hot,l2_hot,0x0000000000000000,0x00002afcb9ea5000,0x0000000000000000,0xf95aea2520aba271,0,ld.global.cg,0,cold
NVIDIA H100 80GB HBM3,9.0,52428800,tensor_2d_length,tensor_2d_length_u8_row128,tensor_2d_length_s2g_u8_row128_b16256,tensor,s2g,u8,8,2,16256,16256,0,aligned128,contiguous,none,none,zero,none,direct,low,1,553,6176.000,0,ok,tmau_hot_reuse,l2_hot,0x0000000000000000,0x00002afcb9ea5000,0x0000000000000000,0xf95aea2520aba271,1,ld.global.cg,0,hot
NVIDIA H100 80GB HBM3,9.0,52428800,tensor_2d_length,tensor_2d_length_u8_row128,tensor_2d_length_s2g_u8_row128_b16384,tensor,s2g,u8,8,2,16384,16384,0,aligned128,contiguous,none,none,zero,none,direct,low,0,818,6160.000,0,ok,tmau_cold_first_use_l2_hot,l2_hot,0x0000000000000000,0x00002afcb9ea6000,0x0000000000000000,0xc4947d38b4ecb7cd,0,ld.global.cg,0,cold
NVIDIA H100 80GB HBM3,9.0,52428800,tensor_2d_length,tensor_2d_length_u8_row128,tensor_2d_length_s2g_u8_row128_b16384,tensor,s2g,u8,8,2,16384,16384,0,aligned128,contiguous,none,none,zero,none,direct,low,1,557,6160.000,0,ok,tmau_hot_reuse,l2_hot,0x0000000000000000,0x00002afcb9ea6000,0x0000000000000000,0xc4947d38b4ecb7cd,1,ld.global.cg,0,hot
NVIDIA H100 80GB HBM3,9.0,52428800,tensor_2d_length,tensor_2d_length_u8_row128,tensor_2d_length_s2g_u8_row128_b16512,tensor,s2g,u8,8,2,16512,16512,0,aligned128,contiguous,none,none,zero,none,direct,low,0,809,7952.000,0,ok,tmau_cold_first_use_l2_hot,l2_hot,0x0000000000000000,0x00002afcb9ea7000,0x0000000000000000,0x4659a030305b5799,0,ld.global.cg,0,cold
NVIDIA H100 80GB HBM3,9.0,52428800,tensor_2d_length,tensor_2d_length_u8_row128,tensor_2d_length_s2g_u8_row128_b16512,tensor,s2g,u8,8,2,16512,16512,0,aligned128,contiguous,none,none,zero,none,direct,low,1,561,7952.000,0,ok,tmau_hot_reuse,l2_hot,0x0000000000000000,0x00002afcb9ea7000,0x0000000000000000,0x4659a030305b5799,1,ld.global.cg,0,hot
NVIDIA H100 80GB HBM3,9.0,52428800,tensor_2d_length,tensor_2d_length_u8_row128,tensor_2d_length_s2g_u8_row128_b17408,tensor,s2g,u8,8,2,17408,17408,0,aligned128,contiguous,none,none,zero,none,direct,low,0,833,6176.000,0,ok,tmau_cold_first_use_l2_hot,l2_hot,0x0000000000000000,0x00002afcb9ea8000,0x0000000000000000,0xd4f5d490eeb9e0a1,0,ld.global.cg,0,cold
NVIDIA H100 80GB HBM3,9.0,52428800,tensor_2d_length,tensor_2d_length_u8_row128,tensor_2d_length_s2g_u8_row128_b17408,tensor,s2g,u8,8,2,17408,17408,0,aligned128,contiguous,none,none,zero,none,direct,low,1,589,6176.000,0,ok,tmau_hot_reuse,l2_hot,0x0000000000000000,0x00002afcb9ea8000,0x0000000000000000,0xd4f5d490eeb9e0a1,1,ld.global.cg,0,hot
NVIDIA H100 80GB HBM3,9.0,52428800,tensor_2d_length,tensor_2d_length_u8_row128,tensor_2d_length_s2g_u8_row128_b18432,tensor,s2g,u8,8,2,18432,18432,0,aligned128,contiguous,none,none,zero,none,direct,low,0,854,5728.000,0,ok,tmau_cold_first_use_l2_hot,l2_hot,0x0000000000000000,0x00002afcb9ea9000,0x0000000000000000,0x1292d9ac91a16d49,0,ld.global.cg,0,cold
NVIDIA H100 80GB HBM3,9.0,52428800,tensor_2d_length,tensor_2d_length_u8_row128,tensor_2d_length_s2g_u8_row128_b18432,tensor,s2g,u8,8,2,18432,18432,0,aligned128,contiguous,none,none,zero,none,direct,low,1,621,5728.000,0,ok,tmau_hot_reuse,l2_hot,0x0000000000000000,0x00002afcb9ea9000,0x0000000000000000,0x1292d9ac91a16d49,1,ld.global.cg,0,hot
NVIDIA H100 80GB HBM3,9.0,52428800,tensor_2d_length,tensor_2d_length_u8_row128,tensor_2d_length_s2g_u8_row128_b20480,tensor,s2g,u8,8,2,20480,20480,0,aligned128,contiguous,none,none,zero,none,direct,low,0,926,6208.000,0,ok,tmau_cold_first_use_l2_hot,l2_hot,0x0000000000000000,0x00002afcb9eaa000,0x0000000000000000,0x77fd7c5d85a36b0e,0,ld.global.cg,0,cold
NVIDIA H100 80GB HBM3,9.0,52428800,tensor_2d_length,tensor_2d_length_u8_row128,tensor_2d_length_s2g_u8_row128_b20480,tensor,s2g,u8,8,2,20480,20480,0,aligned128,contiguous,none,none,zero,none,direct,low,1,685,6208.000,0,ok,tmau_hot_reuse,l2_hot,0x0000000000000000,0x00002afcb9eaa000,0x0000000000000000,0x77fd7c5d85a36b0e,1,ld.global.cg,0,hot
NVIDIA H100 80GB HBM3,9.0,52428800,tensor_2d_length,tensor_2d_length_u8_row128,tensor_2d_length_s2g_u8_row128_b22528,tensor,s2g,u8,8,2,22528,22528,0,aligned128,contiguous,none,none,zero,none,direct,low,0,1011,6736.000,0,ok,tmau_cold_first_use_l2_hot,l2_hot,0x0000000000000000,0x00002afcb9eab000,0x0000000000000000,0x83cebce6f0fb24c6,0,ld.global.cg,0,cold
NVIDIA H100 80GB HBM3,9.0,52428800,tensor_2d_length,tensor_2d_length_u8_row128,tensor_2d_length_s2g_u8_row128_b22528,tensor,s2g,u8,8,2,22528,22528,0,aligned128,contiguous,none,none,zero,none,direct,low,1,749,6736.000,0,ok,tmau_hot_reuse,l2_hot,0x0000000000000000,0x00002afcb9eab000,0x0000000000000000,0x83cebce6f0fb24c6,1,ld.global.cg,0,hot
NVIDIA H100 80GB HBM3,9.0,52428800,tensor_2d_length,tensor_2d_length_u8_row128,tensor_2d_length_s2g_u8_row128_b24576,tensor,s2g,u8,8,2,24576,24576,0,aligned128,contiguous,none,none,zero,none,direct,low,0,1037,7056.000,0,ok,tmau_cold_first_use_l2_hot,l2_hot,0x0000000000000000,0x00002afcb9eac000,0x0000000000000000,0x53ebd58a20874dd6,0,ld.global.cg,0,cold
NVIDIA H100 80GB HBM3,9.0,52428800,tensor_2d_length,tensor_2d_length_u8_row128,tensor_2d_length_s2g_u8_row128_b24576,tensor,s2g,u8,8,2,24576,24576,0,aligned128,contiguous,none,none,zero,none,direct,low,1,813,7056.000,0,ok,tmau_hot_reuse,l2_hot,0x0000000000000000,0x00002afcb9eac000,0x0000000000000000,0x53ebd58a20874dd6,1,ld.global.cg,0,hot
NVIDIA H100 80GB HBM3,9.0,52428800,tensor_2d_length,tensor_2d_length_u8_row128,tensor_2d_length_s2g_u8_row128_b28672,tensor,s2g,u8,8,2,28672,28672,0,aligned128,contiguous,none,none,zero,none,direct,low,0,1179,7760.000,0,ok,tmau_cold_first_use_l2_hot,l2_hot,0x0000000000000000,0x00002afcb9ead000,0x0000000000000000,0x5b163c7424b92407,0,ld.global.cg,0,cold
NVIDIA H100 80GB HBM3,9.0,52428800,tensor_2d_length,tensor_2d_length_u8_row128,tensor_2d_length_s2g_u8_row128_b28672,tensor,s2g,u8,8,2,28672,28672,0,aligned128,contiguous,none,none,zero,none,direct,low,1,941,7760.000,0,ok,tmau_hot_reuse,l2_hot,0x0000000000000000,0x00002afcb9ead000,0x0000000000000000,0x5b163c7424b92407,1,ld.global.cg,0,hot
NVIDIA H100 80GB HBM3,9.0,52428800,tensor_2d_length,tensor_2d_length_u8_row128,tensor_2d_length_s2g_u8_row128_b32768,tensor,s2g,u8,8,2,32768,32768,0,aligned128,contiguous,none,none,zero,none,direct,low,0,1333,8368.000,0,ok,tmau_cold_first_use_l2_hot,l2_hot,0x0000000000000000,0x00002afcb9eae000,0x0000000000000000,0xffbdb0b0acd4ac27,0,ld.global.cg,0,cold
NVIDIA H100 80GB HBM3,9.0,52428800,tensor_2d_length,tensor_2d_length_u8_row128,tensor_2d_length_s2g_u8_row128_b32768,tensor,s2g,u8,8,2,32768,32768,0,aligned128,contiguous,none,none,zero,none,direct,low,1,1069,8368.000,0,ok,tmau_hot_reuse,l2_hot,0x0000000000000000,0x00002afcb9eae000,0x0000000000000000,0xffbdb0b0acd4ac27,1,ld.global.cg,0,hot
NVIDIA H100 80GB HBM3,9.0,52428800,tensor_2d_length,tensor_2d_length_u16_row32,tensor_2d_length_s2g_u16_row32_b128,tensor,s2g,u16,16,2,128,128,0,aligned128,contiguous,none,none,zero,none,direct,low,0,292,3376.000,0,ok,tmau_cold_first_use_l2_hot,l2_hot,0x0000000000000000,0x00002afcb9eaf000,0x0000000000000000,0xd133d4b736eca192,0,ld.global.cg,0,cold
NVIDIA H100 80GB HBM3,9.0,52428800,tensor_2d_length,tensor_2d_length_u16_row32,tensor_2d_length_s2g_u16_row32_b128,tensor,s2g,u16,16,2,128,128,0,aligned128,contiguous,none,none,zero,none,direct,low,1,46,3376.000,0,ok,tmau_hot_reuse,l2_hot,0x0000000000000000,0x00002afcb9eaf000,0x0000000000000000,0xd133d4b736eca192,1,ld.global.cg,0,hot
NVIDIA H100 80GB HBM3,9.0,52428800,tensor_2d_length,tensor_2d_length_u16_row32,tensor_2d_length_s2g_u16_row32_b256,tensor,s2g,u16,16,2,256,256,0,aligned128,contiguous,none,none,zero,none,direct,low,0,296,3152.000,0,ok,tmau_cold_first_use_l2_hot,l2_hot,0x0000000000000000,0x00002afcb9eb0000,0x0000000000000000,0x92cdffc0c64706c2,0,ld.global.cg,0,cold
NVIDIA H100 80GB HBM3,9.0,52428800,tensor_2d_length,tensor_2d_length_u16_row32,tensor_2d_length_s2g_u16_row32_b256,tensor,s2g,u16,16,2,256,256,0,aligned128,contiguous,none,none,zero,none,direct,low,1,50,3152.000,0,ok,tmau_hot_reuse,l2_hot,0x0000000000000000,0x00002afcb9eb0000,0x0000000000000000,0x92cdffc0c64706c2,1,ld.global.cg,0,hot
NVIDIA H100 80GB HBM3,9.0,52428800,tensor_2d_length,tensor_2d_length_u16_row32,tensor_2d_length_s2g_u16_row32_b1024,tensor,s2g,u16,16,2,1024,1024,0,aligned128,contiguous,none,none,zero,none,direct,low,0,304,3552.000,0,ok,tmau_cold_first_use_l2_hot,l2_hot,0x0000000000000000,0x00002afcb9eb1000,0x0000000000000000,0xdee4a9c8fbd573f8,0,ld.global.cg,0,cold
NVIDIA H100 80GB HBM3,9.0,52428800,tensor_2d_length,tensor_2d_length_u16_row32,tensor_2d_length_s2g_u16_row32_b1024,tensor,s2g,u16,16,2,1024,1024,0,aligned128,contiguous,none,none,zero,none,direct,low,1,74,3552.000,0,ok,tmau_hot_reuse,l2_hot,0x0000000000000000,0x00002afcb9eb1000,0x0000000000000000,0xdee4a9c8fbd573f8,1,ld.global.cg,0,hot
NVIDIA H100 80GB HBM3,9.0,52428800,tensor_2d_length,tensor_2d_length_u16_row32,tensor_2d_length_s2g_u16_row32_b4096,tensor,s2g,u16,16,2,4096,4096,0,aligned128,contiguous,none,none,zero,none,direct,low,0,402,4448.000,0,ok,tmau_cold_first_use_l2_hot,l2_hot,0x0000000000000000,0x00002afcb9eb2000,0x0000000000000000,0x6f9b0df4c8d53b20,0,ld.global.cg,0,cold
NVIDIA H100 80GB HBM3,9.0,52428800,tensor_2d_length,tensor_2d_length_u16_row32,tensor_2d_length_s2g_u16_row32_b4096,tensor,s2g,u16,16,2,4096,4096,0,aligned128,contiguous,none,none,zero,none,direct,low,1,170,4448.000,0,ok,tmau_hot_reuse,l2_hot,0x0000000000000000,0x00002afcb9eb2000,0x0000000000000000,0x6f9b0df4c8d53b20,1,ld.global.cg,0,hot
NVIDIA H100 80GB HBM3,9.0,52428800,tensor_2d_length,tensor_2d_length_u16_row32,tensor_2d_length_s2g_u16_row32_b8192,tensor,s2g,u16,16,2,8192,8192,0,aligned128,contiguous,none,none,zero,none,direct,low,0,560,4992.000,0,ok,tmau_cold_first_use_l2_hot,l2_hot,0x0000000000000000,0x00002afcb9eb3000,0x0000000000000000,0x7dba94c5d6454520,0,ld.global.cg,0,cold
NVIDIA H100 80GB HBM3,9.0,52428800,tensor_2d_length,tensor_2d_length_u16_row32,tensor_2d_length_s2g_u16_row32_b8192,tensor,s2g,u16,16,2,8192,8192,0,aligned128,contiguous,none,none,zero,none,direct,low,1,298,4992.000,0,ok,tmau_hot_reuse,l2_hot,0x0000000000000000,0x00002afcb9eb3000,0x0000000000000000,0x7dba94c5d6454520,1,ld.global.cg,0,hot
NVIDIA H100 80GB HBM3,9.0,52428800,tensor_2d_length,tensor_2d_length_u16_row128,tensor_2d_length_s2g_u16_row128_b16384,tensor,s2g,u16,16,2,16384,16384,0,aligned128,contiguous,none,none,zero,none,direct,low,0,789,6000.000,0,ok,tmau_cold_first_use_l2_hot,l2_hot,0x0000000000000000,0x00002afcb9eb4000,0x0000000000000000,0xc8906f613817d7f6,0,ld.global.cg,0,cold
NVIDIA H100 80GB HBM3,9.0,52428800,tensor_2d_length,tensor_2d_length_u16_row128,tensor_2d_length_s2g_u16_row128_b16384,tensor,s2g,u16,16,2,16384,16384,0,aligned128,contiguous,none,none,zero,none,direct,low,1,557,6000.000,0,ok,tmau_hot_reuse,l2_hot,0x0000000000000000,0x00002afcb9eb4000,0x0000000000000000,0xc8906f613817d7f6,1,ld.global.cg,0,hot
NVIDIA H100 80GB HBM3,9.0,52428800,tensor_2d_length,tensor_2d_length_u16_row128,tensor_2d_length_s2g_u16_row128_b32768,tensor,s2g,u16,16,2,32768,32768,0,aligned128,contiguous,none,none,zero,none,direct,low,0,1302,8448.000,0,ok,tmau_cold_first_use_l2_hot,l2_hot,0x0000000000000000,0x00002afcb9eb5000,0x0000000000000000,0x712fba07ac742e76,0,ld.global.cg,0,cold
NVIDIA H100 80GB HBM3,9.0,52428800,tensor_2d_length,tensor_2d_length_u16_row128,tensor_2d_length_s2g_u16_row128_b32768,tensor,s2g,u16,16,2,32768,32768,0,aligned128,contiguous,none,none,zero,none,direct,low,1,1069,8448.000,0,ok,tmau_hot_reuse,l2_hot,0x0000000000000000,0x00002afcb9eb5000,0x0000000000000000,0x712fba07ac742e76,1,ld.global.cg,0,hot
