gpu,cc,l2_bytes,project,level,path,direction,order,mode,map_mode,bytes,contexts,commands,repeat,pair_role,issue_cycles,total_cycles,issue_span_ns,completion_span_ns,errors,smid,source_descriptor_bank_va,destination_descriptor_bank_va,source_descriptor_bank_fingerprint64,destination_descriptor_bank_fingerprint64,descriptor_pages_per_repeat,repeat_descriptor_bank_unique,prior_tma_use,descriptor_l2_warm_method,tma_prefetch_before_issue,descriptor_state
NVIDIA H100 80GB HBM3,9.0,52428800,mixed_direction,intra_cta,tensor,mixed,alternating,serial,same_map,128,1,2,0,cold,1125,1145,0,0,0,124,0x00002b54b3e82000,0x00002b54b3e84000,0x5b17fffae83ccbe2,0x72ffe2b60830b0d6,1,0,0,ld.global.cg,0,tmau_cold_bank_first_use
NVIDIA H100 80GB HBM3,9.0,52428800,mixed_direction,intra_cta,tensor,mixed,alternating,serial,same_map,128,1,2,1,hot,691,708,0,0,0,124,0x00002b54b3e82000,0x00002b54b3e84000,0x5b17fffae83ccbe2,0x72ffe2b60830b0d6,1,0,1,ld.global.cg,0,tmau_hot_bank_reuse
NVIDIA H100 80GB HBM3,9.0,52428800,mixed_direction,intra_cta,tensor,mixed,alternating,batched,same_map,128,1,2,0,cold,538,973,0,0,0,124,0x00002b54b3e86000,0x00002b54b3e88000,0x5b17fffae83ccbe2,0x72ffe2b60830b0d6,1,0,0,ld.global.cg,0,tmau_cold_bank_first_use
NVIDIA H100 80GB HBM3,9.0,52428800,mixed_direction,intra_cta,tensor,mixed,alternating,batched,same_map,128,1,2,1,hot,340,597,0,0,0,124,0x00002b54b3e86000,0x00002b54b3e88000,0x5b17fffae83ccbe2,0x72ffe2b60830b0d6,1,0,1,ld.global.cg,0,tmau_hot_bank_reuse
NVIDIA H100 80GB HBM3,9.0,52428800,mixed_direction,intra_cta,tensor,mixed,g2s_then_s2g,serial,same_map,128,1,2,0,cold,1100,1127,0,0,0,124,0x00002b54b3e8a000,0x00002b54b3e8c000,0x5b17fffae83ccbe2,0x72ffe2b60830b0d6,1,0,0,ld.global.cg,0,tmau_cold_bank_first_use
NVIDIA H100 80GB HBM3,9.0,52428800,mixed_direction,intra_cta,tensor,mixed,g2s_then_s2g,serial,same_map,128,1,2,1,hot,691,708,0,0,0,124,0x00002b54b3e8a000,0x00002b54b3e8c000,0x5b17fffae83ccbe2,0x72ffe2b60830b0d6,1,0,1,ld.global.cg,0,tmau_hot_bank_reuse
NVIDIA H100 80GB HBM3,9.0,52428800,mixed_direction,intra_cta,tensor,mixed,g2s_then_s2g,batched,same_map,128,1,2,0,cold,644,984,0,0,0,124,0x00002b54b3e8e000,0x00002b54b3e90000,0x5b17fffae83ccbe2,0x72ffe2b60830b0d6,1,0,0,ld.global.cg,0,tmau_cold_bank_first_use
NVIDIA H100 80GB HBM3,9.0,52428800,mixed_direction,intra_cta,tensor,mixed,g2s_then_s2g,batched,same_map,128,1,2,1,hot,445,561,0,0,0,124,0x00002b54b3e8e000,0x00002b54b3e90000,0x5b17fffae83ccbe2,0x72ffe2b60830b0d6,1,0,1,ld.global.cg,0,tmau_hot_bank_reuse
NVIDIA H100 80GB HBM3,9.0,52428800,mixed_direction,intra_cta,tensor,mixed,s2g_then_g2s,serial,same_map,128,1,2,0,cold,1072,1089,0,0,0,124,0x00002b54b3e92000,0x00002b54b3e94000,0x5b17fffae83ccbe2,0x72ffe2b60830b0d6,1,0,0,ld.global.cg,0,tmau_cold_bank_first_use
NVIDIA H100 80GB HBM3,9.0,52428800,mixed_direction,intra_cta,tensor,mixed,s2g_then_g2s,serial,same_map,128,1,2,1,hot,678,695,0,0,0,124,0x00002b54b3e92000,0x00002b54b3e94000,0x5b17fffae83ccbe2,0x72ffe2b60830b0d6,1,0,1,ld.global.cg,0,tmau_hot_bank_reuse
NVIDIA H100 80GB HBM3,9.0,52428800,mixed_direction,intra_cta,tensor,mixed,s2g_then_g2s,batched,same_map,128,1,2,0,cold,713,1292,0,0,0,124,0x00002b54b3e96000,0x00002b54b3e98000,0x5b17fffae83ccbe2,0x72ffe2b60830b0d6,1,0,0,ld.global.cg,0,tmau_cold_bank_first_use
NVIDIA H100 80GB HBM3,9.0,52428800,mixed_direction,intra_cta,tensor,mixed,s2g_then_g2s,batched,same_map,128,1,2,1,hot,517,796,0,0,0,124,0x00002b54b3e96000,0x00002b54b3e98000,0x5b17fffae83ccbe2,0x72ffe2b60830b0d6,1,0,1,ld.global.cg,0,tmau_hot_bank_reuse
NVIDIA H100 80GB HBM3,9.0,52428800,mixed_direction,intra_cta,tensor,mixed,alternating,serial,distinct_map,128,1,2,0,cold,1095,1122,0,0,0,124,0x00002b54b3e9a000,0x00002b54b3e9c000,0x5b17fffae83ccbe2,0x72ffe2b60830b0d6,1,0,0,ld.global.cg,0,tmau_cold_bank_first_use
NVIDIA H100 80GB HBM3,9.0,52428800,mixed_direction,intra_cta,tensor,mixed,alternating,serial,distinct_map,128,1,2,1,hot,722,739,0,0,0,124,0x00002b54b3e9a000,0x00002b54b3e9c000,0x5b17fffae83ccbe2,0x72ffe2b60830b0d6,1,0,1,ld.global.cg,0,tmau_hot_bank_reuse
NVIDIA H100 80GB HBM3,9.0,52428800,mixed_direction,intra_cta,tensor,mixed,alternating,batched,distinct_map,128,1,2,0,cold,430,936,0,0,0,124,0x00002b54b3e9e000,0x00002b54b3ea0000,0x5b17fffae83ccbe2,0x72ffe2b60830b0d6,1,0,0,ld.global.cg,0,tmau_cold_bank_first_use
NVIDIA H100 80GB HBM3,9.0,52428800,mixed_direction,intra_cta,tensor,mixed,alternating,batched,distinct_map,128,1,2,1,hot,351,608,0,0,0,124,0x00002b54b3e9e000,0x00002b54b3ea0000,0x5b17fffae83ccbe2,0x72ffe2b60830b0d6,1,0,1,ld.global.cg,0,tmau_hot_bank_reuse
NVIDIA H100 80GB HBM3,9.0,52428800,mixed_direction,intra_cta,tensor,mixed,g2s_then_s2g,serial,distinct_map,128,1,2,0,cold,1262,1279,0,0,0,124,0x00002b54b3ea2000,0x00002b54b3ea4000,0x5b17fffae83ccbe2,0x72ffe2b60830b0d6,1,0,0,ld.global.cg,0,tmau_cold_bank_first_use
NVIDIA H100 80GB HBM3,9.0,52428800,mixed_direction,intra_cta,tensor,mixed,g2s_then_s2g,serial,distinct_map,128,1,2,1,hot,691,708,0,0,0,124,0x00002b54b3ea2000,0x00002b54b3ea4000,0x5b17fffae83ccbe2,0x72ffe2b60830b0d6,1,0,1,ld.global.cg,0,tmau_hot_bank_reuse
NVIDIA H100 80GB HBM3,9.0,52428800,mixed_direction,intra_cta,tensor,mixed,g2s_then_s2g,batched,distinct_map,128,1,2,0,cold,494,834,0,0,0,124,0x00002b54b3ea6000,0x00002b54b3ea8000,0x5b17fffae83ccbe2,0x72ffe2b60830b0d6,1,0,0,ld.global.cg,0,tmau_cold_bank_first_use
NVIDIA H100 80GB HBM3,9.0,52428800,mixed_direction,intra_cta,tensor,mixed,g2s_then_s2g,batched,distinct_map,128,1,2,1,hot,434,550,0,0,0,124,0x00002b54b3ea6000,0x00002b54b3ea8000,0x5b17fffae83ccbe2,0x72ffe2b60830b0d6,1,0,1,ld.global.cg,0,tmau_hot_bank_reuse
NVIDIA H100 80GB HBM3,9.0,52428800,mixed_direction,intra_cta,tensor,mixed,s2g_then_g2s,serial,distinct_map,128,1,2,0,cold,1239,1266,0,0,0,124,0x00002b54b3eaa000,0x00002b54b3eac000,0x5b17fffae83ccbe2,0x72ffe2b60830b0d6,1,0,0,ld.global.cg,0,tmau_cold_bank_first_use
NVIDIA H100 80GB HBM3,9.0,52428800,mixed_direction,intra_cta,tensor,mixed,s2g_then_g2s,serial,distinct_map,128,1,2,1,hot,672,689,0,0,0,124,0x00002b54b3eaa000,0x00002b54b3eac000,0x5b17fffae83ccbe2,0x72ffe2b60830b0d6,1,0,1,ld.global.cg,0,tmau_hot_bank_reuse
NVIDIA H100 80GB HBM3,9.0,52428800,mixed_direction,intra_cta,tensor,mixed,s2g_then_g2s,batched,distinct_map,128,1,2,0,cold,528,1161,0,0,0,124,0x00002b54b3eae000,0x00002b54b3eb0000,0x5b17fffae83ccbe2,0x72ffe2b60830b0d6,1,0,0,ld.global.cg,0,tmau_cold_bank_first_use
NVIDIA H100 80GB HBM3,9.0,52428800,mixed_direction,intra_cta,tensor,mixed,s2g_then_g2s,batched,distinct_map,128,1,2,1,hot,517,797,0,0,0,124,0x00002b54b3eae000,0x00002b54b3eb0000,0x5b17fffae83ccbe2,0x72ffe2b60830b0d6,1,0,1,ld.global.cg,0,tmau_hot_bank_reuse
NVIDIA H100 80GB HBM3,9.0,52428800,mixed_direction,intra_cta,tensor,mixed,alternating,serial,same_map,128,2,4,0,cold,1753,1770,0,0,0,124,0x00002b54b3eb2000,0x00002b54b3eb4000,0x87dc7b0d435abd65,0xb742a6f0505c3a59,1,0,0,ld.global.cg,0,tmau_cold_bank_first_use
NVIDIA H100 80GB HBM3,9.0,52428800,mixed_direction,intra_cta,tensor,mixed,alternating,serial,same_map,128,2,4,1,hot,1348,1365,0,0,0,124,0x00002b54b3eb2000,0x00002b54b3eb4000,0x87dc7b0d435abd65,0xb742a6f0505c3a59,1,0,1,ld.global.cg,0,tmau_hot_bank_reuse
NVIDIA H100 80GB HBM3,9.0,52428800,mixed_direction,intra_cta,tensor,mixed,alternating,batched,same_map,128,2,4,0,cold,594,1054,0,0,0,124,0x00002b54b3eb6000,0x00002b54b3eb8000,0x87dc7b0d435abd65,0xb742a6f0505c3a59,1,0,0,ld.global.cg,0,tmau_cold_bank_first_use
NVIDIA H100 80GB HBM3,9.0,52428800,mixed_direction,intra_cta,tensor,mixed,alternating,batched,same_map,128,2,4,1,hot,539,746,0,0,0,124,0x00002b54b3eb6000,0x00002b54b3eb8000,0x87dc7b0d435abd65,0xb742a6f0505c3a59,1,0,1,ld.global.cg,0,tmau_hot_bank_reuse
NVIDIA H100 80GB HBM3,9.0,52428800,mixed_direction,intra_cta,tensor,mixed,g2s_then_s2g,serial,same_map,128,2,4,0,cold,1632,1649,0,0,0,124,0x00002b54b3eba000,0x00002b54b3ebc000,0x87dc7b0d435abd65,0xb742a6f0505c3a59,1,0,0,ld.global.cg,0,tmau_cold_bank_first_use
NVIDIA H100 80GB HBM3,9.0,52428800,mixed_direction,intra_cta,tensor,mixed,g2s_then_s2g,serial,same_map,128,2,4,1,hot,1326,1343,0,0,0,124,0x00002b54b3eba000,0x00002b54b3ebc000,0x87dc7b0d435abd65,0xb742a6f0505c3a59,1,0,1,ld.global.cg,0,tmau_hot_bank_reuse
NVIDIA H100 80GB HBM3,9.0,52428800,mixed_direction,intra_cta,tensor,mixed,g2s_then_s2g,batched,same_map,128,2,4,0,cold,671,1041,0,0,0,124,0x00002b54b3ebe000,0x00002b54b3ec0000,0x87dc7b0d435abd65,0xb742a6f0505c3a59,1,0,0,ld.global.cg,0,tmau_cold_bank_first_use
NVIDIA H100 80GB HBM3,9.0,52428800,mixed_direction,intra_cta,tensor,mixed,g2s_then_s2g,batched,same_map,128,2,4,1,hot,670,877,0,0,0,124,0x00002b54b3ebe000,0x00002b54b3ec0000,0x87dc7b0d435abd65,0xb742a6f0505c3a59,1,0,1,ld.global.cg,0,tmau_hot_bank_reuse
NVIDIA H100 80GB HBM3,9.0,52428800,mixed_direction,intra_cta,tensor,mixed,s2g_then_g2s,serial,same_map,128,2,4,0,cold,1709,1726,0,0,0,124,0x00002b54b3ec2000,0x00002b54b3ec4000,0x87dc7b0d435abd65,0xb742a6f0505c3a59,1,0,0,ld.global.cg,0,tmau_cold_bank_first_use
NVIDIA H100 80GB HBM3,9.0,52428800,mixed_direction,intra_cta,tensor,mixed,s2g_then_g2s,serial,same_map,128,2,4,1,hot,1285,1302,0,0,0,124,0x00002b54b3ec2000,0x00002b54b3ec4000,0x87dc7b0d435abd65,0xb742a6f0505c3a59,1,0,1,ld.global.cg,0,tmau_hot_bank_reuse
NVIDIA H100 80GB HBM3,9.0,52428800,mixed_direction,intra_cta,tensor,mixed,s2g_then_g2s,batched,same_map,128,2,4,0,cold,700,1220,0,0,0,124,0x00002b54b3ec6000,0x00002b54b3ec8000,0x87dc7b0d435abd65,0xb742a6f0505c3a59,1,0,0,ld.global.cg,0,tmau_cold_bank_first_use
NVIDIA H100 80GB HBM3,9.0,52428800,mixed_direction,intra_cta,tensor,mixed,s2g_then_g2s,batched,same_map,128,2,4,1,hot,698,905,0,0,0,124,0x00002b54b3ec6000,0x00002b54b3ec8000,0x87dc7b0d435abd65,0xb742a6f0505c3a59,1,0,1,ld.global.cg,0,tmau_hot_bank_reuse
NVIDIA H100 80GB HBM3,9.0,52428800,mixed_direction,intra_cta,tensor,mixed,alternating,serial,distinct_map,128,2,4,0,cold,2126,2143,0,0,0,124,0x00002b54b3eca000,0x00002b54b3ecd000,0x78ca90ddb773d335,0xf8aefce6067f54e5,2,0,0,ld.global.cg,0,tmau_cold_bank_first_use
NVIDIA H100 80GB HBM3,9.0,52428800,mixed_direction,intra_cta,tensor,mixed,alternating,serial,distinct_map,128,2,4,1,hot,1326,1343,0,0,0,124,0x00002b54b3eca000,0x00002b54b3ecd000,0x78ca90ddb773d335,0xf8aefce6067f54e5,2,0,1,ld.global.cg,0,tmau_hot_bank_reuse
NVIDIA H100 80GB HBM3,9.0,52428800,mixed_direction,intra_cta,tensor,mixed,alternating,batched,distinct_map,128,2,4,0,cold,591,1286,0,0,0,124,0x00002b54b3ed0000,0x00002b54b3ed3000,0x78ca90ddb773d335,0xf8aefce6067f54e5,2,0,0,ld.global.cg,0,tmau_cold_bank_first_use
NVIDIA H100 80GB HBM3,9.0,52428800,mixed_direction,intra_cta,tensor,mixed,alternating,batched,distinct_map,128,2,4,1,hot,539,746,0,0,0,124,0x00002b54b3ed0000,0x00002b54b3ed3000,0x78ca90ddb773d335,0xf8aefce6067f54e5,2,0,1,ld.global.cg,0,tmau_hot_bank_reuse
NVIDIA H100 80GB HBM3,9.0,52428800,mixed_direction,intra_cta,tensor,mixed,g2s_then_s2g,serial,distinct_map,128,2,4,0,cold,2144,2161,0,0,0,124,0x00002b54b3ed6000,0x00002b54b3ed9000,0x78ca90ddb773d335,0xf8aefce6067f54e5,2,0,0,ld.global.cg,0,tmau_cold_bank_first_use
NVIDIA H100 80GB HBM3,9.0,52428800,mixed_direction,intra_cta,tensor,mixed,g2s_then_s2g,serial,distinct_map,128,2,4,1,hot,1326,1343,0,0,0,124,0x00002b54b3ed6000,0x00002b54b3ed9000,0x78ca90ddb773d335,0xf8aefce6067f54e5,2,0,1,ld.global.cg,0,tmau_hot_bank_reuse
NVIDIA H100 80GB HBM3,9.0,52428800,mixed_direction,intra_cta,tensor,mixed,g2s_then_s2g,batched,distinct_map,128,2,4,0,cold,671,1271,0,0,0,124,0x00002b54b3edc000,0x00002b54b3edf000,0x78ca90ddb773d335,0xf8aefce6067f54e5,2,0,0,ld.global.cg,0,tmau_cold_bank_first_use
NVIDIA H100 80GB HBM3,9.0,52428800,mixed_direction,intra_cta,tensor,mixed,g2s_then_s2g,batched,distinct_map,128,2,4,1,hot,670,877,0,0,0,124,0x00002b54b3edc000,0x00002b54b3edf000,0x78ca90ddb773d335,0xf8aefce6067f54e5,2,0,1,ld.global.cg,0,tmau_hot_bank_reuse
NVIDIA H100 80GB HBM3,9.0,52428800,mixed_direction,intra_cta,tensor,mixed,s2g_then_g2s,serial,distinct_map,128,2,4,0,cold,2116,2133,0,0,0,124,0x00002b54b3ee2000,0x00002b54b3ee5000,0x78ca90ddb773d335,0xf8aefce6067f54e5,2,0,0,ld.global.cg,0,tmau_cold_bank_first_use
NVIDIA H100 80GB HBM3,9.0,52428800,mixed_direction,intra_cta,tensor,mixed,s2g_then_g2s,serial,distinct_map,128,2,4,1,hot,1282,1299,0,0,0,124,0x00002b54b3ee2000,0x00002b54b3ee5000,0x78ca90ddb773d335,0xf8aefce6067f54e5,2,0,1,ld.global.cg,0,tmau_hot_bank_reuse
NVIDIA H100 80GB HBM3,9.0,52428800,mixed_direction,intra_cta,tensor,mixed,s2g_then_g2s,batched,distinct_map,128,2,4,0,cold,700,1457,0,0,0,124,0x00002b54b3ee8000,0x00002b54b3eeb000,0x78ca90ddb773d335,0xf8aefce6067f54e5,2,0,0,ld.global.cg,0,tmau_cold_bank_first_use
NVIDIA H100 80GB HBM3,9.0,52428800,mixed_direction,intra_cta,tensor,mixed,s2g_then_g2s,batched,distinct_map,128,2,4,1,hot,698,905,0,0,0,124,0x00002b54b3ee8000,0x00002b54b3eeb000,0x78ca90ddb773d335,0xf8aefce6067f54e5,2,0,1,ld.global.cg,0,tmau_hot_bank_reuse
NVIDIA H100 80GB HBM3,9.0,52428800,mixed_direction,intra_cta,tensor,mixed,alternating,serial,same_map,128,4,8,0,cold,3045,3062,0,0,0,124,0x00002b54b3eee000,0x00002b54b3ef0000,0xa77910590d64d793,0x2a6031c505cd2fe7,1,0,0,ld.global.cg,0,tmau_cold_bank_first_use
NVIDIA H100 80GB HBM3,9.0,52428800,mixed_direction,intra_cta,tensor,mixed,alternating,serial,same_map,128,4,8,1,hot,2596,2613,0,0,0,124,0x00002b54b3eee000,0x00002b54b3ef0000,0xa77910590d64d793,0x2a6031c505cd2fe7,1,0,1,ld.global.cg,0,tmau_hot_bank_reuse
NVIDIA H100 80GB HBM3,9.0,52428800,mixed_direction,intra_cta,tensor,mixed,alternating,batched,same_map,128,4,8,0,cold,814,1203,0,0,0,124,0x00002b54b3ef2000,0x00002b54b3ef4000,0xa77910590d64d793,0x2a6031c505cd2fe7,1,0,0,ld.global.cg,0,tmau_cold_bank_first_use
NVIDIA H100 80GB HBM3,9.0,52428800,mixed_direction,intra_cta,tensor,mixed,alternating,batched,same_map,128,4,8,1,hot,762,1151,0,0,0,124,0x00002b54b3ef2000,0x00002b54b3ef4000,0xa77910590d64d793,0x2a6031c505cd2fe7,1,0,1,ld.global.cg,0,tmau_hot_bank_reuse
NVIDIA H100 80GB HBM3,9.0,52428800,mixed_direction,intra_cta,tensor,mixed,g2s_then_s2g,serial,same_map,128,4,8,0,cold,3174,3191,0,0,0,124,0x00002b54b3ef6000,0x00002b54b3ef8000,0xa77910590d64d793,0x2a6031c505cd2fe7,1,0,0,ld.global.cg,0,tmau_cold_bank_first_use
NVIDIA H100 80GB HBM3,9.0,52428800,mixed_direction,intra_cta,tensor,mixed,g2s_then_s2g,serial,same_map,128,4,8,1,hot,2596,2613,0,0,0,124,0x00002b54b3ef6000,0x00002b54b3ef8000,0xa77910590d64d793,0x2a6031c505cd2fe7,1,0,1,ld.global.cg,0,tmau_hot_bank_reuse
NVIDIA H100 80GB HBM3,9.0,52428800,mixed_direction,intra_cta,tensor,mixed,g2s_then_s2g,batched,same_map,128,4,8,0,cold,886,1345,0,0,0,124,0x00002b54b3efa000,0x00002b54b3efc000,0xa77910590d64d793,0x2a6031c505cd2fe7,1,0,0,ld.global.cg,0,tmau_cold_bank_first_use
NVIDIA H100 80GB HBM3,9.0,52428800,mixed_direction,intra_cta,tensor,mixed,g2s_then_s2g,batched,same_map,128,4,8,1,hot,869,1258,0,0,0,124,0x00002b54b3efa000,0x00002b54b3efc000,0xa77910590d64d793,0x2a6031c505cd2fe7,1,0,1,ld.global.cg,0,tmau_hot_bank_reuse
NVIDIA H100 80GB HBM3,9.0,52428800,mixed_direction,intra_cta,tensor,mixed,s2g_then_g2s,serial,same_map,128,4,8,0,cold,3062,3079,0,0,0,124,0x00002b54b3efe000,0x00002b54b3f00000,0xa77910590d64d793,0x2a6031c505cd2fe7,1,0,0,ld.global.cg,0,tmau_cold_bank_first_use
NVIDIA H100 80GB HBM3,9.0,52428800,mixed_direction,intra_cta,tensor,mixed,s2g_then_g2s,serial,same_map,128,4,8,1,hot,2508,2525,0,0,0,124,0x00002b54b3efe000,0x00002b54b3f00000,0xa77910590d64d793,0x2a6031c505cd2fe7,1,0,1,ld.global.cg,0,tmau_hot_bank_reuse
NVIDIA H100 80GB HBM3,9.0,52428800,mixed_direction,intra_cta,tensor,mixed,s2g_then_g2s,batched,same_map,128,4,8,0,cold,922,1476,0,0,0,124,0x00002b54b3f02000,0x00002b54b3f04000,0xa77910590d64d793,0x2a6031c505cd2fe7,1,0,0,ld.global.cg,0,tmau_cold_bank_first_use
NVIDIA H100 80GB HBM3,9.0,52428800,mixed_direction,intra_cta,tensor,mixed,s2g_then_g2s,batched,same_map,128,4,8,1,hot,887,1276,0,0,0,124,0x00002b54b3f02000,0x00002b54b3f04000,0xa77910590d64d793,0x2a6031c505cd2fe7,1,0,1,ld.global.cg,0,tmau_hot_bank_reuse
NVIDIA H100 80GB HBM3,9.0,52428800,mixed_direction,intra_cta,tensor,mixed,alternating,serial,distinct_map,128,4,8,0,cold,4365,4382,0,0,0,124,0x00002b54b3f06000,0x00002b54b3f0b000,0x8bd595b12b2398b5,0xb62573fd40c3eaed,4,0,0,ld.global.cg,0,tmau_cold_bank_first_use
NVIDIA H100 80GB HBM3,9.0,52428800,mixed_direction,intra_cta,tensor,mixed,alternating,serial,distinct_map,128,4,8,1,hot,2596,2613,0,0,0,124,0x00002b54b3f06000,0x00002b54b3f0b000,0x8bd595b12b2398b5,0xb62573fd40c3eaed,4,0,1,ld.global.cg,0,tmau_hot_bank_reuse
NVIDIA H100 80GB HBM3,9.0,52428800,mixed_direction,intra_cta,tensor,mixed,alternating,batched,distinct_map,128,4,8,0,cold,814,1786,0,0,0,124,0x00002b54b3f10000,0x00002b54b3f15000,0x8bd595b12b2398b5,0xb62573fd40c3eaed,4,0,0,ld.global.cg,0,tmau_cold_bank_first_use
NVIDIA H100 80GB HBM3,9.0,52428800,mixed_direction,intra_cta,tensor,mixed,alternating,batched,distinct_map,128,4,8,1,hot,762,1151,0,0,0,124,0x00002b54b3f10000,0x00002b54b3f15000,0x8bd595b12b2398b5,0xb62573fd40c3eaed,4,0,1,ld.global.cg,0,tmau_hot_bank_reuse
NVIDIA H100 80GB HBM3,9.0,52428800,mixed_direction,intra_cta,tensor,mixed,g2s_then_s2g,serial,distinct_map,128,4,8,0,cold,4381,4398,0,0,0,124,0x00002b54b3f1a000,0x00002b54b3f1f000,0x8bd595b12b2398b5,0xb62573fd40c3eaed,4,0,0,ld.global.cg,0,tmau_cold_bank_first_use
NVIDIA H100 80GB HBM3,9.0,52428800,mixed_direction,intra_cta,tensor,mixed,g2s_then_s2g,serial,distinct_map,128,4,8,1,hot,2596,2613,0,0,0,124,0x00002b54b3f1a000,0x00002b54b3f1f000,0x8bd595b12b2398b5,0xb62573fd40c3eaed,4,0,1,ld.global.cg,0,tmau_hot_bank_reuse
NVIDIA H100 80GB HBM3,9.0,52428800,mixed_direction,intra_cta,tensor,mixed,g2s_then_s2g,batched,distinct_map,128,4,8,0,cold,869,2179,0,0,0,124,0x00002b54b3f24000,0x00002b54b3f29000,0x8bd595b12b2398b5,0xb62573fd40c3eaed,4,0,0,ld.global.cg,0,tmau_cold_bank_first_use
NVIDIA H100 80GB HBM3,9.0,52428800,mixed_direction,intra_cta,tensor,mixed,g2s_then_s2g,batched,distinct_map,128,4,8,1,hot,869,1258,0,0,0,124,0x00002b54b3f24000,0x00002b54b3f29000,0x8bd595b12b2398b5,0xb62573fd40c3eaed,4,0,1,ld.global.cg,0,tmau_hot_bank_reuse
NVIDIA H100 80GB HBM3,9.0,52428800,mixed_direction,intra_cta,tensor,mixed,s2g_then_g2s,serial,distinct_map,128,4,8,0,cold,4231,4258,0,0,0,124,0x00002b54b3f2e000,0x00002b54b3f33000,0x8bd595b12b2398b5,0xb62573fd40c3eaed,4,0,0,ld.global.cg,0,tmau_cold_bank_first_use
NVIDIA H100 80GB HBM3,9.0,52428800,mixed_direction,intra_cta,tensor,mixed,s2g_then_g2s,serial,distinct_map,128,4,8,1,hot,2508,2525,0,0,0,124,0x00002b54b3f2e000,0x00002b54b3f33000,0x8bd595b12b2398b5,0xb62573fd40c3eaed,4,0,1,ld.global.cg,0,tmau_hot_bank_reuse
NVIDIA H100 80GB HBM3,9.0,52428800,mixed_direction,intra_cta,tensor,mixed,s2g_then_g2s,batched,distinct_map,128,4,8,0,cold,1018,2349,0,0,0,124,0x00002b54b3f38000,0x00002b54b3f3d000,0x8bd595b12b2398b5,0xb62573fd40c3eaed,4,0,0,ld.global.cg,0,tmau_cold_bank_first_use
NVIDIA H100 80GB HBM3,9.0,52428800,mixed_direction,intra_cta,tensor,mixed,s2g_then_g2s,batched,distinct_map,128,4,8,1,hot,887,1276,0,0,0,124,0x00002b54b3f38000,0x00002b54b3f3d000,0x8bd595b12b2398b5,0xb62573fd40c3eaed,4,0,1,ld.global.cg,0,tmau_hot_bank_reuse
NVIDIA H100 80GB HBM3,9.0,52428800,mixed_direction,intra_cta,tensor,mixed,alternating,serial,same_map,128,8,16,0,cold,5548,5575,0,0,0,124,0x00002b54b3f42000,0x00002b54b3f44000,0x8d94889ad6785ce7,0xac44b9833cb9aa93,1,0,0,ld.global.cg,0,tmau_cold_bank_first_use
NVIDIA H100 80GB HBM3,9.0,52428800,mixed_direction,intra_cta,tensor,mixed,alternating,serial,same_map,128,8,16,1,hot,5136,5153,0,0,0,124,0x00002b54b3f42000,0x00002b54b3f44000,0x8d94889ad6785ce7,0xac44b9833cb9aa93,1,0,1,ld.global.cg,0,tmau_hot_bank_reuse
NVIDIA H100 80GB HBM3,9.0,52428800,mixed_direction,intra_cta,tensor,mixed,alternating,batched,same_map,128,8,16,0,cold,1282,2035,0,0,0,124,0x00002b54b3f46000,0x00002b54b3f48000,0x8d94889ad6785ce7,0xac44b9833cb9aa93,1,0,0,ld.global.cg,0,tmau_cold_bank_first_use
NVIDIA H100 80GB HBM3,9.0,52428800,mixed_direction,intra_cta,tensor,mixed,alternating,batched,same_map,128,8,16,1,hot,1230,1983,0,0,0,124,0x00002b54b3f46000,0x00002b54b3f48000,0x8d94889ad6785ce7,0xac44b9833cb9aa93,1,0,1,ld.global.cg,0,tmau_hot_bank_reuse
NVIDIA H100 80GB HBM3,9.0,52428800,mixed_direction,intra_cta,tensor,mixed,g2s_then_s2g,serial,same_map,128,8,16,0,cold,5543,5570,0,0,0,124,0x00002b54b3f4a000,0x00002b54b3f4c000,0x8d94889ad6785ce7,0xac44b9833cb9aa93,1,0,0,ld.global.cg,0,tmau_cold_bank_first_use
NVIDIA H100 80GB HBM3,9.0,52428800,mixed_direction,intra_cta,tensor,mixed,g2s_then_s2g,serial,same_map,128,8,16,1,hot,5136,5153,0,0,0,124,0x00002b54b3f4a000,0x00002b54b3f4c000,0x8d94889ad6785ce7,0xac44b9833cb9aa93,1,0,1,ld.global.cg,0,tmau_hot_bank_reuse
NVIDIA H100 80GB HBM3,9.0,52428800,mixed_direction,intra_cta,tensor,mixed,g2s_then_s2g,batched,same_map,128,8,16,0,cold,1458,2211,0,0,0,124,0x00002b54b3f4e000,0x00002b54b3f50000,0x8d94889ad6785ce7,0xac44b9833cb9aa93,1,0,0,ld.global.cg,0,tmau_cold_bank_first_use
NVIDIA H100 80GB HBM3,9.0,52428800,mixed_direction,intra_cta,tensor,mixed,g2s_then_s2g,batched,same_map,128,8,16,1,hot,1379,2132,0,0,0,124,0x00002b54b3f4e000,0x00002b54b3f50000,0x8d94889ad6785ce7,0xac44b9833cb9aa93,1,0,1,ld.global.cg,0,tmau_hot_bank_reuse
NVIDIA H100 80GB HBM3,9.0,52428800,mixed_direction,intra_cta,tensor,mixed,s2g_then_g2s,serial,same_map,128,8,16,0,cold,5381,5408,0,0,0,124,0x00002b54b3f52000,0x00002b54b3f54000,0x8d94889ad6785ce7,0xac44b9833cb9aa93,1,0,0,ld.global.cg,0,tmau_cold_bank_first_use
NVIDIA H100 80GB HBM3,9.0,52428800,mixed_direction,intra_cta,tensor,mixed,s2g_then_g2s,serial,same_map,128,8,16,1,hot,4960,4977,0,0,0,124,0x00002b54b3f52000,0x00002b54b3f54000,0x8d94889ad6785ce7,0xac44b9833cb9aa93,1,0,1,ld.global.cg,0,tmau_hot_bank_reuse
NVIDIA H100 80GB HBM3,9.0,52428800,mixed_direction,intra_cta,tensor,mixed,s2g_then_g2s,batched,same_map,128,8,16,0,cold,1491,2244,0,0,0,124,0x00002b54b3f56000,0x00002b54b3f58000,0x8d94889ad6785ce7,0xac44b9833cb9aa93,1,0,0,ld.global.cg,0,tmau_cold_bank_first_use
NVIDIA H100 80GB HBM3,9.0,52428800,mixed_direction,intra_cta,tensor,mixed,s2g_then_g2s,batched,same_map,128,8,16,1,hot,1395,2148,0,0,0,124,0x00002b54b3f56000,0x00002b54b3f58000,0x8d94889ad6785ce7,0xac44b9833cb9aa93,1,0,1,ld.global.cg,0,tmau_hot_bank_reuse
NVIDIA H100 80GB HBM3,9.0,52428800,mixed_direction,intra_cta,tensor,mixed,alternating,serial,distinct_map,128,8,16,0,cold,8454,8471,0,0,0,124,0x00002b54b3f5a000,0x00002b54b3f63000,0xbc1c2776cc2e6f4b,0x5cabb821f60ea2cb,8,0,0,ld.global.cg,0,tmau_cold_bank_first_use
NVIDIA H100 80GB HBM3,9.0,52428800,mixed_direction,intra_cta,tensor,mixed,alternating,serial,distinct_map,128,8,16,1,hot,5474,5491,0,0,0,124,0x00002b54b3f5a000,0x00002b54b3f63000,0xbc1c2776cc2e6f4b,0x5cabb821f60ea2cb,8,0,1,ld.global.cg,0,tmau_hot_bank_reuse
NVIDIA H100 80GB HBM3,9.0,52428800,mixed_direction,intra_cta,tensor,mixed,alternating,batched,distinct_map,128,8,16,0,cold,1822,3181,0,0,0,124,0x00002b54b3f6c000,0x00002b54b3f75000,0xbc1c2776cc2e6f4b,0x5cabb821f60ea2cb,8,0,0,ld.global.cg,0,tmau_cold_bank_first_use
NVIDIA H100 80GB HBM3,9.0,52428800,mixed_direction,intra_cta,tensor,mixed,alternating,batched,distinct_map,128,8,16,1,hot,1230,1990,0,0,0,124,0x00002b54b3f6c000,0x00002b54b3f75000,0xbc1c2776cc2e6f4b,0x5cabb821f60ea2cb,8,0,1,ld.global.cg,0,tmau_hot_bank_reuse
NVIDIA H100 80GB HBM3,9.0,52428800,mixed_direction,intra_cta,tensor,mixed,g2s_then_s2g,serial,distinct_map,128,8,16,0,cold,8348,8365,0,0,0,124,0x00002b54b3f7e000,0x00002b54b3f87000,0xbc1c2776cc2e6f4b,0x5cabb821f60ea2cb,8,0,0,ld.global.cg,0,tmau_cold_bank_first_use
NVIDIA H100 80GB HBM3,9.0,52428800,mixed_direction,intra_cta,tensor,mixed,g2s_then_s2g,serial,distinct_map,128,8,16,1,hot,5474,5491,0,0,0,124,0x00002b54b3f7e000,0x00002b54b3f87000,0xbc1c2776cc2e6f4b,0x5cabb821f60ea2cb,8,0,1,ld.global.cg,0,tmau_hot_bank_reuse
NVIDIA H100 80GB HBM3,9.0,52428800,mixed_direction,intra_cta,tensor,mixed,g2s_then_s2g,batched,distinct_map,128,8,16,0,cold,2133,4050,0,0,0,124,0x00002b54b3f90000,0x00002b54b3f99000,0xbc1c2776cc2e6f4b,0x5cabb821f60ea2cb,8,0,0,ld.global.cg,0,tmau_cold_bank_first_use
NVIDIA H100 80GB HBM3,9.0,52428800,mixed_direction,intra_cta,tensor,mixed,g2s_then_s2g,batched,distinct_map,128,8,16,1,hot,1379,2152,0,0,0,124,0x00002b54b3f90000,0x00002b54b3f99000,0xbc1c2776cc2e6f4b,0x5cabb821f60ea2cb,8,0,1,ld.global.cg,0,tmau_hot_bank_reuse
NVIDIA H100 80GB HBM3,9.0,52428800,mixed_direction,intra_cta,tensor,mixed,s2g_then_g2s,serial,distinct_map,128,8,16,0,cold,8433,8460,0,0,0,124,0x00002b54b3fa2000,0x00002b54b3fab000,0xbc1c2776cc2e6f4b,0x5cabb821f60ea2cb,8,0,0,ld.global.cg,0,tmau_cold_bank_first_use
NVIDIA H100 80GB HBM3,9.0,52428800,mixed_direction,intra_cta,tensor,mixed,s2g_then_g2s,serial,distinct_map,128,8,16,1,hot,5301,5318,0,0,0,124,0x00002b54b3fa2000,0x00002b54b3fab000,0xbc1c2776cc2e6f4b,0x5cabb821f60ea2cb,8,0,1,ld.global.cg,0,tmau_hot_bank_reuse
NVIDIA H100 80GB HBM3,9.0,52428800,mixed_direction,intra_cta,tensor,mixed,s2g_then_g2s,batched,distinct_map,128,8,16,0,cold,2671,3763,0,0,0,124,0x00002b54b3fb4000,0x00002b54b3fbd000,0xbc1c2776cc2e6f4b,0x5cabb821f60ea2cb,8,0,0,ld.global.cg,0,tmau_cold_bank_first_use
NVIDIA H100 80GB HBM3,9.0,52428800,mixed_direction,intra_cta,tensor,mixed,s2g_then_g2s,batched,distinct_map,128,8,16,1,hot,1395,2148,0,0,0,124,0x00002b54b3fb4000,0x00002b54b3fbd000,0xbc1c2776cc2e6f4b,0x5cabb821f60ea2cb,8,0,1,ld.global.cg,0,tmau_hot_bank_reuse
NVIDIA H100 80GB HBM3,9.0,52428800,mixed_direction,intra_cta,tensor,mixed,alternating,serial,same_map,128,16,32,0,cold,10626,10653,0,0,0,124,0x00002b54b3fc6000,0x00002b54b3fc8000,0x37c517176edddc9f,0x198675b6e6466dab,1,0,0,ld.global.cg,0,tmau_cold_bank_first_use
NVIDIA H100 80GB HBM3,9.0,52428800,mixed_direction,intra_cta,tensor,mixed,alternating,serial,same_map,128,16,32,1,hot,10216,10233,0,0,0,124,0x00002b54b3fc6000,0x00002b54b3fc8000,0x37c517176edddc9f,0x198675b6e6466dab,1,0,1,ld.global.cg,0,tmau_hot_bank_reuse
NVIDIA H100 80GB HBM3,9.0,52428800,mixed_direction,intra_cta,tensor,mixed,alternating,batched,same_map,128,16,32,0,cold,2218,3699,0,0,0,124,0x00002b54b3fca000,0x00002b54b3fcc000,0x37c517176edddc9f,0x198675b6e6466dab,1,0,0,ld.global.cg,0,tmau_cold_bank_first_use
NVIDIA H100 80GB HBM3,9.0,52428800,mixed_direction,intra_cta,tensor,mixed,alternating,batched,same_map,128,16,32,1,hot,2166,3647,0,0,0,124,0x00002b54b3fca000,0x00002b54b3fcc000,0x37c517176edddc9f,0x198675b6e6466dab,1,0,1,ld.global.cg,0,tmau_hot_bank_reuse
NVIDIA H100 80GB HBM3,9.0,52428800,mixed_direction,intra_cta,tensor,mixed,g2s_then_s2g,serial,same_map,128,16,32,0,cold,10616,10643,0,0,0,124,0x00002b54b3fce000,0x00002b54b3fd0000,0x37c517176edddc9f,0x198675b6e6466dab,1,0,0,ld.global.cg,0,tmau_cold_bank_first_use
NVIDIA H100 80GB HBM3,9.0,52428800,mixed_direction,intra_cta,tensor,mixed,g2s_then_s2g,serial,same_map,128,16,32,1,hot,10216,10233,0,0,0,124,0x00002b54b3fce000,0x00002b54b3fd0000,0x37c517176edddc9f,0x198675b6e6466dab,1,0,1,ld.global.cg,0,tmau_hot_bank_reuse
NVIDIA H100 80GB HBM3,9.0,52428800,mixed_direction,intra_cta,tensor,mixed,g2s_then_s2g,batched,same_map,128,16,32,0,cold,2449,3930,0,0,0,124,0x00002b54b3fd2000,0x00002b54b3fd4000,0x37c517176edddc9f,0x198675b6e6466dab,1,0,0,ld.global.cg,0,tmau_cold_bank_first_use
NVIDIA H100 80GB HBM3,9.0,52428800,mixed_direction,intra_cta,tensor,mixed,g2s_then_s2g,batched,same_map,128,16,32,1,hot,2399,3880,0,0,0,124,0x00002b54b3fd2000,0x00002b54b3fd4000,0x37c517176edddc9f,0x198675b6e6466dab,1,0,1,ld.global.cg,0,tmau_hot_bank_reuse
NVIDIA H100 80GB HBM3,9.0,52428800,mixed_direction,intra_cta,tensor,mixed,s2g_then_g2s,serial,same_map,128,16,32,0,cold,10415,10442,0,0,0,124,0x00002b54b3fd6000,0x00002b54b3fd8000,0x37c517176edddc9f,0x198675b6e6466dab,1,0,0,ld.global.cg,0,tmau_cold_bank_first_use
NVIDIA H100 80GB HBM3,9.0,52428800,mixed_direction,intra_cta,tensor,mixed,s2g_then_g2s,serial,same_map,128,16,32,1,hot,9864,9881,0,0,0,124,0x00002b54b3fd6000,0x00002b54b3fd8000,0x37c517176edddc9f,0x198675b6e6466dab,1,0,1,ld.global.cg,0,tmau_hot_bank_reuse
NVIDIA H100 80GB HBM3,9.0,52428800,mixed_direction,intra_cta,tensor,mixed,s2g_then_g2s,batched,same_map,128,16,32,0,cold,2484,3965,0,0,0,124,0x00002b54b3fda000,0x00002b54b3fdc000,0x37c517176edddc9f,0x198675b6e6466dab,1,0,0,ld.global.cg,0,tmau_cold_bank_first_use
NVIDIA H100 80GB HBM3,9.0,52428800,mixed_direction,intra_cta,tensor,mixed,s2g_then_g2s,batched,same_map,128,16,32,1,hot,2411,3892,0,0,0,124,0x00002b54b3fda000,0x00002b54b3fdc000,0x37c517176edddc9f,0x198675b6e6466dab,1,0,1,ld.global.cg,0,tmau_hot_bank_reuse
NVIDIA H100 80GB HBM3,9.0,52428800,mixed_direction,intra_cta,tensor,mixed,alternating,serial,distinct_map,128,16,32,0,cold,17057,17074,0,0,0,124,0x00002b54b3fde000,0x00002b54b3fef000,0xb24db998f7e2ef93,0xc7616a7909a79e03,16,0,0,ld.global.cg,0,tmau_cold_bank_first_use
NVIDIA H100 80GB HBM3,9.0,52428800,mixed_direction,intra_cta,tensor,mixed,alternating,serial,distinct_map,128,16,32,1,hot,12304,12321,0,0,0,124,0x00002b54b3fde000,0x00002b54b3fef000,0xb24db998f7e2ef93,0xc7616a7909a79e03,16,0,1,ld.global.cg,0,tmau_hot_bank_reuse
NVIDIA H100 80GB HBM3,9.0,52428800,mixed_direction,intra_cta,tensor,mixed,alternating,batched,distinct_map,128,16,32,0,cold,4022,6112,0,0,0,124,0x00002b5498a00000,0x00002b5498a11000,0xb24db998f7e2ef93,0xc7616a7909a79e03,16,0,0,ld.global.cg,0,tmau_cold_bank_first_use
NVIDIA H100 80GB HBM3,9.0,52428800,mixed_direction,intra_cta,tensor,mixed,alternating,batched,distinct_map,128,16,32,1,hot,2693,4181,0,0,0,124,0x00002b5498a00000,0x00002b5498a11000,0xb24db998f7e2ef93,0xc7616a7909a79e03,16,0,1,ld.global.cg,0,tmau_hot_bank_reuse
NVIDIA H100 80GB HBM3,9.0,52428800,mixed_direction,intra_cta,tensor,mixed,g2s_then_s2g,serial,distinct_map,128,16,32,0,cold,17168,17185,0,0,0,124,0x00002b5498a22000,0x00002b5498a33000,0xb24db998f7e2ef93,0xc7616a7909a79e03,16,0,0,ld.global.cg,0,tmau_cold_bank_first_use
NVIDIA H100 80GB HBM3,9.0,52428800,mixed_direction,intra_cta,tensor,mixed,g2s_then_s2g,serial,distinct_map,128,16,32,1,hot,12421,12438,0,0,0,124,0x00002b5498a22000,0x00002b5498a33000,0xb24db998f7e2ef93,0xc7616a7909a79e03,16,0,1,ld.global.cg,0,tmau_hot_bank_reuse
NVIDIA H100 80GB HBM3,9.0,52428800,mixed_direction,intra_cta,tensor,mixed,g2s_then_s2g,batched,distinct_map,128,16,32,0,cold,5095,7734,0,0,0,124,0x00002b5498a44000,0x00002b5498a55000,0xb24db998f7e2ef93,0xc7616a7909a79e03,16,0,0,ld.global.cg,0,tmau_cold_bank_first_use
NVIDIA H100 80GB HBM3,9.0,52428800,mixed_direction,intra_cta,tensor,mixed,g2s_then_s2g,batched,distinct_map,128,16,32,1,hot,2664,4270,0,0,0,124,0x00002b5498a44000,0x00002b5498a55000,0xb24db998f7e2ef93,0xc7616a7909a79e03,16,0,1,ld.global.cg,0,tmau_hot_bank_reuse
NVIDIA H100 80GB HBM3,9.0,52428800,mixed_direction,intra_cta,tensor,mixed,s2g_then_g2s,serial,distinct_map,128,16,32,0,cold,16782,16809,0,0,0,124,0x00002b5498a66000,0x00002b5498a77000,0xb24db998f7e2ef93,0xc7616a7909a79e03,16,0,0,ld.global.cg,0,tmau_cold_bank_first_use
NVIDIA H100 80GB HBM3,9.0,52428800,mixed_direction,intra_cta,tensor,mixed,s2g_then_g2s,serial,distinct_map,128,16,32,1,hot,12102,12119,0,0,0,124,0x00002b5498a66000,0x00002b5498a77000,0xb24db998f7e2ef93,0xc7616a7909a79e03,16,0,1,ld.global.cg,0,tmau_hot_bank_reuse
NVIDIA H100 80GB HBM3,9.0,52428800,mixed_direction,intra_cta,tensor,mixed,s2g_then_g2s,batched,distinct_map,128,16,32,0,cold,5673,7154,0,0,0,124,0x00002b5498a88000,0x00002b5498a99000,0xb24db998f7e2ef93,0xc7616a7909a79e03,16,0,0,ld.global.cg,0,tmau_cold_bank_first_use
NVIDIA H100 80GB HBM3,9.0,52428800,mixed_direction,intra_cta,tensor,mixed,s2g_then_g2s,batched,distinct_map,128,16,32,1,hot,3244,4725,0,0,0,124,0x00002b5498a88000,0x00002b5498a99000,0xb24db998f7e2ef93,0xc7616a7909a79e03,16,0,1,ld.global.cg,0,tmau_hot_bank_reuse
NVIDIA H100 80GB HBM3,9.0,52428800,mixed_direction,intra_cta,tensor,mixed,alternating,serial,same_map,4096,1,2,0,cold,1382,1399,0,0,0,124,0x00002b5498aaa000,0x00002b5498aac000,0x1b5db8d832ffed0e,0x444a063b5f81d0a2,1,0,0,ld.global.cg,0,tmau_cold_bank_first_use
NVIDIA H100 80GB HBM3,9.0,52428800,mixed_direction,intra_cta,tensor,mixed,alternating,serial,same_map,4096,1,2,1,hot,818,835,0,0,0,124,0x00002b5498aaa000,0x00002b5498aac000,0x1b5db8d832ffed0e,0x444a063b5f81d0a2,1,0,1,ld.global.cg,0,tmau_hot_bank_reuse
NVIDIA H100 80GB HBM3,9.0,52428800,mixed_direction,intra_cta,tensor,mixed,alternating,batched,same_map,4096,1,2,0,cold,489,1116,0,0,0,124,0x00002b5498aae000,0x00002b5498ab0000,0x1b5db8d832ffed0e,0x444a063b5f81d0a2,1,0,0,ld.global.cg,0,tmau_cold_bank_first_use
NVIDIA H100 80GB HBM3,9.0,52428800,mixed_direction,intra_cta,tensor,mixed,alternating,batched,same_map,4096,1,2,1,hot,351,715,0,0,0,124,0x00002b5498aae000,0x00002b5498ab0000,0x1b5db8d832ffed0e,0x444a063b5f81d0a2,1,0,1,ld.global.cg,0,tmau_hot_bank_reuse
NVIDIA H100 80GB HBM3,9.0,52428800,mixed_direction,intra_cta,tensor,mixed,g2s_then_s2g,serial,same_map,4096,1,2,0,cold,1395,1422,0,0,0,124,0x00002b5498ab2000,0x00002b5498ab4000,0x1b5db8d832ffed0e,0x444a063b5f81d0a2,1,0,0,ld.global.cg,0,tmau_cold_bank_first_use
NVIDIA H100 80GB HBM3,9.0,52428800,mixed_direction,intra_cta,tensor,mixed,g2s_then_s2g,serial,same_map,4096,1,2,1,hot,824,841,0,0,0,124,0x00002b5498ab2000,0x00002b5498ab4000,0x1b5db8d832ffed0e,0x444a063b5f81d0a2,1,0,1,ld.global.cg,0,tmau_hot_bank_reuse
NVIDIA H100 80GB HBM3,9.0,52428800,mixed_direction,intra_cta,tensor,mixed,g2s_then_s2g,batched,same_map,4096,1,2,0,cold,534,1005,0,0,0,124,0x00002b5498ab6000,0x00002b5498ab8000,0x1b5db8d832ffed0e,0x444a063b5f81d0a2,1,0,0,ld.global.cg,0,tmau_cold_bank_first_use
NVIDIA H100 80GB HBM3,9.0,52428800,mixed_direction,intra_cta,tensor,mixed,g2s_then_s2g,batched,same_map,4096,1,2,1,hot,445,668,0,0,0,124,0x00002b5498ab6000,0x00002b5498ab8000,0x1b5db8d832ffed0e,0x444a063b5f81d0a2,1,0,1,ld.global.cg,0,tmau_hot_bank_reuse
NVIDIA H100 80GB HBM3,9.0,52428800,mixed_direction,intra_cta,tensor,mixed,s2g_then_g2s,serial,same_map,4096,1,2,0,cold,1357,1384,0,0,0,124,0x00002b5498aba000,0x00002b5498abc000,0x1b5db8d832ffed0e,0x444a063b5f81d0a2,1,0,0,ld.global.cg,0,tmau_cold_bank_first_use
NVIDIA H100 80GB HBM3,9.0,52428800,mixed_direction,intra_cta,tensor,mixed,s2g_then_g2s,serial,same_map,4096,1,2,1,hot,796,813,0,0,0,124,0x00002b5498aba000,0x00002b5498abc000,0x1b5db8d832ffed0e,0x444a063b5f81d0a2,1,0,1,ld.global.cg,0,tmau_hot_bank_reuse
NVIDIA H100 80GB HBM3,9.0,52428800,mixed_direction,intra_cta,tensor,mixed,s2g_then_g2s,batched,same_map,4096,1,2,0,cold,528,1254,0,0,0,124,0x00002b5498abe000,0x00002b5498ac0000,0x1b5db8d832ffed0e,0x444a063b5f81d0a2,1,0,0,ld.global.cg,0,tmau_cold_bank_first_use
NVIDIA H100 80GB HBM3,9.0,52428800,mixed_direction,intra_cta,tensor,mixed,s2g_then_g2s,batched,same_map,4096,1,2,1,hot,452,859,0,0,0,124,0x00002b5498abe000,0x00002b5498ac0000,0x1b5db8d832ffed0e,0x444a063b5f81d0a2,1,0,1,ld.global.cg,0,tmau_hot_bank_reuse
NVIDIA H100 80GB HBM3,9.0,52428800,mixed_direction,intra_cta,tensor,mixed,alternating,serial,distinct_map,4096,1,2,0,cold,1402,1429,0,0,0,124,0x00002b5498ac2000,0x00002b5498ac4000,0x1b5db8d832ffed0e,0x444a063b5f81d0a2,1,0,0,ld.global.cg,0,tmau_cold_bank_first_use
NVIDIA H100 80GB HBM3,9.0,52428800,mixed_direction,intra_cta,tensor,mixed,alternating,serial,distinct_map,4096,1,2,1,hot,824,841,0,0,0,124,0x00002b5498ac2000,0x00002b5498ac4000,0x1b5db8d832ffed0e,0x444a063b5f81d0a2,1,0,1,ld.global.cg,0,tmau_hot_bank_reuse
NVIDIA H100 80GB HBM3,9.0,52428800,mixed_direction,intra_cta,tensor,mixed,alternating,batched,distinct_map,4096,1,2,0,cold,378,983,0,0,0,124,0x00002b5498ac6000,0x00002b5498ac8000,0x1b5db8d832ffed0e,0x444a063b5f81d0a2,1,0,0,ld.global.cg,0,tmau_cold_bank_first_use
NVIDIA H100 80GB HBM3,9.0,52428800,mixed_direction,intra_cta,tensor,mixed,alternating,batched,distinct_map,4096,1,2,1,hot,351,715,0,0,0,124,0x00002b5498ac6000,0x00002b5498ac8000,0x1b5db8d832ffed0e,0x444a063b5f81d0a2,1,0,1,ld.global.cg,0,tmau_hot_bank_reuse
NVIDIA H100 80GB HBM3,9.0,52428800,mixed_direction,intra_cta,tensor,mixed,g2s_then_s2g,serial,distinct_map,4096,1,2,0,cold,1391,1418,0,0,0,124,0x00002b5498aca000,0x00002b5498acc000,0x1b5db8d832ffed0e,0x444a063b5f81d0a2,1,0,0,ld.global.cg,0,tmau_cold_bank_first_use
NVIDIA H100 80GB HBM3,9.0,52428800,mixed_direction,intra_cta,tensor,mixed,g2s_then_s2g,serial,distinct_map,4096,1,2,1,hot,818,835,0,0,0,124,0x00002b5498aca000,0x00002b5498acc000,0x1b5db8d832ffed0e,0x444a063b5f81d0a2,1,0,1,ld.global.cg,0,tmau_hot_bank_reuse
NVIDIA H100 80GB HBM3,9.0,52428800,mixed_direction,intra_cta,tensor,mixed,g2s_then_s2g,batched,distinct_map,4096,1,2,0,cold,483,922,0,0,0,124,0x00002b5498ace000,0x00002b5498ad0000,0x1b5db8d832ffed0e,0x444a063b5f81d0a2,1,0,0,ld.global.cg,0,tmau_cold_bank_first_use
NVIDIA H100 80GB HBM3,9.0,52428800,mixed_direction,intra_cta,tensor,mixed,g2s_then_s2g,batched,distinct_map,4096,1,2,1,hot,445,668,0,0,0,124,0x00002b5498ace000,0x00002b5498ad0000,0x1b5db8d832ffed0e,0x444a063b5f81d0a2,1,0,1,ld.global.cg,0,tmau_hot_bank_reuse
NVIDIA H100 80GB HBM3,9.0,52428800,mixed_direction,intra_cta,tensor,mixed,s2g_then_g2s,serial,distinct_map,4096,1,2,0,cold,1358,1385,0,0,0,124,0x00002b5498ad2000,0x00002b5498ad4000,0x1b5db8d832ffed0e,0x444a063b5f81d0a2,1,0,0,ld.global.cg,0,tmau_cold_bank_first_use
NVIDIA H100 80GB HBM3,9.0,52428800,mixed_direction,intra_cta,tensor,mixed,s2g_then_g2s,serial,distinct_map,4096,1,2,1,hot,796,813,0,0,0,124,0x00002b5498ad2000,0x00002b5498ad4000,0x1b5db8d832ffed0e,0x444a063b5f81d0a2,1,0,1,ld.global.cg,0,tmau_hot_bank_reuse
NVIDIA H100 80GB HBM3,9.0,52428800,mixed_direction,intra_cta,tensor,mixed,s2g_then_g2s,batched,distinct_map,4096,1,2,0,cold,505,1225,0,0,0,124,0x00002b5498ad6000,0x00002b5498ad8000,0x1b5db8d832ffed0e,0x444a063b5f81d0a2,1,0,0,ld.global.cg,0,tmau_cold_bank_first_use
NVIDIA H100 80GB HBM3,9.0,52428800,mixed_direction,intra_cta,tensor,mixed,s2g_then_g2s,batched,distinct_map,4096,1,2,1,hot,452,859,0,0,0,124,0x00002b5498ad6000,0x00002b5498ad8000,0x1b5db8d832ffed0e,0x444a063b5f81d0a2,1,0,1,ld.global.cg,0,tmau_hot_bank_reuse
NVIDIA H100 80GB HBM3,9.0,52428800,mixed_direction,intra_cta,tensor,mixed,alternating,serial,same_map,4096,2,4,0,cold,2150,2177,0,0,0,124,0x00002b5498ada000,0x00002b5498adc000,0x8f7ff4b23b4fa46e,0x880643919b118802,1,0,0,ld.global.cg,0,tmau_cold_bank_first_use
NVIDIA H100 80GB HBM3,9.0,52428800,mixed_direction,intra_cta,tensor,mixed,alternating,serial,same_map,4096,2,4,1,hot,1583,1600,0,0,0,124,0x00002b5498ada000,0x00002b5498adc000,0x8f7ff4b23b4fa46e,0x880643919b118802,1,0,1,ld.global.cg,0,tmau_hot_bank_reuse
NVIDIA H100 80GB HBM3,9.0,52428800,mixed_direction,intra_cta,tensor,mixed,alternating,batched,same_map,4096,2,4,0,cold,531,1074,0,0,0,124,0x00002b5498ade000,0x00002b5498ae0000,0x8f7ff4b23b4fa46e,0x880643919b118802,1,0,0,ld.global.cg,0,tmau_cold_bank_first_use
NVIDIA H100 80GB HBM3,9.0,52428800,mixed_direction,intra_cta,tensor,mixed,alternating,batched,same_map,4096,2,4,1,hot,539,856,0,0,0,124,0x00002b5498ade000,0x00002b5498ae0000,0x8f7ff4b23b4fa46e,0x880643919b118802,1,0,1,ld.global.cg,0,tmau_hot_bank_reuse
NVIDIA H100 80GB HBM3,9.0,52428800,mixed_direction,intra_cta,tensor,mixed,g2s_then_s2g,serial,same_map,4096,2,4,0,cold,2128,2145,0,0,0,124,0x00002b5498ae2000,0x00002b5498ae4000,0x8f7ff4b23b4fa46e,0x880643919b118802,1,0,0,ld.global.cg,0,tmau_cold_bank_first_use
NVIDIA H100 80GB HBM3,9.0,52428800,mixed_direction,intra_cta,tensor,mixed,g2s_then_s2g,serial,same_map,4096,2,4,1,hot,1577,1594,0,0,0,124,0x00002b5498ae2000,0x00002b5498ae4000,0x8f7ff4b23b4fa46e,0x880643919b118802,1,0,1,ld.global.cg,0,tmau_hot_bank_reuse
NVIDIA H100 80GB HBM3,9.0,52428800,mixed_direction,intra_cta,tensor,mixed,g2s_then_s2g,batched,same_map,4096,2,4,0,cold,660,1249,0,0,0,124,0x00002b5498ae6000,0x00002b5498ae8000,0x8f7ff4b23b4fa46e,0x880643919b118802,1,0,0,ld.global.cg,0,tmau_cold_bank_first_use
NVIDIA H100 80GB HBM3,9.0,52428800,mixed_direction,intra_cta,tensor,mixed,g2s_then_s2g,batched,same_map,4096,2,4,1,hot,670,1035,0,0,0,124,0x00002b5498ae6000,0x00002b5498ae8000,0x8f7ff4b23b4fa46e,0x880643919b118802,1,0,1,ld.global.cg,0,tmau_hot_bank_reuse
NVIDIA H100 80GB HBM3,9.0,52428800,mixed_direction,intra_cta,tensor,mixed,s2g_then_g2s,serial,same_map,4096,2,4,0,cold,2091,2108,0,0,0,124,0x00002b5498aea000,0x00002b5498aec000,0x8f7ff4b23b4fa46e,0x880643919b118802,1,0,0,ld.global.cg,0,tmau_cold_bank_first_use
NVIDIA H100 80GB HBM3,9.0,52428800,mixed_direction,intra_cta,tensor,mixed,s2g_then_g2s,serial,same_map,4096,2,4,1,hot,1533,1550,0,0,0,124,0x00002b5498aea000,0x00002b5498aec000,0x8f7ff4b23b4fa46e,0x880643919b118802,1,0,1,ld.global.cg,0,tmau_hot_bank_reuse
NVIDIA H100 80GB HBM3,9.0,52428800,mixed_direction,intra_cta,tensor,mixed,s2g_then_g2s,batched,same_map,4096,2,4,0,cold,687,1452,0,0,0,124,0x00002b5498aee000,0x00002b5498af0000,0x8f7ff4b23b4fa46e,0x880643919b118802,1,0,0,ld.global.cg,0,tmau_cold_bank_first_use
NVIDIA H100 80GB HBM3,9.0,52428800,mixed_direction,intra_cta,tensor,mixed,s2g_then_g2s,batched,same_map,4096,2,4,1,hot,698,1068,0,0,0,124,0x00002b5498aee000,0x00002b5498af0000,0x8f7ff4b23b4fa46e,0x880643919b118802,1,0,1,ld.global.cg,0,tmau_hot_bank_reuse
NVIDIA H100 80GB HBM3,9.0,52428800,mixed_direction,intra_cta,tensor,mixed,alternating,serial,distinct_map,4096,2,4,0,cold,2690,2707,0,0,0,124,0x00002b5498af2000,0x00002b5498af5000,0x0232cf0f0c83d245,0x0364fba79523fa45,2,0,0,ld.global.cg,0,tmau_cold_bank_first_use
NVIDIA H100 80GB HBM3,9.0,52428800,mixed_direction,intra_cta,tensor,mixed,alternating,serial,distinct_map,4096,2,4,1,hot,1574,1591,0,0,0,124,0x00002b5498af2000,0x00002b5498af5000,0x0232cf0f0c83d245,0x0364fba79523fa45,2,0,1,ld.global.cg,0,tmau_hot_bank_reuse
NVIDIA H100 80GB HBM3,9.0,52428800,mixed_direction,intra_cta,tensor,mixed,alternating,batched,distinct_map,4096,2,4,0,cold,528,1283,0,0,0,124,0x00002b5498af8000,0x00002b5498afb000,0x0232cf0f0c83d245,0x0364fba79523fa45,2,0,0,ld.global.cg,0,tmau_cold_bank_first_use
NVIDIA H100 80GB HBM3,9.0,52428800,mixed_direction,intra_cta,tensor,mixed,alternating,batched,distinct_map,4096,2,4,1,hot,539,856,0,0,0,124,0x00002b5498af8000,0x00002b5498afb000,0x0232cf0f0c83d245,0x0364fba79523fa45,2,0,1,ld.global.cg,0,tmau_hot_bank_reuse
NVIDIA H100 80GB HBM3,9.0,52428800,mixed_direction,intra_cta,tensor,mixed,g2s_then_s2g,serial,distinct_map,4096,2,4,0,cold,2692,2709,0,0,0,124,0x00002b5498afe000,0x00002b5498b01000,0x0232cf0f0c83d245,0x0364fba79523fa45,2,0,0,ld.global.cg,0,tmau_cold_bank_first_use
NVIDIA H100 80GB HBM3,9.0,52428800,mixed_direction,intra_cta,tensor,mixed,g2s_then_s2g,serial,distinct_map,4096,2,4,1,hot,1577,1594,0,0,0,124,0x00002b5498afe000,0x00002b5498b01000,0x0232cf0f0c83d245,0x0364fba79523fa45,2,0,1,ld.global.cg,0,tmau_hot_bank_reuse
NVIDIA H100 80GB HBM3,9.0,52428800,mixed_direction,intra_cta,tensor,mixed,g2s_then_s2g,batched,distinct_map,4096,2,4,0,cold,660,1404,0,0,0,124,0x00002b5498b04000,0x00002b5498b07000,0x0232cf0f0c83d245,0x0364fba79523fa45,2,0,0,ld.global.cg,0,tmau_cold_bank_first_use
NVIDIA H100 80GB HBM3,9.0,52428800,mixed_direction,intra_cta,tensor,mixed,g2s_then_s2g,batched,distinct_map,4096,2,4,1,hot,670,1035,0,0,0,124,0x00002b5498b04000,0x00002b5498b07000,0x0232cf0f0c83d245,0x0364fba79523fa45,2,0,1,ld.global.cg,0,tmau_hot_bank_reuse
NVIDIA H100 80GB HBM3,9.0,52428800,mixed_direction,intra_cta,tensor,mixed,s2g_then_g2s,serial,distinct_map,4096,2,4,0,cold,2667,2684,0,0,0,124,0x00002b5498b0a000,0x00002b5498b0d000,0x0232cf0f0c83d245,0x0364fba79523fa45,2,0,0,ld.global.cg,0,tmau_cold_bank_first_use
NVIDIA H100 80GB HBM3,9.0,52428800,mixed_direction,intra_cta,tensor,mixed,s2g_then_g2s,serial,distinct_map,4096,2,4,1,hot,1533,1550,0,0,0,124,0x00002b5498b0a000,0x00002b5498b0d000,0x0232cf0f0c83d245,0x0364fba79523fa45,2,0,1,ld.global.cg,0,tmau_hot_bank_reuse
NVIDIA H100 80GB HBM3,9.0,52428800,mixed_direction,intra_cta,tensor,mixed,s2g_then_g2s,batched,distinct_map,4096,2,4,0,cold,687,1574,0,0,0,124,0x00002b5498b10000,0x00002b5498b13000,0x0232cf0f0c83d245,0x0364fba79523fa45,2,0,0,ld.global.cg,0,tmau_cold_bank_first_use
NVIDIA H100 80GB HBM3,9.0,52428800,mixed_direction,intra_cta,tensor,mixed,s2g_then_g2s,batched,distinct_map,4096,2,4,1,hot,698,1068,0,0,0,124,0x00002b5498b10000,0x00002b5498b13000,0x0232cf0f0c83d245,0x0364fba79523fa45,2,0,1,ld.global.cg,0,tmau_hot_bank_reuse
NVIDIA H100 80GB HBM3,9.0,52428800,mixed_direction,intra_cta,tensor,mixed,alternating,serial,same_map,4096,4,8,0,cold,3700,3717,0,0,0,124,0x00002b5498b16000,0x00002b5498b18000,0x62ee71ef02520f2e,0x83135c9b36af43c2,1,0,0,ld.global.cg,0,tmau_cold_bank_first_use
NVIDIA H100 80GB HBM3,9.0,52428800,mixed_direction,intra_cta,tensor,mixed,alternating,serial,same_map,4096,4,8,1,hot,3092,3109,0,0,0,124,0x00002b5498b16000,0x00002b5498b18000,0x62ee71ef02520f2e,0x83135c9b36af43c2,1,0,1,ld.global.cg,0,tmau_hot_bank_reuse
NVIDIA H100 80GB HBM3,9.0,52428800,mixed_direction,intra_cta,tensor,mixed,alternating,batched,same_map,4096,4,8,0,cold,795,1581,0,0,0,124,0x00002b5498b1a000,0x00002b5498b1c000,0x62ee71ef02520f2e,0x83135c9b36af43c2,1,0,0,ld.global.cg,0,tmau_cold_bank_first_use
NVIDIA H100 80GB HBM3,9.0,52428800,mixed_direction,intra_cta,tensor,mixed,alternating,batched,same_map,4096,4,8,1,hot,762,1350,0,0,0,124,0x00002b5498b1a000,0x00002b5498b1c000,0x62ee71ef02520f2e,0x83135c9b36af43c2,1,0,1,ld.global.cg,0,tmau_hot_bank_reuse
NVIDIA H100 80GB HBM3,9.0,52428800,mixed_direction,intra_cta,tensor,mixed,g2s_then_s2g,serial,same_map,4096,4,8,0,cold,3674,3691,0,0,0,124,0x00002b5498b1e000,0x00002b5498b20000,0x62ee71ef02520f2e,0x83135c9b36af43c2,1,0,0,ld.global.cg,0,tmau_cold_bank_first_use
NVIDIA H100 80GB HBM3,9.0,52428800,mixed_direction,intra_cta,tensor,mixed,g2s_then_s2g,serial,same_map,4096,4,8,1,hot,3092,3109,0,0,0,124,0x00002b5498b1e000,0x00002b5498b20000,0x62ee71ef02520f2e,0x83135c9b36af43c2,1,0,1,ld.global.cg,0,tmau_hot_bank_reuse
NVIDIA H100 80GB HBM3,9.0,52428800,mixed_direction,intra_cta,tensor,mixed,g2s_then_s2g,batched,same_map,4096,4,8,0,cold,886,1858,0,0,0,124,0x00002b5498b22000,0x00002b5498b24000,0x62ee71ef02520f2e,0x83135c9b36af43c2,1,0,0,ld.global.cg,0,tmau_cold_bank_first_use
NVIDIA H100 80GB HBM3,9.0,52428800,mixed_direction,intra_cta,tensor,mixed,g2s_then_s2g,batched,same_map,4096,4,8,1,hot,869,1595,0,0,0,124,0x00002b5498b22000,0x00002b5498b24000,0x62ee71ef02520f2e,0x83135c9b36af43c2,1,0,1,ld.global.cg,0,tmau_hot_bank_reuse
NVIDIA H100 80GB HBM3,9.0,52428800,mixed_direction,intra_cta,tensor,mixed,s2g_then_g2s,serial,same_map,4096,4,8,0,cold,3579,3596,0,0,0,124,0x00002b5498b26000,0x00002b5498b28000,0x62ee71ef02520f2e,0x83135c9b36af43c2,1,0,0,ld.global.cg,0,tmau_cold_bank_first_use
NVIDIA H100 80GB HBM3,9.0,52428800,mixed_direction,intra_cta,tensor,mixed,s2g_then_g2s,serial,same_map,4096,4,8,1,hot,3004,3021,0,0,0,124,0x00002b5498b26000,0x00002b5498b28000,0x62ee71ef02520f2e,0x83135c9b36af43c2,1,0,1,ld.global.cg,0,tmau_hot_bank_reuse
NVIDIA H100 80GB HBM3,9.0,52428800,mixed_direction,intra_cta,tensor,mixed,s2g_then_g2s,batched,same_map,4096,4,8,0,cold,965,1915,0,0,0,124,0x00002b5498b2a000,0x00002b5498b2c000,0x62ee71ef02520f2e,0x83135c9b36af43c2,1,0,0,ld.global.cg,0,tmau_cold_bank_first_use
NVIDIA H100 80GB HBM3,9.0,52428800,mixed_direction,intra_cta,tensor,mixed,s2g_then_g2s,batched,same_map,4096,4,8,1,hot,887,1439,0,0,0,124,0x00002b5498b2a000,0x00002b5498b2c000,0x62ee71ef02520f2e,0x83135c9b36af43c2,1,0,1,ld.global.cg,0,tmau_hot_bank_reuse
NVIDIA H100 80GB HBM3,9.0,52428800,mixed_direction,intra_cta,tensor,mixed,alternating,serial,distinct_map,4096,4,8,0,cold,5306,5323,0,0,0,124,0x00002b5498b2e000,0x00002b5498b33000,0x7bb5f079a0490187,0xa7308e9f6b8bae0f,4,0,0,ld.global.cg,0,tmau_cold_bank_first_use
NVIDIA H100 80GB HBM3,9.0,52428800,mixed_direction,intra_cta,tensor,mixed,alternating,serial,distinct_map,4096,4,8,1,hot,3092,3109,0,0,0,124,0x00002b5498b2e000,0x00002b5498b33000,0x7bb5f079a0490187,0xa7308e9f6b8bae0f,4,0,1,ld.global.cg,0,tmau_hot_bank_reuse
NVIDIA H100 80GB HBM3,9.0,52428800,mixed_direction,intra_cta,tensor,mixed,alternating,batched,distinct_map,4096,4,8,0,cold,850,2215,0,0,0,124,0x00002b5498b38000,0x00002b5498b3d000,0x7bb5f079a0490187,0xa7308e9f6b8bae0f,4,0,0,ld.global.cg,0,tmau_cold_bank_first_use
NVIDIA H100 80GB HBM3,9.0,52428800,mixed_direction,intra_cta,tensor,mixed,alternating,batched,distinct_map,4096,4,8,1,hot,762,1350,0,0,0,124,0x00002b5498b38000,0x00002b5498b3d000,0x7bb5f079a0490187,0xa7308e9f6b8bae0f,4,0,1,ld.global.cg,0,tmau_hot_bank_reuse
NVIDIA H100 80GB HBM3,9.0,52428800,mixed_direction,intra_cta,tensor,mixed,g2s_then_s2g,serial,distinct_map,4096,4,8,0,cold,5308,5325,0,0,0,124,0x00002b5498b42000,0x00002b5498b47000,0x7bb5f079a0490187,0xa7308e9f6b8bae0f,4,0,0,ld.global.cg,0,tmau_cold_bank_first_use
NVIDIA H100 80GB HBM3,9.0,52428800,mixed_direction,intra_cta,tensor,mixed,g2s_then_s2g,serial,distinct_map,4096,4,8,1,hot,3092,3109,0,0,0,124,0x00002b5498b42000,0x00002b5498b47000,0x7bb5f079a0490187,0xa7308e9f6b8bae0f,4,0,1,ld.global.cg,0,tmau_hot_bank_reuse
NVIDIA H100 80GB HBM3,9.0,52428800,mixed_direction,intra_cta,tensor,mixed,g2s_then_s2g,batched,distinct_map,4096,4,8,0,cold,920,2317,0,0,0,124,0x00002b5498b4c000,0x00002b5498b51000,0x7bb5f079a0490187,0xa7308e9f6b8bae0f,4,0,0,ld.global.cg,0,tmau_cold_bank_first_use
NVIDIA H100 80GB HBM3,9.0,52428800,mixed_direction,intra_cta,tensor,mixed,g2s_then_s2g,batched,distinct_map,4096,4,8,1,hot,869,1595,0,0,0,124,0x00002b5498b4c000,0x00002b5498b51000,0x7bb5f079a0490187,0xa7308e9f6b8bae0f,4,0,1,ld.global.cg,0,tmau_hot_bank_reuse
NVIDIA H100 80GB HBM3,9.0,52428800,mixed_direction,intra_cta,tensor,mixed,s2g_then_g2s,serial,distinct_map,4096,4,8,0,cold,5236,5253,0,0,0,124,0x00002b5498b56000,0x00002b5498b5b000,0x7bb5f079a0490187,0xa7308e9f6b8bae0f,4,0,0,ld.global.cg,0,tmau_cold_bank_first_use
NVIDIA H100 80GB HBM3,9.0,52428800,mixed_direction,intra_cta,tensor,mixed,s2g_then_g2s,serial,distinct_map,4096,4,8,1,hot,3005,3022,0,0,0,124,0x00002b5498b56000,0x00002b5498b5b000,0x7bb5f079a0490187,0xa7308e9f6b8bae0f,4,0,1,ld.global.cg,0,tmau_hot_bank_reuse
NVIDIA H100 80GB HBM3,9.0,52428800,mixed_direction,intra_cta,tensor,mixed,s2g_then_g2s,batched,distinct_map,4096,4,8,0,cold,1044,2272,0,0,0,124,0x00002b5498b60000,0x00002b5498b65000,0x7bb5f079a0490187,0xa7308e9f6b8bae0f,4,0,0,ld.global.cg,0,tmau_cold_bank_first_use
NVIDIA H100 80GB HBM3,9.0,52428800,mixed_direction,intra_cta,tensor,mixed,s2g_then_g2s,batched,distinct_map,4096,4,8,1,hot,887,1439,0,0,0,124,0x00002b5498b60000,0x00002b5498b65000,0x7bb5f079a0490187,0xa7308e9f6b8bae0f,4,0,1,ld.global.cg,0,tmau_hot_bank_reuse
NVIDIA H100 80GB HBM3,9.0,52428800,mixed_direction,intra_cta,tensor,mixed,alternating,serial,same_map,4096,8,16,0,cold,7013,7030,0,0,0,124,0x00002b5498b6a000,0x00002b5498b6c000,0xd432a1f2ac629dae,0x4def8e8a01656a42,1,0,0,ld.global.cg,0,tmau_cold_bank_first_use
NVIDIA H100 80GB HBM3,9.0,52428800,mixed_direction,intra_cta,tensor,mixed,alternating,serial,same_map,4096,8,16,1,hot,6128,6145,0,0,0,124,0x00002b5498b6a000,0x00002b5498b6c000,0xd432a1f2ac629dae,0x4def8e8a01656a42,1,0,1,ld.global.cg,0,tmau_hot_bank_reuse
NVIDIA H100 80GB HBM3,9.0,52428800,mixed_direction,intra_cta,tensor,mixed,alternating,batched,same_map,4096,8,16,0,cold,1505,2655,0,0,0,124,0x00002b5498b6e000,0x00002b5498b70000,0xd432a1f2ac629dae,0x4def8e8a01656a42,1,0,0,ld.global.cg,0,tmau_cold_bank_first_use
NVIDIA H100 80GB HBM3,9.0,52428800,mixed_direction,intra_cta,tensor,mixed,alternating,batched,same_map,4096,8,16,1,hot,1230,2370,0,0,0,124,0x00002b5498b6e000,0x00002b5498b70000,0xd432a1f2ac629dae,0x4def8e8a01656a42,1,0,1,ld.global.cg,0,tmau_hot_bank_reuse
NVIDIA H100 80GB HBM3,9.0,52428800,mixed_direction,intra_cta,tensor,mixed,g2s_then_s2g,serial,same_map,4096,8,16,0,cold,6712,6729,0,0,0,124,0x00002b5498b72000,0x00002b5498b74000,0xd432a1f2ac629dae,0x4def8e8a01656a42,1,0,0,ld.global.cg,0,tmau_cold_bank_first_use
NVIDIA H100 80GB HBM3,9.0,52428800,mixed_direction,intra_cta,tensor,mixed,g2s_then_s2g,serial,same_map,4096,8,16,1,hot,6131,6148,0,0,0,124,0x00002b5498b72000,0x00002b5498b74000,0xd432a1f2ac629dae,0x4def8e8a01656a42,1,0,1,ld.global.cg,0,tmau_hot_bank_reuse
NVIDIA H100 80GB HBM3,9.0,52428800,mixed_direction,intra_cta,tensor,mixed,g2s_then_s2g,batched,same_map,4096,8,16,0,cold,1769,3086,0,0,0,124,0x00002b5498b76000,0x00002b5498b78000,0xd432a1f2ac629dae,0x4def8e8a01656a42,1,0,0,ld.global.cg,0,tmau_cold_bank_first_use
NVIDIA H100 80GB HBM3,9.0,52428800,mixed_direction,intra_cta,tensor,mixed,g2s_then_s2g,batched,same_map,4096,8,16,1,hot,1467,2784,0,0,0,124,0x00002b5498b76000,0x00002b5498b78000,0xd432a1f2ac629dae,0x4def8e8a01656a42,1,0,1,ld.global.cg,0,tmau_hot_bank_reuse
NVIDIA H100 80GB HBM3,9.0,52428800,mixed_direction,intra_cta,tensor,mixed,s2g_then_g2s,serial,same_map,4096,8,16,0,cold,6532,6549,0,0,0,124,0x00002b5498b7a000,0x00002b5498b7c000,0xd432a1f2ac629dae,0x4def8e8a01656a42,1,0,0,ld.global.cg,0,tmau_cold_bank_first_use
NVIDIA H100 80GB HBM3,9.0,52428800,mixed_direction,intra_cta,tensor,mixed,s2g_then_g2s,serial,same_map,4096,8,16,1,hot,5952,5969,0,0,0,124,0x00002b5498b7a000,0x00002b5498b7c000,0xd432a1f2ac629dae,0x4def8e8a01656a42,1,0,1,ld.global.cg,0,tmau_hot_bank_reuse
NVIDIA H100 80GB HBM3,9.0,52428800,mixed_direction,intra_cta,tensor,mixed,s2g_then_g2s,batched,same_map,4096,8,16,0,cold,1783,2699,0,0,0,124,0x00002b5498b7e000,0x00002b5498b80000,0xd432a1f2ac629dae,0x4def8e8a01656a42,1,0,0,ld.global.cg,0,tmau_cold_bank_first_use
NVIDIA H100 80GB HBM3,9.0,52428800,mixed_direction,intra_cta,tensor,mixed,s2g_then_g2s,batched,same_map,4096,8,16,1,hot,1523,2439,0,0,0,124,0x00002b5498b7e000,0x00002b5498b80000,0xd432a1f2ac629dae,0x4def8e8a01656a42,1,0,1,ld.global.cg,0,tmau_hot_bank_reuse
NVIDIA H100 80GB HBM3,9.0,52428800,mixed_direction,intra_cta,tensor,mixed,alternating,serial,distinct_map,4096,8,16,0,cold,10531,10548,0,0,0,124,0x00002b5498b82000,0x00002b5498b8b000,0x1aa69cd62024e9bb,0x5d210591a906284b,8,0,0,ld.global.cg,0,tmau_cold_bank_first_use
NVIDIA H100 80GB HBM3,9.0,52428800,mixed_direction,intra_cta,tensor,mixed,alternating,serial,distinct_map,4096,8,16,1,hot,6615,6632,0,0,0,124,0x00002b5498b82000,0x00002b5498b8b000,0x1aa69cd62024e9bb,0x5d210591a906284b,8,0,1,ld.global.cg,0,tmau_hot_bank_reuse
NVIDIA H100 80GB HBM3,9.0,52428800,mixed_direction,intra_cta,tensor,mixed,alternating,batched,distinct_map,4096,8,16,0,cold,2295,4061,0,0,0,124,0x00002b5498b94000,0x00002b5498b9d000,0x1aa69cd62024e9bb,0x5d210591a906284b,8,0,0,ld.global.cg,0,tmau_cold_bank_first_use
NVIDIA H100 80GB HBM3,9.0,52428800,mixed_direction,intra_cta,tensor,mixed,alternating,batched,distinct_map,4096,8,16,1,hot,1262,2412,0,0,0,124,0x00002b5498b94000,0x00002b5498b9d000,0x1aa69cd62024e9bb,0x5d210591a906284b,8,0,1,ld.global.cg,0,tmau_hot_bank_reuse
NVIDIA H100 80GB HBM3,9.0,52428800,mixed_direction,intra_cta,tensor,mixed,g2s_then_s2g,serial,distinct_map,4096,8,16,0,cold,10532,10549,0,0,0,124,0x00002b5498ba6000,0x00002b5498baf000,0x1aa69cd62024e9bb,0x5d210591a906284b,8,0,0,ld.global.cg,0,tmau_cold_bank_first_use
NVIDIA H100 80GB HBM3,9.0,52428800,mixed_direction,intra_cta,tensor,mixed,g2s_then_s2g,serial,distinct_map,4096,8,16,1,hot,6614,6631,0,0,0,124,0x00002b5498ba6000,0x00002b5498baf000,0x1aa69cd62024e9bb,0x5d210591a906284b,8,0,1,ld.global.cg,0,tmau_hot_bank_reuse
NVIDIA H100 80GB HBM3,9.0,52428800,mixed_direction,intra_cta,tensor,mixed,g2s_then_s2g,batched,distinct_map,4096,8,16,0,cold,2244,4156,0,0,0,124,0x00002b5498bb8000,0x00002b5498bc1000,0x1aa69cd62024e9bb,0x5d210591a906284b,8,0,0,ld.global.cg,0,tmau_cold_bank_first_use
NVIDIA H100 80GB HBM3,9.0,52428800,mixed_direction,intra_cta,tensor,mixed,g2s_then_s2g,batched,distinct_map,4096,8,16,1,hot,1509,2826,0,0,0,124,0x00002b5498bb8000,0x00002b5498bc1000,0x1aa69cd62024e9bb,0x5d210591a906284b,8,0,1,ld.global.cg,0,tmau_hot_bank_reuse
NVIDIA H100 80GB HBM3,9.0,52428800,mixed_direction,intra_cta,tensor,mixed,s2g_then_g2s,serial,distinct_map,4096,8,16,0,cold,10310,10327,0,0,0,124,0x00002b5498bca000,0x00002b5498bd3000,0x1aa69cd62024e9bb,0x5d210591a906284b,8,0,0,ld.global.cg,0,tmau_cold_bank_first_use
NVIDIA H100 80GB HBM3,9.0,52428800,mixed_direction,intra_cta,tensor,mixed,s2g_then_g2s,serial,distinct_map,4096,8,16,1,hot,6438,6455,0,0,0,124,0x00002b5498bca000,0x00002b5498bd3000,0x1aa69cd62024e9bb,0x5d210591a906284b,8,0,1,ld.global.cg,0,tmau_hot_bank_reuse
NVIDIA H100 80GB HBM3,9.0,52428800,mixed_direction,intra_cta,tensor,mixed,s2g_then_g2s,batched,distinct_map,4096,8,16,0,cold,2688,3780,0,0,0,124,0x00002b5498bdc000,0x00002b5498be5000,0x1aa69cd62024e9bb,0x5d210591a906284b,8,0,0,ld.global.cg,0,tmau_cold_bank_first_use
NVIDIA H100 80GB HBM3,9.0,52428800,mixed_direction,intra_cta,tensor,mixed,s2g_then_g2s,batched,distinct_map,4096,8,16,1,hot,1565,2481,0,0,0,124,0x00002b5498bdc000,0x00002b5498be5000,0x1aa69cd62024e9bb,0x5d210591a906284b,8,0,1,ld.global.cg,0,tmau_hot_bank_reuse
NVIDIA H100 80GB HBM3,9.0,52428800,mixed_direction,intra_cta,tensor,mixed,alternating,serial,same_map,4096,16,32,0,cold,13086,13103,0,0,0,124,0x00002b5498bee000,0x00002b5498bf0000,0x0b36bb905c79a557,0x1f5427398efe2fab,1,0,0,ld.global.cg,0,tmau_cold_bank_first_use
NVIDIA H100 80GB HBM3,9.0,52428800,mixed_direction,intra_cta,tensor,mixed,alternating,serial,same_map,4096,16,32,1,hot,12204,12221,0,0,0,124,0x00002b5498bee000,0x00002b5498bf0000,0x0b36bb905c79a557,0x1f5427398efe2fab,1,0,1,ld.global.cg,0,tmau_hot_bank_reuse
NVIDIA H100 80GB HBM3,9.0,52428800,mixed_direction,intra_cta,tensor,mixed,alternating,batched,same_map,4096,16,32,0,cold,2806,4684,0,0,0,124,0x00002b5498bf2000,0x00002b5498bf4000,0x0b36bb905c79a557,0x1f5427398efe2fab,1,0,0,ld.global.cg,0,tmau_cold_bank_first_use
NVIDIA H100 80GB HBM3,9.0,52428800,mixed_direction,intra_cta,tensor,mixed,alternating,batched,same_map,4096,16,32,1,hot,2532,4410,0,0,0,124,0x00002b5498bf2000,0x00002b5498bf4000,0x0b36bb905c79a557,0x1f5427398efe2fab,1,0,1,ld.global.cg,0,tmau_hot_bank_reuse
NVIDIA H100 80GB HBM3,9.0,52428800,mixed_direction,intra_cta,tensor,mixed,g2s_then_s2g,serial,same_map,4096,16,32,0,cold,12789,12806,0,0,0,124,0x00002b5498bf6000,0x00002b5498bf8000,0x0b36bb905c79a557,0x1f5427398efe2fab,1,0,0,ld.global.cg,0,tmau_cold_bank_first_use
NVIDIA H100 80GB HBM3,9.0,52428800,mixed_direction,intra_cta,tensor,mixed,g2s_then_s2g,serial,same_map,4096,16,32,1,hot,12202,12219,0,0,0,124,0x00002b5498bf6000,0x00002b5498bf8000,0x0b36bb905c79a557,0x1f5427398efe2fab,1,0,1,ld.global.cg,0,tmau_hot_bank_reuse
NVIDIA H100 80GB HBM3,9.0,52428800,mixed_direction,intra_cta,tensor,mixed,g2s_then_s2g,batched,same_map,4096,16,32,0,cold,3401,5446,0,0,0,124,0x00002b5498bfa000,0x00002b5498bfc000,0x0b36bb905c79a557,0x1f5427398efe2fab,1,0,0,ld.global.cg,0,tmau_cold_bank_first_use
NVIDIA H100 80GB HBM3,9.0,52428800,mixed_direction,intra_cta,tensor,mixed,g2s_then_s2g,batched,same_map,4096,16,32,1,hot,3117,5162,0,0,0,124,0x00002b5498bfa000,0x00002b5498bfc000,0x0b36bb905c79a557,0x1f5427398efe2fab,1,0,1,ld.global.cg,0,tmau_hot_bank_reuse
NVIDIA H100 80GB HBM3,9.0,52428800,mixed_direction,intra_cta,tensor,mixed,s2g_then_g2s,serial,same_map,4096,16,32,0,cold,12541,12558,0,0,0,124,0x00002b5498bfe000,0x00002b5498c00000,0x0b36bb905c79a557,0x1f5427398efe2fab,1,0,0,ld.global.cg,0,tmau_cold_bank_first_use
NVIDIA H100 80GB HBM3,9.0,52428800,mixed_direction,intra_cta,tensor,mixed,s2g_then_g2s,serial,same_map,4096,16,32,1,hot,11853,11870,0,0,0,124,0x00002b5498bfe000,0x00002b5498c00000,0x0b36bb905c79a557,0x1f5427398efe2fab,1,0,1,ld.global.cg,0,tmau_hot_bank_reuse
NVIDIA H100 80GB HBM3,9.0,52428800,mixed_direction,intra_cta,tensor,mixed,s2g_then_g2s,batched,same_map,4096,16,32,0,cold,3453,4934,0,0,0,124,0x00002b5498c02000,0x00002b5498c04000,0x0b36bb905c79a557,0x1f5427398efe2fab,1,0,0,ld.global.cg,0,tmau_cold_bank_first_use
NVIDIA H100 80GB HBM3,9.0,52428800,mixed_direction,intra_cta,tensor,mixed,s2g_then_g2s,batched,same_map,4096,16,32,1,hot,3169,4650,0,0,0,124,0x00002b5498c02000,0x00002b5498c04000,0x0b36bb905c79a557,0x1f5427398efe2fab,1,0,1,ld.global.cg,0,tmau_hot_bank_reuse
NVIDIA H100 80GB HBM3,9.0,52428800,mixed_direction,intra_cta,tensor,mixed,alternating,serial,distinct_map,4096,16,32,0,cold,20907,20924,0,0,0,124,0x00002b5498c06000,0x00002b5498c17000,0x63e8446513e36cf3,0x7679807fae3ca173,16,0,0,ld.global.cg,0,tmau_cold_bank_first_use
NVIDIA H100 80GB HBM3,9.0,52428800,mixed_direction,intra_cta,tensor,mixed,alternating,serial,distinct_map,4096,16,32,1,hot,15073,15090,0,0,0,124,0x00002b5498c06000,0x00002b5498c17000,0x63e8446513e36cf3,0x7679807fae3ca173,16,0,1,ld.global.cg,0,tmau_hot_bank_reuse
NVIDIA H100 80GB HBM3,9.0,52428800,mixed_direction,intra_cta,tensor,mixed,alternating,batched,distinct_map,4096,16,32,0,cold,5222,7720,0,0,0,124,0x00002b5498c28000,0x00002b5498c39000,0x63e8446513e36cf3,0x7679807fae3ca173,16,0,0,ld.global.cg,0,tmau_cold_bank_first_use
NVIDIA H100 80GB HBM3,9.0,52428800,mixed_direction,intra_cta,tensor,mixed,alternating,batched,distinct_map,4096,16,32,1,hot,3768,5646,0,0,0,124,0x00002b5498c28000,0x00002b5498c39000,0x63e8446513e36cf3,0x7679807fae3ca173,16,0,1,ld.global.cg,0,tmau_hot_bank_reuse
NVIDIA H100 80GB HBM3,9.0,52428800,mixed_direction,intra_cta,tensor,mixed,g2s_then_s2g,serial,distinct_map,4096,16,32,0,cold,20784,20801,0,0,0,124,0x00002b5498c4a000,0x00002b5498c5b000,0x63e8446513e36cf3,0x7679807fae3ca173,16,0,0,ld.global.cg,0,tmau_cold_bank_first_use
NVIDIA H100 80GB HBM3,9.0,52428800,mixed_direction,intra_cta,tensor,mixed,g2s_then_s2g,serial,distinct_map,4096,16,32,1,hot,15017,15034,0,0,0,124,0x00002b5498c4a000,0x00002b5498c5b000,0x63e8446513e36cf3,0x7679807fae3ca173,16,0,1,ld.global.cg,0,tmau_hot_bank_reuse
NVIDIA H100 80GB HBM3,9.0,52428800,mixed_direction,intra_cta,tensor,mixed,g2s_then_s2g,batched,distinct_map,4096,16,32,0,cold,5223,7884,0,0,0,124,0x00002b5498c6c000,0x00002b5498c7d000,0x63e8446513e36cf3,0x7679807fae3ca173,16,0,0,ld.global.cg,0,tmau_cold_bank_first_use
NVIDIA H100 80GB HBM3,9.0,52428800,mixed_direction,intra_cta,tensor,mixed,g2s_then_s2g,batched,distinct_map,4096,16,32,1,hot,3486,5531,0,0,0,124,0x00002b5498c6c000,0x00002b5498c7d000,0x63e8446513e36cf3,0x7679807fae3ca173,16,0,1,ld.global.cg,0,tmau_hot_bank_reuse
NVIDIA H100 80GB HBM3,9.0,52428800,mixed_direction,intra_cta,tensor,mixed,s2g_then_g2s,serial,distinct_map,4096,16,32,0,cold,20580,20597,0,0,0,124,0x00002b5498c8e000,0x00002b5498c9f000,0x63e8446513e36cf3,0x7679807fae3ca173,16,0,0,ld.global.cg,0,tmau_cold_bank_first_use
NVIDIA H100 80GB HBM3,9.0,52428800,mixed_direction,intra_cta,tensor,mixed,s2g_then_g2s,serial,distinct_map,4096,16,32,1,hot,14639,14656,0,0,0,124,0x00002b5498c8e000,0x00002b5498c9f000,0x63e8446513e36cf3,0x7679807fae3ca173,16,0,1,ld.global.cg,0,tmau_hot_bank_reuse
NVIDIA H100 80GB HBM3,9.0,52428800,mixed_direction,intra_cta,tensor,mixed,s2g_then_g2s,batched,distinct_map,4096,16,32,0,cold,5695,7176,0,0,0,124,0x00002b5498cb0000,0x00002b5498cc1000,0x63e8446513e36cf3,0x7679807fae3ca173,16,0,0,ld.global.cg,0,tmau_cold_bank_first_use
NVIDIA H100 80GB HBM3,9.0,52428800,mixed_direction,intra_cta,tensor,mixed,s2g_then_g2s,batched,distinct_map,4096,16,32,1,hot,3998,5479,0,0,0,124,0x00002b5498cb0000,0x00002b5498cc1000,0x63e8446513e36cf3,0x7679807fae3ca173,16,0,1,ld.global.cg,0,tmau_hot_bank_reuse
NVIDIA H100 80GB HBM3,9.0,52428800,mixed_direction,intra_cta,bulk,mixed,alternating,serial,na,128,1,2,0,cold,717,744,0,0,0,124,0x0000000000000000,0x0000000000000000,0x0000000000000000,0x0000000000000000,0,0,0,not_applicable,0,not_applicable
NVIDIA H100 80GB HBM3,9.0,52428800,mixed_direction,intra_cta,bulk,mixed,alternating,serial,na,128,1,2,1,hot,715,732,0,0,0,124,0x0000000000000000,0x0000000000000000,0x0000000000000000,0x0000000000000000,0,0,0,not_applicable,0,not_applicable
NVIDIA H100 80GB HBM3,9.0,52428800,mixed_direction,intra_cta,bulk,mixed,alternating,batched,na,128,1,2,0,cold,449,717,0,0,0,124,0x0000000000000000,0x0000000000000000,0x0000000000000000,0x0000000000000000,0,0,0,not_applicable,0,not_applicable
NVIDIA H100 80GB HBM3,9.0,52428800,mixed_direction,intra_cta,bulk,mixed,alternating,batched,na,128,1,2,1,hot,376,633,0,0,0,124,0x0000000000000000,0x0000000000000000,0x0000000000000000,0x0000000000000000,0,0,0,not_applicable,0,not_applicable
NVIDIA H100 80GB HBM3,9.0,52428800,mixed_direction,intra_cta,bulk,mixed,g2s_then_s2g,serial,na,128,1,2,0,cold,716,743,0,0,0,124,0x0000000000000000,0x0000000000000000,0x0000000000000000,0x0000000000000000,0,0,0,not_applicable,0,not_applicable
NVIDIA H100 80GB HBM3,9.0,52428800,mixed_direction,intra_cta,bulk,mixed,g2s_then_s2g,serial,na,128,1,2,1,hot,717,734,0,0,0,124,0x0000000000000000,0x0000000000000000,0x0000000000000000,0x0000000000000000,0,0,0,not_applicable,0,not_applicable
NVIDIA H100 80GB HBM3,9.0,52428800,mixed_direction,intra_cta,bulk,mixed,g2s_then_s2g,batched,na,128,1,2,0,cold,561,677,0,0,0,124,0x0000000000000000,0x0000000000000000,0x0000000000000000,0x0000000000000000,0,0,0,not_applicable,0,not_applicable
NVIDIA H100 80GB HBM3,9.0,52428800,mixed_direction,intra_cta,bulk,mixed,g2s_then_s2g,batched,na,128,1,2,1,hot,457,573,0,0,0,124,0x0000000000000000,0x0000000000000000,0x0000000000000000,0x0000000000000000,0,0,0,not_applicable,0,not_applicable
NVIDIA H100 80GB HBM3,9.0,52428800,mixed_direction,intra_cta,bulk,mixed,s2g_then_g2s,serial,na,128,1,2,0,cold,700,717,0,0,0,124,0x0000000000000000,0x0000000000000000,0x0000000000000000,0x0000000000000000,0,0,0,not_applicable,0,not_applicable
NVIDIA H100 80GB HBM3,9.0,52428800,mixed_direction,intra_cta,bulk,mixed,s2g_then_g2s,serial,na,128,1,2,1,hot,699,716,0,0,0,124,0x0000000000000000,0x0000000000000000,0x0000000000000000,0x0000000000000000,0,0,0,not_applicable,0,not_applicable
NVIDIA H100 80GB HBM3,9.0,52428800,mixed_direction,intra_cta,bulk,mixed,s2g_then_g2s,batched,na,128,1,2,0,cold,510,789,0,0,0,124,0x0000000000000000,0x0000000000000000,0x0000000000000000,0x0000000000000000,0,0,0,not_applicable,0,not_applicable
NVIDIA H100 80GB HBM3,9.0,52428800,mixed_direction,intra_cta,bulk,mixed,s2g_then_g2s,batched,na,128,1,2,1,hot,471,728,0,0,0,124,0x0000000000000000,0x0000000000000000,0x0000000000000000,0x0000000000000000,0,0,0,not_applicable,0,not_applicable
NVIDIA H100 80GB HBM3,9.0,52428800,mixed_direction,intra_cta,bulk,mixed,alternating,serial,na,128,2,4,0,cold,1372,1389,0,0,0,124,0x0000000000000000,0x0000000000000000,0x0000000000000000,0x0000000000000000,0,0,0,not_applicable,0,not_applicable
NVIDIA H100 80GB HBM3,9.0,52428800,mixed_direction,intra_cta,bulk,mixed,alternating,serial,na,128,2,4,1,hot,1372,1389,0,0,0,124,0x0000000000000000,0x0000000000000000,0x0000000000000000,0x0000000000000000,0,0,0,not_applicable,0,not_applicable
NVIDIA H100 80GB HBM3,9.0,52428800,mixed_direction,intra_cta,bulk,mixed,alternating,batched,na,128,2,4,0,cold,611,818,0,0,0,124,0x0000000000000000,0x0000000000000000,0x0000000000000000,0x0000000000000000,0,0,0,not_applicable,0,not_applicable
NVIDIA H100 80GB HBM3,9.0,52428800,mixed_direction,intra_cta,bulk,mixed,alternating,batched,na,128,2,4,1,hot,572,779,0,0,0,124,0x0000000000000000,0x0000000000000000,0x0000000000000000,0x0000000000000000,0,0,0,not_applicable,0,not_applicable
NVIDIA H100 80GB HBM3,9.0,52428800,mixed_direction,intra_cta,bulk,mixed,g2s_then_s2g,serial,na,128,2,4,0,cold,1373,1400,0,0,0,124,0x0000000000000000,0x0000000000000000,0x0000000000000000,0x0000000000000000,0,0,0,not_applicable,0,not_applicable
NVIDIA H100 80GB HBM3,9.0,52428800,mixed_direction,intra_cta,bulk,mixed,g2s_then_s2g,serial,na,128,2,4,1,hot,1372,1389,0,0,0,124,0x0000000000000000,0x0000000000000000,0x0000000000000000,0x0000000000000000,0,0,0,not_applicable,0,not_applicable
NVIDIA H100 80GB HBM3,9.0,52428800,mixed_direction,intra_cta,bulk,mixed,g2s_then_s2g,batched,na,128,2,4,0,cold,701,908,0,0,0,124,0x0000000000000000,0x0000000000000000,0x0000000000000000,0x0000000000000000,0,0,0,not_applicable,0,not_applicable
NVIDIA H100 80GB HBM3,9.0,52428800,mixed_direction,intra_cta,bulk,mixed,g2s_then_s2g,batched,na,128,2,4,1,hot,707,914,0,0,0,124,0x0000000000000000,0x0000000000000000,0x0000000000000000,0x0000000000000000,0,0,0,not_applicable,0,not_applicable
NVIDIA H100 80GB HBM3,9.0,52428800,mixed_direction,intra_cta,bulk,mixed,s2g_then_g2s,serial,na,128,2,4,0,cold,1338,1355,0,0,0,124,0x0000000000000000,0x0000000000000000,0x0000000000000000,0x0000000000000000,0,0,0,not_applicable,0,not_applicable
NVIDIA H100 80GB HBM3,9.0,52428800,mixed_direction,intra_cta,bulk,mixed,s2g_then_g2s,serial,na,128,2,4,1,hot,1338,1355,0,0,0,124,0x0000000000000000,0x0000000000000000,0x0000000000000000,0x0000000000000000,0,0,0,not_applicable,0,not_applicable
NVIDIA H100 80GB HBM3,9.0,52428800,mixed_direction,intra_cta,bulk,mixed,s2g_then_g2s,batched,na,128,2,4,0,cold,716,923,0,0,0,124,0x0000000000000000,0x0000000000000000,0x0000000000000000,0x0000000000000000,0,0,0,not_applicable,0,not_applicable
NVIDIA H100 80GB HBM3,9.0,52428800,mixed_direction,intra_cta,bulk,mixed,s2g_then_g2s,batched,na,128,2,4,1,hot,716,1064,0,0,0,124,0x0000000000000000,0x0000000000000000,0x0000000000000000,0x0000000000000000,0,0,0,not_applicable,0,not_applicable
NVIDIA H100 80GB HBM3,9.0,52428800,mixed_direction,intra_cta,bulk,mixed,alternating,serial,na,128,4,8,0,cold,2688,2715,0,0,0,124,0x0000000000000000,0x0000000000000000,0x0000000000000000,0x0000000000000000,0,0,0,not_applicable,0,not_applicable
NVIDIA H100 80GB HBM3,9.0,52428800,mixed_direction,intra_cta,bulk,mixed,alternating,serial,na,128,4,8,1,hot,2692,2709,0,0,0,124,0x0000000000000000,0x0000000000000000,0x0000000000000000,0x0000000000000000,0,0,0,not_applicable,0,not_applicable
NVIDIA H100 80GB HBM3,9.0,52428800,mixed_direction,intra_cta,bulk,mixed,alternating,batched,na,128,4,8,0,cold,860,1249,0,0,0,124,0x0000000000000000,0x0000000000000000,0x0000000000000000,0x0000000000000000,0,0,0,not_applicable,0,not_applicable
NVIDIA H100 80GB HBM3,9.0,52428800,mixed_direction,intra_cta,bulk,mixed,alternating,batched,na,128,4,8,1,hot,820,1209,0,0,0,124,0x0000000000000000,0x0000000000000000,0x0000000000000000,0x0000000000000000,0,0,0,not_applicable,0,not_applicable
NVIDIA H100 80GB HBM3,9.0,52428800,mixed_direction,intra_cta,bulk,mixed,g2s_then_s2g,serial,na,128,4,8,0,cold,2580,2597,0,0,0,124,0x0000000000000000,0x0000000000000000,0x0000000000000000,0x0000000000000000,0,0,0,not_applicable,0,not_applicable
NVIDIA H100 80GB HBM3,9.0,52428800,mixed_direction,intra_cta,bulk,mixed,g2s_then_s2g,serial,na,128,4,8,1,hot,2692,2709,0,0,0,124,0x0000000000000000,0x0000000000000000,0x0000000000000000,0x0000000000000000,0,0,0,not_applicable,0,not_applicable
NVIDIA H100 80GB HBM3,9.0,52428800,mixed_direction,intra_cta,bulk,mixed,g2s_then_s2g,batched,na,128,4,8,0,cold,935,1324,0,0,0,124,0x0000000000000000,0x0000000000000000,0x0000000000000000,0x0000000000000000,0,0,0,not_applicable,0,not_applicable
NVIDIA H100 80GB HBM3,9.0,52428800,mixed_direction,intra_cta,bulk,mixed,g2s_then_s2g,batched,na,128,4,8,1,hot,946,1335,0,0,0,124,0x0000000000000000,0x0000000000000000,0x0000000000000000,0x0000000000000000,0,0,0,not_applicable,0,not_applicable
NVIDIA H100 80GB HBM3,9.0,52428800,mixed_direction,intra_cta,bulk,mixed,s2g_then_g2s,serial,na,128,4,8,0,cold,2630,2657,0,0,0,124,0x0000000000000000,0x0000000000000000,0x0000000000000000,0x0000000000000000,0,0,0,not_applicable,0,not_applicable
NVIDIA H100 80GB HBM3,9.0,52428800,mixed_direction,intra_cta,bulk,mixed,s2g_then_g2s,serial,na,128,4,8,1,hot,2624,2641,0,0,0,124,0x0000000000000000,0x0000000000000000,0x0000000000000000,0x0000000000000000,0,0,0,not_applicable,0,not_applicable
NVIDIA H100 80GB HBM3,9.0,52428800,mixed_direction,intra_cta,bulk,mixed,s2g_then_g2s,batched,na,128,4,8,0,cold,994,1383,0,0,0,124,0x0000000000000000,0x0000000000000000,0x0000000000000000,0x0000000000000000,0,0,0,not_applicable,0,not_applicable
NVIDIA H100 80GB HBM3,9.0,52428800,mixed_direction,intra_cta,bulk,mixed,s2g_then_g2s,batched,na,128,4,8,1,hot,959,1348,0,0,0,124,0x0000000000000000,0x0000000000000000,0x0000000000000000,0x0000000000000000,0,0,0,not_applicable,0,not_applicable
NVIDIA H100 80GB HBM3,9.0,52428800,mixed_direction,intra_cta,bulk,mixed,alternating,serial,na,128,8,16,0,cold,5205,5232,0,0,0,124,0x0000000000000000,0x0000000000000000,0x0000000000000000,0x0000000000000000,0,0,0,not_applicable,0,not_applicable
NVIDIA H100 80GB HBM3,9.0,52428800,mixed_direction,intra_cta,bulk,mixed,alternating,serial,na,128,8,16,1,hot,5320,5337,0,0,0,124,0x0000000000000000,0x0000000000000000,0x0000000000000000,0x0000000000000000,0,0,0,not_applicable,0,not_applicable
NVIDIA H100 80GB HBM3,9.0,52428800,mixed_direction,intra_cta,bulk,mixed,alternating,batched,na,128,8,16,0,cold,1399,2152,0,0,0,124,0x0000000000000000,0x0000000000000000,0x0000000000000000,0x0000000000000000,0,0,0,not_applicable,0,not_applicable
NVIDIA H100 80GB HBM3,9.0,52428800,mixed_direction,intra_cta,bulk,mixed,alternating,batched,na,128,8,16,1,hot,1399,2152,0,0,0,124,0x0000000000000000,0x0000000000000000,0x0000000000000000,0x0000000000000000,0,0,0,not_applicable,0,not_applicable
NVIDIA H100 80GB HBM3,9.0,52428800,mixed_direction,intra_cta,bulk,mixed,g2s_then_s2g,serial,na,128,8,16,0,cold,5321,5348,0,0,0,124,0x0000000000000000,0x0000000000000000,0x0000000000000000,0x0000000000000000,0,0,0,not_applicable,0,not_applicable
NVIDIA H100 80GB HBM3,9.0,52428800,mixed_direction,intra_cta,bulk,mixed,g2s_then_s2g,serial,na,128,8,16,1,hot,5320,5337,0,0,0,124,0x0000000000000000,0x0000000000000000,0x0000000000000000,0x0000000000000000,0,0,0,not_applicable,0,not_applicable
NVIDIA H100 80GB HBM3,9.0,52428800,mixed_direction,intra_cta,bulk,mixed,g2s_then_s2g,batched,na,128,8,16,0,cold,1635,2388,0,0,0,124,0x0000000000000000,0x0000000000000000,0x0000000000000000,0x0000000000000000,0,0,0,not_applicable,0,not_applicable
NVIDIA H100 80GB HBM3,9.0,52428800,mixed_direction,intra_cta,bulk,mixed,g2s_then_s2g,batched,na,128,8,16,1,hot,1583,2336,0,0,0,124,0x0000000000000000,0x0000000000000000,0x0000000000000000,0x0000000000000000,0,0,0,not_applicable,0,not_applicable
NVIDIA H100 80GB HBM3,9.0,52428800,mixed_direction,intra_cta,bulk,mixed,s2g_then_g2s,serial,na,128,8,16,0,cold,5213,5240,0,0,0,124,0x0000000000000000,0x0000000000000000,0x0000000000000000,0x0000000000000000,0,0,0,not_applicable,0,not_applicable
NVIDIA H100 80GB HBM3,9.0,52428800,mixed_direction,intra_cta,bulk,mixed,s2g_then_g2s,serial,na,128,8,16,1,hot,5192,5209,0,0,0,124,0x0000000000000000,0x0000000000000000,0x0000000000000000,0x0000000000000000,0,0,0,not_applicable,0,not_applicable
NVIDIA H100 80GB HBM3,9.0,52428800,mixed_direction,intra_cta,bulk,mixed,s2g_then_g2s,batched,na,128,8,16,0,cold,1594,2347,0,0,0,124,0x0000000000000000,0x0000000000000000,0x0000000000000000,0x0000000000000000,0,0,0,not_applicable,0,not_applicable
NVIDIA H100 80GB HBM3,9.0,52428800,mixed_direction,intra_cta,bulk,mixed,s2g_then_g2s,batched,na,128,8,16,1,hot,1594,2347,0,0,0,124,0x0000000000000000,0x0000000000000000,0x0000000000000000,0x0000000000000000,0,0,0,not_applicable,0,not_applicable
NVIDIA H100 80GB HBM3,9.0,52428800,mixed_direction,intra_cta,bulk,mixed,alternating,serial,na,128,16,32,0,cold,10585,10612,0,0,0,124,0x0000000000000000,0x0000000000000000,0x0000000000000000,0x0000000000000000,0,0,0,not_applicable,0,not_applicable
NVIDIA H100 80GB HBM3,9.0,52428800,mixed_direction,intra_cta,bulk,mixed,alternating,serial,na,128,16,32,1,hot,10595,10612,0,0,0,124,0x0000000000000000,0x0000000000000000,0x0000000000000000,0x0000000000000000,0,0,0,not_applicable,0,not_applicable
NVIDIA H100 80GB HBM3,9.0,52428800,mixed_direction,intra_cta,bulk,mixed,alternating,batched,na,128,16,32,0,cold,2557,4038,0,0,0,124,0x0000000000000000,0x0000000000000000,0x0000000000000000,0x0000000000000000,0,0,0,not_applicable,0,not_applicable
NVIDIA H100 80GB HBM3,9.0,52428800,mixed_direction,intra_cta,bulk,mixed,alternating,batched,na,128,16,32,1,hot,2557,4038,0,0,0,124,0x0000000000000000,0x0000000000000000,0x0000000000000000,0x0000000000000000,0,0,0,not_applicable,0,not_applicable
NVIDIA H100 80GB HBM3,9.0,52428800,mixed_direction,intra_cta,bulk,mixed,g2s_then_s2g,serial,na,128,16,32,0,cold,10469,10496,0,0,0,124,0x0000000000000000,0x0000000000000000,0x0000000000000000,0x0000000000000000,0,0,0,not_applicable,0,not_applicable
NVIDIA H100 80GB HBM3,9.0,52428800,mixed_direction,intra_cta,bulk,mixed,g2s_then_s2g,serial,na,128,16,32,1,hot,10591,10608,0,0,0,124,0x0000000000000000,0x0000000000000000,0x0000000000000000,0x0000000000000000,0,0,0,not_applicable,0,not_applicable
NVIDIA H100 80GB HBM3,9.0,52428800,mixed_direction,intra_cta,bulk,mixed,g2s_then_s2g,batched,na,128,16,32,0,cold,2909,4390,0,0,0,124,0x0000000000000000,0x0000000000000000,0x0000000000000000,0x0000000000000000,0,0,0,not_applicable,0,not_applicable
NVIDIA H100 80GB HBM3,9.0,52428800,mixed_direction,intra_cta,bulk,mixed,g2s_then_s2g,batched,na,128,16,32,1,hot,2857,4338,0,0,0,124,0x0000000000000000,0x0000000000000000,0x0000000000000000,0x0000000000000000,0,0,0,not_applicable,0,not_applicable
NVIDIA H100 80GB HBM3,9.0,52428800,mixed_direction,intra_cta,bulk,mixed,s2g_then_g2s,serial,na,128,16,32,0,cold,10322,10349,0,0,0,124,0x0000000000000000,0x0000000000000000,0x0000000000000000,0x0000000000000000,0,0,0,not_applicable,0,not_applicable
NVIDIA H100 80GB HBM3,9.0,52428800,mixed_direction,intra_cta,bulk,mixed,s2g_then_g2s,serial,na,128,16,32,1,hot,10324,10341,0,0,0,124,0x0000000000000000,0x0000000000000000,0x0000000000000000,0x0000000000000000,0,0,0,not_applicable,0,not_applicable
NVIDIA H100 80GB HBM3,9.0,52428800,mixed_direction,intra_cta,bulk,mixed,s2g_then_g2s,batched,na,128,16,32,0,cold,2864,4345,0,0,0,124,0x0000000000000000,0x0000000000000000,0x0000000000000000,0x0000000000000000,0,0,0,not_applicable,0,not_applicable
NVIDIA H100 80GB HBM3,9.0,52428800,mixed_direction,intra_cta,bulk,mixed,s2g_then_g2s,batched,na,128,16,32,1,hot,2864,4345,0,0,0,124,0x0000000000000000,0x0000000000000000,0x0000000000000000,0x0000000000000000,0,0,0,not_applicable,0,not_applicable
NVIDIA H100 80GB HBM3,9.0,52428800,mixed_direction,intra_cta,bulk,mixed,alternating,serial,na,4096,1,2,0,cold,846,863,0,0,0,124,0x0000000000000000,0x0000000000000000,0x0000000000000000,0x0000000000000000,0,0,0,not_applicable,0,not_applicable
NVIDIA H100 80GB HBM3,9.0,52428800,mixed_direction,intra_cta,bulk,mixed,alternating,serial,na,4096,1,2,1,hot,840,857,0,0,0,124,0x0000000000000000,0x0000000000000000,0x0000000000000000,0x0000000000000000,0,0,0,not_applicable,0,not_applicable
NVIDIA H100 80GB HBM3,9.0,52428800,mixed_direction,intra_cta,bulk,mixed,alternating,batched,na,4096,1,2,0,cold,408,607,0,0,0,124,0x0000000000000000,0x0000000000000000,0x0000000000000000,0x0000000000000000,0,0,0,not_applicable,0,not_applicable
NVIDIA H100 80GB HBM3,9.0,52428800,mixed_direction,intra_cta,bulk,mixed,alternating,batched,na,4096,1,2,1,hot,365,575,0,0,0,124,0x0000000000000000,0x0000000000000000,0x0000000000000000,0x0000000000000000,0,0,0,not_applicable,0,not_applicable
NVIDIA H100 80GB HBM3,9.0,52428800,mixed_direction,intra_cta,bulk,mixed,g2s_then_s2g,serial,na,4096,1,2,0,cold,846,863,0,0,0,124,0x0000000000000000,0x0000000000000000,0x0000000000000000,0x0000000000000000,0,0,0,not_applicable,0,not_applicable
NVIDIA H100 80GB HBM3,9.0,52428800,mixed_direction,intra_cta,bulk,mixed,g2s_then_s2g,serial,na,4096,1,2,1,hot,840,857,0,0,0,124,0x0000000000000000,0x0000000000000000,0x0000000000000000,0x0000000000000000,0,0,0,not_applicable,0,not_applicable
NVIDIA H100 80GB HBM3,9.0,52428800,mixed_direction,intra_cta,bulk,mixed,g2s_then_s2g,batched,na,4096,1,2,0,cold,561,761,0,0,0,124,0x0000000000000000,0x0000000000000000,0x0000000000000000,0x0000000000000000,0,0,0,not_applicable,0,not_applicable
NVIDIA H100 80GB HBM3,9.0,52428800,mixed_direction,intra_cta,bulk,mixed,g2s_then_s2g,batched,na,4096,1,2,1,hot,457,668,0,0,0,124,0x0000000000000000,0x0000000000000000,0x0000000000000000,0x0000000000000000,0,0,0,not_applicable,0,not_applicable
NVIDIA H100 80GB HBM3,9.0,52428800,mixed_direction,intra_cta,bulk,mixed,s2g_then_g2s,serial,na,4096,1,2,0,cold,829,856,0,0,0,124,0x0000000000000000,0x0000000000000000,0x0000000000000000,0x0000000000000000,0,0,0,not_applicable,0,not_applicable
NVIDIA H100 80GB HBM3,9.0,52428800,mixed_direction,intra_cta,bulk,mixed,s2g_then_g2s,serial,na,4096,1,2,1,hot,823,840,0,0,0,124,0x0000000000000000,0x0000000000000000,0x0000000000000000,0x0000000000000000,0,0,0,not_applicable,0,not_applicable
NVIDIA H100 80GB HBM3,9.0,52428800,mixed_direction,intra_cta,bulk,mixed,s2g_then_g2s,batched,na,4096,1,2,0,cold,521,800,0,0,0,124,0x0000000000000000,0x0000000000000000,0x0000000000000000,0x0000000000000000,0,0,0,not_applicable,0,not_applicable
NVIDIA H100 80GB HBM3,9.0,52428800,mixed_direction,intra_cta,bulk,mixed,s2g_then_g2s,batched,na,4096,1,2,1,hot,460,867,0,0,0,124,0x0000000000000000,0x0000000000000000,0x0000000000000000,0x0000000000000000,0,0,0,not_applicable,0,not_applicable
NVIDIA H100 80GB HBM3,9.0,52428800,mixed_direction,intra_cta,bulk,mixed,alternating,serial,na,4096,2,4,0,cold,1649,1666,0,0,0,124,0x0000000000000000,0x0000000000000000,0x0000000000000000,0x0000000000000000,0,0,0,not_applicable,0,not_applicable
NVIDIA H100 80GB HBM3,9.0,52428800,mixed_direction,intra_cta,bulk,mixed,alternating,serial,na,4096,2,4,1,hot,1618,1635,0,0,0,124,0x0000000000000000,0x0000000000000000,0x0000000000000000,0x0000000000000000,0,0,0,not_applicable,0,not_applicable
NVIDIA H100 80GB HBM3,9.0,52428800,mixed_direction,intra_cta,bulk,mixed,alternating,batched,na,4096,2,4,0,cold,572,864,0,0,0,124,0x0000000000000000,0x0000000000000000,0x0000000000000000,0x0000000000000000,0,0,0,not_applicable,0,not_applicable
NVIDIA H100 80GB HBM3,9.0,52428800,mixed_direction,intra_cta,bulk,mixed,alternating,batched,na,4096,2,4,1,hot,572,864,0,0,0,124,0x0000000000000000,0x0000000000000000,0x0000000000000000,0x0000000000000000,0,0,0,not_applicable,0,not_applicable
NVIDIA H100 80GB HBM3,9.0,52428800,mixed_direction,intra_cta,bulk,mixed,g2s_then_s2g,serial,na,4096,2,4,0,cold,1659,1676,0,0,0,124,0x0000000000000000,0x0000000000000000,0x0000000000000000,0x0000000000000000,0,0,0,not_applicable,0,not_applicable
NVIDIA H100 80GB HBM3,9.0,52428800,mixed_direction,intra_cta,bulk,mixed,g2s_then_s2g,serial,na,4096,2,4,1,hot,1618,1635,0,0,0,124,0x0000000000000000,0x0000000000000000,0x0000000000000000,0x0000000000000000,0,0,0,not_applicable,0,not_applicable
NVIDIA H100 80GB HBM3,9.0,52428800,mixed_direction,intra_cta,bulk,mixed,g2s_then_s2g,batched,na,4096,2,4,0,cold,712,1049,0,0,0,124,0x0000000000000000,0x0000000000000000,0x0000000000000000,0x0000000000000000,0,0,0,not_applicable,0,not_applicable
NVIDIA H100 80GB HBM3,9.0,52428800,mixed_direction,intra_cta,bulk,mixed,g2s_then_s2g,batched,na,4096,2,4,1,hot,707,1044,0,0,0,124,0x0000000000000000,0x0000000000000000,0x0000000000000000,0x0000000000000000,0,0,0,not_applicable,0,not_applicable
NVIDIA H100 80GB HBM3,9.0,52428800,mixed_direction,intra_cta,bulk,mixed,s2g_then_g2s,serial,na,4096,2,4,0,cold,1604,1631,0,0,0,124,0x0000000000000000,0x0000000000000000,0x0000000000000000,0x0000000000000000,0,0,0,not_applicable,0,not_applicable
NVIDIA H100 80GB HBM3,9.0,52428800,mixed_direction,intra_cta,bulk,mixed,s2g_then_g2s,serial,na,4096,2,4,1,hot,1584,1601,0,0,0,124,0x0000000000000000,0x0000000000000000,0x0000000000000000,0x0000000000000000,0,0,0,not_applicable,0,not_applicable
NVIDIA H100 80GB HBM3,9.0,52428800,mixed_direction,intra_cta,bulk,mixed,s2g_then_g2s,batched,na,4096,2,4,0,cold,716,1086,0,0,0,124,0x0000000000000000,0x0000000000000000,0x0000000000000000,0x0000000000000000,0,0,0,not_applicable,0,not_applicable
NVIDIA H100 80GB HBM3,9.0,52428800,mixed_direction,intra_cta,bulk,mixed,s2g_then_g2s,batched,na,4096,2,4,1,hot,716,1086,0,0,0,124,0x0000000000000000,0x0000000000000000,0x0000000000000000,0x0000000000000000,0,0,0,not_applicable,0,not_applicable
NVIDIA H100 80GB HBM3,9.0,52428800,mixed_direction,intra_cta,bulk,mixed,alternating,serial,na,4096,4,8,0,cold,3211,3228,0,0,0,124,0x0000000000000000,0x0000000000000000,0x0000000000000000,0x0000000000000000,0,0,0,not_applicable,0,not_applicable
NVIDIA H100 80GB HBM3,9.0,52428800,mixed_direction,intra_cta,bulk,mixed,alternating,serial,na,4096,4,8,1,hot,3180,3197,0,0,0,124,0x0000000000000000,0x0000000000000000,0x0000000000000000,0x0000000000000000,0,0,0,not_applicable,0,not_applicable
NVIDIA H100 80GB HBM3,9.0,52428800,mixed_direction,intra_cta,bulk,mixed,alternating,batched,na,4096,4,8,0,cold,860,1356,0,0,0,124,0x0000000000000000,0x0000000000000000,0x0000000000000000,0x0000000000000000,0,0,0,not_applicable,0,not_applicable
NVIDIA H100 80GB HBM3,9.0,52428800,mixed_direction,intra_cta,bulk,mixed,alternating,batched,na,4096,4,8,1,hot,820,1356,0,0,0,124,0x0000000000000000,0x0000000000000000,0x0000000000000000,0x0000000000000000,0,0,0,not_applicable,0,not_applicable
NVIDIA H100 80GB HBM3,9.0,52428800,mixed_direction,intra_cta,bulk,mixed,g2s_then_s2g,serial,na,4096,4,8,0,cold,3211,3228,0,0,0,124,0x0000000000000000,0x0000000000000000,0x0000000000000000,0x0000000000000000,0,0,0,not_applicable,0,not_applicable
NVIDIA H100 80GB HBM3,9.0,52428800,mixed_direction,intra_cta,bulk,mixed,g2s_then_s2g,serial,na,4096,4,8,1,hot,3180,3197,0,0,0,124,0x0000000000000000,0x0000000000000000,0x0000000000000000,0x0000000000000000,0,0,0,not_applicable,0,not_applicable
NVIDIA H100 80GB HBM3,9.0,52428800,mixed_direction,intra_cta,bulk,mixed,g2s_then_s2g,batched,na,4096,4,8,0,cold,946,1632,0,0,0,124,0x0000000000000000,0x0000000000000000,0x0000000000000000,0x0000000000000000,0,0,0,not_applicable,0,not_applicable
NVIDIA H100 80GB HBM3,9.0,52428800,mixed_direction,intra_cta,bulk,mixed,g2s_then_s2g,batched,na,4096,4,8,1,hot,946,1632,0,0,0,124,0x0000000000000000,0x0000000000000000,0x0000000000000000,0x0000000000000000,0,0,0,not_applicable,0,not_applicable
NVIDIA H100 80GB HBM3,9.0,52428800,mixed_direction,intra_cta,bulk,mixed,s2g_then_g2s,serial,na,4096,4,8,0,cold,3141,3168,0,0,0,124,0x0000000000000000,0x0000000000000000,0x0000000000000000,0x0000000000000000,0,0,0,not_applicable,0,not_applicable
NVIDIA H100 80GB HBM3,9.0,52428800,mixed_direction,intra_cta,bulk,mixed,s2g_then_g2s,serial,na,4096,4,8,1,hot,3112,3129,0,0,0,124,0x0000000000000000,0x0000000000000000,0x0000000000000000,0x0000000000000000,0,0,0,not_applicable,0,not_applicable
NVIDIA H100 80GB HBM3,9.0,52428800,mixed_direction,intra_cta,bulk,mixed,s2g_then_g2s,batched,na,4096,4,8,0,cold,994,1546,0,0,0,124,0x0000000000000000,0x0000000000000000,0x0000000000000000,0x0000000000000000,0,0,0,not_applicable,0,not_applicable
NVIDIA H100 80GB HBM3,9.0,52428800,mixed_direction,intra_cta,bulk,mixed,s2g_then_g2s,batched,na,4096,4,8,1,hot,959,1511,0,0,0,124,0x0000000000000000,0x0000000000000000,0x0000000000000000,0x0000000000000000,0,0,0,not_applicable,0,not_applicable
NVIDIA H100 80GB HBM3,9.0,52428800,mixed_direction,intra_cta,bulk,mixed,alternating,serial,na,4096,8,16,0,cold,6335,6352,0,0,0,124,0x0000000000000000,0x0000000000000000,0x0000000000000000,0x0000000000000000,0,0,0,not_applicable,0,not_applicable
NVIDIA H100 80GB HBM3,9.0,52428800,mixed_direction,intra_cta,bulk,mixed,alternating,serial,na,4096,8,16,1,hot,6304,6321,0,0,0,124,0x0000000000000000,0x0000000000000000,0x0000000000000000,0x0000000000000000,0,0,0,not_applicable,0,not_applicable
NVIDIA H100 80GB HBM3,9.0,52428800,mixed_direction,intra_cta,bulk,mixed,alternating,batched,na,4096,8,16,0,cold,1399,2376,0,0,0,124,0x0000000000000000,0x0000000000000000,0x0000000000000000,0x0000000000000000,0,0,0,not_applicable,0,not_applicable
NVIDIA H100 80GB HBM3,9.0,52428800,mixed_direction,intra_cta,bulk,mixed,alternating,batched,na,4096,8,16,1,hot,1399,2376,0,0,0,124,0x0000000000000000,0x0000000000000000,0x0000000000000000,0x0000000000000000,0,0,0,not_applicable,0,not_applicable
NVIDIA H100 80GB HBM3,9.0,52428800,mixed_direction,intra_cta,bulk,mixed,g2s_then_s2g,serial,na,4096,8,16,0,cold,6335,6352,0,0,0,124,0x0000000000000000,0x0000000000000000,0x0000000000000000,0x0000000000000000,0,0,0,not_applicable,0,not_applicable
NVIDIA H100 80GB HBM3,9.0,52428800,mixed_direction,intra_cta,bulk,mixed,g2s_then_s2g,serial,na,4096,8,16,1,hot,6304,6321,0,0,0,124,0x0000000000000000,0x0000000000000000,0x0000000000000000,0x0000000000000000,0,0,0,not_applicable,0,not_applicable
NVIDIA H100 80GB HBM3,9.0,52428800,mixed_direction,intra_cta,bulk,mixed,g2s_then_s2g,batched,na,4096,8,16,0,cold,1642,2942,0,0,0,124,0x0000000000000000,0x0000000000000000,0x0000000000000000,0x0000000000000000,0,0,0,not_applicable,0,not_applicable
NVIDIA H100 80GB HBM3,9.0,52428800,mixed_direction,intra_cta,bulk,mixed,g2s_then_s2g,batched,na,4096,8,16,1,hot,1590,2890,0,0,0,124,0x0000000000000000,0x0000000000000000,0x0000000000000000,0x0000000000000000,0,0,0,not_applicable,0,not_applicable
NVIDIA H100 80GB HBM3,9.0,52428800,mixed_direction,intra_cta,bulk,mixed,s2g_then_g2s,serial,na,4096,8,16,0,cold,6197,6224,0,0,0,124,0x0000000000000000,0x0000000000000000,0x0000000000000000,0x0000000000000000,0,0,0,not_applicable,0,not_applicable
NVIDIA H100 80GB HBM3,9.0,52428800,mixed_direction,intra_cta,bulk,mixed,s2g_then_g2s,serial,na,4096,8,16,1,hot,6168,6185,0,0,0,124,0x0000000000000000,0x0000000000000000,0x0000000000000000,0x0000000000000000,0,0,0,not_applicable,0,not_applicable
NVIDIA H100 80GB HBM3,9.0,52428800,mixed_direction,intra_cta,bulk,mixed,s2g_then_g2s,batched,na,4096,8,16,0,cold,1630,2383,0,0,0,124,0x0000000000000000,0x0000000000000000,0x0000000000000000,0x0000000000000000,0,0,0,not_applicable,0,not_applicable
NVIDIA H100 80GB HBM3,9.0,52428800,mixed_direction,intra_cta,bulk,mixed,s2g_then_g2s,batched,na,4096,8,16,1,hot,1630,2383,0,0,0,124,0x0000000000000000,0x0000000000000000,0x0000000000000000,0x0000000000000000,0,0,0,not_applicable,0,not_applicable
NVIDIA H100 80GB HBM3,9.0,52428800,mixed_direction,intra_cta,bulk,mixed,alternating,serial,na,4096,16,32,0,cold,12583,12600,0,0,0,124,0x0000000000000000,0x0000000000000000,0x0000000000000000,0x0000000000000000,0,0,0,not_applicable,0,not_applicable
NVIDIA H100 80GB HBM3,9.0,52428800,mixed_direction,intra_cta,bulk,mixed,alternating,serial,na,4096,16,32,1,hot,13002,13019,0,0,0,124,0x0000000000000000,0x0000000000000000,0x0000000000000000,0x0000000000000000,0,0,0,not_applicable,0,not_applicable
NVIDIA H100 80GB HBM3,9.0,52428800,mixed_direction,intra_cta,bulk,mixed,alternating,batched,na,4096,16,32,0,cold,2557,4416,0,0,0,124,0x0000000000000000,0x0000000000000000,0x0000000000000000,0x0000000000000000,0,0,0,not_applicable,0,not_applicable
NVIDIA H100 80GB HBM3,9.0,52428800,mixed_direction,intra_cta,bulk,mixed,alternating,batched,na,4096,16,32,1,hot,2557,4416,0,0,0,124,0x0000000000000000,0x0000000000000000,0x0000000000000000,0x0000000000000000,0,0,0,not_applicable,0,not_applicable
NVIDIA H100 80GB HBM3,9.0,52428800,mixed_direction,intra_cta,bulk,mixed,g2s_then_s2g,serial,na,4096,16,32,0,cold,12583,12600,0,0,0,124,0x0000000000000000,0x0000000000000000,0x0000000000000000,0x0000000000000000,0,0,0,not_applicable,0,not_applicable
NVIDIA H100 80GB HBM3,9.0,52428800,mixed_direction,intra_cta,bulk,mixed,g2s_then_s2g,serial,na,4096,16,32,1,hot,12552,12569,0,0,0,124,0x0000000000000000,0x0000000000000000,0x0000000000000000,0x0000000000000000,0,0,0,not_applicable,0,not_applicable
NVIDIA H100 80GB HBM3,9.0,52428800,mixed_direction,intra_cta,bulk,mixed,g2s_then_s2g,batched,na,4096,16,32,0,cold,3430,5458,0,0,0,124,0x0000000000000000,0x0000000000000000,0x0000000000000000,0x0000000000000000,0,0,0,not_applicable,0,not_applicable
NVIDIA H100 80GB HBM3,9.0,52428800,mixed_direction,intra_cta,bulk,mixed,g2s_then_s2g,batched,na,4096,16,32,1,hot,3378,5406,0,0,0,124,0x0000000000000000,0x0000000000000000,0x0000000000000000,0x0000000000000000,0,0,0,not_applicable,0,not_applicable
NVIDIA H100 80GB HBM3,9.0,52428800,mixed_direction,intra_cta,bulk,mixed,s2g_then_g2s,serial,na,4096,16,32,0,cold,12309,12336,0,0,0,124,0x0000000000000000,0x0000000000000000,0x0000000000000000,0x0000000000000000,0,0,0,not_applicable,0,not_applicable
NVIDIA H100 80GB HBM3,9.0,52428800,mixed_direction,intra_cta,bulk,mixed,s2g_then_g2s,serial,na,4096,16,32,1,hot,12280,12297,0,0,0,124,0x0000000000000000,0x0000000000000000,0x0000000000000000,0x0000000000000000,0,0,0,not_applicable,0,not_applicable
NVIDIA H100 80GB HBM3,9.0,52428800,mixed_direction,intra_cta,bulk,mixed,s2g_then_g2s,batched,na,4096,16,32,0,cold,3416,4897,0,0,0,124,0x0000000000000000,0x0000000000000000,0x0000000000000000,0x0000000000000000,0,0,0,not_applicable,0,not_applicable
NVIDIA H100 80GB HBM3,9.0,52428800,mixed_direction,intra_cta,bulk,mixed,s2g_then_g2s,batched,na,4096,16,32,1,hot,3416,4897,0,0,0,124,0x0000000000000000,0x0000000000000000,0x0000000000000000,0x0000000000000000,0,0,0,not_applicable,0,not_applicable
NVIDIA H100 80GB HBM3,9.0,52428800,mixed_direction,multi_cta,tensor,mixed,alternating,batched,same_map,128,1,2,0,cold,224,753,192,384,0,0,0x00002b5498cd2000,0x00002b5498cd4000,0x5b17fffae83ccbe2,0x72ffe2b60830b0d6,1,0,0,ld.global.cg,0,tmau_cold_bank_first_use
NVIDIA H100 80GB HBM3,9.0,52428800,mixed_direction,multi_cta,tensor,mixed,alternating,batched,same_map,128,1,2,1,hot,195,595,128,256,0,0,0x00002b5498cd2000,0x00002b5498cd4000,0x5b17fffae83ccbe2,0x72ffe2b60830b0d6,1,0,1,ld.global.cg,0,tmau_hot_bank_reuse
NVIDIA H100 80GB HBM3,9.0,52428800,mixed_direction,multi_cta,tensor,mixed,alternating,batched,same_map,128,2,4,0,cold,233,729,224,384,0,0,0x00002b5498cd6000,0x00002b5498cd8000,0x87dc7b0d435abd65,0xb742a6f0505c3a59,1,0,0,ld.global.cg,0,tmau_cold_bank_first_use
NVIDIA H100 80GB HBM3,9.0,52428800,mixed_direction,multi_cta,tensor,mixed,alternating,batched,same_map,128,2,4,1,hot,196,592,192,320,0,0,0x00002b5498cd6000,0x00002b5498cd8000,0x87dc7b0d435abd65,0xb742a6f0505c3a59,1,0,1,ld.global.cg,0,tmau_hot_bank_reuse
NVIDIA H100 80GB HBM3,9.0,52428800,mixed_direction,multi_cta,tensor,mixed,alternating,batched,same_map,128,4,8,0,cold,218,738,192,352,0,0,0x00002b5498cda000,0x00002b5498cdc000,0xa77910590d64d793,0x2a6031c505cd2fe7,1,0,0,ld.global.cg,0,tmau_cold_bank_first_use
NVIDIA H100 80GB HBM3,9.0,52428800,mixed_direction,multi_cta,tensor,mixed,alternating,batched,same_map,128,4,8,1,hot,190,574,192,320,0,0,0x00002b5498cda000,0x00002b5498cdc000,0xa77910590d64d793,0x2a6031c505cd2fe7,1,0,1,ld.global.cg,0,tmau_hot_bank_reuse
NVIDIA H100 80GB HBM3,9.0,52428800,mixed_direction,multi_cta,tensor,mixed,alternating,batched,same_map,128,8,16,0,cold,189,725,160,384,0,0,0x00002b5498cde000,0x00002b5498ce0000,0x8d94889ad6785ce7,0xac44b9833cb9aa93,1,0,0,ld.global.cg,0,tmau_cold_bank_first_use
NVIDIA H100 80GB HBM3,9.0,52428800,mixed_direction,multi_cta,tensor,mixed,alternating,batched,same_map,128,8,16,1,hot,182,540,256,384,0,0,0x00002b5498cde000,0x00002b5498ce0000,0x8d94889ad6785ce7,0xac44b9833cb9aa93,1,0,1,ld.global.cg,0,tmau_hot_bank_reuse
NVIDIA H100 80GB HBM3,9.0,52428800,mixed_direction,multi_cta,tensor,mixed,alternating,batched,same_map,128,16,32,0,cold,236,1188,352,608,0,0,0x00002b5498ce2000,0x00002b5498ce4000,0x37c517176edddc9f,0x198675b6e6466dab,1,0,0,ld.global.cg,0,tmau_cold_bank_first_use
NVIDIA H100 80GB HBM3,9.0,52428800,mixed_direction,multi_cta,tensor,mixed,alternating,batched,same_map,128,16,32,1,hot,196,593,288,416,0,0,0x00002b5498ce2000,0x00002b5498ce4000,0x37c517176edddc9f,0x198675b6e6466dab,1,0,1,ld.global.cg,0,tmau_hot_bank_reuse
NVIDIA H100 80GB HBM3,9.0,52428800,mixed_direction,multi_cta,tensor,mixed,g2s_then_s2g,batched,same_map,128,1,2,0,cold,188,727,128,352,0,0,0x00002b5498ce6000,0x00002b5498ce8000,0x5b17fffae83ccbe2,0x72ffe2b60830b0d6,1,0,0,ld.global.cg,0,tmau_cold_bank_first_use
NVIDIA H100 80GB HBM3,9.0,52428800,mixed_direction,multi_cta,tensor,mixed,g2s_then_s2g,batched,same_map,128,1,2,1,hot,182,540,96,224,0,0,0x00002b5498ce6000,0x00002b5498ce8000,0x5b17fffae83ccbe2,0x72ffe2b60830b0d6,1,0,1,ld.global.cg,0,tmau_hot_bank_reuse
NVIDIA H100 80GB HBM3,9.0,52428800,mixed_direction,multi_cta,tensor,mixed,g2s_then_s2g,batched,same_map,128,2,4,0,cold,188,752,160,352,0,0,0x00002b5498cea000,0x00002b5498cec000,0x87dc7b0d435abd65,0xb742a6f0505c3a59,1,0,0,ld.global.cg,0,tmau_cold_bank_first_use
NVIDIA H100 80GB HBM3,9.0,52428800,mixed_direction,multi_cta,tensor,mixed,g2s_then_s2g,batched,same_map,128,2,4,1,hot,182,540,128,256,0,0,0x00002b5498cea000,0x00002b5498cec000,0x87dc7b0d435abd65,0xb742a6f0505c3a59,1,0,1,ld.global.cg,0,tmau_hot_bank_reuse
NVIDIA H100 80GB HBM3,9.0,52428800,mixed_direction,multi_cta,tensor,mixed,g2s_then_s2g,batched,same_map,128,4,8,0,cold,188,726,128,352,0,0,0x00002b5498cee000,0x00002b5498cf0000,0xa77910590d64d793,0x2a6031c505cd2fe7,1,0,0,ld.global.cg,0,tmau_cold_bank_first_use
NVIDIA H100 80GB HBM3,9.0,52428800,mixed_direction,multi_cta,tensor,mixed,g2s_then_s2g,batched,same_map,128,4,8,1,hot,182,541,160,288,0,0,0x00002b5498cee000,0x00002b5498cf0000,0xa77910590d64d793,0x2a6031c505cd2fe7,1,0,1,ld.global.cg,0,tmau_hot_bank_reuse
NVIDIA H100 80GB HBM3,9.0,52428800,mixed_direction,multi_cta,tensor,mixed,g2s_then_s2g,batched,same_map,128,8,16,0,cold,189,752,160,352,0,0,0x00002b5498cf2000,0x00002b5498cf4000,0x8d94889ad6785ce7,0xac44b9833cb9aa93,1,0,0,ld.global.cg,0,tmau_cold_bank_first_use
NVIDIA H100 80GB HBM3,9.0,52428800,mixed_direction,multi_cta,tensor,mixed,g2s_then_s2g,batched,same_map,128,8,16,1,hot,182,540,160,288,0,0,0x00002b5498cf2000,0x00002b5498cf4000,0x8d94889ad6785ce7,0xac44b9833cb9aa93,1,0,1,ld.global.cg,0,tmau_hot_bank_reuse
NVIDIA H100 80GB HBM3,9.0,52428800,mixed_direction,multi_cta,tensor,mixed,g2s_then_s2g,batched,same_map,128,16,32,0,cold,188,996,416,608,0,0,0x00002b5498cf6000,0x00002b5498cf8000,0x37c517176edddc9f,0x198675b6e6466dab,1,0,0,ld.global.cg,0,tmau_cold_bank_first_use
NVIDIA H100 80GB HBM3,9.0,52428800,mixed_direction,multi_cta,tensor,mixed,g2s_then_s2g,batched,same_map,128,16,32,1,hot,182,541,224,352,0,0,0x00002b5498cf6000,0x00002b5498cf8000,0x37c517176edddc9f,0x198675b6e6466dab,1,0,1,ld.global.cg,0,tmau_hot_bank_reuse
NVIDIA H100 80GB HBM3,9.0,52428800,mixed_direction,multi_cta,tensor,mixed,s2g_then_g2s,batched,same_map,128,1,2,0,cold,227,996,160,480,0,0,0x00002b5498cfa000,0x00002b5498cfc000,0x5b17fffae83ccbe2,0x72ffe2b60830b0d6,1,0,0,ld.global.cg,0,tmau_cold_bank_first_use
NVIDIA H100 80GB HBM3,9.0,52428800,mixed_direction,multi_cta,tensor,mixed,s2g_then_g2s,batched,same_map,128,1,2,1,hot,207,565,160,288,0,0,0x00002b5498cfa000,0x00002b5498cfc000,0x5b17fffae83ccbe2,0x72ffe2b60830b0d6,1,0,1,ld.global.cg,0,tmau_hot_bank_reuse
NVIDIA H100 80GB HBM3,9.0,52428800,mixed_direction,multi_cta,tensor,mixed,s2g_then_g2s,batched,same_map,128,2,4,0,cold,230,990,160,480,0,0,0x00002b5498cfe000,0x00002b5498d00000,0x87dc7b0d435abd65,0xb742a6f0505c3a59,1,0,0,ld.global.cg,0,tmau_cold_bank_first_use
NVIDIA H100 80GB HBM3,9.0,52428800,mixed_direction,multi_cta,tensor,mixed,s2g_then_g2s,batched,same_map,128,2,4,1,hot,207,565,160,288,0,0,0x00002b5498cfe000,0x00002b5498d00000,0x87dc7b0d435abd65,0xb742a6f0505c3a59,1,0,1,ld.global.cg,0,tmau_hot_bank_reuse
NVIDIA H100 80GB HBM3,9.0,52428800,mixed_direction,multi_cta,tensor,mixed,s2g_then_g2s,batched,same_map,128,4,8,0,cold,220,995,160,480,0,0,0x00002b5498d02000,0x00002b5498d04000,0xa77910590d64d793,0x2a6031c505cd2fe7,1,0,0,ld.global.cg,0,tmau_cold_bank_first_use
NVIDIA H100 80GB HBM3,9.0,52428800,mixed_direction,multi_cta,tensor,mixed,s2g_then_g2s,batched,same_map,128,4,8,1,hot,207,565,192,320,0,0,0x00002b5498d02000,0x00002b5498d04000,0xa77910590d64d793,0x2a6031c505cd2fe7,1,0,1,ld.global.cg,0,tmau_hot_bank_reuse
NVIDIA H100 80GB HBM3,9.0,52428800,mixed_direction,multi_cta,tensor,mixed,s2g_then_g2s,batched,same_map,128,8,16,0,cold,206,981,160,480,0,0,0x00002b5498d06000,0x00002b5498d08000,0x8d94889ad6785ce7,0xac44b9833cb9aa93,1,0,0,ld.global.cg,0,tmau_cold_bank_first_use
NVIDIA H100 80GB HBM3,9.0,52428800,mixed_direction,multi_cta,tensor,mixed,s2g_then_g2s,batched,same_map,128,8,16,1,hot,208,566,320,480,0,0,0x00002b5498d06000,0x00002b5498d08000,0x8d94889ad6785ce7,0xac44b9833cb9aa93,1,0,1,ld.global.cg,0,tmau_hot_bank_reuse
NVIDIA H100 80GB HBM3,9.0,52428800,mixed_direction,multi_cta,tensor,mixed,s2g_then_g2s,batched,same_map,128,16,32,0,cold,231,1147,416,736,0,0,0x00002b5498d0a000,0x00002b5498d0c000,0x37c517176edddc9f,0x198675b6e6466dab,1,0,0,ld.global.cg,0,tmau_cold_bank_first_use
NVIDIA H100 80GB HBM3,9.0,52428800,mixed_direction,multi_cta,tensor,mixed,s2g_then_g2s,batched,same_map,128,16,32,1,hot,207,565,288,416,0,0,0x00002b5498d0a000,0x00002b5498d0c000,0x37c517176edddc9f,0x198675b6e6466dab,1,0,1,ld.global.cg,0,tmau_hot_bank_reuse
NVIDIA H100 80GB HBM3,9.0,52428800,mixed_direction,multi_cta,tensor,mixed,alternating,batched,distinct_map,128,1,2,0,cold,188,727,128,352,0,0,0x00002b5498d0e000,0x00002b5498d10000,0x5b17fffae83ccbe2,0x72ffe2b60830b0d6,1,0,0,ld.global.cg,0,tmau_cold_bank_first_use
NVIDIA H100 80GB HBM3,9.0,52428800,mixed_direction,multi_cta,tensor,mixed,alternating,batched,distinct_map,128,1,2,1,hot,182,529,96,224,0,0,0x00002b5498d0e000,0x00002b5498d10000,0x5b17fffae83ccbe2,0x72ffe2b60830b0d6,1,0,1,ld.global.cg,0,tmau_hot_bank_reuse
NVIDIA H100 80GB HBM3,9.0,52428800,mixed_direction,multi_cta,tensor,mixed,alternating,batched,distinct_map,128,2,4,0,cold,188,734,160,352,0,0,0x00002b5498d12000,0x00002b5498d15000,0x78ca90ddb773d335,0xf8aefce6067f54e5,2,0,0,ld.global.cg,0,tmau_cold_bank_first_use
NVIDIA H100 80GB HBM3,9.0,52428800,mixed_direction,multi_cta,tensor,mixed,alternating,batched,distinct_map,128,2,4,1,hot,182,540,128,256,0,0,0x00002b5498d12000,0x00002b5498d15000,0x78ca90ddb773d335,0xf8aefce6067f54e5,2,0,1,ld.global.cg,0,tmau_hot_bank_reuse
NVIDIA H100 80GB HBM3,9.0,52428800,mixed_direction,multi_cta,tensor,mixed,alternating,batched,distinct_map,128,4,8,0,cold,188,754,160,384,0,0,0x00002b5498d18000,0x00002b5498d1d000,0x8bd595b12b2398b5,0xb62573fd40c3eaed,4,0,0,ld.global.cg,0,tmau_cold_bank_first_use
NVIDIA H100 80GB HBM3,9.0,52428800,mixed_direction,multi_cta,tensor,mixed,alternating,batched,distinct_map,128,4,8,1,hot,182,543,192,320,0,0,0x00002b5498d18000,0x00002b5498d1d000,0x8bd595b12b2398b5,0xb62573fd40c3eaed,4,0,1,ld.global.cg,0,tmau_hot_bank_reuse
NVIDIA H100 80GB HBM3,9.0,52428800,mixed_direction,multi_cta,tensor,mixed,alternating,batched,distinct_map,128,8,16,0,cold,189,872,160,448,0,0,0x00002b5498d22000,0x00002b5498d2b000,0xbc1c2776cc2e6f4b,0x5cabb821f60ea2cb,8,0,0,ld.global.cg,0,tmau_cold_bank_first_use
NVIDIA H100 80GB HBM3,9.0,52428800,mixed_direction,multi_cta,tensor,mixed,alternating,batched,distinct_map,128,8,16,1,hot,183,543,256,384,0,0,0x00002b5498d22000,0x00002b5498d2b000,0xbc1c2776cc2e6f4b,0x5cabb821f60ea2cb,8,0,1,ld.global.cg,0,tmau_hot_bank_reuse
NVIDIA H100 80GB HBM3,9.0,52428800,mixed_direction,multi_cta,tensor,mixed,alternating,batched,distinct_map,128,16,32,0,cold,188,1024,320,608,0,0,0x00002b5498d34000,0x00002b5498d45000,0xb24db998f7e2ef93,0xc7616a7909a79e03,16,0,0,ld.global.cg,0,tmau_cold_bank_first_use
NVIDIA H100 80GB HBM3,9.0,52428800,mixed_direction,multi_cta,tensor,mixed,alternating,batched,distinct_map,128,16,32,1,hot,182,541,320,448,0,0,0x00002b5498d34000,0x00002b5498d45000,0xb24db998f7e2ef93,0xc7616a7909a79e03,16,0,1,ld.global.cg,0,tmau_hot_bank_reuse
NVIDIA H100 80GB HBM3,9.0,52428800,mixed_direction,multi_cta,tensor,mixed,g2s_then_s2g,batched,distinct_map,128,1,2,0,cold,188,727,160,352,0,0,0x00002b5498d56000,0x00002b5498d58000,0x5b17fffae83ccbe2,0x72ffe2b60830b0d6,1,0,0,ld.global.cg,0,tmau_cold_bank_first_use
NVIDIA H100 80GB HBM3,9.0,52428800,mixed_direction,multi_cta,tensor,mixed,g2s_then_s2g,batched,distinct_map,128,1,2,1,hot,182,529,96,224,0,0,0x00002b5498d56000,0x00002b5498d58000,0x5b17fffae83ccbe2,0x72ffe2b60830b0d6,1,0,1,ld.global.cg,0,tmau_hot_bank_reuse
NVIDIA H100 80GB HBM3,9.0,52428800,mixed_direction,multi_cta,tensor,mixed,g2s_then_s2g,batched,distinct_map,128,2,4,0,cold,188,734,160,384,0,0,0x00002b5498d5a000,0x00002b5498d5d000,0x78ca90ddb773d335,0xf8aefce6067f54e5,2,0,0,ld.global.cg,0,tmau_cold_bank_first_use
NVIDIA H100 80GB HBM3,9.0,52428800,mixed_direction,multi_cta,tensor,mixed,g2s_then_s2g,batched,distinct_map,128,2,4,1,hot,182,540,160,288,0,0,0x00002b5498d5a000,0x00002b5498d5d000,0x78ca90ddb773d335,0xf8aefce6067f54e5,2,0,1,ld.global.cg,0,tmau_hot_bank_reuse
NVIDIA H100 80GB HBM3,9.0,52428800,mixed_direction,multi_cta,tensor,mixed,g2s_then_s2g,batched,distinct_map,128,4,8,0,cold,188,748,160,384,0,0,0x00002b5498d60000,0x00002b5498d65000,0x8bd595b12b2398b5,0xb62573fd40c3eaed,4,0,0,ld.global.cg,0,tmau_cold_bank_first_use
NVIDIA H100 80GB HBM3,9.0,52428800,mixed_direction,multi_cta,tensor,mixed,g2s_then_s2g,batched,distinct_map,128,4,8,1,hot,182,540,160,288,0,0,0x00002b5498d60000,0x00002b5498d65000,0x8bd595b12b2398b5,0xb62573fd40c3eaed,4,0,1,ld.global.cg,0,tmau_hot_bank_reuse
NVIDIA H100 80GB HBM3,9.0,52428800,mixed_direction,multi_cta,tensor,mixed,g2s_then_s2g,batched,distinct_map,128,8,16,0,cold,188,742,160,384,0,0,0x00002b5498d6a000,0x00002b5498d73000,0xbc1c2776cc2e6f4b,0x5cabb821f60ea2cb,8,0,0,ld.global.cg,0,tmau_cold_bank_first_use
NVIDIA H100 80GB HBM3,9.0,52428800,mixed_direction,multi_cta,tensor,mixed,g2s_then_s2g,batched,distinct_map,128,8,16,1,hot,182,541,256,384,0,0,0x00002b5498d6a000,0x00002b5498d73000,0xbc1c2776cc2e6f4b,0x5cabb821f60ea2cb,8,0,1,ld.global.cg,0,tmau_hot_bank_reuse
NVIDIA H100 80GB HBM3,9.0,52428800,mixed_direction,multi_cta,tensor,mixed,g2s_then_s2g,batched,distinct_map,128,16,32,0,cold,189,1047,320,576,0,0,0x00002b5498d7c000,0x00002b5498d8d000,0xb24db998f7e2ef93,0xc7616a7909a79e03,16,0,0,ld.global.cg,0,tmau_cold_bank_first_use
NVIDIA H100 80GB HBM3,9.0,52428800,mixed_direction,multi_cta,tensor,mixed,g2s_then_s2g,batched,distinct_map,128,16,32,1,hot,182,540,288,416,0,0,0x00002b5498d7c000,0x00002b5498d8d000,0xb24db998f7e2ef93,0xc7616a7909a79e03,16,0,1,ld.global.cg,0,tmau_hot_bank_reuse
NVIDIA H100 80GB HBM3,9.0,52428800,mixed_direction,multi_cta,tensor,mixed,s2g_then_g2s,batched,distinct_map,128,1,2,0,cold,206,993,160,512,0,0,0x00002b5498d9e000,0x00002b5498da0000,0x5b17fffae83ccbe2,0x72ffe2b60830b0d6,1,0,0,ld.global.cg,0,tmau_cold_bank_first_use
NVIDIA H100 80GB HBM3,9.0,52428800,mixed_direction,multi_cta,tensor,mixed,s2g_then_g2s,batched,distinct_map,128,1,2,1,hot,207,565,128,256,0,0,0x00002b5498d9e000,0x00002b5498da0000,0x5b17fffae83ccbe2,0x72ffe2b60830b0d6,1,0,1,ld.global.cg,0,tmau_hot_bank_reuse
NVIDIA H100 80GB HBM3,9.0,52428800,mixed_direction,multi_cta,tensor,mixed,s2g_then_g2s,batched,distinct_map,128,2,4,0,cold,206,981,160,480,0,0,0x00002b5498da2000,0x00002b5498da5000,0x78ca90ddb773d335,0xf8aefce6067f54e5,2,0,0,ld.global.cg,0,tmau_cold_bank_first_use
NVIDIA H100 80GB HBM3,9.0,52428800,mixed_direction,multi_cta,tensor,mixed,s2g_then_g2s,batched,distinct_map,128,2,4,1,hot,207,565,160,320,0,0,0x00002b5498da2000,0x00002b5498da5000,0x78ca90ddb773d335,0xf8aefce6067f54e5,2,0,1,ld.global.cg,0,tmau_hot_bank_reuse
NVIDIA H100 80GB HBM3,9.0,52428800,mixed_direction,multi_cta,tensor,mixed,s2g_then_g2s,batched,distinct_map,128,4,8,0,cold,206,998,160,512,0,0,0x00002b5498da8000,0x00002b5498dad000,0x8bd595b12b2398b5,0xb62573fd40c3eaed,4,0,0,ld.global.cg,0,tmau_cold_bank_first_use
NVIDIA H100 80GB HBM3,9.0,52428800,mixed_direction,multi_cta,tensor,mixed,s2g_then_g2s,batched,distinct_map,128,4,8,1,hot,207,565,192,320,0,0,0x00002b5498da8000,0x00002b5498dad000,0x8bd595b12b2398b5,0xb62573fd40c3eaed,4,0,1,ld.global.cg,0,tmau_hot_bank_reuse
NVIDIA H100 80GB HBM3,9.0,52428800,mixed_direction,multi_cta,tensor,mixed,s2g_then_g2s,batched,distinct_map,128,8,16,0,cold,206,1136,160,544,0,0,0x00002b5498db2000,0x00002b5498dbb000,0xbc1c2776cc2e6f4b,0x5cabb821f60ea2cb,8,0,0,ld.global.cg,0,tmau_cold_bank_first_use
NVIDIA H100 80GB HBM3,9.0,52428800,mixed_direction,multi_cta,tensor,mixed,s2g_then_g2s,batched,distinct_map,128,8,16,1,hot,208,566,256,384,0,0,0x00002b5498db2000,0x00002b5498dbb000,0xbc1c2776cc2e6f4b,0x5cabb821f60ea2cb,8,0,1,ld.global.cg,0,tmau_hot_bank_reuse
NVIDIA H100 80GB HBM3,9.0,52428800,mixed_direction,multi_cta,tensor,mixed,s2g_then_g2s,batched,distinct_map,128,16,32,0,cold,207,1463,384,832,0,0,0x00002b5498dc4000,0x00002b5498dd5000,0xb24db998f7e2ef93,0xc7616a7909a79e03,16,0,0,ld.global.cg,0,tmau_cold_bank_first_use
NVIDIA H100 80GB HBM3,9.0,52428800,mixed_direction,multi_cta,tensor,mixed,s2g_then_g2s,batched,distinct_map,128,16,32,1,hot,207,565,320,480,0,0,0x00002b5498dc4000,0x00002b5498dd5000,0xb24db998f7e2ef93,0xc7616a7909a79e03,16,0,1,ld.global.cg,0,tmau_hot_bank_reuse
NVIDIA H100 80GB HBM3,9.0,52428800,mixed_direction,multi_cta,tensor,mixed,alternating,batched,same_map,4096,1,2,0,cold,188,854,160,416,0,0,0x00002b5498de6000,0x00002b5498de8000,0x1b5db8d832ffed0e,0x444a063b5f81d0a2,1,0,0,ld.global.cg,0,tmau_cold_bank_first_use
NVIDIA H100 80GB HBM3,9.0,52428800,mixed_direction,multi_cta,tensor,mixed,alternating,batched,same_map,4096,1,2,1,hot,182,627,128,288,0,0,0x00002b5498de6000,0x00002b5498de8000,0x1b5db8d832ffed0e,0x444a063b5f81d0a2,1,0,1,ld.global.cg,0,tmau_hot_bank_reuse
NVIDIA H100 80GB HBM3,9.0,52428800,mixed_direction,multi_cta,tensor,mixed,alternating,batched,same_map,4096,2,4,0,cold,188,868,160,448,0,0,0x00002b5498dea000,0x00002b5498dec000,0x8f7ff4b23b4fa46e,0x880643919b118802,1,0,0,ld.global.cg,0,tmau_cold_bank_first_use
NVIDIA H100 80GB HBM3,9.0,52428800,mixed_direction,multi_cta,tensor,mixed,alternating,batched,same_map,4096,2,4,1,hot,182,627,160,352,0,0,0x00002b5498dea000,0x00002b5498dec000,0x8f7ff4b23b4fa46e,0x880643919b118802,1,0,1,ld.global.cg,0,tmau_hot_bank_reuse
NVIDIA H100 80GB HBM3,9.0,52428800,mixed_direction,multi_cta,tensor,mixed,alternating,batched,same_map,4096,4,8,0,cold,188,872,160,416,0,0,0x00002b5498dee000,0x00002b5498df0000,0x62ee71ef02520f2e,0x83135c9b36af43c2,1,0,0,ld.global.cg,0,tmau_cold_bank_first_use
NVIDIA H100 80GB HBM3,9.0,52428800,mixed_direction,multi_cta,tensor,mixed,alternating,batched,same_map,4096,4,8,1,hot,182,627,192,352,0,0,0x00002b5498dee000,0x00002b5498df0000,0x62ee71ef02520f2e,0x83135c9b36af43c2,1,0,1,ld.global.cg,0,tmau_hot_bank_reuse
NVIDIA H100 80GB HBM3,9.0,52428800,mixed_direction,multi_cta,tensor,mixed,alternating,batched,same_map,4096,8,16,0,cold,189,876,160,448,0,0,0x00002b5498df2000,0x00002b5498df4000,0xd432a1f2ac629dae,0x4def8e8a01656a42,1,0,0,ld.global.cg,0,tmau_cold_bank_first_use
NVIDIA H100 80GB HBM3,9.0,52428800,mixed_direction,multi_cta,tensor,mixed,alternating,batched,same_map,4096,8,16,1,hot,182,627,192,352,0,0,0x00002b5498df2000,0x00002b5498df4000,0xd432a1f2ac629dae,0x4def8e8a01656a42,1,0,1,ld.global.cg,0,tmau_hot_bank_reuse
NVIDIA H100 80GB HBM3,9.0,52428800,mixed_direction,multi_cta,tensor,mixed,alternating,batched,same_map,4096,16,32,0,cold,189,1200,352,640,0,0,0x00002b5498df6000,0x00002b5498df8000,0x0b36bb905c79a557,0x1f5427398efe2fab,1,0,0,ld.global.cg,0,tmau_cold_bank_first_use
NVIDIA H100 80GB HBM3,9.0,52428800,mixed_direction,multi_cta,tensor,mixed,alternating,batched,same_map,4096,16,32,1,hot,182,627,288,448,0,0,0x00002b5498df6000,0x00002b5498df8000,0x0b36bb905c79a557,0x1f5427398efe2fab,1,0,1,ld.global.cg,0,tmau_hot_bank_reuse
NVIDIA H100 80GB HBM3,9.0,52428800,mixed_direction,multi_cta,tensor,mixed,g2s_then_s2g,batched,same_map,4096,1,2,0,cold,188,875,128,416,0,0,0x00002b5498dfa000,0x00002b5498dfc000,0x1b5db8d832ffed0e,0x444a063b5f81d0a2,1,0,0,ld.global.cg,0,tmau_cold_bank_first_use
NVIDIA H100 80GB HBM3,9.0,52428800,mixed_direction,multi_cta,tensor,mixed,g2s_then_s2g,batched,same_map,4096,1,2,1,hot,182,627,128,288,0,0,0x00002b5498dfa000,0x00002b5498dfc000,0x1b5db8d832ffed0e,0x444a063b5f81d0a2,1,0,1,ld.global.cg,0,tmau_hot_bank_reuse
NVIDIA H100 80GB HBM3,9.0,52428800,mixed_direction,multi_cta,tensor,mixed,g2s_then_s2g,batched,same_map,4096,2,4,0,cold,188,959,160,480,0,0,0x00002b5498dfe000,0x00002b5498e00000,0x8f7ff4b23b4fa46e,0x880643919b118802,1,0,0,ld.global.cg,0,tmau_cold_bank_first_use
NVIDIA H100 80GB HBM3,9.0,52428800,mixed_direction,multi_cta,tensor,mixed,g2s_then_s2g,batched,same_map,4096,2,4,1,hot,182,627,160,320,0,0,0x00002b5498dfe000,0x00002b5498e00000,0x8f7ff4b23b4fa46e,0x880643919b118802,1,0,1,ld.global.cg,0,tmau_hot_bank_reuse
NVIDIA H100 80GB HBM3,9.0,52428800,mixed_direction,multi_cta,tensor,mixed,g2s_then_s2g,batched,same_map,4096,4,8,0,cold,188,852,160,448,0,0,0x00002b5498e02000,0x00002b5498e04000,0x62ee71ef02520f2e,0x83135c9b36af43c2,1,0,0,ld.global.cg,0,tmau_cold_bank_first_use
NVIDIA H100 80GB HBM3,9.0,52428800,mixed_direction,multi_cta,tensor,mixed,g2s_then_s2g,batched,same_map,4096,4,8,1,hot,182,627,192,384,0,0,0x00002b5498e02000,0x00002b5498e04000,0x62ee71ef02520f2e,0x83135c9b36af43c2,1,0,1,ld.global.cg,0,tmau_hot_bank_reuse
NVIDIA H100 80GB HBM3,9.0,52428800,mixed_direction,multi_cta,tensor,mixed,g2s_then_s2g,batched,same_map,4096,8,16,0,cold,188,869,160,416,0,0,0x00002b5498e06000,0x00002b5498e08000,0xd432a1f2ac629dae,0x4def8e8a01656a42,1,0,0,ld.global.cg,0,tmau_cold_bank_first_use
NVIDIA H100 80GB HBM3,9.0,52428800,mixed_direction,multi_cta,tensor,mixed,g2s_then_s2g,batched,same_map,4096,8,16,1,hot,182,627,256,448,0,0,0x00002b5498e06000,0x00002b5498e08000,0xd432a1f2ac629dae,0x4def8e8a01656a42,1,0,1,ld.global.cg,0,tmau_hot_bank_reuse
NVIDIA H100 80GB HBM3,9.0,52428800,mixed_direction,multi_cta,tensor,mixed,g2s_then_s2g,batched,same_map,4096,16,32,0,cold,189,1215,384,672,0,0,0x00002b5498e0a000,0x00002b5498e0c000,0x0b36bb905c79a557,0x1f5427398efe2fab,1,0,0,ld.global.cg,0,tmau_cold_bank_first_use
NVIDIA H100 80GB HBM3,9.0,52428800,mixed_direction,multi_cta,tensor,mixed,g2s_then_s2g,batched,same_map,4096,16,32,1,hot,182,627,320,480,0,0,0x00002b5498e0a000,0x00002b5498e0c000,0x0b36bb905c79a557,0x1f5427398efe2fab,1,0,1,ld.global.cg,0,tmau_hot_bank_reuse
NVIDIA H100 80GB HBM3,9.0,52428800,mixed_direction,multi_cta,tensor,mixed,s2g_then_g2s,batched,same_map,4096,1,2,0,cold,206,1104,160,544,0,0,0x00002b5498e0e000,0x00002b5498e10000,0x1b5db8d832ffed0e,0x444a063b5f81d0a2,1,0,0,ld.global.cg,0,tmau_cold_bank_first_use
NVIDIA H100 80GB HBM3,9.0,52428800,mixed_direction,multi_cta,tensor,mixed,s2g_then_g2s,batched,same_map,4096,1,2,1,hot,207,730,128,352,0,0,0x00002b5498e0e000,0x00002b5498e10000,0x1b5db8d832ffed0e,0x444a063b5f81d0a2,1,0,1,ld.global.cg,0,tmau_hot_bank_reuse
NVIDIA H100 80GB HBM3,9.0,52428800,mixed_direction,multi_cta,tensor,mixed,s2g_then_g2s,batched,same_map,4096,2,4,0,cold,206,1097,160,544,0,0,0x00002b5498e12000,0x00002b5498e14000,0x8f7ff4b23b4fa46e,0x880643919b118802,1,0,0,ld.global.cg,0,tmau_cold_bank_first_use
NVIDIA H100 80GB HBM3,9.0,52428800,mixed_direction,multi_cta,tensor,mixed,s2g_then_g2s,batched,same_map,4096,2,4,1,hot,207,730,192,416,0,0,0x00002b5498e12000,0x00002b5498e14000,0x8f7ff4b23b4fa46e,0x880643919b118802,1,0,1,ld.global.cg,0,tmau_hot_bank_reuse
NVIDIA H100 80GB HBM3,9.0,52428800,mixed_direction,multi_cta,tensor,mixed,s2g_then_g2s,batched,same_map,4096,4,8,0,cold,206,1109,160,544,0,0,0x00002b5498e16000,0x00002b5498e18000,0x62ee71ef02520f2e,0x83135c9b36af43c2,1,0,0,ld.global.cg,0,tmau_cold_bank_first_use
NVIDIA H100 80GB HBM3,9.0,52428800,mixed_direction,multi_cta,tensor,mixed,s2g_then_g2s,batched,same_map,4096,4,8,1,hot,207,730,192,416,0,0,0x00002b5498e16000,0x00002b5498e18000,0x62ee71ef02520f2e,0x83135c9b36af43c2,1,0,1,ld.global.cg,0,tmau_hot_bank_reuse
NVIDIA H100 80GB HBM3,9.0,52428800,mixed_direction,multi_cta,tensor,mixed,s2g_then_g2s,batched,same_map,4096,8,16,0,cold,207,1121,160,576,0,0,0x00002b5498e1a000,0x00002b5498e1c000,0xd432a1f2ac629dae,0x4def8e8a01656a42,1,0,0,ld.global.cg,0,tmau_cold_bank_first_use
NVIDIA H100 80GB HBM3,9.0,52428800,mixed_direction,multi_cta,tensor,mixed,s2g_then_g2s,batched,same_map,4096,8,16,1,hot,208,731,224,448,0,0,0x00002b5498e1a000,0x00002b5498e1c000,0xd432a1f2ac629dae,0x4def8e8a01656a42,1,0,1,ld.global.cg,0,tmau_hot_bank_reuse
NVIDIA H100 80GB HBM3,9.0,52428800,mixed_direction,multi_cta,tensor,mixed,s2g_then_g2s,batched,same_map,4096,16,32,0,cold,207,1315,384,768,0,0,0x00002b5498e1e000,0x00002b5498e20000,0x0b36bb905c79a557,0x1f5427398efe2fab,1,0,0,ld.global.cg,0,tmau_cold_bank_first_use
NVIDIA H100 80GB HBM3,9.0,52428800,mixed_direction,multi_cta,tensor,mixed,s2g_then_g2s,batched,same_map,4096,16,32,1,hot,207,730,256,480,0,0,0x00002b5498e1e000,0x00002b5498e20000,0x0b36bb905c79a557,0x1f5427398efe2fab,1,0,1,ld.global.cg,0,tmau_hot_bank_reuse
NVIDIA H100 80GB HBM3,9.0,52428800,mixed_direction,multi_cta,tensor,mixed,alternating,batched,distinct_map,4096,1,2,0,cold,188,860,160,416,0,0,0x00002b5498e22000,0x00002b5498e24000,0x1b5db8d832ffed0e,0x444a063b5f81d0a2,1,0,0,ld.global.cg,0,tmau_cold_bank_first_use
NVIDIA H100 80GB HBM3,9.0,52428800,mixed_direction,multi_cta,tensor,mixed,alternating,batched,distinct_map,4096,1,2,1,hot,182,627,128,288,0,0,0x00002b5498e22000,0x00002b5498e24000,0x1b5db8d832ffed0e,0x444a063b5f81d0a2,1,0,1,ld.global.cg,0,tmau_hot_bank_reuse
NVIDIA H100 80GB HBM3,9.0,52428800,mixed_direction,multi_cta,tensor,mixed,alternating,batched,distinct_map,4096,2,4,0,cold,188,871,160,448,0,0,0x00002b5498e26000,0x00002b5498e29000,0x0232cf0f0c83d245,0x0364fba79523fa45,2,0,0,ld.global.cg,0,tmau_cold_bank_first_use
NVIDIA H100 80GB HBM3,9.0,52428800,mixed_direction,multi_cta,tensor,mixed,alternating,batched,distinct_map,4096,2,4,1,hot,182,627,128,320,0,0,0x00002b5498e26000,0x00002b5498e29000,0x0232cf0f0c83d245,0x0364fba79523fa45,2,0,1,ld.global.cg,0,tmau_hot_bank_reuse
NVIDIA H100 80GB HBM3,9.0,52428800,mixed_direction,multi_cta,tensor,mixed,alternating,batched,distinct_map,4096,4,8,0,cold,188,880,160,448,0,0,0x00002b5498e2c000,0x00002b5498e31000,0x7bb5f079a0490187,0xa7308e9f6b8bae0f,4,0,0,ld.global.cg,0,tmau_cold_bank_first_use
NVIDIA H100 80GB HBM3,9.0,52428800,mixed_direction,multi_cta,tensor,mixed,alternating,batched,distinct_map,4096,4,8,1,hot,182,627,160,352,0,0,0x00002b5498e2c000,0x00002b5498e31000,0x7bb5f079a0490187,0xa7308e9f6b8bae0f,4,0,1,ld.global.cg,0,tmau_hot_bank_reuse
NVIDIA H100 80GB HBM3,9.0,52428800,mixed_direction,multi_cta,tensor,mixed,alternating,batched,distinct_map,4096,8,16,0,cold,189,878,160,448,0,0,0x00002b5498e36000,0x00002b5498e3f000,0x1aa69cd62024e9bb,0x5d210591a906284b,8,0,0,ld.global.cg,0,tmau_cold_bank_first_use
NVIDIA H100 80GB HBM3,9.0,52428800,mixed_direction,multi_cta,tensor,mixed,alternating,batched,distinct_map,4096,8,16,1,hot,182,627,256,448,0,0,0x00002b5498e36000,0x00002b5498e3f000,0x1aa69cd62024e9bb,0x5d210591a906284b,8,0,1,ld.global.cg,0,tmau_hot_bank_reuse
NVIDIA H100 80GB HBM3,9.0,52428800,mixed_direction,multi_cta,tensor,mixed,alternating,batched,distinct_map,4096,16,32,0,cold,188,1056,384,640,0,0,0x00002b5498e48000,0x00002b5498e59000,0x63e8446513e36cf3,0x7679807fae3ca173,16,0,0,ld.global.cg,0,tmau_cold_bank_first_use
NVIDIA H100 80GB HBM3,9.0,52428800,mixed_direction,multi_cta,tensor,mixed,alternating,batched,distinct_map,4096,16,32,1,hot,183,628,224,416,0,0,0x00002b5498e48000,0x00002b5498e59000,0x63e8446513e36cf3,0x7679807fae3ca173,16,0,1,ld.global.cg,0,tmau_hot_bank_reuse
NVIDIA H100 80GB HBM3,9.0,52428800,mixed_direction,multi_cta,tensor,mixed,g2s_then_s2g,batched,distinct_map,4096,1,2,0,cold,188,865,128,416,0,0,0x00002b5498e6a000,0x00002b5498e6c000,0x1b5db8d832ffed0e,0x444a063b5f81d0a2,1,0,0,ld.global.cg,0,tmau_cold_bank_first_use
NVIDIA H100 80GB HBM3,9.0,52428800,mixed_direction,multi_cta,tensor,mixed,g2s_then_s2g,batched,distinct_map,4096,1,2,1,hot,182,627,128,288,0,0,0x00002b5498e6a000,0x00002b5498e6c000,0x1b5db8d832ffed0e,0x444a063b5f81d0a2,1,0,1,ld.global.cg,0,tmau_hot_bank_reuse
NVIDIA H100 80GB HBM3,9.0,52428800,mixed_direction,multi_cta,tensor,mixed,g2s_then_s2g,batched,distinct_map,4096,2,4,0,cold,188,882,160,448,0,0,0x00002b5498e6e000,0x00002b5498e71000,0x0232cf0f0c83d245,0x0364fba79523fa45,2,0,0,ld.global.cg,0,tmau_cold_bank_first_use
NVIDIA H100 80GB HBM3,9.0,52428800,mixed_direction,multi_cta,tensor,mixed,g2s_then_s2g,batched,distinct_map,4096,2,4,1,hot,182,627,192,352,0,0,0x00002b5498e6e000,0x00002b5498e71000,0x0232cf0f0c83d245,0x0364fba79523fa45,2,0,1,ld.global.cg,0,tmau_hot_bank_reuse
NVIDIA H100 80GB HBM3,9.0,52428800,mixed_direction,multi_cta,tensor,mixed,g2s_then_s2g,batched,distinct_map,4096,4,8,0,cold,188,871,160,416,0,0,0x00002b5498e74000,0x00002b5498e79000,0x7bb5f079a0490187,0xa7308e9f6b8bae0f,4,0,0,ld.global.cg,0,tmau_cold_bank_first_use
NVIDIA H100 80GB HBM3,9.0,52428800,mixed_direction,multi_cta,tensor,mixed,g2s_then_s2g,batched,distinct_map,4096,4,8,1,hot,182,627,160,352,0,0,0x00002b5498e74000,0x00002b5498e79000,0x7bb5f079a0490187,0xa7308e9f6b8bae0f,4,0,1,ld.global.cg,0,tmau_hot_bank_reuse
NVIDIA H100 80GB HBM3,9.0,52428800,mixed_direction,multi_cta,tensor,mixed,g2s_then_s2g,batched,distinct_map,4096,8,16,0,cold,189,876,160,448,0,0,0x00002b5498e7e000,0x00002b5498e87000,0x1aa69cd62024e9bb,0x5d210591a906284b,8,0,0,ld.global.cg,0,tmau_cold_bank_first_use
NVIDIA H100 80GB HBM3,9.0,52428800,mixed_direction,multi_cta,tensor,mixed,g2s_then_s2g,batched,distinct_map,4096,8,16,1,hot,183,628,224,384,0,0,0x00002b5498e7e000,0x00002b5498e87000,0x1aa69cd62024e9bb,0x5d210591a906284b,8,0,1,ld.global.cg,0,tmau_hot_bank_reuse
NVIDIA H100 80GB HBM3,9.0,52428800,mixed_direction,multi_cta,tensor,mixed,g2s_then_s2g,batched,distinct_map,4096,16,32,0,cold,189,1052,384,640,0,0,0x00002b5498e90000,0x00002b5498ea1000,0x63e8446513e36cf3,0x7679807fae3ca173,16,0,0,ld.global.cg,0,tmau_cold_bank_first_use
NVIDIA H100 80GB HBM3,9.0,52428800,mixed_direction,multi_cta,tensor,mixed,g2s_then_s2g,batched,distinct_map,4096,16,32,1,hot,183,628,224,416,0,0,0x00002b5498e90000,0x00002b5498ea1000,0x63e8446513e36cf3,0x7679807fae3ca173,16,0,1,ld.global.cg,0,tmau_hot_bank_reuse
NVIDIA H100 80GB HBM3,9.0,52428800,mixed_direction,multi_cta,tensor,mixed,s2g_then_g2s,batched,distinct_map,4096,1,2,0,cold,206,1128,160,544,0,0,0x00002b5498eb2000,0x00002b5498eb4000,0x1b5db8d832ffed0e,0x444a063b5f81d0a2,1,0,0,ld.global.cg,0,tmau_cold_bank_first_use
NVIDIA H100 80GB HBM3,9.0,52428800,mixed_direction,multi_cta,tensor,mixed,s2g_then_g2s,batched,distinct_map,4096,1,2,1,hot,207,730,128,352,0,0,0x00002b5498eb2000,0x00002b5498eb4000,0x1b5db8d832ffed0e,0x444a063b5f81d0a2,1,0,1,ld.global.cg,0,tmau_hot_bank_reuse
NVIDIA H100 80GB HBM3,9.0,52428800,mixed_direction,multi_cta,tensor,mixed,s2g_then_g2s,batched,distinct_map,4096,2,4,0,cold,206,1131,160,544,0,0,0x00002b5498eb6000,0x00002b5498eb9000,0x0232cf0f0c83d245,0x0364fba79523fa45,2,0,0,ld.global.cg,0,tmau_cold_bank_first_use
NVIDIA H100 80GB HBM3,9.0,52428800,mixed_direction,multi_cta,tensor,mixed,s2g_then_g2s,batched,distinct_map,4096,2,4,1,hot,207,730,128,352,0,0,0x00002b5498eb6000,0x00002b5498eb9000,0x0232cf0f0c83d245,0x0364fba79523fa45,2,0,1,ld.global.cg,0,tmau_hot_bank_reuse
NVIDIA H100 80GB HBM3,9.0,52428800,mixed_direction,multi_cta,tensor,mixed,s2g_then_g2s,batched,distinct_map,4096,4,8,0,cold,206,1122,160,544,0,0,0x00002b5498ebc000,0x00002b5498ec1000,0x7bb5f079a0490187,0xa7308e9f6b8bae0f,4,0,0,ld.global.cg,0,tmau_cold_bank_first_use
NVIDIA H100 80GB HBM3,9.0,52428800,mixed_direction,multi_cta,tensor,mixed,s2g_then_g2s,batched,distinct_map,4096,4,8,1,hot,207,730,192,416,0,0,0x00002b5498ebc000,0x00002b5498ec1000,0x7bb5f079a0490187,0xa7308e9f6b8bae0f,4,0,1,ld.global.cg,0,tmau_hot_bank_reuse
NVIDIA H100 80GB HBM3,9.0,52428800,mixed_direction,multi_cta,tensor,mixed,s2g_then_g2s,batched,distinct_map,4096,8,16,0,cold,207,1129,160,544,0,0,0x00002b5498ec6000,0x00002b5498ecf000,0x1aa69cd62024e9bb,0x5d210591a906284b,8,0,0,ld.global.cg,0,tmau_cold_bank_first_use
NVIDIA H100 80GB HBM3,9.0,52428800,mixed_direction,multi_cta,tensor,mixed,s2g_then_g2s,batched,distinct_map,4096,8,16,1,hot,207,730,288,512,0,0,0x00002b5498ec6000,0x00002b5498ecf000,0x1aa69cd62024e9bb,0x5d210591a906284b,8,0,1,ld.global.cg,0,tmau_hot_bank_reuse
NVIDIA H100 80GB HBM3,9.0,52428800,mixed_direction,multi_cta,tensor,mixed,s2g_then_g2s,batched,distinct_map,4096,16,32,0,cold,207,1445,416,800,0,0,0x00002b5498ed8000,0x00002b5498ee9000,0x63e8446513e36cf3,0x7679807fae3ca173,16,0,0,ld.global.cg,0,tmau_cold_bank_first_use
NVIDIA H100 80GB HBM3,9.0,52428800,mixed_direction,multi_cta,tensor,mixed,s2g_then_g2s,batched,distinct_map,4096,16,32,1,hot,208,731,320,512,0,0,0x00002b5498ed8000,0x00002b5498ee9000,0x63e8446513e36cf3,0x7679807fae3ca173,16,0,1,ld.global.cg,0,tmau_hot_bank_reuse
NVIDIA H100 80GB HBM3,9.0,52428800,mixed_direction,multi_cta,bulk,mixed,alternating,batched,na,128,1,2,0,cold,240,528,160,256,0,0,0x0000000000000000,0x0000000000000000,0x0000000000000000,0x0000000000000000,0,0,0,not_applicable,0,not_applicable
NVIDIA H100 80GB HBM3,9.0,52428800,mixed_direction,multi_cta,bulk,mixed,alternating,batched,na,128,1,2,1,hot,183,530,128,256,0,0,0x0000000000000000,0x0000000000000000,0x0000000000000000,0x0000000000000000,0,0,0,not_applicable,0,not_applicable
NVIDIA H100 80GB HBM3,9.0,52428800,mixed_direction,multi_cta,bulk,mixed,alternating,batched,na,128,2,4,0,cold,240,537,192,256,0,0,0x0000000000000000,0x0000000000000000,0x0000000000000000,0x0000000000000000,0,0,0,not_applicable,0,not_applicable
NVIDIA H100 80GB HBM3,9.0,52428800,mixed_direction,multi_cta,bulk,mixed,alternating,batched,na,128,2,4,1,hot,183,530,160,288,0,0,0x0000000000000000,0x0000000000000000,0x0000000000000000,0x0000000000000000,0,0,0,not_applicable,0,not_applicable
NVIDIA H100 80GB HBM3,9.0,52428800,mixed_direction,multi_cta,bulk,mixed,alternating,batched,na,128,4,8,0,cold,240,538,192,288,0,0,0x0000000000000000,0x0000000000000000,0x0000000000000000,0x0000000000000000,0,0,0,not_applicable,0,not_applicable
NVIDIA H100 80GB HBM3,9.0,52428800,mixed_direction,multi_cta,bulk,mixed,alternating,batched,na,128,4,8,1,hot,183,541,224,352,0,0,0x0000000000000000,0x0000000000000000,0x0000000000000000,0x0000000000000000,0,0,0,not_applicable,0,not_applicable
NVIDIA H100 80GB HBM3,9.0,52428800,mixed_direction,multi_cta,bulk,mixed,alternating,batched,na,128,8,16,0,cold,240,537,192,256,0,0,0x0000000000000000,0x0000000000000000,0x0000000000000000,0x0000000000000000,0,0,0,not_applicable,0,not_applicable
NVIDIA H100 80GB HBM3,9.0,52428800,mixed_direction,multi_cta,bulk,mixed,alternating,batched,na,128,8,16,1,hot,183,541,192,320,0,0,0x0000000000000000,0x0000000000000000,0x0000000000000000,0x0000000000000000,0,0,0,not_applicable,0,not_applicable
NVIDIA H100 80GB HBM3,9.0,52428800,mixed_direction,multi_cta,bulk,mixed,alternating,batched,na,128,16,32,0,cold,240,540,352,416,0,0,0x0000000000000000,0x0000000000000000,0x0000000000000000,0x0000000000000000,0,0,0,not_applicable,0,not_applicable
NVIDIA H100 80GB HBM3,9.0,52428800,mixed_direction,multi_cta,bulk,mixed,alternating,batched,na,128,16,32,1,hot,183,680,352,480,0,0,0x0000000000000000,0x0000000000000000,0x0000000000000000,0x0000000000000000,0,0,0,not_applicable,0,not_applicable
NVIDIA H100 80GB HBM3,9.0,52428800,mixed_direction,multi_cta,bulk,mixed,g2s_then_s2g,batched,na,128,1,2,0,cold,240,528,160,256,0,0,0x0000000000000000,0x0000000000000000,0x0000000000000000,0x0000000000000000,0,0,0,not_applicable,0,not_applicable
NVIDIA H100 80GB HBM3,9.0,52428800,mixed_direction,multi_cta,bulk,mixed,g2s_then_s2g,batched,na,128,1,2,1,hot,183,541,128,256,0,0,0x0000000000000000,0x0000000000000000,0x0000000000000000,0x0000000000000000,0,0,0,not_applicable,0,not_applicable
NVIDIA H100 80GB HBM3,9.0,52428800,mixed_direction,multi_cta,bulk,mixed,g2s_then_s2g,batched,na,128,2,4,0,cold,240,537,192,256,0,0,0x0000000000000000,0x0000000000000000,0x0000000000000000,0x0000000000000000,0,0,0,not_applicable,0,not_applicable
NVIDIA H100 80GB HBM3,9.0,52428800,mixed_direction,multi_cta,bulk,mixed,g2s_then_s2g,batched,na,128,2,4,1,hot,183,541,160,288,0,0,0x0000000000000000,0x0000000000000000,0x0000000000000000,0x0000000000000000,0,0,0,not_applicable,0,not_applicable
NVIDIA H100 80GB HBM3,9.0,52428800,mixed_direction,multi_cta,bulk,mixed,g2s_then_s2g,batched,na,128,4,8,0,cold,240,538,160,256,0,0,0x0000000000000000,0x0000000000000000,0x0000000000000000,0x0000000000000000,0,0,0,not_applicable,0,not_applicable
NVIDIA H100 80GB HBM3,9.0,52428800,mixed_direction,multi_cta,bulk,mixed,g2s_then_s2g,batched,na,128,4,8,1,hot,183,541,224,352,0,0,0x0000000000000000,0x0000000000000000,0x0000000000000000,0x0000000000000000,0,0,0,not_applicable,0,not_applicable
NVIDIA H100 80GB HBM3,9.0,52428800,mixed_direction,multi_cta,bulk,mixed,g2s_then_s2g,batched,na,128,8,16,0,cold,240,538,160,256,0,0,0x0000000000000000,0x0000000000000000,0x0000000000000000,0x0000000000000000,0,0,0,not_applicable,0,not_applicable
NVIDIA H100 80GB HBM3,9.0,52428800,mixed_direction,multi_cta,bulk,mixed,g2s_then_s2g,batched,na,128,8,16,1,hot,183,541,192,320,0,0,0x0000000000000000,0x0000000000000000,0x0000000000000000,0x0000000000000000,0,0,0,not_applicable,0,not_applicable
NVIDIA H100 80GB HBM3,9.0,52428800,mixed_direction,multi_cta,bulk,mixed,g2s_then_s2g,batched,na,128,16,32,0,cold,240,540,384,448,0,0,0x0000000000000000,0x0000000000000000,0x0000000000000000,0x0000000000000000,0,0,0,not_applicable,0,not_applicable
NVIDIA H100 80GB HBM3,9.0,52428800,mixed_direction,multi_cta,bulk,mixed,g2s_then_s2g,batched,na,128,16,32,1,hot,183,542,288,416,0,0,0x0000000000000000,0x0000000000000000,0x0000000000000000,0x0000000000000000,0,0,0,not_applicable,0,not_applicable
NVIDIA H100 80GB HBM3,9.0,52428800,mixed_direction,multi_cta,bulk,mixed,s2g_then_g2s,batched,na,128,1,2,0,cold,270,558,192,288,0,0,0x0000000000000000,0x0000000000000000,0x0000000000000000,0x0000000000000000,0,0,0,not_applicable,0,not_applicable
NVIDIA H100 80GB HBM3,9.0,52428800,mixed_direction,multi_cta,bulk,mixed,s2g_then_g2s,batched,na,128,1,2,1,hot,229,587,160,288,0,0,0x0000000000000000,0x0000000000000000,0x0000000000000000,0x0000000000000000,0,0,0,not_applicable,0,not_applicable
NVIDIA H100 80GB HBM3,9.0,52428800,mixed_direction,multi_cta,bulk,mixed,s2g_then_g2s,batched,na,128,2,4,0,cold,270,566,192,288,0,0,0x0000000000000000,0x0000000000000000,0x0000000000000000,0x0000000000000000,0,0,0,not_applicable,0,not_applicable
NVIDIA H100 80GB HBM3,9.0,52428800,mixed_direction,multi_cta,bulk,mixed,s2g_then_g2s,batched,na,128,2,4,1,hot,229,587,192,320,0,0,0x0000000000000000,0x0000000000000000,0x0000000000000000,0x0000000000000000,0,0,0,not_applicable,0,not_applicable
NVIDIA H100 80GB HBM3,9.0,52428800,mixed_direction,multi_cta,bulk,mixed,s2g_then_g2s,batched,na,128,4,8,0,cold,270,566,192,288,0,0,0x0000000000000000,0x0000000000000000,0x0000000000000000,0x0000000000000000,0,0,0,not_applicable,0,not_applicable
NVIDIA H100 80GB HBM3,9.0,52428800,mixed_direction,multi_cta,bulk,mixed,s2g_then_g2s,batched,na,128,4,8,1,hot,229,587,224,352,0,0,0x0000000000000000,0x0000000000000000,0x0000000000000000,0x0000000000000000,0,0,0,not_applicable,0,not_applicable
NVIDIA H100 80GB HBM3,9.0,52428800,mixed_direction,multi_cta,bulk,mixed,s2g_then_g2s,batched,na,128,8,16,0,cold,271,713,192,352,0,0,0x0000000000000000,0x0000000000000000,0x0000000000000000,0x0000000000000000,0,0,0,not_applicable,0,not_applicable
NVIDIA H100 80GB HBM3,9.0,52428800,mixed_direction,multi_cta,bulk,mixed,s2g_then_g2s,batched,na,128,8,16,1,hot,230,587,192,352,0,0,0x0000000000000000,0x0000000000000000,0x0000000000000000,0x0000000000000000,0,0,0,not_applicable,0,not_applicable
NVIDIA H100 80GB HBM3,9.0,52428800,mixed_direction,multi_cta,bulk,mixed,s2g_then_g2s,batched,na,128,16,32,0,cold,270,570,416,512,0,0,0x0000000000000000,0x0000000000000000,0x0000000000000000,0x0000000000000000,0,0,0,not_applicable,0,not_applicable
NVIDIA H100 80GB HBM3,9.0,52428800,mixed_direction,multi_cta,bulk,mixed,s2g_then_g2s,batched,na,128,16,32,1,hot,229,587,288,416,0,0,0x0000000000000000,0x0000000000000000,0x0000000000000000,0x0000000000000000,0,0,0,not_applicable,0,not_applicable
NVIDIA H100 80GB HBM3,9.0,52428800,mixed_direction,multi_cta,bulk,mixed,alternating,batched,na,4096,1,2,0,cold,240,528,192,256,0,0,0x0000000000000000,0x0000000000000000,0x0000000000000000,0x0000000000000000,0,0,0,not_applicable,0,not_applicable
NVIDIA H100 80GB HBM3,9.0,52428800,mixed_direction,multi_cta,bulk,mixed,alternating,batched,na,4096,1,2,1,hot,183,617,128,288,0,0,0x0000000000000000,0x0000000000000000,0x0000000000000000,0x0000000000000000,0,0,0,not_applicable,0,not_applicable
NVIDIA H100 80GB HBM3,9.0,52428800,mixed_direction,multi_cta,bulk,mixed,alternating,batched,na,4096,2,4,0,cold,240,539,192,256,0,0,0x0000000000000000,0x0000000000000000,0x0000000000000000,0x0000000000000000,0,0,0,not_applicable,0,not_applicable
NVIDIA H100 80GB HBM3,9.0,52428800,mixed_direction,multi_cta,bulk,mixed,alternating,batched,na,4096,2,4,1,hot,183,617,160,352,0,0,0x0000000000000000,0x0000000000000000,0x0000000000000000,0x0000000000000000,0,0,0,not_applicable,0,not_applicable
NVIDIA H100 80GB HBM3,9.0,52428800,mixed_direction,multi_cta,bulk,mixed,alternating,batched,na,4096,4,8,0,cold,240,536,192,288,0,0,0x0000000000000000,0x0000000000000000,0x0000000000000000,0x0000000000000000,0,0,0,not_applicable,0,not_applicable
NVIDIA H100 80GB HBM3,9.0,52428800,mixed_direction,multi_cta,bulk,mixed,alternating,batched,na,4096,4,8,1,hot,183,617,224,384,0,0,0x0000000000000000,0x0000000000000000,0x0000000000000000,0x0000000000000000,0,0,0,not_applicable,0,not_applicable
NVIDIA H100 80GB HBM3,9.0,52428800,mixed_direction,multi_cta,bulk,mixed,alternating,batched,na,4096,8,16,0,cold,240,714,192,352,0,0,0x0000000000000000,0x0000000000000000,0x0000000000000000,0x0000000000000000,0,0,0,not_applicable,0,not_applicable
NVIDIA H100 80GB HBM3,9.0,52428800,mixed_direction,multi_cta,bulk,mixed,alternating,batched,na,4096,8,16,1,hot,183,617,256,416,0,0,0x0000000000000000,0x0000000000000000,0x0000000000000000,0x0000000000000000,0,0,0,not_applicable,0,not_applicable
NVIDIA H100 80GB HBM3,9.0,52428800,mixed_direction,multi_cta,bulk,mixed,alternating,batched,na,4096,16,32,0,cold,240,712,384,544,0,0,0x0000000000000000,0x0000000000000000,0x0000000000000000,0x0000000000000000,0,0,0,not_applicable,0,not_applicable
NVIDIA H100 80GB HBM3,9.0,52428800,mixed_direction,multi_cta,bulk,mixed,alternating,batched,na,4096,16,32,1,hot,183,760,256,448,0,0,0x0000000000000000,0x0000000000000000,0x0000000000000000,0x0000000000000000,0,0,0,not_applicable,0,not_applicable
NVIDIA H100 80GB HBM3,9.0,52428800,mixed_direction,multi_cta,bulk,mixed,g2s_then_s2g,batched,na,4096,1,2,0,cold,240,528,160,256,0,0,0x0000000000000000,0x0000000000000000,0x0000000000000000,0x0000000000000000,0,0,0,not_applicable,0,not_applicable
NVIDIA H100 80GB HBM3,9.0,52428800,mixed_direction,multi_cta,bulk,mixed,g2s_then_s2g,batched,na,4096,1,2,1,hot,183,617,128,320,0,0,0x0000000000000000,0x0000000000000000,0x0000000000000000,0x0000000000000000,0,0,0,not_applicable,0,not_applicable
NVIDIA H100 80GB HBM3,9.0,52428800,mixed_direction,multi_cta,bulk,mixed,g2s_then_s2g,batched,na,4096,2,4,0,cold,240,539,160,256,0,0,0x0000000000000000,0x0000000000000000,0x0000000000000000,0x0000000000000000,0,0,0,not_applicable,0,not_applicable
NVIDIA H100 80GB HBM3,9.0,52428800,mixed_direction,multi_cta,bulk,mixed,g2s_then_s2g,batched,na,4096,2,4,1,hot,183,617,160,320,0,0,0x0000000000000000,0x0000000000000000,0x0000000000000000,0x0000000000000000,0,0,0,not_applicable,0,not_applicable
NVIDIA H100 80GB HBM3,9.0,52428800,mixed_direction,multi_cta,bulk,mixed,g2s_then_s2g,batched,na,4096,4,8,0,cold,240,538,192,288,0,0,0x0000000000000000,0x0000000000000000,0x0000000000000000,0x0000000000000000,0,0,0,not_applicable,0,not_applicable
NVIDIA H100 80GB HBM3,9.0,52428800,mixed_direction,multi_cta,bulk,mixed,g2s_then_s2g,batched,na,4096,4,8,1,hot,183,617,192,384,0,0,0x0000000000000000,0x0000000000000000,0x0000000000000000,0x0000000000000000,0,0,0,not_applicable,0,not_applicable
NVIDIA H100 80GB HBM3,9.0,52428800,mixed_direction,multi_cta,bulk,mixed,g2s_then_s2g,batched,na,4096,8,16,0,cold,240,713,192,352,0,0,0x0000000000000000,0x0000000000000000,0x0000000000000000,0x0000000000000000,0,0,0,not_applicable,0,not_applicable
NVIDIA H100 80GB HBM3,9.0,52428800,mixed_direction,multi_cta,bulk,mixed,g2s_then_s2g,batched,na,4096,8,16,1,hot,183,617,192,384,0,0,0x0000000000000000,0x0000000000000000,0x0000000000000000,0x0000000000000000,0,0,0,not_applicable,0,not_applicable
NVIDIA H100 80GB HBM3,9.0,52428800,mixed_direction,multi_cta,bulk,mixed,g2s_then_s2g,batched,na,4096,16,32,0,cold,240,714,416,576,0,0,0x0000000000000000,0x0000000000000000,0x0000000000000000,0x0000000000000000,0,0,0,not_applicable,0,not_applicable
NVIDIA H100 80GB HBM3,9.0,52428800,mixed_direction,multi_cta,bulk,mixed,g2s_then_s2g,batched,na,4096,16,32,1,hot,183,617,288,480,0,0,0x0000000000000000,0x0000000000000000,0x0000000000000000,0x0000000000000000,0,0,0,not_applicable,0,not_applicable
NVIDIA H100 80GB HBM3,9.0,52428800,mixed_direction,multi_cta,bulk,mixed,s2g_then_g2s,batched,na,4096,1,2,0,cold,270,721,192,352,0,0,0x0000000000000000,0x0000000000000000,0x0000000000000000,0x0000000000000000,0,0,0,not_applicable,0,not_applicable
NVIDIA H100 80GB HBM3,9.0,52428800,mixed_direction,multi_cta,bulk,mixed,s2g_then_g2s,batched,na,4096,1,2,1,hot,229,737,128,352,0,0,0x0000000000000000,0x0000000000000000,0x0000000000000000,0x0000000000000000,0,0,0,not_applicable,0,not_applicable
NVIDIA H100 80GB HBM3,9.0,52428800,mixed_direction,multi_cta,bulk,mixed,s2g_then_g2s,batched,na,4096,2,4,0,cold,270,743,192,352,0,0,0x0000000000000000,0x0000000000000000,0x0000000000000000,0x0000000000000000,0,0,0,not_applicable,0,not_applicable
NVIDIA H100 80GB HBM3,9.0,52428800,mixed_direction,multi_cta,bulk,mixed,s2g_then_g2s,batched,na,4096,2,4,1,hot,229,737,192,416,0,0,0x0000000000000000,0x0000000000000000,0x0000000000000000,0x0000000000000000,0,0,0,not_applicable,0,not_applicable
NVIDIA H100 80GB HBM3,9.0,52428800,mixed_direction,multi_cta,bulk,mixed,s2g_then_g2s,batched,na,4096,4,8,0,cold,270,732,192,352,0,0,0x0000000000000000,0x0000000000000000,0x0000000000000000,0x0000000000000000,0,0,0,not_applicable,0,not_applicable
NVIDIA H100 80GB HBM3,9.0,52428800,mixed_direction,multi_cta,bulk,mixed,s2g_then_g2s,batched,na,4096,4,8,1,hot,229,737,224,448,0,0,0x0000000000000000,0x0000000000000000,0x0000000000000000,0x0000000000000000,0,0,0,not_applicable,0,not_applicable
NVIDIA H100 80GB HBM3,9.0,52428800,mixed_direction,multi_cta,bulk,mixed,s2g_then_g2s,batched,na,4096,8,16,0,cold,270,864,192,416,0,0,0x0000000000000000,0x0000000000000000,0x0000000000000000,0x0000000000000000,0,0,0,not_applicable,0,not_applicable
NVIDIA H100 80GB HBM3,9.0,52428800,mixed_direction,multi_cta,bulk,mixed,s2g_then_g2s,batched,na,4096,8,16,1,hot,229,737,224,448,0,0,0x0000000000000000,0x0000000000000000,0x0000000000000000,0x0000000000000000,0,0,0,not_applicable,0,not_applicable
NVIDIA H100 80GB HBM3,9.0,52428800,mixed_direction,multi_cta,bulk,mixed,s2g_then_g2s,batched,na,4096,16,32,0,cold,270,863,384,608,0,0,0x0000000000000000,0x0000000000000000,0x0000000000000000,0x0000000000000000,0,0,0,not_applicable,0,not_applicable
NVIDIA H100 80GB HBM3,9.0,52428800,mixed_direction,multi_cta,bulk,mixed,s2g_then_g2s,batched,na,4096,16,32,1,hot,229,739,256,480,0,0,0x0000000000000000,0x0000000000000000,0x0000000000000000,0x0000000000000000,0,0,0,not_applicable,0,not_applicable
